Timing Analyzer report for wrapper
Tue Sep  8 21:07:39 2026
Quartus Prime Version 24.1std.0 Build 1077 03/04/2025 SC Lite Edition


---------------------
; Table of Contents ;
---------------------
  1. Legal Notice
  2. Timing Analyzer Summary
  3. Parallel Compilation
  4. Clocks
  5. Slow 1200mV 85C Model Fmax Summary
  6. Slow 1200mV 85C Model Setup Summary
  7. Slow 1200mV 85C Model Hold Summary
  8. Slow 1200mV 85C Model Recovery Summary
  9. Slow 1200mV 85C Model Removal Summary
 10. Slow 1200mV 85C Model Minimum Pulse Width Summary
 11. Slow 1200mV 85C Model Metastability Summary
 12. Slow 1200mV 0C Model Fmax Summary
 13. Slow 1200mV 0C Model Setup Summary
 14. Slow 1200mV 0C Model Hold Summary
 15. Slow 1200mV 0C Model Recovery Summary
 16. Slow 1200mV 0C Model Removal Summary
 17. Slow 1200mV 0C Model Minimum Pulse Width Summary
 18. Slow 1200mV 0C Model Metastability Summary
 19. Fast 1200mV 0C Model Setup Summary
 20. Fast 1200mV 0C Model Hold Summary
 21. Fast 1200mV 0C Model Recovery Summary
 22. Fast 1200mV 0C Model Removal Summary
 23. Fast 1200mV 0C Model Minimum Pulse Width Summary
 24. Fast 1200mV 0C Model Metastability Summary
 25. Multicorner Timing Analysis Summary
 26. Board Trace Model Assignments
 27. Input Transition Times
 28. Signal Integrity Metrics (Slow 1200mv 0c Model)
 29. Signal Integrity Metrics (Slow 1200mv 85c Model)
 30. Signal Integrity Metrics (Fast 1200mv 0c Model)
 31. Setup Transfers
 32. Hold Transfers
 33. Recovery Transfers
 34. Removal Transfers
 35. Report TCCS
 36. Report RSKM
 37. Unconstrained Paths Summary
 38. Clock Status Summary
 39. Unconstrained Input Ports
 40. Unconstrained Output Ports
 41. Unconstrained Input Ports
 42. Unconstrained Output Ports
 43. Timing Analyzer Messages



----------------
; Legal Notice ;
----------------
Copyright (C) 2025  Altera Corporation. All rights reserved.
Your use of Altera Corporation's design tools, logic functions 
and other software and tools, and any partner logic 
functions, and any output files from any of the foregoing 
(including device programming or simulation files), and any 
associated documentation or information are expressly subject 
to the terms and conditions of the Altera Program License 
Subscription Agreement, the Altera Quartus Prime License Agreement,
the Altera IP License Agreement, or other applicable license
agreement, including, without limitation, that your use is for
the sole purpose of programming logic devices manufactured by
Altera and sold by Altera or its authorized distributors.  Please
refer to the Altera Software License Subscription Agreements 
on the Quartus Prime software download page.



+---------------------------------------------------------------------------------+
; Timing Analyzer Summary                                                         ;
+-----------------------+---------------------------------------------------------+
; Quartus Prime Version ; Version 24.1std.0 Build 1077 03/04/2025 SC Lite Edition ;
; Timing Analyzer       ; Legacy Timing Analyzer                                  ;
; Revision Name         ; wrapper                                                 ;
; Device Family         ; MAX 10                                                  ;
; Device Name           ; 10M50DAF484C6GES                                        ;
; Timing Models         ; Preliminary                                             ;
; Delay Model           ; Combined                                                ;
; Rise/Fall Delays      ; Enabled                                                 ;
+-----------------------+---------------------------------------------------------+


+------------------------------------------+
; Parallel Compilation                     ;
+----------------------------+-------------+
; Processors                 ; Number      ;
+----------------------------+-------------+
; Number detected on machine ; 16          ;
; Maximum allowed            ; 12          ;
;                            ;             ;
; Average used               ; 4.01        ;
; Maximum used               ; 12          ;
;                            ;             ;
; Usage by Processor         ; % Time Used ;
;     Processor 1            ; 100.0%      ;
;     Processor 2            ;  33.5%      ;
;     Processor 3            ;  30.5%      ;
;     Processor 4            ;  26.8%      ;
;     Processors 5-12        ;  26.2%      ;
+----------------------------+-------------+


+----------------------------------------------------------------------------------------------------------------------------------------------------------------------------------------------+
; Clocks                                                                                                                                                                                       ;
+---------------+------+--------+------------+-------+-------+------------+-----------+-------------+-------+--------+-----------+------------+----------+--------+--------+-------------------+
; Clock Name    ; Type ; Period ; Frequency  ; Rise  ; Fall  ; Duty Cycle ; Divide by ; Multiply by ; Phase ; Offset ; Edge List ; Edge Shift ; Inverted ; Master ; Source ; Targets           ;
+---------------+------+--------+------------+-------+-------+------------+-----------+-------------+-------+--------+-----------+------------+----------+--------+--------+-------------------+
; MAX10_CLK1_50 ; Base ; 1.000  ; 1000.0 MHz ; 0.000 ; 0.500 ;            ;           ;             ;       ;        ;           ;            ;          ;        ;        ; { MAX10_CLK1_50 } ;
+---------------+------+--------+------------+-------+-------+------------+-----------+-------------+-------+--------+-----------+------------+----------+--------+--------+-------------------+


+-----------------------------------------------------+
; Slow 1200mV 85C Model Fmax Summary                  ;
+------------+-----------------+---------------+------+
; Fmax       ; Restricted Fmax ; Clock Name    ; Note ;
+------------+-----------------+---------------+------+
; 164.39 MHz ; 164.39 MHz      ; MAX10_CLK1_50 ;      ;
+------------+-----------------+---------------+------+
This panel reports FMAX for every clock in the design, regardless of the user-specified clock periods.  FMAX is only computed for paths where the source and destination registers or ports are driven by the same clock.  Paths of different clocks, including generated clocks, are ignored.  For paths between a clock and its inversion, FMAX is computed as if the rising and falling edges are scaled along with FMAX, such that the duty cycle (in terms of a percentage) is maintained. Altera recommends that you always use clock constraints and other slack reports for sign-off analysis.


+----------------------------------------+
; Slow 1200mV 85C Model Setup Summary    ;
+---------------+--------+---------------+
; Clock         ; Slack  ; End Point TNS ;
+---------------+--------+---------------+
; MAX10_CLK1_50 ; -5.083 ; -32205.319    ;
+---------------+--------+---------------+


+---------------------------------------+
; Slow 1200mV 85C Model Hold Summary    ;
+---------------+-------+---------------+
; Clock         ; Slack ; End Point TNS ;
+---------------+-------+---------------+
; MAX10_CLK1_50 ; 0.257 ; 0.000         ;
+---------------+-------+---------------+


+----------------------------------------+
; Slow 1200mV 85C Model Recovery Summary ;
+---------------+--------+---------------+
; Clock         ; Slack  ; End Point TNS ;
+---------------+--------+---------------+
; MAX10_CLK1_50 ; -0.889 ; -15.113       ;
+---------------+--------+---------------+


+---------------------------------------+
; Slow 1200mV 85C Model Removal Summary ;
+---------------+-------+---------------+
; Clock         ; Slack ; End Point TNS ;
+---------------+-------+---------------+
; MAX10_CLK1_50 ; 1.169 ; 0.000         ;
+---------------+-------+---------------+


+---------------------------------------------------+
; Slow 1200mV 85C Model Minimum Pulse Width Summary ;
+---------------+--------+--------------------------+
; Clock         ; Slack  ; End Point TNS            ;
+---------------+--------+--------------------------+
; MAX10_CLK1_50 ; -3.000 ; -13136.776               ;
+---------------+--------+--------------------------+


-----------------------------------------------
; Slow 1200mV 85C Model Metastability Summary ;
-----------------------------------------------
Design MTBF is not calculated because the design doesn't meet its timing requirements.



+-----------------------------------------------------+
; Slow 1200mV 0C Model Fmax Summary                   ;
+------------+-----------------+---------------+------+
; Fmax       ; Restricted Fmax ; Clock Name    ; Note ;
+------------+-----------------+---------------+------+
; 180.18 MHz ; 180.18 MHz      ; MAX10_CLK1_50 ;      ;
+------------+-----------------+---------------+------+
This panel reports FMAX for every clock in the design, regardless of the user-specified clock periods.  FMAX is only computed for paths where the source and destination registers or ports are driven by the same clock.  Paths of different clocks, including generated clocks, are ignored.  For paths between a clock and its inversion, FMAX is computed as if the rising and falling edges are scaled along with FMAX, such that the duty cycle (in terms of a percentage) is maintained. Altera recommends that you always use clock constraints and other slack reports for sign-off analysis.


+----------------------------------------+
; Slow 1200mV 0C Model Setup Summary     ;
+---------------+--------+---------------+
; Clock         ; Slack  ; End Point TNS ;
+---------------+--------+---------------+
; MAX10_CLK1_50 ; -4.550 ; -28351.000    ;
+---------------+--------+---------------+


+---------------------------------------+
; Slow 1200mV 0C Model Hold Summary     ;
+---------------+-------+---------------+
; Clock         ; Slack ; End Point TNS ;
+---------------+-------+---------------+
; MAX10_CLK1_50 ; 0.254 ; 0.000         ;
+---------------+-------+---------------+


+----------------------------------------+
; Slow 1200mV 0C Model Recovery Summary  ;
+---------------+--------+---------------+
; Clock         ; Slack  ; End Point TNS ;
+---------------+--------+---------------+
; MAX10_CLK1_50 ; -0.725 ; -12.325       ;
+---------------+--------+---------------+


+---------------------------------------+
; Slow 1200mV 0C Model Removal Summary  ;
+---------------+-------+---------------+
; Clock         ; Slack ; End Point TNS ;
+---------------+-------+---------------+
; MAX10_CLK1_50 ; 1.051 ; 0.000         ;
+---------------+-------+---------------+


+--------------------------------------------------+
; Slow 1200mV 0C Model Minimum Pulse Width Summary ;
+---------------+--------+-------------------------+
; Clock         ; Slack  ; End Point TNS           ;
+---------------+--------+-------------------------+
; MAX10_CLK1_50 ; -3.000 ; -13132.143              ;
+---------------+--------+-------------------------+


----------------------------------------------
; Slow 1200mV 0C Model Metastability Summary ;
----------------------------------------------
Design MTBF is not calculated because the design doesn't meet its timing requirements.



+----------------------------------------+
; Fast 1200mV 0C Model Setup Summary     ;
+---------------+--------+---------------+
; Clock         ; Slack  ; End Point TNS ;
+---------------+--------+---------------+
; MAX10_CLK1_50 ; -2.054 ; -11046.218    ;
+---------------+--------+---------------+


+---------------------------------------+
; Fast 1200mV 0C Model Hold Summary     ;
+---------------+-------+---------------+
; Clock         ; Slack ; End Point TNS ;
+---------------+-------+---------------+
; MAX10_CLK1_50 ; 0.115 ; 0.000         ;
+---------------+-------+---------------+


+---------------------------------------+
; Fast 1200mV 0C Model Recovery Summary ;
+---------------+-------+---------------+
; Clock         ; Slack ; End Point TNS ;
+---------------+-------+---------------+
; MAX10_CLK1_50 ; 0.113 ; 0.000         ;
+---------------+-------+---------------+


+---------------------------------------+
; Fast 1200mV 0C Model Removal Summary  ;
+---------------+-------+---------------+
; Clock         ; Slack ; End Point TNS ;
+---------------+-------+---------------+
; MAX10_CLK1_50 ; 0.547 ; 0.000         ;
+---------------+-------+---------------+


+--------------------------------------------------+
; Fast 1200mV 0C Model Minimum Pulse Width Summary ;
+---------------+--------+-------------------------+
; Clock         ; Slack  ; End Point TNS           ;
+---------------+--------+-------------------------+
; MAX10_CLK1_50 ; -3.000 ; -12568.824              ;
+---------------+--------+-------------------------+


----------------------------------------------
; Fast 1200mV 0C Model Metastability Summary ;
----------------------------------------------
The design MTBF is not calculated because there are no specified synchronizers in the design.
Number of Synchronizer Chains Found: 1
Shortest Synchronizer Chain: 2 Registers
Fraction of Chains for which MTBFs Could Not be Calculated: 1.000
Worst Case Available Settling Time: 0.529 ns




+----------------------------------------------------------------------------------+
; Multicorner Timing Analysis Summary                                              ;
+------------------+------------+-------+----------+---------+---------------------+
; Clock            ; Setup      ; Hold  ; Recovery ; Removal ; Minimum Pulse Width ;
+------------------+------------+-------+----------+---------+---------------------+
; Worst-case Slack ; -5.083     ; 0.115 ; -0.889   ; 0.547   ; -3.000              ;
;  MAX10_CLK1_50   ; -5.083     ; 0.115 ; -0.889   ; 0.547   ; -3.000              ;
; Design-wide TNS  ; -32205.319 ; 0.0   ; -15.113  ; 0.0     ; -13136.776          ;
;  MAX10_CLK1_50   ; -32205.319 ; 0.000 ; -15.113  ; 0.000   ; -13136.776          ;
+------------------+------------+-------+----------+---------+---------------------+


+-----------------------------------------------------------------------------------------------------------------------------------------------------------------------------------------------------------------------------------------------------------------------------------------------------------------------------------------------------------------------------------------------------------------+
; Board Trace Model Assignments                                                                                                                                                                                                                                                                                                                                                                                   ;
+--------------+--------------+-------------------+-------------------------+-------------------------+---------------+---------------------+----------------+------------------+--------+------------------+------------------------+------------------------+--------------+---------------+-----------------+-------+---------------------+--------------------+---------------+-----------------+-------------+
; Pin          ; I/O Standard ; Near Tline Length ; Near Tline L per Length ; Near Tline C per Length ; Near Series R ; Near Differential R ; Near Pull-up R ; Near Pull-down R ; Near C ; Far Tline Length ; Far Tline L per Length ; Far Tline C per Length ; Far Series R ; Far Pull-up R ; Far Pull-down R ; Far C ; Termination Voltage ; Far Differential R ; EBD File Name ; EBD Signal Name ; EBD Far-end ;
+--------------+--------------+-------------------+-------------------------+-------------------------+---------------+---------------------+----------------+------------------+--------+------------------+------------------------+------------------------+--------------+---------------+-----------------+-------+---------------------+--------------------+---------------+-----------------+-------------+
; HEX0[0]      ; 3.3-V LVTTL  ; 0 in              ; 0 H/in                  ; 0 F/in                  ; short         ; -                   ; open           ; open             ; open   ; 0 in             ; 0 H/in                 ; 0 F/in                 ; short        ; open          ; open            ; open  ; 0 V                 ; -                  ; n/a           ; n/a             ; n/a         ;
; HEX0[1]      ; 3.3-V LVTTL  ; 0 in              ; 0 H/in                  ; 0 F/in                  ; short         ; -                   ; open           ; open             ; open   ; 0 in             ; 0 H/in                 ; 0 F/in                 ; short        ; open          ; open            ; open  ; 0 V                 ; -                  ; n/a           ; n/a             ; n/a         ;
; HEX0[2]      ; 3.3-V LVTTL  ; 0 in              ; 0 H/in                  ; 0 F/in                  ; short         ; -                   ; open           ; open             ; open   ; 0 in             ; 0 H/in                 ; 0 F/in                 ; short        ; open          ; open            ; open  ; 0 V                 ; -                  ; n/a           ; n/a             ; n/a         ;
; HEX0[3]      ; 3.3-V LVTTL  ; 0 in              ; 0 H/in                  ; 0 F/in                  ; short         ; -                   ; open           ; open             ; open   ; 0 in             ; 0 H/in                 ; 0 F/in                 ; short        ; open          ; open            ; open  ; 0 V                 ; -                  ; n/a           ; n/a             ; n/a         ;
; HEX0[4]      ; 3.3-V LVTTL  ; 0 in              ; 0 H/in                  ; 0 F/in                  ; short         ; -                   ; open           ; open             ; open   ; 0 in             ; 0 H/in                 ; 0 F/in                 ; short        ; open          ; open            ; open  ; 0 V                 ; -                  ; n/a           ; n/a             ; n/a         ;
; HEX0[5]      ; 3.3-V LVTTL  ; 0 in              ; 0 H/in                  ; 0 F/in                  ; short         ; -                   ; open           ; open             ; open   ; 0 in             ; 0 H/in                 ; 0 F/in                 ; short        ; open          ; open            ; open  ; 0 V                 ; -                  ; n/a           ; n/a             ; n/a         ;
; HEX0[6]      ; 3.3-V LVTTL  ; 0 in              ; 0 H/in                  ; 0 F/in                  ; short         ; -                   ; open           ; open             ; open   ; 0 in             ; 0 H/in                 ; 0 F/in                 ; short        ; open          ; open            ; open  ; 0 V                 ; -                  ; n/a           ; n/a             ; n/a         ;
; HEX0[7]      ; 3.3-V LVTTL  ; 0 in              ; 0 H/in                  ; 0 F/in                  ; short         ; -                   ; open           ; open             ; open   ; 0 in             ; 0 H/in                 ; 0 F/in                 ; short        ; open          ; open            ; open  ; 0 V                 ; -                  ; n/a           ; n/a             ; n/a         ;
; LEDR[0]      ; 3.3-V LVTTL  ; 0 in              ; 0 H/in                  ; 0 F/in                  ; short         ; -                   ; open           ; open             ; open   ; 0 in             ; 0 H/in                 ; 0 F/in                 ; short        ; open          ; open            ; open  ; 0 V                 ; -                  ; n/a           ; n/a             ; n/a         ;
; LEDR[1]      ; 3.3-V LVTTL  ; 0 in              ; 0 H/in                  ; 0 F/in                  ; short         ; -                   ; open           ; open             ; open   ; 0 in             ; 0 H/in                 ; 0 F/in                 ; short        ; open          ; open            ; open  ; 0 V                 ; -                  ; n/a           ; n/a             ; n/a         ;
; LEDR[2]      ; 3.3-V LVTTL  ; 0 in              ; 0 H/in                  ; 0 F/in                  ; short         ; -                   ; open           ; open             ; open   ; 0 in             ; 0 H/in                 ; 0 F/in                 ; short        ; open          ; open            ; open  ; 0 V                 ; -                  ; n/a           ; n/a             ; n/a         ;
; LEDR[3]      ; 3.3-V LVTTL  ; 0 in              ; 0 H/in                  ; 0 F/in                  ; short         ; -                   ; open           ; open             ; open   ; 0 in             ; 0 H/in                 ; 0 F/in                 ; short        ; open          ; open            ; open  ; 0 V                 ; -                  ; n/a           ; n/a             ; n/a         ;
; LEDR[4]      ; 3.3-V LVTTL  ; 0 in              ; 0 H/in                  ; 0 F/in                  ; short         ; -                   ; open           ; open             ; open   ; 0 in             ; 0 H/in                 ; 0 F/in                 ; short        ; open          ; open            ; open  ; 0 V                 ; -                  ; n/a           ; n/a             ; n/a         ;
; LEDR[5]      ; 3.3-V LVTTL  ; 0 in              ; 0 H/in                  ; 0 F/in                  ; short         ; -                   ; open           ; open             ; open   ; 0 in             ; 0 H/in                 ; 0 F/in                 ; short        ; open          ; open            ; open  ; 0 V                 ; -                  ; n/a           ; n/a             ; n/a         ;
; LEDR[6]      ; 3.3-V LVTTL  ; 0 in              ; 0 H/in                  ; 0 F/in                  ; short         ; -                   ; open           ; open             ; open   ; 0 in             ; 0 H/in                 ; 0 F/in                 ; short        ; open          ; open            ; open  ; 0 V                 ; -                  ; n/a           ; n/a             ; n/a         ;
; LEDR[7]      ; 3.3-V LVTTL  ; 0 in              ; 0 H/in                  ; 0 F/in                  ; short         ; -                   ; open           ; open             ; open   ; 0 in             ; 0 H/in                 ; 0 F/in                 ; short        ; open          ; open            ; open  ; 0 V                 ; -                  ; n/a           ; n/a             ; n/a         ;
; LEDR[8]      ; 3.3-V LVTTL  ; 0 in              ; 0 H/in                  ; 0 F/in                  ; short         ; -                   ; open           ; open             ; open   ; 0 in             ; 0 H/in                 ; 0 F/in                 ; short        ; open          ; open            ; open  ; 0 V                 ; -                  ; n/a           ; n/a             ; n/a         ;
; LEDR[9]      ; 3.3-V LVTTL  ; 0 in              ; 0 H/in                  ; 0 F/in                  ; short         ; -                   ; open           ; open             ; open   ; 0 in             ; 0 H/in                 ; 0 F/in                 ; short        ; open          ; open            ; open  ; 0 V                 ; -                  ; n/a           ; n/a             ; n/a         ;
; GPIO[2]      ; 3.3-V LVTTL  ; 0 in              ; 0 H/in                  ; 0 F/in                  ; short         ; -                   ; open           ; open             ; open   ; 0 in             ; 0 H/in                 ; 0 F/in                 ; short        ; open          ; open            ; open  ; 0 V                 ; -                  ; n/a           ; n/a             ; n/a         ;
; GPIO[3]      ; 3.3-V LVTTL  ; 0 in              ; 0 H/in                  ; 0 F/in                  ; short         ; -                   ; open           ; open             ; open   ; 0 in             ; 0 H/in                 ; 0 F/in                 ; short        ; open          ; open            ; open  ; 0 V                 ; -                  ; n/a           ; n/a             ; n/a         ;
; GPIO[4]      ; 3.3-V LVTTL  ; 0 in              ; 0 H/in                  ; 0 F/in                  ; short         ; -                   ; open           ; open             ; open   ; 0 in             ; 0 H/in                 ; 0 F/in                 ; short        ; open          ; open            ; open  ; 0 V                 ; -                  ; n/a           ; n/a             ; n/a         ;
; GPIO[5]      ; 3.3-V LVTTL  ; 0 in              ; 0 H/in                  ; 0 F/in                  ; short         ; -                   ; open           ; open             ; open   ; 0 in             ; 0 H/in                 ; 0 F/in                 ; short        ; open          ; open            ; open  ; 0 V                 ; -                  ; n/a           ; n/a             ; n/a         ;
; GPIO[6]      ; 3.3-V LVTTL  ; 0 in              ; 0 H/in                  ; 0 F/in                  ; short         ; -                   ; open           ; open             ; open   ; 0 in             ; 0 H/in                 ; 0 F/in                 ; short        ; open          ; open            ; open  ; 0 V                 ; -                  ; n/a           ; n/a             ; n/a         ;
; GPIO[7]      ; 3.3-V LVTTL  ; 0 in              ; 0 H/in                  ; 0 F/in                  ; short         ; -                   ; open           ; open             ; open   ; 0 in             ; 0 H/in                 ; 0 F/in                 ; short        ; open          ; open            ; open  ; 0 V                 ; -                  ; n/a           ; n/a             ; n/a         ;
; GPIO[8]      ; 3.3-V LVTTL  ; 0 in              ; 0 H/in                  ; 0 F/in                  ; short         ; -                   ; open           ; open             ; open   ; 0 in             ; 0 H/in                 ; 0 F/in                 ; short        ; open          ; open            ; open  ; 0 V                 ; -                  ; n/a           ; n/a             ; n/a         ;
; GPIO[9]      ; 3.3-V LVTTL  ; 0 in              ; 0 H/in                  ; 0 F/in                  ; short         ; -                   ; open           ; open             ; open   ; 0 in             ; 0 H/in                 ; 0 F/in                 ; short        ; open          ; open            ; open  ; 0 V                 ; -                  ; n/a           ; n/a             ; n/a         ;
; GPIO[10]     ; 3.3-V LVTTL  ; 0 in              ; 0 H/in                  ; 0 F/in                  ; short         ; -                   ; open           ; open             ; open   ; 0 in             ; 0 H/in                 ; 0 F/in                 ; short        ; open          ; open            ; open  ; 0 V                 ; -                  ; n/a           ; n/a             ; n/a         ;
; GPIO[11]     ; 3.3-V LVTTL  ; 0 in              ; 0 H/in                  ; 0 F/in                  ; short         ; -                   ; open           ; open             ; open   ; 0 in             ; 0 H/in                 ; 0 F/in                 ; short        ; open          ; open            ; open  ; 0 V                 ; -                  ; n/a           ; n/a             ; n/a         ;
; GPIO[12]     ; 3.3-V LVTTL  ; 0 in              ; 0 H/in                  ; 0 F/in                  ; short         ; -                   ; open           ; open             ; open   ; 0 in             ; 0 H/in                 ; 0 F/in                 ; short        ; open          ; open            ; open  ; 0 V                 ; -                  ; n/a           ; n/a             ; n/a         ;
; GPIO[13]     ; 3.3-V LVTTL  ; 0 in              ; 0 H/in                  ; 0 F/in                  ; short         ; -                   ; open           ; open             ; open   ; 0 in             ; 0 H/in                 ; 0 F/in                 ; short        ; open          ; open            ; open  ; 0 V                 ; -                  ; n/a           ; n/a             ; n/a         ;
; GPIO[14]     ; 3.3-V LVTTL  ; 0 in              ; 0 H/in                  ; 0 F/in                  ; short         ; -                   ; open           ; open             ; open   ; 0 in             ; 0 H/in                 ; 0 F/in                 ; short        ; open          ; open            ; open  ; 0 V                 ; -                  ; n/a           ; n/a             ; n/a         ;
; GPIO[15]     ; 3.3-V LVTTL  ; 0 in              ; 0 H/in                  ; 0 F/in                  ; short         ; -                   ; open           ; open             ; open   ; 0 in             ; 0 H/in                 ; 0 F/in                 ; short        ; open          ; open            ; open  ; 0 V                 ; -                  ; n/a           ; n/a             ; n/a         ;
; GPIO[16]     ; 3.3-V LVTTL  ; 0 in              ; 0 H/in                  ; 0 F/in                  ; short         ; -                   ; open           ; open             ; open   ; 0 in             ; 0 H/in                 ; 0 F/in                 ; short        ; open          ; open            ; open  ; 0 V                 ; -                  ; n/a           ; n/a             ; n/a         ;
; GPIO[17]     ; 3.3-V LVTTL  ; 0 in              ; 0 H/in                  ; 0 F/in                  ; short         ; -                   ; open           ; open             ; open   ; 0 in             ; 0 H/in                 ; 0 F/in                 ; short        ; open          ; open            ; open  ; 0 V                 ; -                  ; n/a           ; n/a             ; n/a         ;
; GPIO[18]     ; 3.3-V LVTTL  ; 0 in              ; 0 H/in                  ; 0 F/in                  ; short         ; -                   ; open           ; open             ; open   ; 0 in             ; 0 H/in                 ; 0 F/in                 ; short        ; open          ; open            ; open  ; 0 V                 ; -                  ; n/a           ; n/a             ; n/a         ;
; GPIO[19]     ; 3.3-V LVTTL  ; 0 in              ; 0 H/in                  ; 0 F/in                  ; short         ; -                   ; open           ; open             ; open   ; 0 in             ; 0 H/in                 ; 0 F/in                 ; short        ; open          ; open            ; open  ; 0 V                 ; -                  ; n/a           ; n/a             ; n/a         ;
; GPIO[20]     ; 3.3-V LVTTL  ; 0 in              ; 0 H/in                  ; 0 F/in                  ; short         ; -                   ; open           ; open             ; open   ; 0 in             ; 0 H/in                 ; 0 F/in                 ; short        ; open          ; open            ; open  ; 0 V                 ; -                  ; n/a           ; n/a             ; n/a         ;
; GPIO[21]     ; 3.3-V LVTTL  ; 0 in              ; 0 H/in                  ; 0 F/in                  ; short         ; -                   ; open           ; open             ; open   ; 0 in             ; 0 H/in                 ; 0 F/in                 ; short        ; open          ; open            ; open  ; 0 V                 ; -                  ; n/a           ; n/a             ; n/a         ;
; GPIO[22]     ; 3.3-V LVTTL  ; 0 in              ; 0 H/in                  ; 0 F/in                  ; short         ; -                   ; open           ; open             ; open   ; 0 in             ; 0 H/in                 ; 0 F/in                 ; short        ; open          ; open            ; open  ; 0 V                 ; -                  ; n/a           ; n/a             ; n/a         ;
; GPIO[23]     ; 3.3-V LVTTL  ; 0 in              ; 0 H/in                  ; 0 F/in                  ; short         ; -                   ; open           ; open             ; open   ; 0 in             ; 0 H/in                 ; 0 F/in                 ; short        ; open          ; open            ; open  ; 0 V                 ; -                  ; n/a           ; n/a             ; n/a         ;
; GPIO[24]     ; 3.3-V LVTTL  ; 0 in              ; 0 H/in                  ; 0 F/in                  ; short         ; -                   ; open           ; open             ; open   ; 0 in             ; 0 H/in                 ; 0 F/in                 ; short        ; open          ; open            ; open  ; 0 V                 ; -                  ; n/a           ; n/a             ; n/a         ;
; GPIO[25]     ; 3.3-V LVTTL  ; 0 in              ; 0 H/in                  ; 0 F/in                  ; short         ; -                   ; open           ; open             ; open   ; 0 in             ; 0 H/in                 ; 0 F/in                 ; short        ; open          ; open            ; open  ; 0 V                 ; -                  ; n/a           ; n/a             ; n/a         ;
; GPIO[26]     ; 3.3-V LVTTL  ; 0 in              ; 0 H/in                  ; 0 F/in                  ; short         ; -                   ; open           ; open             ; open   ; 0 in             ; 0 H/in                 ; 0 F/in                 ; short        ; open          ; open            ; open  ; 0 V                 ; -                  ; n/a           ; n/a             ; n/a         ;
; GPIO[27]     ; 3.3-V LVTTL  ; 0 in              ; 0 H/in                  ; 0 F/in                  ; short         ; -                   ; open           ; open             ; open   ; 0 in             ; 0 H/in                 ; 0 F/in                 ; short        ; open          ; open            ; open  ; 0 V                 ; -                  ; n/a           ; n/a             ; n/a         ;
; GPIO[28]     ; 3.3-V LVTTL  ; 0 in              ; 0 H/in                  ; 0 F/in                  ; short         ; -                   ; open           ; open             ; open   ; 0 in             ; 0 H/in                 ; 0 F/in                 ; short        ; open          ; open            ; open  ; 0 V                 ; -                  ; n/a           ; n/a             ; n/a         ;
; GPIO[29]     ; 3.3-V LVTTL  ; 0 in              ; 0 H/in                  ; 0 F/in                  ; short         ; -                   ; open           ; open             ; open   ; 0 in             ; 0 H/in                 ; 0 F/in                 ; short        ; open          ; open            ; open  ; 0 V                 ; -                  ; n/a           ; n/a             ; n/a         ;
; GPIO[30]     ; 3.3-V LVTTL  ; 0 in              ; 0 H/in                  ; 0 F/in                  ; short         ; -                   ; open           ; open             ; open   ; 0 in             ; 0 H/in                 ; 0 F/in                 ; short        ; open          ; open            ; open  ; 0 V                 ; -                  ; n/a           ; n/a             ; n/a         ;
; GPIO[31]     ; 3.3-V LVTTL  ; 0 in              ; 0 H/in                  ; 0 F/in                  ; short         ; -                   ; open           ; open             ; open   ; 0 in             ; 0 H/in                 ; 0 F/in                 ; short        ; open          ; open            ; open  ; 0 V                 ; -                  ; n/a           ; n/a             ; n/a         ;
; GPIO[32]     ; 3.3-V LVTTL  ; 0 in              ; 0 H/in                  ; 0 F/in                  ; short         ; -                   ; open           ; open             ; open   ; 0 in             ; 0 H/in                 ; 0 F/in                 ; short        ; open          ; open            ; open  ; 0 V                 ; -                  ; n/a           ; n/a             ; n/a         ;
; GPIO[33]     ; 3.3-V LVTTL  ; 0 in              ; 0 H/in                  ; 0 F/in                  ; short         ; -                   ; open           ; open             ; open   ; 0 in             ; 0 H/in                 ; 0 F/in                 ; short        ; open          ; open            ; open  ; 0 V                 ; -                  ; n/a           ; n/a             ; n/a         ;
; GPIO[34]     ; 3.3-V LVTTL  ; 0 in              ; 0 H/in                  ; 0 F/in                  ; short         ; -                   ; open           ; open             ; open   ; 0 in             ; 0 H/in                 ; 0 F/in                 ; short        ; open          ; open            ; open  ; 0 V                 ; -                  ; n/a           ; n/a             ; n/a         ;
; GPIO[35]     ; 3.3-V LVTTL  ; 0 in              ; 0 H/in                  ; 0 F/in                  ; short         ; -                   ; open           ; open             ; open   ; 0 in             ; 0 H/in                 ; 0 F/in                 ; short        ; open          ; open            ; open  ; 0 V                 ; -                  ; n/a           ; n/a             ; n/a         ;
; GPIO[0]      ; 3.3-V LVTTL  ; 0 in              ; 0 H/in                  ; 0 F/in                  ; short         ; -                   ; open           ; open             ; open   ; 0 in             ; 0 H/in                 ; 0 F/in                 ; short        ; open          ; open            ; open  ; 0 V                 ; -                  ; n/a           ; n/a             ; n/a         ;
; GPIO[1]      ; 3.3-V LVTTL  ; 0 in              ; 0 H/in                  ; 0 F/in                  ; short         ; -                   ; open           ; open             ; open   ; 0 in             ; 0 H/in                 ; 0 F/in                 ; short        ; open          ; open            ; open  ; 0 V                 ; -                  ; n/a           ; n/a             ; n/a         ;
; ~ALTERA_TDO~ ; 2.5 V        ; 0 in              ; 0 H/in                  ; 0 F/in                  ; short         ; -                   ; open           ; open             ; open   ; 0 in             ; 0 H/in                 ; 0 F/in                 ; short        ; open          ; open            ; open  ; 0 V                 ; -                  ; n/a           ; n/a             ; n/a         ;
+--------------+--------------+-------------------+-------------------------+-------------------------+---------------+---------------------+----------------+------------------+--------+------------------+------------------------+------------------------+--------------+---------------+-----------------+-------+---------------------+--------------------+---------------+-----------------+-------------+


+---------------------------------------------------------------------------------+
; Input Transition Times                                                          ;
+---------------------+-----------------------+-----------------+-----------------+
; Pin                 ; I/O Standard          ; 10-90 Rise Time ; 90-10 Fall Time ;
+---------------------+-----------------------+-----------------+-----------------+
; SW[1]               ; 3.3-V LVTTL           ; 2640 ps         ; 2640 ps         ;
; SW[2]               ; 3.3-V LVTTL           ; 2640 ps         ; 2640 ps         ;
; SW[3]               ; 3.3-V LVTTL           ; 2640 ps         ; 2640 ps         ;
; SW[4]               ; 3.3-V LVTTL           ; 2640 ps         ; 2640 ps         ;
; SW[5]               ; 3.3-V LVTTL           ; 2640 ps         ; 2640 ps         ;
; SW[6]               ; 3.3-V LVTTL           ; 2640 ps         ; 2640 ps         ;
; SW[7]               ; 3.3-V LVTTL           ; 2640 ps         ; 2640 ps         ;
; SW[8]               ; 3.3-V LVTTL           ; 2640 ps         ; 2640 ps         ;
; SW[9]               ; 3.3-V LVTTL           ; 2640 ps         ; 2640 ps         ;
; GPIO[2]             ; 3.3-V LVTTL           ; 2640 ps         ; 2640 ps         ;
; GPIO[3]             ; 3.3-V LVTTL           ; 2640 ps         ; 2640 ps         ;
; GPIO[4]             ; 3.3-V LVTTL           ; 2640 ps         ; 2640 ps         ;
; GPIO[5]             ; 3.3-V LVTTL           ; 2640 ps         ; 2640 ps         ;
; GPIO[6]             ; 3.3-V LVTTL           ; 2640 ps         ; 2640 ps         ;
; GPIO[7]             ; 3.3-V LVTTL           ; 2640 ps         ; 2640 ps         ;
; GPIO[8]             ; 3.3-V LVTTL           ; 2640 ps         ; 2640 ps         ;
; GPIO[9]             ; 3.3-V LVTTL           ; 2640 ps         ; 2640 ps         ;
; GPIO[10]            ; 3.3-V LVTTL           ; 2640 ps         ; 2640 ps         ;
; GPIO[11]            ; 3.3-V LVTTL           ; 2640 ps         ; 2640 ps         ;
; GPIO[12]            ; 3.3-V LVTTL           ; 2640 ps         ; 2640 ps         ;
; GPIO[13]            ; 3.3-V LVTTL           ; 2640 ps         ; 2640 ps         ;
; GPIO[14]            ; 3.3-V LVTTL           ; 2640 ps         ; 2640 ps         ;
; GPIO[15]            ; 3.3-V LVTTL           ; 2640 ps         ; 2640 ps         ;
; GPIO[16]            ; 3.3-V LVTTL           ; 2640 ps         ; 2640 ps         ;
; GPIO[17]            ; 3.3-V LVTTL           ; 2640 ps         ; 2640 ps         ;
; GPIO[18]            ; 3.3-V LVTTL           ; 2640 ps         ; 2640 ps         ;
; GPIO[19]            ; 3.3-V LVTTL           ; 2640 ps         ; 2640 ps         ;
; GPIO[20]            ; 3.3-V LVTTL           ; 2640 ps         ; 2640 ps         ;
; GPIO[21]            ; 3.3-V LVTTL           ; 2640 ps         ; 2640 ps         ;
; GPIO[22]            ; 3.3-V LVTTL           ; 2640 ps         ; 2640 ps         ;
; GPIO[23]            ; 3.3-V LVTTL           ; 2640 ps         ; 2640 ps         ;
; GPIO[24]            ; 3.3-V LVTTL           ; 2640 ps         ; 2640 ps         ;
; GPIO[25]            ; 3.3-V LVTTL           ; 2640 ps         ; 2640 ps         ;
; GPIO[26]            ; 3.3-V LVTTL           ; 2640 ps         ; 2640 ps         ;
; GPIO[27]            ; 3.3-V LVTTL           ; 2640 ps         ; 2640 ps         ;
; GPIO[28]            ; 3.3-V LVTTL           ; 2640 ps         ; 2640 ps         ;
; GPIO[29]            ; 3.3-V LVTTL           ; 2640 ps         ; 2640 ps         ;
; GPIO[30]            ; 3.3-V LVTTL           ; 2640 ps         ; 2640 ps         ;
; GPIO[31]            ; 3.3-V LVTTL           ; 2640 ps         ; 2640 ps         ;
; GPIO[32]            ; 3.3-V LVTTL           ; 2640 ps         ; 2640 ps         ;
; GPIO[33]            ; 3.3-V LVTTL           ; 2640 ps         ; 2640 ps         ;
; GPIO[34]            ; 3.3-V LVTTL           ; 2640 ps         ; 2640 ps         ;
; GPIO[35]            ; 3.3-V LVTTL           ; 2640 ps         ; 2640 ps         ;
; GPIO[0]             ; 3.3-V LVTTL           ; 2640 ps         ; 2640 ps         ;
; GPIO[1]             ; 3.3-V LVTTL           ; 2640 ps         ; 2640 ps         ;
; SW[0]               ; 3.3-V LVTTL           ; 2640 ps         ; 2640 ps         ;
; MAX10_CLK1_50       ; 3.3-V LVTTL           ; 2640 ps         ; 2640 ps         ;
; ~ALTERA_TMS~        ; 2.5 V Schmitt Trigger ; 2000 ps         ; 2000 ps         ;
; ~ALTERA_TCK~        ; 2.5 V Schmitt Trigger ; 2000 ps         ; 2000 ps         ;
; ~ALTERA_TDI~        ; 2.5 V Schmitt Trigger ; 2000 ps         ; 2000 ps         ;
; ~ALTERA_CONFIG_SEL~ ; 2.5 V                 ; 2000 ps         ; 2000 ps         ;
; ~ALTERA_nCONFIG~    ; 2.5 V Schmitt Trigger ; 2000 ps         ; 2000 ps         ;
; ~ALTERA_nSTATUS~    ; 2.5 V Schmitt Trigger ; 2000 ps         ; 2000 ps         ;
; ~ALTERA_CONF_DONE~  ; 2.5 V Schmitt Trigger ; 2000 ps         ; 2000 ps         ;
+---------------------+-----------------------+-----------------+-----------------+


+-------------------------------------------------------------------------------------------------------------------------------------------------------------------------------------------------------------------------------------------------------------------------------------------------------------------------------------------------------------------------------------------------------------------------------------------------------------------------------------------------------------------------------------------------------------------------------------------------------------------------------------------------------------------------------------------+
; Signal Integrity Metrics (Slow 1200mv 0c Model)                                                                                                                                                                                                                                                                                                                                                                                                                                                                                                                                                                                                                                           ;
+--------------+--------------+---------------------+---------------------+------------------------------+------------------------------+---------------------+---------------------+--------------------------------------+--------------------------------------+-----------------------------+-----------------------------+----------------------------+----------------------------+-----------------------------+-----------------------------+--------------------+--------------------+-------------------------------------+-------------------------------------+----------------------------+----------------------------+---------------------------+---------------------------+
; Pin          ; I/O Standard ; Board Delay on Rise ; Board Delay on Fall ; Steady State Voh at FPGA Pin ; Steady State Vol at FPGA Pin ; Voh Max at FPGA Pin ; Vol Min at FPGA Pin ; Ringback Voltage on Rise at FPGA Pin ; Ringback Voltage on Fall at FPGA Pin ; 10-90 Rise Time at FPGA Pin ; 90-10 Fall Time at FPGA Pin ; Monotonic Rise at FPGA Pin ; Monotonic Fall at FPGA Pin ; Steady State Voh at Far-end ; Steady State Vol at Far-end ; Voh Max at Far-end ; Vol Min at Far-end ; Ringback Voltage on Rise at Far-end ; Ringback Voltage on Fall at Far-end ; 10-90 Rise Time at Far-end ; 90-10 Fall Time at Far-end ; Monotonic Rise at Far-end ; Monotonic Fall at Far-end ;
+--------------+--------------+---------------------+---------------------+------------------------------+------------------------------+---------------------+---------------------+--------------------------------------+--------------------------------------+-----------------------------+-----------------------------+----------------------------+----------------------------+-----------------------------+-----------------------------+--------------------+--------------------+-------------------------------------+-------------------------------------+----------------------------+----------------------------+---------------------------+---------------------------+
; HEX0[0]      ; 3.3-V LVTTL  ; 0 s                 ; 0 s                 ; 3.08 V                       ; 5.27e-08 V                   ; 3.23 V              ; -0.107 V            ; 0.46 V                               ; 0.279 V                              ; 3.06e-10 s                  ; 4.34e-10 s                  ; No                         ; Yes                        ; 3.08 V                      ; 5.27e-08 V                  ; 3.23 V             ; -0.107 V           ; 0.46 V                              ; 0.279 V                             ; 3.06e-10 s                 ; 4.34e-10 s                 ; No                        ; Yes                       ;
; HEX0[1]      ; 3.3-V LVTTL  ; 0 s                 ; 0 s                 ; 3.08 V                       ; 5.27e-08 V                   ; 3.23 V              ; -0.106 V            ; 0.46 V                               ; 0.281 V                              ; 3.06e-10 s                  ; 4.34e-10 s                  ; No                         ; Yes                        ; 3.08 V                      ; 5.27e-08 V                  ; 3.23 V             ; -0.106 V           ; 0.46 V                              ; 0.281 V                             ; 3.06e-10 s                 ; 4.34e-10 s                 ; No                        ; Yes                       ;
; HEX0[2]      ; 3.3-V LVTTL  ; 0 s                 ; 0 s                 ; 3.08 V                       ; 5.27e-08 V                   ; 3.23 V              ; -0.106 V            ; 0.46 V                               ; 0.281 V                              ; 3.06e-10 s                  ; 4.34e-10 s                  ; No                         ; Yes                        ; 3.08 V                      ; 5.27e-08 V                  ; 3.23 V             ; -0.106 V           ; 0.46 V                              ; 0.281 V                             ; 3.06e-10 s                 ; 4.34e-10 s                 ; No                        ; Yes                       ;
; HEX0[3]      ; 3.3-V LVTTL  ; 0 s                 ; 0 s                 ; 3.08 V                       ; 5.27e-08 V                   ; 3.23 V              ; -0.107 V            ; 0.46 V                               ; 0.279 V                              ; 3.06e-10 s                  ; 4.34e-10 s                  ; No                         ; Yes                        ; 3.08 V                      ; 5.27e-08 V                  ; 3.23 V             ; -0.107 V           ; 0.46 V                              ; 0.279 V                             ; 3.06e-10 s                 ; 4.34e-10 s                 ; No                        ; Yes                       ;
; HEX0[4]      ; 3.3-V LVTTL  ; 0 s                 ; 0 s                 ; 3.08 V                       ; 5.27e-08 V                   ; 3.23 V              ; -0.107 V            ; 0.46 V                               ; 0.279 V                              ; 3.06e-10 s                  ; 4.34e-10 s                  ; No                         ; Yes                        ; 3.08 V                      ; 5.27e-08 V                  ; 3.23 V             ; -0.107 V           ; 0.46 V                              ; 0.279 V                             ; 3.06e-10 s                 ; 4.34e-10 s                 ; No                        ; Yes                       ;
; HEX0[5]      ; 3.3-V LVTTL  ; 0 s                 ; 0 s                 ; 3.08 V                       ; 5.27e-08 V                   ; 3.23 V              ; -0.107 V            ; 0.46 V                               ; 0.279 V                              ; 3.06e-10 s                  ; 4.34e-10 s                  ; No                         ; Yes                        ; 3.08 V                      ; 5.27e-08 V                  ; 3.23 V             ; -0.107 V           ; 0.46 V                              ; 0.279 V                             ; 3.06e-10 s                 ; 4.34e-10 s                 ; No                        ; Yes                       ;
; HEX0[6]      ; 3.3-V LVTTL  ; 0 s                 ; 0 s                 ; 3.08 V                       ; 5.27e-08 V                   ; 3.23 V              ; -0.106 V            ; 0.46 V                               ; 0.281 V                              ; 3.06e-10 s                  ; 4.34e-10 s                  ; No                         ; Yes                        ; 3.08 V                      ; 5.27e-08 V                  ; 3.23 V             ; -0.106 V           ; 0.46 V                              ; 0.281 V                             ; 3.06e-10 s                 ; 4.34e-10 s                 ; No                        ; Yes                       ;
; HEX0[7]      ; 3.3-V LVTTL  ; 0 s                 ; 0 s                 ; 3.08 V                       ; 5.27e-08 V                   ; 3.23 V              ; -0.107 V            ; 0.46 V                               ; 0.279 V                              ; 3.06e-10 s                  ; 4.34e-10 s                  ; No                         ; Yes                        ; 3.08 V                      ; 5.27e-08 V                  ; 3.23 V             ; -0.107 V           ; 0.46 V                              ; 0.279 V                             ; 3.06e-10 s                 ; 4.34e-10 s                 ; No                        ; Yes                       ;
; LEDR[0]      ; 3.3-V LVTTL  ; 0 s                 ; 0 s                 ; 3.08 V                       ; 5.27e-08 V                   ; 3.23 V              ; -0.106 V            ; 0.46 V                               ; 0.281 V                              ; 3.06e-10 s                  ; 4.34e-10 s                  ; No                         ; Yes                        ; 3.08 V                      ; 5.27e-08 V                  ; 3.23 V             ; -0.106 V           ; 0.46 V                              ; 0.281 V                             ; 3.06e-10 s                 ; 4.34e-10 s                 ; No                        ; Yes                       ;
; LEDR[1]      ; 3.3-V LVTTL  ; 0 s                 ; 0 s                 ; 3.08 V                       ; 5.27e-08 V                   ; 3.23 V              ; -0.107 V            ; 0.46 V                               ; 0.279 V                              ; 3.06e-10 s                  ; 4.34e-10 s                  ; No                         ; Yes                        ; 3.08 V                      ; 5.27e-08 V                  ; 3.23 V             ; -0.107 V           ; 0.46 V                              ; 0.279 V                             ; 3.06e-10 s                 ; 4.34e-10 s                 ; No                        ; Yes                       ;
; LEDR[2]      ; 3.3-V LVTTL  ; 0 s                 ; 0 s                 ; 3.08 V                       ; 5.27e-08 V                   ; 3.23 V              ; -0.106 V            ; 0.46 V                               ; 0.281 V                              ; 3.06e-10 s                  ; 4.34e-10 s                  ; No                         ; Yes                        ; 3.08 V                      ; 5.27e-08 V                  ; 3.23 V             ; -0.106 V           ; 0.46 V                              ; 0.281 V                             ; 3.06e-10 s                 ; 4.34e-10 s                 ; No                        ; Yes                       ;
; LEDR[3]      ; 3.3-V LVTTL  ; 0 s                 ; 0 s                 ; 3.08 V                       ; 5.27e-08 V                   ; 3.23 V              ; -0.107 V            ; 0.46 V                               ; 0.279 V                              ; 3.06e-10 s                  ; 4.34e-10 s                  ; No                         ; Yes                        ; 3.08 V                      ; 5.27e-08 V                  ; 3.23 V             ; -0.107 V           ; 0.46 V                              ; 0.279 V                             ; 3.06e-10 s                 ; 4.34e-10 s                 ; No                        ; Yes                       ;
; LEDR[4]      ; 3.3-V LVTTL  ; 0 s                 ; 0 s                 ; 3.08 V                       ; 5.27e-08 V                   ; 3.23 V              ; -0.106 V            ; 0.46 V                               ; 0.281 V                              ; 3.06e-10 s                  ; 4.34e-10 s                  ; No                         ; Yes                        ; 3.08 V                      ; 5.27e-08 V                  ; 3.23 V             ; -0.106 V           ; 0.46 V                              ; 0.281 V                             ; 3.06e-10 s                 ; 4.34e-10 s                 ; No                        ; Yes                       ;
; LEDR[5]      ; 3.3-V LVTTL  ; 0 s                 ; 0 s                 ; 3.08 V                       ; 5.27e-08 V                   ; 3.23 V              ; -0.106 V            ; 0.46 V                               ; 0.281 V                              ; 3.06e-10 s                  ; 4.34e-10 s                  ; No                         ; Yes                        ; 3.08 V                      ; 5.27e-08 V                  ; 3.23 V             ; -0.106 V           ; 0.46 V                              ; 0.281 V                             ; 3.06e-10 s                 ; 4.34e-10 s                 ; No                        ; Yes                       ;
; LEDR[6]      ; 3.3-V LVTTL  ; 0 s                 ; 0 s                 ; 3.08 V                       ; 5.27e-08 V                   ; 3.23 V              ; -0.106 V            ; 0.46 V                               ; 0.281 V                              ; 3.06e-10 s                  ; 4.34e-10 s                  ; No                         ; Yes                        ; 3.08 V                      ; 5.27e-08 V                  ; 3.23 V             ; -0.106 V           ; 0.46 V                              ; 0.281 V                             ; 3.06e-10 s                 ; 4.34e-10 s                 ; No                        ; Yes                       ;
; LEDR[7]      ; 3.3-V LVTTL  ; 0 s                 ; 0 s                 ; 3.08 V                       ; 5.27e-08 V                   ; 3.23 V              ; -0.107 V            ; 0.46 V                               ; 0.279 V                              ; 3.06e-10 s                  ; 4.34e-10 s                  ; No                         ; Yes                        ; 3.08 V                      ; 5.27e-08 V                  ; 3.23 V             ; -0.107 V           ; 0.46 V                              ; 0.279 V                             ; 3.06e-10 s                 ; 4.34e-10 s                 ; No                        ; Yes                       ;
; LEDR[8]      ; 3.3-V LVTTL  ; 0 s                 ; 0 s                 ; 3.08 V                       ; 5.27e-08 V                   ; 3.23 V              ; -0.107 V            ; 0.46 V                               ; 0.279 V                              ; 3.06e-10 s                  ; 4.34e-10 s                  ; No                         ; Yes                        ; 3.08 V                      ; 5.27e-08 V                  ; 3.23 V             ; -0.107 V           ; 0.46 V                              ; 0.279 V                             ; 3.06e-10 s                 ; 4.34e-10 s                 ; No                        ; Yes                       ;
; LEDR[9]      ; 3.3-V LVTTL  ; 0 s                 ; 0 s                 ; 3.08 V                       ; 5.27e-08 V                   ; 3.23 V              ; -0.106 V            ; 0.46 V                               ; 0.281 V                              ; 3.06e-10 s                  ; 4.34e-10 s                  ; No                         ; Yes                        ; 3.08 V                      ; 5.27e-08 V                  ; 3.23 V             ; -0.106 V           ; 0.46 V                              ; 0.281 V                             ; 3.06e-10 s                 ; 4.34e-10 s                 ; No                        ; Yes                       ;
; GPIO[2]      ; 3.3-V LVTTL  ; 0 s                 ; 0 s                 ; 3.08 V                       ; 5.27e-08 V                   ; 3.22 V              ; -0.0937 V           ; 0.265 V                              ; 0.351 V                              ; 4.55e-10 s                  ; 4.64e-10 s                  ; No                         ; No                         ; 3.08 V                      ; 5.27e-08 V                  ; 3.22 V             ; -0.0937 V          ; 0.265 V                             ; 0.351 V                             ; 4.55e-10 s                 ; 4.64e-10 s                 ; No                        ; No                        ;
; GPIO[3]      ; 3.3-V LVTTL  ; 0 s                 ; 0 s                 ; 3.08 V                       ; 5.27e-08 V                   ; 3.22 V              ; -0.0937 V           ; 0.265 V                              ; 0.351 V                              ; 4.55e-10 s                  ; 4.64e-10 s                  ; No                         ; No                         ; 3.08 V                      ; 5.27e-08 V                  ; 3.22 V             ; -0.0937 V          ; 0.265 V                             ; 0.351 V                             ; 4.55e-10 s                 ; 4.64e-10 s                 ; No                        ; No                        ;
; GPIO[4]      ; 3.3-V LVTTL  ; 0 s                 ; 0 s                 ; 3.08 V                       ; 5.27e-08 V                   ; 3.22 V              ; -0.0943 V           ; 0.264 V                              ; 0.35 V                               ; 4.56e-10 s                  ; 4.63e-10 s                  ; No                         ; No                         ; 3.08 V                      ; 5.27e-08 V                  ; 3.22 V             ; -0.0943 V          ; 0.264 V                             ; 0.35 V                              ; 4.56e-10 s                 ; 4.63e-10 s                 ; No                        ; No                        ;
; GPIO[5]      ; 3.3-V LVTTL  ; 0 s                 ; 0 s                 ; 3.08 V                       ; 5.27e-08 V                   ; 3.22 V              ; -0.0943 V           ; 0.264 V                              ; 0.35 V                               ; 4.56e-10 s                  ; 4.63e-10 s                  ; No                         ; No                         ; 3.08 V                      ; 5.27e-08 V                  ; 3.22 V             ; -0.0943 V          ; 0.264 V                             ; 0.35 V                              ; 4.56e-10 s                 ; 4.63e-10 s                 ; No                        ; No                        ;
; GPIO[6]      ; 3.3-V LVTTL  ; 0 s                 ; 0 s                 ; 3.08 V                       ; 5.27e-08 V                   ; 3.22 V              ; -0.0937 V           ; 0.265 V                              ; 0.351 V                              ; 4.55e-10 s                  ; 4.64e-10 s                  ; No                         ; No                         ; 3.08 V                      ; 5.27e-08 V                  ; 3.22 V             ; -0.0937 V          ; 0.265 V                             ; 0.351 V                             ; 4.55e-10 s                 ; 4.64e-10 s                 ; No                        ; No                        ;
; GPIO[7]      ; 3.3-V LVTTL  ; 0 s                 ; 0 s                 ; 3.08 V                       ; 5.27e-08 V                   ; 3.22 V              ; -0.0937 V           ; 0.265 V                              ; 0.351 V                              ; 4.55e-10 s                  ; 4.64e-10 s                  ; No                         ; No                         ; 3.08 V                      ; 5.27e-08 V                  ; 3.22 V             ; -0.0937 V          ; 0.265 V                             ; 0.351 V                             ; 4.55e-10 s                 ; 4.64e-10 s                 ; No                        ; No                        ;
; GPIO[8]      ; 3.3-V LVTTL  ; 0 s                 ; 0 s                 ; 3.08 V                       ; 5.27e-08 V                   ; 3.22 V              ; -0.0943 V           ; 0.264 V                              ; 0.35 V                               ; 4.56e-10 s                  ; 4.63e-10 s                  ; No                         ; No                         ; 3.08 V                      ; 5.27e-08 V                  ; 3.22 V             ; -0.0943 V          ; 0.264 V                             ; 0.35 V                              ; 4.56e-10 s                 ; 4.63e-10 s                 ; No                        ; No                        ;
; GPIO[9]      ; 3.3-V LVTTL  ; 0 s                 ; 0 s                 ; 3.08 V                       ; 5.27e-08 V                   ; 3.23 V              ; -0.107 V            ; 0.46 V                               ; 0.279 V                              ; 3.06e-10 s                  ; 4.34e-10 s                  ; No                         ; Yes                        ; 3.08 V                      ; 5.27e-08 V                  ; 3.23 V             ; -0.107 V           ; 0.46 V                              ; 0.279 V                             ; 3.06e-10 s                 ; 4.34e-10 s                 ; No                        ; Yes                       ;
; GPIO[10]     ; 3.3-V LVTTL  ; 0 s                 ; 0 s                 ; 3.08 V                       ; 5.27e-08 V                   ; 3.22 V              ; -0.0937 V           ; 0.265 V                              ; 0.351 V                              ; 4.55e-10 s                  ; 4.64e-10 s                  ; No                         ; No                         ; 3.08 V                      ; 5.27e-08 V                  ; 3.22 V             ; -0.0937 V          ; 0.265 V                             ; 0.351 V                             ; 4.55e-10 s                 ; 4.64e-10 s                 ; No                        ; No                        ;
; GPIO[11]     ; 3.3-V LVTTL  ; 0 s                 ; 0 s                 ; 3.08 V                       ; 5.27e-08 V                   ; 3.23 V              ; -0.106 V            ; 0.46 V                               ; 0.281 V                              ; 3.06e-10 s                  ; 4.34e-10 s                  ; No                         ; Yes                        ; 3.08 V                      ; 5.27e-08 V                  ; 3.23 V             ; -0.106 V           ; 0.46 V                              ; 0.281 V                             ; 3.06e-10 s                 ; 4.34e-10 s                 ; No                        ; Yes                       ;
; GPIO[12]     ; 3.3-V LVTTL  ; 0 s                 ; 0 s                 ; 3.08 V                       ; 5.27e-08 V                   ; 3.23 V              ; -0.106 V            ; 0.46 V                               ; 0.281 V                              ; 3.06e-10 s                  ; 4.34e-10 s                  ; No                         ; Yes                        ; 3.08 V                      ; 5.27e-08 V                  ; 3.23 V             ; -0.106 V           ; 0.46 V                              ; 0.281 V                             ; 3.06e-10 s                 ; 4.34e-10 s                 ; No                        ; Yes                       ;
; GPIO[13]     ; 3.3-V LVTTL  ; 0 s                 ; 0 s                 ; 3.08 V                       ; 5.27e-08 V                   ; 3.23 V              ; -0.107 V            ; 0.46 V                               ; 0.279 V                              ; 3.06e-10 s                  ; 4.34e-10 s                  ; No                         ; Yes                        ; 3.08 V                      ; 5.27e-08 V                  ; 3.23 V             ; -0.107 V           ; 0.46 V                              ; 0.279 V                             ; 3.06e-10 s                 ; 4.34e-10 s                 ; No                        ; Yes                       ;
; GPIO[14]     ; 3.3-V LVTTL  ; 0 s                 ; 0 s                 ; 3.08 V                       ; 5.27e-08 V                   ; 3.23 V              ; -0.106 V            ; 0.46 V                               ; 0.281 V                              ; 3.06e-10 s                  ; 4.34e-10 s                  ; No                         ; Yes                        ; 3.08 V                      ; 5.27e-08 V                  ; 3.23 V             ; -0.106 V           ; 0.46 V                              ; 0.281 V                             ; 3.06e-10 s                 ; 4.34e-10 s                 ; No                        ; Yes                       ;
; GPIO[15]     ; 3.3-V LVTTL  ; 0 s                 ; 0 s                 ; 3.08 V                       ; 5.27e-08 V                   ; 3.23 V              ; -0.107 V            ; 0.46 V                               ; 0.279 V                              ; 3.06e-10 s                  ; 4.34e-10 s                  ; No                         ; Yes                        ; 3.08 V                      ; 5.27e-08 V                  ; 3.23 V             ; -0.107 V           ; 0.46 V                              ; 0.279 V                             ; 3.06e-10 s                 ; 4.34e-10 s                 ; No                        ; Yes                       ;
; GPIO[16]     ; 3.3-V LVTTL  ; 0 s                 ; 0 s                 ; 3.08 V                       ; 5.27e-08 V                   ; 3.23 V              ; -0.106 V            ; 0.46 V                               ; 0.281 V                              ; 3.06e-10 s                  ; 4.34e-10 s                  ; No                         ; Yes                        ; 3.08 V                      ; 5.27e-08 V                  ; 3.23 V             ; -0.106 V           ; 0.46 V                              ; 0.281 V                             ; 3.06e-10 s                 ; 4.34e-10 s                 ; No                        ; Yes                       ;
; GPIO[17]     ; 3.3-V LVTTL  ; 0 s                 ; 0 s                 ; 3.08 V                       ; 5.27e-08 V                   ; 3.23 V              ; -0.107 V            ; 0.46 V                               ; 0.279 V                              ; 3.06e-10 s                  ; 4.34e-10 s                  ; No                         ; Yes                        ; 3.08 V                      ; 5.27e-08 V                  ; 3.23 V             ; -0.107 V           ; 0.46 V                              ; 0.279 V                             ; 3.06e-10 s                 ; 4.34e-10 s                 ; No                        ; Yes                       ;
; GPIO[18]     ; 3.3-V LVTTL  ; 0 s                 ; 0 s                 ; 3.08 V                       ; 5.27e-08 V                   ; 3.23 V              ; -0.107 V            ; 0.46 V                               ; 0.279 V                              ; 3.06e-10 s                  ; 4.34e-10 s                  ; No                         ; Yes                        ; 3.08 V                      ; 5.27e-08 V                  ; 3.23 V             ; -0.107 V           ; 0.46 V                              ; 0.279 V                             ; 3.06e-10 s                 ; 4.34e-10 s                 ; No                        ; Yes                       ;
; GPIO[19]     ; 3.3-V LVTTL  ; 0 s                 ; 0 s                 ; 3.08 V                       ; 5.27e-08 V                   ; 3.23 V              ; -0.106 V            ; 0.46 V                               ; 0.281 V                              ; 3.06e-10 s                  ; 4.34e-10 s                  ; No                         ; Yes                        ; 3.08 V                      ; 5.27e-08 V                  ; 3.23 V             ; -0.106 V           ; 0.46 V                              ; 0.281 V                             ; 3.06e-10 s                 ; 4.34e-10 s                 ; No                        ; Yes                       ;
; GPIO[20]     ; 3.3-V LVTTL  ; 0 s                 ; 0 s                 ; 3.08 V                       ; 5.27e-08 V                   ; 3.23 V              ; -0.106 V            ; 0.46 V                               ; 0.281 V                              ; 3.06e-10 s                  ; 4.34e-10 s                  ; No                         ; Yes                        ; 3.08 V                      ; 5.27e-08 V                  ; 3.23 V             ; -0.106 V           ; 0.46 V                              ; 0.281 V                             ; 3.06e-10 s                 ; 4.34e-10 s                 ; No                        ; Yes                       ;
; GPIO[21]     ; 3.3-V LVTTL  ; 0 s                 ; 0 s                 ; 3.08 V                       ; 5.27e-08 V                   ; 3.22 V              ; -0.0943 V           ; 0.264 V                              ; 0.35 V                               ; 4.56e-10 s                  ; 4.63e-10 s                  ; No                         ; No                         ; 3.08 V                      ; 5.27e-08 V                  ; 3.22 V             ; -0.0943 V          ; 0.264 V                             ; 0.35 V                              ; 4.56e-10 s                 ; 4.63e-10 s                 ; No                        ; No                        ;
; GPIO[22]     ; 3.3-V LVTTL  ; 0 s                 ; 0 s                 ; 3.08 V                       ; 5.27e-08 V                   ; 3.23 V              ; -0.106 V            ; 0.46 V                               ; 0.281 V                              ; 3.06e-10 s                  ; 4.34e-10 s                  ; No                         ; Yes                        ; 3.08 V                      ; 5.27e-08 V                  ; 3.23 V             ; -0.106 V           ; 0.46 V                              ; 0.281 V                             ; 3.06e-10 s                 ; 4.34e-10 s                 ; No                        ; Yes                       ;
; GPIO[23]     ; 3.3-V LVTTL  ; 0 s                 ; 0 s                 ; 3.08 V                       ; 5.27e-08 V                   ; 3.23 V              ; -0.107 V            ; 0.46 V                               ; 0.279 V                              ; 3.06e-10 s                  ; 4.34e-10 s                  ; No                         ; Yes                        ; 3.08 V                      ; 5.27e-08 V                  ; 3.23 V             ; -0.107 V           ; 0.46 V                              ; 0.279 V                             ; 3.06e-10 s                 ; 4.34e-10 s                 ; No                        ; Yes                       ;
; GPIO[24]     ; 3.3-V LVTTL  ; 0 s                 ; 0 s                 ; 3.08 V                       ; 5.27e-08 V                   ; 3.23 V              ; -0.106 V            ; 0.46 V                               ; 0.281 V                              ; 3.06e-10 s                  ; 4.34e-10 s                  ; No                         ; Yes                        ; 3.08 V                      ; 5.27e-08 V                  ; 3.23 V             ; -0.106 V           ; 0.46 V                              ; 0.281 V                             ; 3.06e-10 s                 ; 4.34e-10 s                 ; No                        ; Yes                       ;
; GPIO[25]     ; 3.3-V LVTTL  ; 0 s                 ; 0 s                 ; 3.08 V                       ; 5.27e-08 V                   ; 3.23 V              ; -0.106 V            ; 0.46 V                               ; 0.281 V                              ; 3.06e-10 s                  ; 4.34e-10 s                  ; No                         ; Yes                        ; 3.08 V                      ; 5.27e-08 V                  ; 3.23 V             ; -0.106 V           ; 0.46 V                              ; 0.281 V                             ; 3.06e-10 s                 ; 4.34e-10 s                 ; No                        ; Yes                       ;
; GPIO[26]     ; 3.3-V LVTTL  ; 0 s                 ; 0 s                 ; 3.08 V                       ; 5.27e-08 V                   ; 3.22 V              ; -0.0943 V           ; 0.264 V                              ; 0.35 V                               ; 4.56e-10 s                  ; 4.63e-10 s                  ; No                         ; No                         ; 3.08 V                      ; 5.27e-08 V                  ; 3.22 V             ; -0.0943 V          ; 0.264 V                             ; 0.35 V                              ; 4.56e-10 s                 ; 4.63e-10 s                 ; No                        ; No                        ;
; GPIO[27]     ; 3.3-V LVTTL  ; 0 s                 ; 0 s                 ; 3.08 V                       ; 5.27e-08 V                   ; 3.23 V              ; -0.107 V            ; 0.46 V                               ; 0.279 V                              ; 3.06e-10 s                  ; 4.34e-10 s                  ; No                         ; Yes                        ; 3.08 V                      ; 5.27e-08 V                  ; 3.23 V             ; -0.107 V           ; 0.46 V                              ; 0.279 V                             ; 3.06e-10 s                 ; 4.34e-10 s                 ; No                        ; Yes                       ;
; GPIO[28]     ; 3.3-V LVTTL  ; 0 s                 ; 0 s                 ; 3.08 V                       ; 5.27e-08 V                   ; 3.22 V              ; -0.0937 V           ; 0.265 V                              ; 0.351 V                              ; 4.55e-10 s                  ; 4.64e-10 s                  ; No                         ; No                         ; 3.08 V                      ; 5.27e-08 V                  ; 3.22 V             ; -0.0937 V          ; 0.265 V                             ; 0.351 V                             ; 4.55e-10 s                 ; 4.64e-10 s                 ; No                        ; No                        ;
; GPIO[29]     ; 3.3-V LVTTL  ; 0 s                 ; 0 s                 ; 3.08 V                       ; 5.27e-08 V                   ; 3.23 V              ; -0.106 V            ; 0.46 V                               ; 0.281 V                              ; 3.06e-10 s                  ; 4.34e-10 s                  ; No                         ; Yes                        ; 3.08 V                      ; 5.27e-08 V                  ; 3.23 V             ; -0.106 V           ; 0.46 V                              ; 0.281 V                             ; 3.06e-10 s                 ; 4.34e-10 s                 ; No                        ; Yes                       ;
; GPIO[30]     ; 3.3-V LVTTL  ; 0 s                 ; 0 s                 ; 3.08 V                       ; 5.27e-08 V                   ; 3.23 V              ; -0.106 V            ; 0.46 V                               ; 0.281 V                              ; 3.06e-10 s                  ; 4.34e-10 s                  ; No                         ; Yes                        ; 3.08 V                      ; 5.27e-08 V                  ; 3.23 V             ; -0.106 V           ; 0.46 V                              ; 0.281 V                             ; 3.06e-10 s                 ; 4.34e-10 s                 ; No                        ; Yes                       ;
; GPIO[31]     ; 3.3-V LVTTL  ; 0 s                 ; 0 s                 ; 3.08 V                       ; 5.27e-08 V                   ; 3.23 V              ; -0.107 V            ; 0.46 V                               ; 0.279 V                              ; 3.06e-10 s                  ; 4.34e-10 s                  ; No                         ; Yes                        ; 3.08 V                      ; 5.27e-08 V                  ; 3.23 V             ; -0.107 V           ; 0.46 V                              ; 0.279 V                             ; 3.06e-10 s                 ; 4.34e-10 s                 ; No                        ; Yes                       ;
; GPIO[32]     ; 3.3-V LVTTL  ; 0 s                 ; 0 s                 ; 3.08 V                       ; 5.27e-08 V                   ; 3.23 V              ; -0.107 V            ; 0.46 V                               ; 0.279 V                              ; 3.06e-10 s                  ; 4.34e-10 s                  ; No                         ; Yes                        ; 3.08 V                      ; 5.27e-08 V                  ; 3.23 V             ; -0.107 V           ; 0.46 V                              ; 0.279 V                             ; 3.06e-10 s                 ; 4.34e-10 s                 ; No                        ; Yes                       ;
; GPIO[33]     ; 3.3-V LVTTL  ; 0 s                 ; 0 s                 ; 3.08 V                       ; 5.27e-08 V                   ; 3.23 V              ; -0.106 V            ; 0.46 V                               ; 0.281 V                              ; 3.06e-10 s                  ; 4.34e-10 s                  ; No                         ; Yes                        ; 3.08 V                      ; 5.27e-08 V                  ; 3.23 V             ; -0.106 V           ; 0.46 V                              ; 0.281 V                             ; 3.06e-10 s                 ; 4.34e-10 s                 ; No                        ; Yes                       ;
; GPIO[34]     ; 3.3-V LVTTL  ; 0 s                 ; 0 s                 ; 3.08 V                       ; 5.27e-08 V                   ; 3.23 V              ; -0.106 V            ; 0.46 V                               ; 0.281 V                              ; 3.06e-10 s                  ; 4.34e-10 s                  ; No                         ; Yes                        ; 3.08 V                      ; 5.27e-08 V                  ; 3.23 V             ; -0.106 V           ; 0.46 V                              ; 0.281 V                             ; 3.06e-10 s                 ; 4.34e-10 s                 ; No                        ; Yes                       ;
; GPIO[35]     ; 3.3-V LVTTL  ; 0 s                 ; 0 s                 ; 3.08 V                       ; 5.27e-08 V                   ; 3.23 V              ; -0.107 V            ; 0.46 V                               ; 0.279 V                              ; 3.06e-10 s                  ; 4.34e-10 s                  ; No                         ; Yes                        ; 3.08 V                      ; 5.27e-08 V                  ; 3.23 V             ; -0.107 V           ; 0.46 V                              ; 0.279 V                             ; 3.06e-10 s                 ; 4.34e-10 s                 ; No                        ; Yes                       ;
; GPIO[0]      ; 3.3-V LVTTL  ; 0 s                 ; 0 s                 ; 3.08 V                       ; 5.27e-08 V                   ; 3.22 V              ; -0.0943 V           ; 0.264 V                              ; 0.35 V                               ; 4.56e-10 s                  ; 4.63e-10 s                  ; No                         ; No                         ; 3.08 V                      ; 5.27e-08 V                  ; 3.22 V             ; -0.0943 V          ; 0.264 V                             ; 0.35 V                              ; 4.56e-10 s                 ; 4.63e-10 s                 ; No                        ; No                        ;
; GPIO[1]      ; 3.3-V LVTTL  ; 0 s                 ; 0 s                 ; 3.08 V                       ; 5.27e-08 V                   ; 3.22 V              ; -0.0943 V           ; 0.264 V                              ; 0.35 V                               ; 4.56e-10 s                  ; 4.63e-10 s                  ; No                         ; No                         ; 3.08 V                      ; 5.27e-08 V                  ; 3.22 V             ; -0.0943 V          ; 0.264 V                             ; 0.35 V                              ; 4.56e-10 s                 ; 4.63e-10 s                 ; No                        ; No                        ;
; ~ALTERA_TDO~ ; 2.5 V        ; 0 s                 ; 0 s                 ; 2.32 V                       ; 1.97e-08 V                   ; 2.4 V               ; -0.0233 V           ; 0.201 V                              ; 0.081 V                              ; 4.59e-10 s                  ; 5.51e-10 s                  ; No                         ; Yes                        ; 2.32 V                      ; 1.97e-08 V                  ; 2.4 V              ; -0.0233 V          ; 0.201 V                             ; 0.081 V                             ; 4.59e-10 s                 ; 5.51e-10 s                 ; No                        ; Yes                       ;
+--------------+--------------+---------------------+---------------------+------------------------------+------------------------------+---------------------+---------------------+--------------------------------------+--------------------------------------+-----------------------------+-----------------------------+----------------------------+----------------------------+-----------------------------+-----------------------------+--------------------+--------------------+-------------------------------------+-------------------------------------+----------------------------+----------------------------+---------------------------+---------------------------+


+-------------------------------------------------------------------------------------------------------------------------------------------------------------------------------------------------------------------------------------------------------------------------------------------------------------------------------------------------------------------------------------------------------------------------------------------------------------------------------------------------------------------------------------------------------------------------------------------------------------------------------------------------------------------------------------------+
; Signal Integrity Metrics (Slow 1200mv 85c Model)                                                                                                                                                                                                                                                                                                                                                                                                                                                                                                                                                                                                                                          ;
+--------------+--------------+---------------------+---------------------+------------------------------+------------------------------+---------------------+---------------------+--------------------------------------+--------------------------------------+-----------------------------+-----------------------------+----------------------------+----------------------------+-----------------------------+-----------------------------+--------------------+--------------------+-------------------------------------+-------------------------------------+----------------------------+----------------------------+---------------------------+---------------------------+
; Pin          ; I/O Standard ; Board Delay on Rise ; Board Delay on Fall ; Steady State Voh at FPGA Pin ; Steady State Vol at FPGA Pin ; Voh Max at FPGA Pin ; Vol Min at FPGA Pin ; Ringback Voltage on Rise at FPGA Pin ; Ringback Voltage on Fall at FPGA Pin ; 10-90 Rise Time at FPGA Pin ; 90-10 Fall Time at FPGA Pin ; Monotonic Rise at FPGA Pin ; Monotonic Fall at FPGA Pin ; Steady State Voh at Far-end ; Steady State Vol at Far-end ; Voh Max at Far-end ; Vol Min at Far-end ; Ringback Voltage on Rise at Far-end ; Ringback Voltage on Fall at Far-end ; 10-90 Rise Time at Far-end ; 90-10 Fall Time at Far-end ; Monotonic Rise at Far-end ; Monotonic Fall at Far-end ;
+--------------+--------------+---------------------+---------------------+------------------------------+------------------------------+---------------------+---------------------+--------------------------------------+--------------------------------------+-----------------------------+-----------------------------+----------------------------+----------------------------+-----------------------------+-----------------------------+--------------------+--------------------+-------------------------------------+-------------------------------------+----------------------------+----------------------------+---------------------------+---------------------------+
; HEX0[0]      ; 3.3-V LVTTL  ; 0 s                 ; 0 s                 ; 3.08 V                       ; 5.35e-06 V                   ; 3.17 V              ; -0.0592 V           ; 0.248 V                              ; 0.172 V                              ; 4.61e-10 s                  ; 6e-10 s                     ; No                         ; No                         ; 3.08 V                      ; 5.35e-06 V                  ; 3.17 V             ; -0.0592 V          ; 0.248 V                             ; 0.172 V                             ; 4.61e-10 s                 ; 6e-10 s                    ; No                        ; No                        ;
; HEX0[1]      ; 3.3-V LVTTL  ; 0 s                 ; 0 s                 ; 3.08 V                       ; 5.35e-06 V                   ; 3.17 V              ; -0.0587 V           ; 0.248 V                              ; 0.173 V                              ; 4.61e-10 s                  ; 6e-10 s                     ; No                         ; No                         ; 3.08 V                      ; 5.35e-06 V                  ; 3.17 V             ; -0.0587 V          ; 0.248 V                             ; 0.173 V                             ; 4.61e-10 s                 ; 6e-10 s                    ; No                        ; No                        ;
; HEX0[2]      ; 3.3-V LVTTL  ; 0 s                 ; 0 s                 ; 3.08 V                       ; 5.35e-06 V                   ; 3.17 V              ; -0.0587 V           ; 0.248 V                              ; 0.173 V                              ; 4.61e-10 s                  ; 6e-10 s                     ; No                         ; No                         ; 3.08 V                      ; 5.35e-06 V                  ; 3.17 V             ; -0.0587 V          ; 0.248 V                             ; 0.173 V                             ; 4.61e-10 s                 ; 6e-10 s                    ; No                        ; No                        ;
; HEX0[3]      ; 3.3-V LVTTL  ; 0 s                 ; 0 s                 ; 3.08 V                       ; 5.35e-06 V                   ; 3.17 V              ; -0.0592 V           ; 0.248 V                              ; 0.172 V                              ; 4.61e-10 s                  ; 6e-10 s                     ; No                         ; No                         ; 3.08 V                      ; 5.35e-06 V                  ; 3.17 V             ; -0.0592 V          ; 0.248 V                             ; 0.172 V                             ; 4.61e-10 s                 ; 6e-10 s                    ; No                        ; No                        ;
; HEX0[4]      ; 3.3-V LVTTL  ; 0 s                 ; 0 s                 ; 3.08 V                       ; 5.35e-06 V                   ; 3.17 V              ; -0.0592 V           ; 0.248 V                              ; 0.172 V                              ; 4.61e-10 s                  ; 6e-10 s                     ; No                         ; No                         ; 3.08 V                      ; 5.35e-06 V                  ; 3.17 V             ; -0.0592 V          ; 0.248 V                             ; 0.172 V                             ; 4.61e-10 s                 ; 6e-10 s                    ; No                        ; No                        ;
; HEX0[5]      ; 3.3-V LVTTL  ; 0 s                 ; 0 s                 ; 3.08 V                       ; 5.35e-06 V                   ; 3.17 V              ; -0.0592 V           ; 0.248 V                              ; 0.172 V                              ; 4.61e-10 s                  ; 6e-10 s                     ; No                         ; No                         ; 3.08 V                      ; 5.35e-06 V                  ; 3.17 V             ; -0.0592 V          ; 0.248 V                             ; 0.172 V                             ; 4.61e-10 s                 ; 6e-10 s                    ; No                        ; No                        ;
; HEX0[6]      ; 3.3-V LVTTL  ; 0 s                 ; 0 s                 ; 3.08 V                       ; 5.35e-06 V                   ; 3.17 V              ; -0.0587 V           ; 0.248 V                              ; 0.173 V                              ; 4.61e-10 s                  ; 6e-10 s                     ; No                         ; No                         ; 3.08 V                      ; 5.35e-06 V                  ; 3.17 V             ; -0.0587 V          ; 0.248 V                             ; 0.173 V                             ; 4.61e-10 s                 ; 6e-10 s                    ; No                        ; No                        ;
; HEX0[7]      ; 3.3-V LVTTL  ; 0 s                 ; 0 s                 ; 3.08 V                       ; 5.35e-06 V                   ; 3.17 V              ; -0.0592 V           ; 0.248 V                              ; 0.172 V                              ; 4.61e-10 s                  ; 6e-10 s                     ; No                         ; No                         ; 3.08 V                      ; 5.35e-06 V                  ; 3.17 V             ; -0.0592 V          ; 0.248 V                             ; 0.172 V                             ; 4.61e-10 s                 ; 6e-10 s                    ; No                        ; No                        ;
; LEDR[0]      ; 3.3-V LVTTL  ; 0 s                 ; 0 s                 ; 3.08 V                       ; 5.35e-06 V                   ; 3.17 V              ; -0.0587 V           ; 0.248 V                              ; 0.173 V                              ; 4.61e-10 s                  ; 6e-10 s                     ; No                         ; No                         ; 3.08 V                      ; 5.35e-06 V                  ; 3.17 V             ; -0.0587 V          ; 0.248 V                             ; 0.173 V                             ; 4.61e-10 s                 ; 6e-10 s                    ; No                        ; No                        ;
; LEDR[1]      ; 3.3-V LVTTL  ; 0 s                 ; 0 s                 ; 3.08 V                       ; 5.35e-06 V                   ; 3.17 V              ; -0.0592 V           ; 0.248 V                              ; 0.172 V                              ; 4.61e-10 s                  ; 6e-10 s                     ; No                         ; No                         ; 3.08 V                      ; 5.35e-06 V                  ; 3.17 V             ; -0.0592 V          ; 0.248 V                             ; 0.172 V                             ; 4.61e-10 s                 ; 6e-10 s                    ; No                        ; No                        ;
; LEDR[2]      ; 3.3-V LVTTL  ; 0 s                 ; 0 s                 ; 3.08 V                       ; 5.35e-06 V                   ; 3.17 V              ; -0.0587 V           ; 0.248 V                              ; 0.173 V                              ; 4.61e-10 s                  ; 6e-10 s                     ; No                         ; No                         ; 3.08 V                      ; 5.35e-06 V                  ; 3.17 V             ; -0.0587 V          ; 0.248 V                             ; 0.173 V                             ; 4.61e-10 s                 ; 6e-10 s                    ; No                        ; No                        ;
; LEDR[3]      ; 3.3-V LVTTL  ; 0 s                 ; 0 s                 ; 3.08 V                       ; 5.35e-06 V                   ; 3.17 V              ; -0.0592 V           ; 0.248 V                              ; 0.172 V                              ; 4.61e-10 s                  ; 6e-10 s                     ; No                         ; No                         ; 3.08 V                      ; 5.35e-06 V                  ; 3.17 V             ; -0.0592 V          ; 0.248 V                             ; 0.172 V                             ; 4.61e-10 s                 ; 6e-10 s                    ; No                        ; No                        ;
; LEDR[4]      ; 3.3-V LVTTL  ; 0 s                 ; 0 s                 ; 3.08 V                       ; 5.35e-06 V                   ; 3.17 V              ; -0.0587 V           ; 0.248 V                              ; 0.173 V                              ; 4.61e-10 s                  ; 6e-10 s                     ; No                         ; No                         ; 3.08 V                      ; 5.35e-06 V                  ; 3.17 V             ; -0.0587 V          ; 0.248 V                             ; 0.173 V                             ; 4.61e-10 s                 ; 6e-10 s                    ; No                        ; No                        ;
; LEDR[5]      ; 3.3-V LVTTL  ; 0 s                 ; 0 s                 ; 3.08 V                       ; 5.35e-06 V                   ; 3.17 V              ; -0.0587 V           ; 0.248 V                              ; 0.173 V                              ; 4.61e-10 s                  ; 6e-10 s                     ; No                         ; No                         ; 3.08 V                      ; 5.35e-06 V                  ; 3.17 V             ; -0.0587 V          ; 0.248 V                             ; 0.173 V                             ; 4.61e-10 s                 ; 6e-10 s                    ; No                        ; No                        ;
; LEDR[6]      ; 3.3-V LVTTL  ; 0 s                 ; 0 s                 ; 3.08 V                       ; 5.35e-06 V                   ; 3.17 V              ; -0.0587 V           ; 0.248 V                              ; 0.173 V                              ; 4.61e-10 s                  ; 6e-10 s                     ; No                         ; No                         ; 3.08 V                      ; 5.35e-06 V                  ; 3.17 V             ; -0.0587 V          ; 0.248 V                             ; 0.173 V                             ; 4.61e-10 s                 ; 6e-10 s                    ; No                        ; No                        ;
; LEDR[7]      ; 3.3-V LVTTL  ; 0 s                 ; 0 s                 ; 3.08 V                       ; 5.35e-06 V                   ; 3.17 V              ; -0.0592 V           ; 0.248 V                              ; 0.172 V                              ; 4.61e-10 s                  ; 6e-10 s                     ; No                         ; No                         ; 3.08 V                      ; 5.35e-06 V                  ; 3.17 V             ; -0.0592 V          ; 0.248 V                             ; 0.172 V                             ; 4.61e-10 s                 ; 6e-10 s                    ; No                        ; No                        ;
; LEDR[8]      ; 3.3-V LVTTL  ; 0 s                 ; 0 s                 ; 3.08 V                       ; 5.35e-06 V                   ; 3.17 V              ; -0.0592 V           ; 0.248 V                              ; 0.172 V                              ; 4.61e-10 s                  ; 6e-10 s                     ; No                         ; No                         ; 3.08 V                      ; 5.35e-06 V                  ; 3.17 V             ; -0.0592 V          ; 0.248 V                             ; 0.172 V                             ; 4.61e-10 s                 ; 6e-10 s                    ; No                        ; No                        ;
; LEDR[9]      ; 3.3-V LVTTL  ; 0 s                 ; 0 s                 ; 3.08 V                       ; 5.35e-06 V                   ; 3.17 V              ; -0.0587 V           ; 0.248 V                              ; 0.173 V                              ; 4.61e-10 s                  ; 6e-10 s                     ; No                         ; No                         ; 3.08 V                      ; 5.35e-06 V                  ; 3.17 V             ; -0.0587 V          ; 0.248 V                             ; 0.173 V                             ; 4.61e-10 s                 ; 6e-10 s                    ; No                        ; No                        ;
; GPIO[2]      ; 3.3-V LVTTL  ; 0 s                 ; 0 s                 ; 3.08 V                       ; 5.35e-06 V                   ; 3.17 V              ; -0.0535 V           ; 0.313 V                              ; 0.225 V                              ; 4.84e-10 s                  ; 6.28e-10 s                  ; No                         ; Yes                        ; 3.08 V                      ; 5.35e-06 V                  ; 3.17 V             ; -0.0535 V          ; 0.313 V                             ; 0.225 V                             ; 4.84e-10 s                 ; 6.28e-10 s                 ; No                        ; Yes                       ;
; GPIO[3]      ; 3.3-V LVTTL  ; 0 s                 ; 0 s                 ; 3.08 V                       ; 5.35e-06 V                   ; 3.17 V              ; -0.0535 V           ; 0.313 V                              ; 0.225 V                              ; 4.84e-10 s                  ; 6.28e-10 s                  ; No                         ; Yes                        ; 3.08 V                      ; 5.35e-06 V                  ; 3.17 V             ; -0.0535 V          ; 0.313 V                             ; 0.225 V                             ; 4.84e-10 s                 ; 6.28e-10 s                 ; No                        ; Yes                       ;
; GPIO[4]      ; 3.3-V LVTTL  ; 0 s                 ; 0 s                 ; 3.08 V                       ; 5.35e-06 V                   ; 3.17 V              ; -0.0547 V           ; 0.314 V                              ; 0.224 V                              ; 4.84e-10 s                  ; 6.28e-10 s                  ; No                         ; Yes                        ; 3.08 V                      ; 5.35e-06 V                  ; 3.17 V             ; -0.0547 V          ; 0.314 V                             ; 0.224 V                             ; 4.84e-10 s                 ; 6.28e-10 s                 ; No                        ; Yes                       ;
; GPIO[5]      ; 3.3-V LVTTL  ; 0 s                 ; 0 s                 ; 3.08 V                       ; 5.35e-06 V                   ; 3.17 V              ; -0.0547 V           ; 0.314 V                              ; 0.224 V                              ; 4.84e-10 s                  ; 6.28e-10 s                  ; No                         ; Yes                        ; 3.08 V                      ; 5.35e-06 V                  ; 3.17 V             ; -0.0547 V          ; 0.314 V                             ; 0.224 V                             ; 4.84e-10 s                 ; 6.28e-10 s                 ; No                        ; Yes                       ;
; GPIO[6]      ; 3.3-V LVTTL  ; 0 s                 ; 0 s                 ; 3.08 V                       ; 5.35e-06 V                   ; 3.17 V              ; -0.0535 V           ; 0.313 V                              ; 0.225 V                              ; 4.84e-10 s                  ; 6.28e-10 s                  ; No                         ; Yes                        ; 3.08 V                      ; 5.35e-06 V                  ; 3.17 V             ; -0.0535 V          ; 0.313 V                             ; 0.225 V                             ; 4.84e-10 s                 ; 6.28e-10 s                 ; No                        ; Yes                       ;
; GPIO[7]      ; 3.3-V LVTTL  ; 0 s                 ; 0 s                 ; 3.08 V                       ; 5.35e-06 V                   ; 3.17 V              ; -0.0535 V           ; 0.313 V                              ; 0.225 V                              ; 4.84e-10 s                  ; 6.28e-10 s                  ; No                         ; Yes                        ; 3.08 V                      ; 5.35e-06 V                  ; 3.17 V             ; -0.0535 V          ; 0.313 V                             ; 0.225 V                             ; 4.84e-10 s                 ; 6.28e-10 s                 ; No                        ; Yes                       ;
; GPIO[8]      ; 3.3-V LVTTL  ; 0 s                 ; 0 s                 ; 3.08 V                       ; 5.35e-06 V                   ; 3.17 V              ; -0.0547 V           ; 0.314 V                              ; 0.224 V                              ; 4.84e-10 s                  ; 6.28e-10 s                  ; No                         ; Yes                        ; 3.08 V                      ; 5.35e-06 V                  ; 3.17 V             ; -0.0547 V          ; 0.314 V                             ; 0.224 V                             ; 4.84e-10 s                 ; 6.28e-10 s                 ; No                        ; Yes                       ;
; GPIO[9]      ; 3.3-V LVTTL  ; 0 s                 ; 0 s                 ; 3.08 V                       ; 5.35e-06 V                   ; 3.17 V              ; -0.0592 V           ; 0.248 V                              ; 0.172 V                              ; 4.61e-10 s                  ; 6e-10 s                     ; No                         ; No                         ; 3.08 V                      ; 5.35e-06 V                  ; 3.17 V             ; -0.0592 V          ; 0.248 V                             ; 0.172 V                             ; 4.61e-10 s                 ; 6e-10 s                    ; No                        ; No                        ;
; GPIO[10]     ; 3.3-V LVTTL  ; 0 s                 ; 0 s                 ; 3.08 V                       ; 5.35e-06 V                   ; 3.17 V              ; -0.0535 V           ; 0.313 V                              ; 0.225 V                              ; 4.84e-10 s                  ; 6.28e-10 s                  ; No                         ; Yes                        ; 3.08 V                      ; 5.35e-06 V                  ; 3.17 V             ; -0.0535 V          ; 0.313 V                             ; 0.225 V                             ; 4.84e-10 s                 ; 6.28e-10 s                 ; No                        ; Yes                       ;
; GPIO[11]     ; 3.3-V LVTTL  ; 0 s                 ; 0 s                 ; 3.08 V                       ; 5.35e-06 V                   ; 3.17 V              ; -0.0587 V           ; 0.248 V                              ; 0.173 V                              ; 4.61e-10 s                  ; 6e-10 s                     ; No                         ; No                         ; 3.08 V                      ; 5.35e-06 V                  ; 3.17 V             ; -0.0587 V          ; 0.248 V                             ; 0.173 V                             ; 4.61e-10 s                 ; 6e-10 s                    ; No                        ; No                        ;
; GPIO[12]     ; 3.3-V LVTTL  ; 0 s                 ; 0 s                 ; 3.08 V                       ; 5.35e-06 V                   ; 3.17 V              ; -0.0587 V           ; 0.248 V                              ; 0.173 V                              ; 4.61e-10 s                  ; 6e-10 s                     ; No                         ; No                         ; 3.08 V                      ; 5.35e-06 V                  ; 3.17 V             ; -0.0587 V          ; 0.248 V                             ; 0.173 V                             ; 4.61e-10 s                 ; 6e-10 s                    ; No                        ; No                        ;
; GPIO[13]     ; 3.3-V LVTTL  ; 0 s                 ; 0 s                 ; 3.08 V                       ; 5.35e-06 V                   ; 3.17 V              ; -0.0592 V           ; 0.248 V                              ; 0.172 V                              ; 4.61e-10 s                  ; 6e-10 s                     ; No                         ; No                         ; 3.08 V                      ; 5.35e-06 V                  ; 3.17 V             ; -0.0592 V          ; 0.248 V                             ; 0.172 V                             ; 4.61e-10 s                 ; 6e-10 s                    ; No                        ; No                        ;
; GPIO[14]     ; 3.3-V LVTTL  ; 0 s                 ; 0 s                 ; 3.08 V                       ; 5.35e-06 V                   ; 3.17 V              ; -0.0587 V           ; 0.248 V                              ; 0.173 V                              ; 4.61e-10 s                  ; 6e-10 s                     ; No                         ; No                         ; 3.08 V                      ; 5.35e-06 V                  ; 3.17 V             ; -0.0587 V          ; 0.248 V                             ; 0.173 V                             ; 4.61e-10 s                 ; 6e-10 s                    ; No                        ; No                        ;
; GPIO[15]     ; 3.3-V LVTTL  ; 0 s                 ; 0 s                 ; 3.08 V                       ; 5.35e-06 V                   ; 3.17 V              ; -0.0592 V           ; 0.248 V                              ; 0.172 V                              ; 4.61e-10 s                  ; 6e-10 s                     ; No                         ; No                         ; 3.08 V                      ; 5.35e-06 V                  ; 3.17 V             ; -0.0592 V          ; 0.248 V                             ; 0.172 V                             ; 4.61e-10 s                 ; 6e-10 s                    ; No                        ; No                        ;
; GPIO[16]     ; 3.3-V LVTTL  ; 0 s                 ; 0 s                 ; 3.08 V                       ; 5.35e-06 V                   ; 3.17 V              ; -0.0587 V           ; 0.248 V                              ; 0.173 V                              ; 4.61e-10 s                  ; 6e-10 s                     ; No                         ; No                         ; 3.08 V                      ; 5.35e-06 V                  ; 3.17 V             ; -0.0587 V          ; 0.248 V                             ; 0.173 V                             ; 4.61e-10 s                 ; 6e-10 s                    ; No                        ; No                        ;
; GPIO[17]     ; 3.3-V LVTTL  ; 0 s                 ; 0 s                 ; 3.08 V                       ; 5.35e-06 V                   ; 3.17 V              ; -0.0592 V           ; 0.248 V                              ; 0.172 V                              ; 4.61e-10 s                  ; 6e-10 s                     ; No                         ; No                         ; 3.08 V                      ; 5.35e-06 V                  ; 3.17 V             ; -0.0592 V          ; 0.248 V                             ; 0.172 V                             ; 4.61e-10 s                 ; 6e-10 s                    ; No                        ; No                        ;
; GPIO[18]     ; 3.3-V LVTTL  ; 0 s                 ; 0 s                 ; 3.08 V                       ; 5.35e-06 V                   ; 3.17 V              ; -0.0592 V           ; 0.248 V                              ; 0.172 V                              ; 4.61e-10 s                  ; 6e-10 s                     ; No                         ; No                         ; 3.08 V                      ; 5.35e-06 V                  ; 3.17 V             ; -0.0592 V          ; 0.248 V                             ; 0.172 V                             ; 4.61e-10 s                 ; 6e-10 s                    ; No                        ; No                        ;
; GPIO[19]     ; 3.3-V LVTTL  ; 0 s                 ; 0 s                 ; 3.08 V                       ; 5.35e-06 V                   ; 3.17 V              ; -0.0587 V           ; 0.248 V                              ; 0.173 V                              ; 4.61e-10 s                  ; 6e-10 s                     ; No                         ; No                         ; 3.08 V                      ; 5.35e-06 V                  ; 3.17 V             ; -0.0587 V          ; 0.248 V                             ; 0.173 V                             ; 4.61e-10 s                 ; 6e-10 s                    ; No                        ; No                        ;
; GPIO[20]     ; 3.3-V LVTTL  ; 0 s                 ; 0 s                 ; 3.08 V                       ; 5.35e-06 V                   ; 3.17 V              ; -0.0587 V           ; 0.248 V                              ; 0.173 V                              ; 4.61e-10 s                  ; 6e-10 s                     ; No                         ; No                         ; 3.08 V                      ; 5.35e-06 V                  ; 3.17 V             ; -0.0587 V          ; 0.248 V                             ; 0.173 V                             ; 4.61e-10 s                 ; 6e-10 s                    ; No                        ; No                        ;
; GPIO[21]     ; 3.3-V LVTTL  ; 0 s                 ; 0 s                 ; 3.08 V                       ; 5.35e-06 V                   ; 3.17 V              ; -0.0547 V           ; 0.314 V                              ; 0.224 V                              ; 4.84e-10 s                  ; 6.28e-10 s                  ; No                         ; Yes                        ; 3.08 V                      ; 5.35e-06 V                  ; 3.17 V             ; -0.0547 V          ; 0.314 V                             ; 0.224 V                             ; 4.84e-10 s                 ; 6.28e-10 s                 ; No                        ; Yes                       ;
; GPIO[22]     ; 3.3-V LVTTL  ; 0 s                 ; 0 s                 ; 3.08 V                       ; 5.35e-06 V                   ; 3.17 V              ; -0.0587 V           ; 0.248 V                              ; 0.173 V                              ; 4.61e-10 s                  ; 6e-10 s                     ; No                         ; No                         ; 3.08 V                      ; 5.35e-06 V                  ; 3.17 V             ; -0.0587 V          ; 0.248 V                             ; 0.173 V                             ; 4.61e-10 s                 ; 6e-10 s                    ; No                        ; No                        ;
; GPIO[23]     ; 3.3-V LVTTL  ; 0 s                 ; 0 s                 ; 3.08 V                       ; 5.35e-06 V                   ; 3.17 V              ; -0.0592 V           ; 0.248 V                              ; 0.172 V                              ; 4.61e-10 s                  ; 6e-10 s                     ; No                         ; No                         ; 3.08 V                      ; 5.35e-06 V                  ; 3.17 V             ; -0.0592 V          ; 0.248 V                             ; 0.172 V                             ; 4.61e-10 s                 ; 6e-10 s                    ; No                        ; No                        ;
; GPIO[24]     ; 3.3-V LVTTL  ; 0 s                 ; 0 s                 ; 3.08 V                       ; 5.35e-06 V                   ; 3.17 V              ; -0.0587 V           ; 0.248 V                              ; 0.173 V                              ; 4.61e-10 s                  ; 6e-10 s                     ; No                         ; No                         ; 3.08 V                      ; 5.35e-06 V                  ; 3.17 V             ; -0.0587 V          ; 0.248 V                             ; 0.173 V                             ; 4.61e-10 s                 ; 6e-10 s                    ; No                        ; No                        ;
; GPIO[25]     ; 3.3-V LVTTL  ; 0 s                 ; 0 s                 ; 3.08 V                       ; 5.35e-06 V                   ; 3.17 V              ; -0.0587 V           ; 0.248 V                              ; 0.173 V                              ; 4.61e-10 s                  ; 6e-10 s                     ; No                         ; No                         ; 3.08 V                      ; 5.35e-06 V                  ; 3.17 V             ; -0.0587 V          ; 0.248 V                             ; 0.173 V                             ; 4.61e-10 s                 ; 6e-10 s                    ; No                        ; No                        ;
; GPIO[26]     ; 3.3-V LVTTL  ; 0 s                 ; 0 s                 ; 3.08 V                       ; 5.35e-06 V                   ; 3.17 V              ; -0.0547 V           ; 0.314 V                              ; 0.224 V                              ; 4.84e-10 s                  ; 6.28e-10 s                  ; No                         ; Yes                        ; 3.08 V                      ; 5.35e-06 V                  ; 3.17 V             ; -0.0547 V          ; 0.314 V                             ; 0.224 V                             ; 4.84e-10 s                 ; 6.28e-10 s                 ; No                        ; Yes                       ;
; GPIO[27]     ; 3.3-V LVTTL  ; 0 s                 ; 0 s                 ; 3.08 V                       ; 5.35e-06 V                   ; 3.17 V              ; -0.0592 V           ; 0.248 V                              ; 0.172 V                              ; 4.61e-10 s                  ; 6e-10 s                     ; No                         ; No                         ; 3.08 V                      ; 5.35e-06 V                  ; 3.17 V             ; -0.0592 V          ; 0.248 V                             ; 0.172 V                             ; 4.61e-10 s                 ; 6e-10 s                    ; No                        ; No                        ;
; GPIO[28]     ; 3.3-V LVTTL  ; 0 s                 ; 0 s                 ; 3.08 V                       ; 5.35e-06 V                   ; 3.17 V              ; -0.0535 V           ; 0.313 V                              ; 0.225 V                              ; 4.84e-10 s                  ; 6.28e-10 s                  ; No                         ; Yes                        ; 3.08 V                      ; 5.35e-06 V                  ; 3.17 V             ; -0.0535 V          ; 0.313 V                             ; 0.225 V                             ; 4.84e-10 s                 ; 6.28e-10 s                 ; No                        ; Yes                       ;
; GPIO[29]     ; 3.3-V LVTTL  ; 0 s                 ; 0 s                 ; 3.08 V                       ; 5.35e-06 V                   ; 3.17 V              ; -0.0587 V           ; 0.248 V                              ; 0.173 V                              ; 4.61e-10 s                  ; 6e-10 s                     ; No                         ; No                         ; 3.08 V                      ; 5.35e-06 V                  ; 3.17 V             ; -0.0587 V          ; 0.248 V                             ; 0.173 V                             ; 4.61e-10 s                 ; 6e-10 s                    ; No                        ; No                        ;
; GPIO[30]     ; 3.3-V LVTTL  ; 0 s                 ; 0 s                 ; 3.08 V                       ; 5.35e-06 V                   ; 3.17 V              ; -0.0587 V           ; 0.248 V                              ; 0.173 V                              ; 4.61e-10 s                  ; 6e-10 s                     ; No                         ; No                         ; 3.08 V                      ; 5.35e-06 V                  ; 3.17 V             ; -0.0587 V          ; 0.248 V                             ; 0.173 V                             ; 4.61e-10 s                 ; 6e-10 s                    ; No                        ; No                        ;
; GPIO[31]     ; 3.3-V LVTTL  ; 0 s                 ; 0 s                 ; 3.08 V                       ; 5.35e-06 V                   ; 3.17 V              ; -0.0592 V           ; 0.248 V                              ; 0.172 V                              ; 4.61e-10 s                  ; 6e-10 s                     ; No                         ; No                         ; 3.08 V                      ; 5.35e-06 V                  ; 3.17 V             ; -0.0592 V          ; 0.248 V                             ; 0.172 V                             ; 4.61e-10 s                 ; 6e-10 s                    ; No                        ; No                        ;
; GPIO[32]     ; 3.3-V LVTTL  ; 0 s                 ; 0 s                 ; 3.08 V                       ; 5.35e-06 V                   ; 3.17 V              ; -0.0592 V           ; 0.248 V                              ; 0.172 V                              ; 4.61e-10 s                  ; 6e-10 s                     ; No                         ; No                         ; 3.08 V                      ; 5.35e-06 V                  ; 3.17 V             ; -0.0592 V          ; 0.248 V                             ; 0.172 V                             ; 4.61e-10 s                 ; 6e-10 s                    ; No                        ; No                        ;
; GPIO[33]     ; 3.3-V LVTTL  ; 0 s                 ; 0 s                 ; 3.08 V                       ; 5.35e-06 V                   ; 3.17 V              ; -0.0587 V           ; 0.248 V                              ; 0.173 V                              ; 4.61e-10 s                  ; 6e-10 s                     ; No                         ; No                         ; 3.08 V                      ; 5.35e-06 V                  ; 3.17 V             ; -0.0587 V          ; 0.248 V                             ; 0.173 V                             ; 4.61e-10 s                 ; 6e-10 s                    ; No                        ; No                        ;
; GPIO[34]     ; 3.3-V LVTTL  ; 0 s                 ; 0 s                 ; 3.08 V                       ; 5.35e-06 V                   ; 3.17 V              ; -0.0587 V           ; 0.248 V                              ; 0.173 V                              ; 4.61e-10 s                  ; 6e-10 s                     ; No                         ; No                         ; 3.08 V                      ; 5.35e-06 V                  ; 3.17 V             ; -0.0587 V          ; 0.248 V                             ; 0.173 V                             ; 4.61e-10 s                 ; 6e-10 s                    ; No                        ; No                        ;
; GPIO[35]     ; 3.3-V LVTTL  ; 0 s                 ; 0 s                 ; 3.08 V                       ; 5.35e-06 V                   ; 3.17 V              ; -0.0592 V           ; 0.248 V                              ; 0.172 V                              ; 4.61e-10 s                  ; 6e-10 s                     ; No                         ; No                         ; 3.08 V                      ; 5.35e-06 V                  ; 3.17 V             ; -0.0592 V          ; 0.248 V                             ; 0.172 V                             ; 4.61e-10 s                 ; 6e-10 s                    ; No                        ; No                        ;
; GPIO[0]      ; 3.3-V LVTTL  ; 0 s                 ; 0 s                 ; 3.08 V                       ; 5.35e-06 V                   ; 3.17 V              ; -0.0547 V           ; 0.314 V                              ; 0.224 V                              ; 4.84e-10 s                  ; 6.28e-10 s                  ; No                         ; Yes                        ; 3.08 V                      ; 5.35e-06 V                  ; 3.17 V             ; -0.0547 V          ; 0.314 V                             ; 0.224 V                             ; 4.84e-10 s                 ; 6.28e-10 s                 ; No                        ; Yes                       ;
; GPIO[1]      ; 3.3-V LVTTL  ; 0 s                 ; 0 s                 ; 3.08 V                       ; 5.35e-06 V                   ; 3.17 V              ; -0.0547 V           ; 0.314 V                              ; 0.224 V                              ; 4.84e-10 s                  ; 6.28e-10 s                  ; No                         ; Yes                        ; 3.08 V                      ; 5.35e-06 V                  ; 3.17 V             ; -0.0547 V          ; 0.314 V                             ; 0.224 V                             ; 4.84e-10 s                 ; 6.28e-10 s                 ; No                        ; Yes                       ;
; ~ALTERA_TDO~ ; 2.5 V        ; 0 s                 ; 0 s                 ; 2.32 V                       ; 3.04e-06 V                   ; 2.37 V              ; -0.0108 V           ; 0.13 V                               ; 0.066 V                              ; 6.33e-10 s                  ; 6.45e-10 s                  ; No                         ; Yes                        ; 2.32 V                      ; 3.04e-06 V                  ; 2.37 V             ; -0.0108 V          ; 0.13 V                              ; 0.066 V                             ; 6.33e-10 s                 ; 6.45e-10 s                 ; No                        ; Yes                       ;
+--------------+--------------+---------------------+---------------------+------------------------------+------------------------------+---------------------+---------------------+--------------------------------------+--------------------------------------+-----------------------------+-----------------------------+----------------------------+----------------------------+-----------------------------+-----------------------------+--------------------+--------------------+-------------------------------------+-------------------------------------+----------------------------+----------------------------+---------------------------+---------------------------+


+-------------------------------------------------------------------------------------------------------------------------------------------------------------------------------------------------------------------------------------------------------------------------------------------------------------------------------------------------------------------------------------------------------------------------------------------------------------------------------------------------------------------------------------------------------------------------------------------------------------------------------------------------------------------------------------------+
; Signal Integrity Metrics (Fast 1200mv 0c Model)                                                                                                                                                                                                                                                                                                                                                                                                                                                                                                                                                                                                                                           ;
+--------------+--------------+---------------------+---------------------+------------------------------+------------------------------+---------------------+---------------------+--------------------------------------+--------------------------------------+-----------------------------+-----------------------------+----------------------------+----------------------------+-----------------------------+-----------------------------+--------------------+--------------------+-------------------------------------+-------------------------------------+----------------------------+----------------------------+---------------------------+---------------------------+
; Pin          ; I/O Standard ; Board Delay on Rise ; Board Delay on Fall ; Steady State Voh at FPGA Pin ; Steady State Vol at FPGA Pin ; Voh Max at FPGA Pin ; Vol Min at FPGA Pin ; Ringback Voltage on Rise at FPGA Pin ; Ringback Voltage on Fall at FPGA Pin ; 10-90 Rise Time at FPGA Pin ; 90-10 Fall Time at FPGA Pin ; Monotonic Rise at FPGA Pin ; Monotonic Fall at FPGA Pin ; Steady State Voh at Far-end ; Steady State Vol at Far-end ; Voh Max at Far-end ; Vol Min at Far-end ; Ringback Voltage on Rise at Far-end ; Ringback Voltage on Fall at Far-end ; 10-90 Rise Time at Far-end ; 90-10 Fall Time at Far-end ; Monotonic Rise at Far-end ; Monotonic Fall at Far-end ;
+--------------+--------------+---------------------+---------------------+------------------------------+------------------------------+---------------------+---------------------+--------------------------------------+--------------------------------------+-----------------------------+-----------------------------+----------------------------+----------------------------+-----------------------------+-----------------------------+--------------------+--------------------+-------------------------------------+-------------------------------------+----------------------------+----------------------------+---------------------------+---------------------------+
; HEX0[0]      ; 3.3-V LVTTL  ; 0 s                 ; 0 s                 ; 3.46 V                       ; 5.04e-07 V                   ; 3.64 V              ; -0.0201 V           ; 0.391 V                              ; 0.088 V                              ; 2.79e-10 s                  ; 3.95e-10 s                  ; No                         ; Yes                        ; 3.46 V                      ; 5.04e-07 V                  ; 3.64 V             ; -0.0201 V          ; 0.391 V                             ; 0.088 V                             ; 2.79e-10 s                 ; 3.95e-10 s                 ; No                        ; Yes                       ;
; HEX0[1]      ; 3.3-V LVTTL  ; 0 s                 ; 0 s                 ; 3.46 V                       ; 5.04e-07 V                   ; 3.65 V              ; -0.0209 V           ; 0.391 V                              ; 0.09 V                               ; 2.79e-10 s                  ; 3.95e-10 s                  ; No                         ; Yes                        ; 3.46 V                      ; 5.04e-07 V                  ; 3.65 V             ; -0.0209 V          ; 0.391 V                             ; 0.09 V                              ; 2.79e-10 s                 ; 3.95e-10 s                 ; No                        ; Yes                       ;
; HEX0[2]      ; 3.3-V LVTTL  ; 0 s                 ; 0 s                 ; 3.46 V                       ; 5.04e-07 V                   ; 3.65 V              ; -0.0209 V           ; 0.391 V                              ; 0.09 V                               ; 2.79e-10 s                  ; 3.95e-10 s                  ; No                         ; Yes                        ; 3.46 V                      ; 5.04e-07 V                  ; 3.65 V             ; -0.0209 V          ; 0.391 V                             ; 0.09 V                              ; 2.79e-10 s                 ; 3.95e-10 s                 ; No                        ; Yes                       ;
; HEX0[3]      ; 3.3-V LVTTL  ; 0 s                 ; 0 s                 ; 3.46 V                       ; 5.04e-07 V                   ; 3.64 V              ; -0.0201 V           ; 0.391 V                              ; 0.088 V                              ; 2.79e-10 s                  ; 3.95e-10 s                  ; No                         ; Yes                        ; 3.46 V                      ; 5.04e-07 V                  ; 3.64 V             ; -0.0201 V          ; 0.391 V                             ; 0.088 V                             ; 2.79e-10 s                 ; 3.95e-10 s                 ; No                        ; Yes                       ;
; HEX0[4]      ; 3.3-V LVTTL  ; 0 s                 ; 0 s                 ; 3.46 V                       ; 5.04e-07 V                   ; 3.64 V              ; -0.0201 V           ; 0.391 V                              ; 0.088 V                              ; 2.79e-10 s                  ; 3.95e-10 s                  ; No                         ; Yes                        ; 3.46 V                      ; 5.04e-07 V                  ; 3.64 V             ; -0.0201 V          ; 0.391 V                             ; 0.088 V                             ; 2.79e-10 s                 ; 3.95e-10 s                 ; No                        ; Yes                       ;
; HEX0[5]      ; 3.3-V LVTTL  ; 0 s                 ; 0 s                 ; 3.46 V                       ; 5.04e-07 V                   ; 3.64 V              ; -0.0201 V           ; 0.391 V                              ; 0.088 V                              ; 2.79e-10 s                  ; 3.95e-10 s                  ; No                         ; Yes                        ; 3.46 V                      ; 5.04e-07 V                  ; 3.64 V             ; -0.0201 V          ; 0.391 V                             ; 0.088 V                             ; 2.79e-10 s                 ; 3.95e-10 s                 ; No                        ; Yes                       ;
; HEX0[6]      ; 3.3-V LVTTL  ; 0 s                 ; 0 s                 ; 3.46 V                       ; 5.04e-07 V                   ; 3.65 V              ; -0.0209 V           ; 0.391 V                              ; 0.09 V                               ; 2.79e-10 s                  ; 3.95e-10 s                  ; No                         ; Yes                        ; 3.46 V                      ; 5.04e-07 V                  ; 3.65 V             ; -0.0209 V          ; 0.391 V                             ; 0.09 V                              ; 2.79e-10 s                 ; 3.95e-10 s                 ; No                        ; Yes                       ;
; HEX0[7]      ; 3.3-V LVTTL  ; 0 s                 ; 0 s                 ; 3.46 V                       ; 5.04e-07 V                   ; 3.64 V              ; -0.0201 V           ; 0.391 V                              ; 0.088 V                              ; 2.79e-10 s                  ; 3.95e-10 s                  ; No                         ; Yes                        ; 3.46 V                      ; 5.04e-07 V                  ; 3.64 V             ; -0.0201 V          ; 0.391 V                             ; 0.088 V                             ; 2.79e-10 s                 ; 3.95e-10 s                 ; No                        ; Yes                       ;
; LEDR[0]      ; 3.3-V LVTTL  ; 0 s                 ; 0 s                 ; 3.46 V                       ; 5.04e-07 V                   ; 3.65 V              ; -0.0209 V           ; 0.391 V                              ; 0.09 V                               ; 2.79e-10 s                  ; 3.95e-10 s                  ; No                         ; Yes                        ; 3.46 V                      ; 5.04e-07 V                  ; 3.65 V             ; -0.0209 V          ; 0.391 V                             ; 0.09 V                              ; 2.79e-10 s                 ; 3.95e-10 s                 ; No                        ; Yes                       ;
; LEDR[1]      ; 3.3-V LVTTL  ; 0 s                 ; 0 s                 ; 3.46 V                       ; 5.04e-07 V                   ; 3.64 V              ; -0.0201 V           ; 0.391 V                              ; 0.088 V                              ; 2.79e-10 s                  ; 3.95e-10 s                  ; No                         ; Yes                        ; 3.46 V                      ; 5.04e-07 V                  ; 3.64 V             ; -0.0201 V          ; 0.391 V                             ; 0.088 V                             ; 2.79e-10 s                 ; 3.95e-10 s                 ; No                        ; Yes                       ;
; LEDR[2]      ; 3.3-V LVTTL  ; 0 s                 ; 0 s                 ; 3.46 V                       ; 5.04e-07 V                   ; 3.65 V              ; -0.0209 V           ; 0.391 V                              ; 0.09 V                               ; 2.79e-10 s                  ; 3.95e-10 s                  ; No                         ; Yes                        ; 3.46 V                      ; 5.04e-07 V                  ; 3.65 V             ; -0.0209 V          ; 0.391 V                             ; 0.09 V                              ; 2.79e-10 s                 ; 3.95e-10 s                 ; No                        ; Yes                       ;
; LEDR[3]      ; 3.3-V LVTTL  ; 0 s                 ; 0 s                 ; 3.46 V                       ; 5.04e-07 V                   ; 3.64 V              ; -0.0201 V           ; 0.391 V                              ; 0.088 V                              ; 2.79e-10 s                  ; 3.95e-10 s                  ; No                         ; Yes                        ; 3.46 V                      ; 5.04e-07 V                  ; 3.64 V             ; -0.0201 V          ; 0.391 V                             ; 0.088 V                             ; 2.79e-10 s                 ; 3.95e-10 s                 ; No                        ; Yes                       ;
; LEDR[4]      ; 3.3-V LVTTL  ; 0 s                 ; 0 s                 ; 3.46 V                       ; 5.04e-07 V                   ; 3.65 V              ; -0.0209 V           ; 0.391 V                              ; 0.09 V                               ; 2.79e-10 s                  ; 3.95e-10 s                  ; No                         ; Yes                        ; 3.46 V                      ; 5.04e-07 V                  ; 3.65 V             ; -0.0209 V          ; 0.391 V                             ; 0.09 V                              ; 2.79e-10 s                 ; 3.95e-10 s                 ; No                        ; Yes                       ;
; LEDR[5]      ; 3.3-V LVTTL  ; 0 s                 ; 0 s                 ; 3.46 V                       ; 5.04e-07 V                   ; 3.65 V              ; -0.0209 V           ; 0.391 V                              ; 0.09 V                               ; 2.79e-10 s                  ; 3.95e-10 s                  ; No                         ; Yes                        ; 3.46 V                      ; 5.04e-07 V                  ; 3.65 V             ; -0.0209 V          ; 0.391 V                             ; 0.09 V                              ; 2.79e-10 s                 ; 3.95e-10 s                 ; No                        ; Yes                       ;
; LEDR[6]      ; 3.3-V LVTTL  ; 0 s                 ; 0 s                 ; 3.46 V                       ; 5.04e-07 V                   ; 3.65 V              ; -0.0209 V           ; 0.391 V                              ; 0.09 V                               ; 2.79e-10 s                  ; 3.95e-10 s                  ; No                         ; Yes                        ; 3.46 V                      ; 5.04e-07 V                  ; 3.65 V             ; -0.0209 V          ; 0.391 V                             ; 0.09 V                              ; 2.79e-10 s                 ; 3.95e-10 s                 ; No                        ; Yes                       ;
; LEDR[7]      ; 3.3-V LVTTL  ; 0 s                 ; 0 s                 ; 3.46 V                       ; 5.04e-07 V                   ; 3.64 V              ; -0.0201 V           ; 0.391 V                              ; 0.088 V                              ; 2.79e-10 s                  ; 3.95e-10 s                  ; No                         ; Yes                        ; 3.46 V                      ; 5.04e-07 V                  ; 3.64 V             ; -0.0201 V          ; 0.391 V                             ; 0.088 V                             ; 2.79e-10 s                 ; 3.95e-10 s                 ; No                        ; Yes                       ;
; LEDR[8]      ; 3.3-V LVTTL  ; 0 s                 ; 0 s                 ; 3.46 V                       ; 5.04e-07 V                   ; 3.64 V              ; -0.0201 V           ; 0.391 V                              ; 0.088 V                              ; 2.79e-10 s                  ; 3.95e-10 s                  ; No                         ; Yes                        ; 3.46 V                      ; 5.04e-07 V                  ; 3.64 V             ; -0.0201 V          ; 0.391 V                             ; 0.088 V                             ; 2.79e-10 s                 ; 3.95e-10 s                 ; No                        ; Yes                       ;
; LEDR[9]      ; 3.3-V LVTTL  ; 0 s                 ; 0 s                 ; 3.46 V                       ; 5.04e-07 V                   ; 3.65 V              ; -0.0209 V           ; 0.391 V                              ; 0.09 V                               ; 2.79e-10 s                  ; 3.95e-10 s                  ; No                         ; Yes                        ; 3.46 V                      ; 5.04e-07 V                  ; 3.65 V             ; -0.0209 V          ; 0.391 V                             ; 0.09 V                              ; 2.79e-10 s                 ; 3.95e-10 s                 ; No                        ; Yes                       ;
; GPIO[2]      ; 3.3-V LVTTL  ; 0 s                 ; 0 s                 ; 3.46 V                       ; 5.04e-07 V                   ; 3.63 V              ; -0.0257 V           ; 0.468 V                              ; 0.138 V                              ; 3.02e-10 s                  ; 4.44e-10 s                  ; No                         ; Yes                        ; 3.46 V                      ; 5.04e-07 V                  ; 3.63 V             ; -0.0257 V          ; 0.468 V                             ; 0.138 V                             ; 3.02e-10 s                 ; 4.44e-10 s                 ; No                        ; Yes                       ;
; GPIO[3]      ; 3.3-V LVTTL  ; 0 s                 ; 0 s                 ; 3.46 V                       ; 5.04e-07 V                   ; 3.63 V              ; -0.0257 V           ; 0.468 V                              ; 0.138 V                              ; 3.02e-10 s                  ; 4.44e-10 s                  ; No                         ; Yes                        ; 3.46 V                      ; 5.04e-07 V                  ; 3.63 V             ; -0.0257 V          ; 0.468 V                             ; 0.138 V                             ; 3.02e-10 s                 ; 4.44e-10 s                 ; No                        ; Yes                       ;
; GPIO[4]      ; 3.3-V LVTTL  ; 0 s                 ; 0 s                 ; 3.46 V                       ; 5.04e-07 V                   ; 3.63 V              ; -0.0264 V           ; 0.468 V                              ; 0.142 V                              ; 3.02e-10 s                  ; 4.42e-10 s                  ; No                         ; Yes                        ; 3.46 V                      ; 5.04e-07 V                  ; 3.63 V             ; -0.0264 V          ; 0.468 V                             ; 0.142 V                             ; 3.02e-10 s                 ; 4.42e-10 s                 ; No                        ; Yes                       ;
; GPIO[5]      ; 3.3-V LVTTL  ; 0 s                 ; 0 s                 ; 3.46 V                       ; 5.04e-07 V                   ; 3.63 V              ; -0.0264 V           ; 0.468 V                              ; 0.142 V                              ; 3.02e-10 s                  ; 4.42e-10 s                  ; No                         ; Yes                        ; 3.46 V                      ; 5.04e-07 V                  ; 3.63 V             ; -0.0264 V          ; 0.468 V                             ; 0.142 V                             ; 3.02e-10 s                 ; 4.42e-10 s                 ; No                        ; Yes                       ;
; GPIO[6]      ; 3.3-V LVTTL  ; 0 s                 ; 0 s                 ; 3.46 V                       ; 5.04e-07 V                   ; 3.63 V              ; -0.0257 V           ; 0.468 V                              ; 0.138 V                              ; 3.02e-10 s                  ; 4.44e-10 s                  ; No                         ; Yes                        ; 3.46 V                      ; 5.04e-07 V                  ; 3.63 V             ; -0.0257 V          ; 0.468 V                             ; 0.138 V                             ; 3.02e-10 s                 ; 4.44e-10 s                 ; No                        ; Yes                       ;
; GPIO[7]      ; 3.3-V LVTTL  ; 0 s                 ; 0 s                 ; 3.46 V                       ; 5.04e-07 V                   ; 3.63 V              ; -0.0257 V           ; 0.468 V                              ; 0.138 V                              ; 3.02e-10 s                  ; 4.44e-10 s                  ; No                         ; Yes                        ; 3.46 V                      ; 5.04e-07 V                  ; 3.63 V             ; -0.0257 V          ; 0.468 V                             ; 0.138 V                             ; 3.02e-10 s                 ; 4.44e-10 s                 ; No                        ; Yes                       ;
; GPIO[8]      ; 3.3-V LVTTL  ; 0 s                 ; 0 s                 ; 3.46 V                       ; 5.04e-07 V                   ; 3.63 V              ; -0.0264 V           ; 0.468 V                              ; 0.142 V                              ; 3.02e-10 s                  ; 4.42e-10 s                  ; No                         ; Yes                        ; 3.46 V                      ; 5.04e-07 V                  ; 3.63 V             ; -0.0264 V          ; 0.468 V                             ; 0.142 V                             ; 3.02e-10 s                 ; 4.42e-10 s                 ; No                        ; Yes                       ;
; GPIO[9]      ; 3.3-V LVTTL  ; 0 s                 ; 0 s                 ; 3.46 V                       ; 5.04e-07 V                   ; 3.64 V              ; -0.0201 V           ; 0.391 V                              ; 0.088 V                              ; 2.79e-10 s                  ; 3.95e-10 s                  ; No                         ; Yes                        ; 3.46 V                      ; 5.04e-07 V                  ; 3.64 V             ; -0.0201 V          ; 0.391 V                             ; 0.088 V                             ; 2.79e-10 s                 ; 3.95e-10 s                 ; No                        ; Yes                       ;
; GPIO[10]     ; 3.3-V LVTTL  ; 0 s                 ; 0 s                 ; 3.46 V                       ; 5.04e-07 V                   ; 3.63 V              ; -0.0257 V           ; 0.468 V                              ; 0.138 V                              ; 3.02e-10 s                  ; 4.44e-10 s                  ; No                         ; Yes                        ; 3.46 V                      ; 5.04e-07 V                  ; 3.63 V             ; -0.0257 V          ; 0.468 V                             ; 0.138 V                             ; 3.02e-10 s                 ; 4.44e-10 s                 ; No                        ; Yes                       ;
; GPIO[11]     ; 3.3-V LVTTL  ; 0 s                 ; 0 s                 ; 3.46 V                       ; 5.04e-07 V                   ; 3.65 V              ; -0.0209 V           ; 0.391 V                              ; 0.09 V                               ; 2.79e-10 s                  ; 3.95e-10 s                  ; No                         ; Yes                        ; 3.46 V                      ; 5.04e-07 V                  ; 3.65 V             ; -0.0209 V          ; 0.391 V                             ; 0.09 V                              ; 2.79e-10 s                 ; 3.95e-10 s                 ; No                        ; Yes                       ;
; GPIO[12]     ; 3.3-V LVTTL  ; 0 s                 ; 0 s                 ; 3.46 V                       ; 5.04e-07 V                   ; 3.65 V              ; -0.0209 V           ; 0.391 V                              ; 0.09 V                               ; 2.79e-10 s                  ; 3.95e-10 s                  ; No                         ; Yes                        ; 3.46 V                      ; 5.04e-07 V                  ; 3.65 V             ; -0.0209 V          ; 0.391 V                             ; 0.09 V                              ; 2.79e-10 s                 ; 3.95e-10 s                 ; No                        ; Yes                       ;
; GPIO[13]     ; 3.3-V LVTTL  ; 0 s                 ; 0 s                 ; 3.46 V                       ; 5.04e-07 V                   ; 3.64 V              ; -0.0201 V           ; 0.391 V                              ; 0.088 V                              ; 2.79e-10 s                  ; 3.95e-10 s                  ; No                         ; Yes                        ; 3.46 V                      ; 5.04e-07 V                  ; 3.64 V             ; -0.0201 V          ; 0.391 V                             ; 0.088 V                             ; 2.79e-10 s                 ; 3.95e-10 s                 ; No                        ; Yes                       ;
; GPIO[14]     ; 3.3-V LVTTL  ; 0 s                 ; 0 s                 ; 3.46 V                       ; 5.04e-07 V                   ; 3.65 V              ; -0.0209 V           ; 0.391 V                              ; 0.09 V                               ; 2.79e-10 s                  ; 3.95e-10 s                  ; No                         ; Yes                        ; 3.46 V                      ; 5.04e-07 V                  ; 3.65 V             ; -0.0209 V          ; 0.391 V                             ; 0.09 V                              ; 2.79e-10 s                 ; 3.95e-10 s                 ; No                        ; Yes                       ;
; GPIO[15]     ; 3.3-V LVTTL  ; 0 s                 ; 0 s                 ; 3.46 V                       ; 5.04e-07 V                   ; 3.64 V              ; -0.0201 V           ; 0.391 V                              ; 0.088 V                              ; 2.79e-10 s                  ; 3.95e-10 s                  ; No                         ; Yes                        ; 3.46 V                      ; 5.04e-07 V                  ; 3.64 V             ; -0.0201 V          ; 0.391 V                             ; 0.088 V                             ; 2.79e-10 s                 ; 3.95e-10 s                 ; No                        ; Yes                       ;
; GPIO[16]     ; 3.3-V LVTTL  ; 0 s                 ; 0 s                 ; 3.46 V                       ; 5.04e-07 V                   ; 3.65 V              ; -0.0209 V           ; 0.391 V                              ; 0.09 V                               ; 2.79e-10 s                  ; 3.95e-10 s                  ; No                         ; Yes                        ; 3.46 V                      ; 5.04e-07 V                  ; 3.65 V             ; -0.0209 V          ; 0.391 V                             ; 0.09 V                              ; 2.79e-10 s                 ; 3.95e-10 s                 ; No                        ; Yes                       ;
; GPIO[17]     ; 3.3-V LVTTL  ; 0 s                 ; 0 s                 ; 3.46 V                       ; 5.04e-07 V                   ; 3.64 V              ; -0.0201 V           ; 0.391 V                              ; 0.088 V                              ; 2.79e-10 s                  ; 3.95e-10 s                  ; No                         ; Yes                        ; 3.46 V                      ; 5.04e-07 V                  ; 3.64 V             ; -0.0201 V          ; 0.391 V                             ; 0.088 V                             ; 2.79e-10 s                 ; 3.95e-10 s                 ; No                        ; Yes                       ;
; GPIO[18]     ; 3.3-V LVTTL  ; 0 s                 ; 0 s                 ; 3.46 V                       ; 5.04e-07 V                   ; 3.64 V              ; -0.0201 V           ; 0.391 V                              ; 0.088 V                              ; 2.79e-10 s                  ; 3.95e-10 s                  ; No                         ; Yes                        ; 3.46 V                      ; 5.04e-07 V                  ; 3.64 V             ; -0.0201 V          ; 0.391 V                             ; 0.088 V                             ; 2.79e-10 s                 ; 3.95e-10 s                 ; No                        ; Yes                       ;
; GPIO[19]     ; 3.3-V LVTTL  ; 0 s                 ; 0 s                 ; 3.46 V                       ; 5.04e-07 V                   ; 3.65 V              ; -0.0209 V           ; 0.391 V                              ; 0.09 V                               ; 2.79e-10 s                  ; 3.95e-10 s                  ; No                         ; Yes                        ; 3.46 V                      ; 5.04e-07 V                  ; 3.65 V             ; -0.0209 V          ; 0.391 V                             ; 0.09 V                              ; 2.79e-10 s                 ; 3.95e-10 s                 ; No                        ; Yes                       ;
; GPIO[20]     ; 3.3-V LVTTL  ; 0 s                 ; 0 s                 ; 3.46 V                       ; 5.04e-07 V                   ; 3.65 V              ; -0.0209 V           ; 0.391 V                              ; 0.09 V                               ; 2.79e-10 s                  ; 3.95e-10 s                  ; No                         ; Yes                        ; 3.46 V                      ; 5.04e-07 V                  ; 3.65 V             ; -0.0209 V          ; 0.391 V                             ; 0.09 V                              ; 2.79e-10 s                 ; 3.95e-10 s                 ; No                        ; Yes                       ;
; GPIO[21]     ; 3.3-V LVTTL  ; 0 s                 ; 0 s                 ; 3.46 V                       ; 5.04e-07 V                   ; 3.63 V              ; -0.0264 V           ; 0.468 V                              ; 0.142 V                              ; 3.02e-10 s                  ; 4.42e-10 s                  ; No                         ; Yes                        ; 3.46 V                      ; 5.04e-07 V                  ; 3.63 V             ; -0.0264 V          ; 0.468 V                             ; 0.142 V                             ; 3.02e-10 s                 ; 4.42e-10 s                 ; No                        ; Yes                       ;
; GPIO[22]     ; 3.3-V LVTTL  ; 0 s                 ; 0 s                 ; 3.46 V                       ; 5.04e-07 V                   ; 3.65 V              ; -0.0209 V           ; 0.391 V                              ; 0.09 V                               ; 2.79e-10 s                  ; 3.95e-10 s                  ; No                         ; Yes                        ; 3.46 V                      ; 5.04e-07 V                  ; 3.65 V             ; -0.0209 V          ; 0.391 V                             ; 0.09 V                              ; 2.79e-10 s                 ; 3.95e-10 s                 ; No                        ; Yes                       ;
; GPIO[23]     ; 3.3-V LVTTL  ; 0 s                 ; 0 s                 ; 3.46 V                       ; 5.04e-07 V                   ; 3.64 V              ; -0.0201 V           ; 0.391 V                              ; 0.088 V                              ; 2.79e-10 s                  ; 3.95e-10 s                  ; No                         ; Yes                        ; 3.46 V                      ; 5.04e-07 V                  ; 3.64 V             ; -0.0201 V          ; 0.391 V                             ; 0.088 V                             ; 2.79e-10 s                 ; 3.95e-10 s                 ; No                        ; Yes                       ;
; GPIO[24]     ; 3.3-V LVTTL  ; 0 s                 ; 0 s                 ; 3.46 V                       ; 5.04e-07 V                   ; 3.65 V              ; -0.0209 V           ; 0.391 V                              ; 0.09 V                               ; 2.79e-10 s                  ; 3.95e-10 s                  ; No                         ; Yes                        ; 3.46 V                      ; 5.04e-07 V                  ; 3.65 V             ; -0.0209 V          ; 0.391 V                             ; 0.09 V                              ; 2.79e-10 s                 ; 3.95e-10 s                 ; No                        ; Yes                       ;
; GPIO[25]     ; 3.3-V LVTTL  ; 0 s                 ; 0 s                 ; 3.46 V                       ; 5.04e-07 V                   ; 3.65 V              ; -0.0209 V           ; 0.391 V                              ; 0.09 V                               ; 2.79e-10 s                  ; 3.95e-10 s                  ; No                         ; Yes                        ; 3.46 V                      ; 5.04e-07 V                  ; 3.65 V             ; -0.0209 V          ; 0.391 V                             ; 0.09 V                              ; 2.79e-10 s                 ; 3.95e-10 s                 ; No                        ; Yes                       ;
; GPIO[26]     ; 3.3-V LVTTL  ; 0 s                 ; 0 s                 ; 3.46 V                       ; 5.04e-07 V                   ; 3.63 V              ; -0.0264 V           ; 0.468 V                              ; 0.142 V                              ; 3.02e-10 s                  ; 4.42e-10 s                  ; No                         ; Yes                        ; 3.46 V                      ; 5.04e-07 V                  ; 3.63 V             ; -0.0264 V          ; 0.468 V                             ; 0.142 V                             ; 3.02e-10 s                 ; 4.42e-10 s                 ; No                        ; Yes                       ;
; GPIO[27]     ; 3.3-V LVTTL  ; 0 s                 ; 0 s                 ; 3.46 V                       ; 5.04e-07 V                   ; 3.64 V              ; -0.0201 V           ; 0.391 V                              ; 0.088 V                              ; 2.79e-10 s                  ; 3.95e-10 s                  ; No                         ; Yes                        ; 3.46 V                      ; 5.04e-07 V                  ; 3.64 V             ; -0.0201 V          ; 0.391 V                             ; 0.088 V                             ; 2.79e-10 s                 ; 3.95e-10 s                 ; No                        ; Yes                       ;
; GPIO[28]     ; 3.3-V LVTTL  ; 0 s                 ; 0 s                 ; 3.46 V                       ; 5.04e-07 V                   ; 3.63 V              ; -0.0257 V           ; 0.468 V                              ; 0.138 V                              ; 3.02e-10 s                  ; 4.44e-10 s                  ; No                         ; Yes                        ; 3.46 V                      ; 5.04e-07 V                  ; 3.63 V             ; -0.0257 V          ; 0.468 V                             ; 0.138 V                             ; 3.02e-10 s                 ; 4.44e-10 s                 ; No                        ; Yes                       ;
; GPIO[29]     ; 3.3-V LVTTL  ; 0 s                 ; 0 s                 ; 3.46 V                       ; 5.04e-07 V                   ; 3.65 V              ; -0.0209 V           ; 0.391 V                              ; 0.09 V                               ; 2.79e-10 s                  ; 3.95e-10 s                  ; No                         ; Yes                        ; 3.46 V                      ; 5.04e-07 V                  ; 3.65 V             ; -0.0209 V          ; 0.391 V                             ; 0.09 V                              ; 2.79e-10 s                 ; 3.95e-10 s                 ; No                        ; Yes                       ;
; GPIO[30]     ; 3.3-V LVTTL  ; 0 s                 ; 0 s                 ; 3.46 V                       ; 5.04e-07 V                   ; 3.65 V              ; -0.0209 V           ; 0.391 V                              ; 0.09 V                               ; 2.79e-10 s                  ; 3.95e-10 s                  ; No                         ; Yes                        ; 3.46 V                      ; 5.04e-07 V                  ; 3.65 V             ; -0.0209 V          ; 0.391 V                             ; 0.09 V                              ; 2.79e-10 s                 ; 3.95e-10 s                 ; No                        ; Yes                       ;
; GPIO[31]     ; 3.3-V LVTTL  ; 0 s                 ; 0 s                 ; 3.46 V                       ; 5.04e-07 V                   ; 3.64 V              ; -0.0201 V           ; 0.391 V                              ; 0.088 V                              ; 2.79e-10 s                  ; 3.95e-10 s                  ; No                         ; Yes                        ; 3.46 V                      ; 5.04e-07 V                  ; 3.64 V             ; -0.0201 V          ; 0.391 V                             ; 0.088 V                             ; 2.79e-10 s                 ; 3.95e-10 s                 ; No                        ; Yes                       ;
; GPIO[32]     ; 3.3-V LVTTL  ; 0 s                 ; 0 s                 ; 3.46 V                       ; 5.04e-07 V                   ; 3.64 V              ; -0.0201 V           ; 0.391 V                              ; 0.088 V                              ; 2.79e-10 s                  ; 3.95e-10 s                  ; No                         ; Yes                        ; 3.46 V                      ; 5.04e-07 V                  ; 3.64 V             ; -0.0201 V          ; 0.391 V                             ; 0.088 V                             ; 2.79e-10 s                 ; 3.95e-10 s                 ; No                        ; Yes                       ;
; GPIO[33]     ; 3.3-V LVTTL  ; 0 s                 ; 0 s                 ; 3.46 V                       ; 5.04e-07 V                   ; 3.65 V              ; -0.0209 V           ; 0.391 V                              ; 0.09 V                               ; 2.79e-10 s                  ; 3.95e-10 s                  ; No                         ; Yes                        ; 3.46 V                      ; 5.04e-07 V                  ; 3.65 V             ; -0.0209 V          ; 0.391 V                             ; 0.09 V                              ; 2.79e-10 s                 ; 3.95e-10 s                 ; No                        ; Yes                       ;
; GPIO[34]     ; 3.3-V LVTTL  ; 0 s                 ; 0 s                 ; 3.46 V                       ; 5.04e-07 V                   ; 3.65 V              ; -0.0209 V           ; 0.391 V                              ; 0.09 V                               ; 2.79e-10 s                  ; 3.95e-10 s                  ; No                         ; Yes                        ; 3.46 V                      ; 5.04e-07 V                  ; 3.65 V             ; -0.0209 V          ; 0.391 V                             ; 0.09 V                              ; 2.79e-10 s                 ; 3.95e-10 s                 ; No                        ; Yes                       ;
; GPIO[35]     ; 3.3-V LVTTL  ; 0 s                 ; 0 s                 ; 3.46 V                       ; 5.04e-07 V                   ; 3.64 V              ; -0.0201 V           ; 0.391 V                              ; 0.088 V                              ; 2.79e-10 s                  ; 3.95e-10 s                  ; No                         ; Yes                        ; 3.46 V                      ; 5.04e-07 V                  ; 3.64 V             ; -0.0201 V          ; 0.391 V                             ; 0.088 V                             ; 2.79e-10 s                 ; 3.95e-10 s                 ; No                        ; Yes                       ;
; GPIO[0]      ; 3.3-V LVTTL  ; 0 s                 ; 0 s                 ; 3.46 V                       ; 5.04e-07 V                   ; 3.63 V              ; -0.0264 V           ; 0.468 V                              ; 0.142 V                              ; 3.02e-10 s                  ; 4.42e-10 s                  ; No                         ; Yes                        ; 3.46 V                      ; 5.04e-07 V                  ; 3.63 V             ; -0.0264 V          ; 0.468 V                             ; 0.142 V                             ; 3.02e-10 s                 ; 4.42e-10 s                 ; No                        ; Yes                       ;
; GPIO[1]      ; 3.3-V LVTTL  ; 0 s                 ; 0 s                 ; 3.46 V                       ; 5.04e-07 V                   ; 3.63 V              ; -0.0264 V           ; 0.468 V                              ; 0.142 V                              ; 3.02e-10 s                  ; 4.42e-10 s                  ; No                         ; Yes                        ; 3.46 V                      ; 5.04e-07 V                  ; 3.63 V             ; -0.0264 V          ; 0.468 V                             ; 0.142 V                             ; 3.02e-10 s                 ; 4.42e-10 s                 ; No                        ; Yes                       ;
; ~ALTERA_TDO~ ; 2.5 V        ; 0 s                 ; 0 s                 ; 2.62 V                       ; 1.68e-07 V                   ; 2.73 V              ; -0.0395 V           ; 0.361 V                              ; 0.109 V                              ; 3.11e-10 s                  ; 4.41e-10 s                  ; No                         ; Yes                        ; 2.62 V                      ; 1.68e-07 V                  ; 2.73 V             ; -0.0395 V          ; 0.361 V                             ; 0.109 V                             ; 3.11e-10 s                 ; 4.41e-10 s                 ; No                        ; Yes                       ;
+--------------+--------------+---------------------+---------------------+------------------------------+------------------------------+---------------------+---------------------+--------------------------------------+--------------------------------------+-----------------------------+-----------------------------+----------------------------+----------------------------+-----------------------------+-----------------------------+--------------------+--------------------+-------------------------------------+-------------------------------------+----------------------------+----------------------------+---------------------------+---------------------------+


+---------------------------------------------------------------------------+
; Setup Transfers                                                           ;
+---------------+---------------+----------+----------+----------+----------+
; From Clock    ; To Clock      ; RR Paths ; FR Paths ; RF Paths ; FF Paths ;
+---------------+---------------+----------+----------+----------+----------+
; MAX10_CLK1_50 ; MAX10_CLK1_50 ; 298478   ; 0        ; 0        ; 0        ;
+---------------+---------------+----------+----------+----------+----------+
Entries labeled "false path" only account for clock-to-clock false paths and not path-based false paths. As a result, actual path counts may be lower than reported.


+---------------------------------------------------------------------------+
; Hold Transfers                                                            ;
+---------------+---------------+----------+----------+----------+----------+
; From Clock    ; To Clock      ; RR Paths ; FR Paths ; RF Paths ; FF Paths ;
+---------------+---------------+----------+----------+----------+----------+
; MAX10_CLK1_50 ; MAX10_CLK1_50 ; 298478   ; 0        ; 0        ; 0        ;
+---------------+---------------+----------+----------+----------+----------+
Entries labeled "false path" only account for clock-to-clock false paths and not path-based false paths. As a result, actual path counts may be lower than reported.


+---------------------------------------------------------------------------+
; Recovery Transfers                                                        ;
+---------------+---------------+----------+----------+----------+----------+
; From Clock    ; To Clock      ; RR Paths ; FR Paths ; RF Paths ; FF Paths ;
+---------------+---------------+----------+----------+----------+----------+
; MAX10_CLK1_50 ; MAX10_CLK1_50 ; 17       ; 0        ; 0        ; 0        ;
+---------------+---------------+----------+----------+----------+----------+
Entries labeled "false path" only account for clock-to-clock false paths and not path-based false paths. As a result, actual path counts may be lower than reported.


+---------------------------------------------------------------------------+
; Removal Transfers                                                         ;
+---------------+---------------+----------+----------+----------+----------+
; From Clock    ; To Clock      ; RR Paths ; FR Paths ; RF Paths ; FF Paths ;
+---------------+---------------+----------+----------+----------+----------+
; MAX10_CLK1_50 ; MAX10_CLK1_50 ; 17       ; 0        ; 0        ; 0        ;
+---------------+---------------+----------+----------+----------+----------+
Entries labeled "false path" only account for clock-to-clock false paths and not path-based false paths. As a result, actual path counts may be lower than reported.


---------------
; Report TCCS ;
---------------
No dedicated SERDES Transmitter circuitry present in device or used in design


---------------
; Report RSKM ;
---------------
No non-DPA dedicated SERDES Receiver circuitry present in device or used in design


+-------------------------------------------------+
; Unconstrained Paths Summary                     ;
+---------------------------------+-------+-------+
; Property                        ; Setup ; Hold  ;
+---------------------------------+-------+-------+
; Illegal Clocks                  ; 0     ; 0     ;
; Unconstrained Clocks            ; 0     ; 0     ;
; Unconstrained Input Ports       ; 2     ; 2     ;
; Unconstrained Input Port Paths  ; 10671 ; 10671 ;
; Unconstrained Output Ports      ; 9     ; 9     ;
; Unconstrained Output Port Paths ; 30    ; 30    ;
+---------------------------------+-------+-------+


+----------------------------------------------------+
; Clock Status Summary                               ;
+---------------+---------------+------+-------------+
; Target        ; Clock         ; Type ; Status      ;
+---------------+---------------+------+-------------+
; MAX10_CLK1_50 ; MAX10_CLK1_50 ; Base ; Constrained ;
+---------------+---------------+------+-------------+


+---------------------------------------------------------------------------------------------------+
; Unconstrained Input Ports                                                                         ;
+------------+--------------------------------------------------------------------------------------+
; Input Port ; Comment                                                                              ;
+------------+--------------------------------------------------------------------------------------+
; GPIO[0]    ; No input delay, min/max delays, false-path exceptions, or max skew assignments found ;
; SW[0]      ; No input delay, min/max delays, false-path exceptions, or max skew assignments found ;
+------------+--------------------------------------------------------------------------------------+


+-----------------------------------------------------------------------------------------------------+
; Unconstrained Output Ports                                                                          ;
+-------------+---------------------------------------------------------------------------------------+
; Output Port ; Comment                                                                               ;
+-------------+---------------------------------------------------------------------------------------+
; GPIO[1]     ; No output delay, min/max delays, false-path exceptions, or max skew assignments found ;
; HEX0[0]     ; No output delay, min/max delays, false-path exceptions, or max skew assignments found ;
; HEX0[1]     ; No output delay, min/max delays, false-path exceptions, or max skew assignments found ;
; HEX0[2]     ; No output delay, min/max delays, false-path exceptions, or max skew assignments found ;
; HEX0[3]     ; No output delay, min/max delays, false-path exceptions, or max skew assignments found ;
; HEX0[4]     ; No output delay, min/max delays, false-path exceptions, or max skew assignments found ;
; HEX0[5]     ; No output delay, min/max delays, false-path exceptions, or max skew assignments found ;
; HEX0[6]     ; No output delay, min/max delays, false-path exceptions, or max skew assignments found ;
; LEDR[0]     ; No output delay, min/max delays, false-path exceptions, or max skew assignments found ;
+-------------+---------------------------------------------------------------------------------------+


+---------------------------------------------------------------------------------------------------+
; Unconstrained Input Ports                                                                         ;
+------------+--------------------------------------------------------------------------------------+
; Input Port ; Comment                                                                              ;
+------------+--------------------------------------------------------------------------------------+
; GPIO[0]    ; No input delay, min/max delays, false-path exceptions, or max skew assignments found ;
; SW[0]      ; No input delay, min/max delays, false-path exceptions, or max skew assignments found ;
+------------+--------------------------------------------------------------------------------------+


+-----------------------------------------------------------------------------------------------------+
; Unconstrained Output Ports                                                                          ;
+-------------+---------------------------------------------------------------------------------------+
; Output Port ; Comment                                                                               ;
+-------------+---------------------------------------------------------------------------------------+
; GPIO[1]     ; No output delay, min/max delays, false-path exceptions, or max skew assignments found ;
; HEX0[0]     ; No output delay, min/max delays, false-path exceptions, or max skew assignments found ;
; HEX0[1]     ; No output delay, min/max delays, false-path exceptions, or max skew assignments found ;
; HEX0[2]     ; No output delay, min/max delays, false-path exceptions, or max skew assignments found ;
; HEX0[3]     ; No output delay, min/max delays, false-path exceptions, or max skew assignments found ;
; HEX0[4]     ; No output delay, min/max delays, false-path exceptions, or max skew assignments found ;
; HEX0[5]     ; No output delay, min/max delays, false-path exceptions, or max skew assignments found ;
; HEX0[6]     ; No output delay, min/max delays, false-path exceptions, or max skew assignments found ;
; LEDR[0]     ; No output delay, min/max delays, false-path exceptions, or max skew assignments found ;
+-------------+---------------------------------------------------------------------------------------+


+--------------------------+
; Timing Analyzer Messages ;
+--------------------------+
Info: *******************************************************************
Info: Running Quartus Prime Timing Analyzer
    Info: Version 24.1std.0 Build 1077 03/04/2025 SC Lite Edition
    Info: Processing started: Tue Sep  8 21:07:31 2026
Info: Command: quartus_sta wrapper -c wrapper
Info: qsta_default_script.tcl version: #1
Warning (18236): Number of processors has not been specified which may cause overloading on shared machines.  Set the global assignment NUM_PARALLEL_PROCESSORS in your QSF to an appropriate value for best performance.
Info (20030): Parallel compilation is enabled and will use 12 of the 12 processors detected
Info (21077): Low junction temperature is 0 degrees C
Info (21077): High junction temperature is 85 degrees C
Critical Warning (332012): Synopsys Design Constraints File file not found: 'wrapper.sdc'. A Synopsys Design Constraints File is required by the Timing Analyzer to get proper timing constraints. Without it, the Compiler will not properly optimize the design.
Info (332142): No user constrained base clocks found in the design. Calling "derive_clocks -period 1.0"
Info (332105): Deriving Clocks
    Info (332105): create_clock -period 1.000 -name MAX10_CLK1_50 MAX10_CLK1_50
Info (332143): No user constrained clock uncertainty found in the design. Calling "derive_clock_uncertainty"
Info (332123): Deriving Clock Uncertainty. Please refer to report_sdc in the Timing Analyzer to see clock uncertainties.
Info: Found TIMING_ANALYZER_REPORT_SCRIPT_INCLUDE_DEFAULT_ANALYSIS = ON
Info: Analyzing Slow 1200mV 85C Model
Info: Can't run Report Timing Closure Recommendations. The current device family is not supported.
Critical Warning (332148): Timing requirements not met
Info (332146): Worst-case setup slack is -5.083
    Info (332119):     Slack       End Point TNS Clock 
    Info (332119): ========= =================== =====================
    Info (332119):    -5.083          -32205.319 MAX10_CLK1_50 
Info (332146): Worst-case hold slack is 0.257
    Info (332119):     Slack       End Point TNS Clock 
    Info (332119): ========= =================== =====================
    Info (332119):     0.257               0.000 MAX10_CLK1_50 
Info (332146): Worst-case recovery slack is -0.889
    Info (332119):     Slack       End Point TNS Clock 
    Info (332119): ========= =================== =====================
    Info (332119):    -0.889             -15.113 MAX10_CLK1_50 
Info (332146): Worst-case removal slack is 1.169
    Info (332119):     Slack       End Point TNS Clock 
    Info (332119): ========= =================== =====================
    Info (332119):     1.169               0.000 MAX10_CLK1_50 
Info (332146): Worst-case minimum pulse width slack is -3.000
    Info (332119):     Slack       End Point TNS Clock 
    Info (332119): ========= =================== =====================
    Info (332119):    -3.000          -13136.776 MAX10_CLK1_50 
Info (332114): Report Metastability: Found 1 synchronizer chains.
    Info (332114): Design MTBF is not calculated because the design doesn't meet its timing requirements.
Info: Analyzing Slow 1200mV 0C Model
Info (334003): Started post-fitting delay annotation
Warning (334000): Timing characteristics of device 10M50DAF484C6GES are preliminary
Info (334004): Delay annotation completed successfully
Info (332123): Deriving Clock Uncertainty. Please refer to report_sdc in the Timing Analyzer to see clock uncertainties.
Critical Warning (332148): Timing requirements not met
Info (332146): Worst-case setup slack is -4.550
    Info (332119):     Slack       End Point TNS Clock 
    Info (332119): ========= =================== =====================
    Info (332119):    -4.550          -28351.000 MAX10_CLK1_50 
Info (332146): Worst-case hold slack is 0.254
    Info (332119):     Slack       End Point TNS Clock 
    Info (332119): ========= =================== =====================
    Info (332119):     0.254               0.000 MAX10_CLK1_50 
Info (332146): Worst-case recovery slack is -0.725
    Info (332119):     Slack       End Point TNS Clock 
    Info (332119): ========= =================== =====================
    Info (332119):    -0.725             -12.325 MAX10_CLK1_50 
Info (332146): Worst-case removal slack is 1.051
    Info (332119):     Slack       End Point TNS Clock 
    Info (332119): ========= =================== =====================
    Info (332119):     1.051               0.000 MAX10_CLK1_50 
Info (332146): Worst-case minimum pulse width slack is -3.000
    Info (332119):     Slack       End Point TNS Clock 
    Info (332119): ========= =================== =====================
    Info (332119):    -3.000          -13132.143 MAX10_CLK1_50 
Info (332114): Report Metastability: Found 1 synchronizer chains.
    Info (332114): Design MTBF is not calculated because the design doesn't meet its timing requirements.
Info: Analyzing Fast 1200mV 0C Model
Info (332123): Deriving Clock Uncertainty. Please refer to report_sdc in the Timing Analyzer to see clock uncertainties.
Critical Warning (332148): Timing requirements not met
Info (332146): Worst-case setup slack is -2.054
    Info (332119):     Slack       End Point TNS Clock 
    Info (332119): ========= =================== =====================
    Info (332119):    -2.054          -11046.218 MAX10_CLK1_50 
Info (332146): Worst-case hold slack is 0.115
    Info (332119):     Slack       End Point TNS Clock 
    Info (332119): ========= =================== =====================
    Info (332119):     0.115               0.000 MAX10_CLK1_50 
Info (332146): Worst-case recovery slack is 0.113
    Info (332119):     Slack       End Point TNS Clock 
    Info (332119): ========= =================== =====================
    Info (332119):     0.113               0.000 MAX10_CLK1_50 
Info (332146): Worst-case removal slack is 0.547
    Info (332119):     Slack       End Point TNS Clock 
    Info (332119): ========= =================== =====================
    Info (332119):     0.547               0.000 MAX10_CLK1_50 
Info (332146): Worst-case minimum pulse width slack is -3.000
    Info (332119):     Slack       End Point TNS Clock 
    Info (332119): ========= =================== =====================
    Info (332119):    -3.000          -12568.824 MAX10_CLK1_50 
Info (332114): Report Metastability: Found 1 synchronizer chains.
    Info (332114): The design MTBF is not calculated because there are no specified synchronizers in the design.
    Info (332114): Number of Synchronizer Chains Found: 1
    Info (332114): Shortest Synchronizer Chain: 2 Registers
    Info (332114): Fraction of Chains for which MTBFs Could Not be Calculated: 1.000
    Info (332114): Worst Case Available Settling Time: 0.529 ns
    Info (332114): 
Info (332102): Design is not fully constrained for setup requirements
Info (332102): Design is not fully constrained for hold requirements
Info: Quartus Prime Timing Analyzer was successful. 0 errors, 7 warnings
    Info: Peak virtual memory: 5236 megabytes
    Info: Processing ended: Tue Sep  8 21:07:39 2026
    Info: Elapsed time: 00:00:08
    Info: Total CPU time (on all processors): 00:00:24


