sample_id,source,class,label,F1_RMS,F2_Mean,F3_AbsMean,F4_MeanSquare,F5_RootAmplitude,F6_Peak,F7_PeakToPeak,F8_Variance,F9_Std,F10_ThirdMoment,F11_FourthMoment,F12_ShapeFactor,F13_ImpulseFactor,F14_CrestFactor,F15_SkewnessCoeff,F16_KurtosisCoeff
0,97_Normal_0.mat,Normal,0,0.2859905079855415,-0.06181757978394617,0.968299776505227,0.1784630825993957,1.1135636373601552,-0.9083932440510535,-0.8331224670060867,0.18110568576337244,0.2891486193058722,-0.8600556456391213,-0.30060816363234283,-0.9135711847522797,-1.0161472434001757,-1.1338247667229229,-1.171763869631608,-0.6610925815184457
1,97_Normal_0.mat,Normal,0,0.06351142575799312,0.05785534057208049,0.7025980642368596,-0.008749839044280956,0.866991154421271,-0.355889245565594,-0.5599043974559688,-0.006009905615935265,0.06695491611317203,-0.7421352126689673,-0.30787712305288706,-0.8674538978835001,-0.5582459466026227,-0.4265500422326366,-1.076702781250969,-0.6134431545304432
2,97_Normal_0.mat,Normal,0,-0.2264293016407075,-0.4281925473506727,0.3389750242652753,-0.24365538324717162,0.49171571262674396,-0.355889245565594,-0.5599043974559688,-0.24128423645176228,-0.22323293681119083,-0.6736146940213443,-0.32909257263697694,-0.7812281271916215,-0.4680336767187799,-0.31512215856246445,-1.067268291868622,-0.5824375751801918
3,97_Normal_0.mat,Normal,0,0.015639992207163424,-0.500767804148293,0.6598135151531417,-0.04824239953631047,0.7937548756906649,-0.9990222598333086,-0.9535377256224002,-0.046156953649402636,0.018324319368781136,-0.11373690091706634,-0.33304834584762694,-0.8730396140458353,-1.0325234838628672,-1.169237768808588,-0.06946002770881254,-0.6730493115354242
4,97_Normal_0.mat,Normal,0,0.4787635726310626,0.9168270140420627,1.207880223010002,0.3455685820253177,1.3449785602171793,-0.8370022779546178,-0.8165134658176297,0.34582032231459797,0.479053666029525,0.3070656570022339,-0.2883108850851873,-0.9602950600784212,-1.003686864023961,-1.1027125503871187,0.4595670585109777,-0.6835212149763341
5,97_Normal_0.mat,Normal,0,0.9198447414018726,0.2546787193285439,1.487427895278713,0.7449981894158466,1.504665031326425,-0.6988762783332527,-0.7002504574984306,0.7471774853698644,0.9220088983053303,-0.5547508994653663,-0.20609557754916197,-0.797740896108197,-0.9533783171682286,-1.0637264094720151,-0.6209475827364668,-0.6359755205791757
6,97_Normal_0.mat,Normal,0,0.658591435728864,-0.7152640204685782,1.2189068892716517,0.5055454142728252,1.2551095309365798,-0.6988762783332527,-0.7002504574984306,0.5066297440087335,0.6597311456348937,-1.2145802070118954,-0.23649718280773036,-0.7874305147273116,-0.9093696050875686,-0.9979588243449047,-1.4802546767059086,-0.6205624059136708
7,97_Normal_0.mat,Normal,0,0.15782097933474643,-0.1835538263530078,0.7823367368978773,0.06987191987801337,0.8998999673860405,-0.7749231770011954,-0.8281397666495497,0.07248967947877329,0.16104671918607097,-0.518016709801869,-0.3116319707580824,-0.8516888560490263,-0.8867040050063268,-0.9459696828165548,-0.7001049198579485,-0.6531984033154484
8,97_Normal_0.mat,Normal,0,0.2828253914200431,0.3512065021644401,0.9341841794534431,0.17575728099952032,1.0669718204045273,-0.9953039853858449,-0.9958906786529658,0.17807005010593482,0.2856002906621378,-0.2144497212400389,-0.30661722240537137,-0.8807956012250067,-1.0735272081844427,-1.231853292003018,-0.23620685626872562,-0.6755205238385887
9,97_Normal_0.mat,Normal,0,-0.19568542812480344,-0.773754833116351,0.46119298905371686,-0.21923393013819234,0.6502756880056831,-1.0216876032910496,-1.0531917327531426,-0.21801294647136776,-0.1939533436797639,-0.4676337221142371,-0.35207562890178423,-0.8874689316017993,-1.0161907480788908,-1.1401549305262606,-0.6863459450944378,-0.6712676069221014
10,97_Normal_0.mat,Normal,0,-0.010552432344071713,-0.8818551847123126,0.5847596981156942,-0.06973190090430476,0.7201761668237407,-0.8820096261458489,-0.8131916655799382,-0.06907879100928754,-0.009599672794459398,-0.23132609881573288,-0.3239808604036899,-0.8182419999779502,-0.9308186203952211,-1.0235048730113812,-0.2613681668224061,-0.6371685511335607
11,97_Normal_0.mat,Normal,0,0.426076363854077,-0.33623996611759416,1.0529792422752435,0.2994457824267134,1.1443747141857448,-0.5312627057590126,-0.625509952150374,0.301727969720669,0.4287139151346415,-0.6230979166834146,-0.27750430538792453,-0.8551012264366525,-0.7612464009218485,-0.7485891366778472,-0.7954274500182259,-0.644302300902573
12,97_Normal_0.mat,Normal,0,0.0705019630282741,-0.721723128613731,0.7600999562972867,-0.0029594194611194235,0.9181606036049728,-0.5312627057590126,-0.7052331578549679,-0.001637219168730936,0.07223051762593238,-0.8782229680261939,-0.3231833745160962,-0.9226861794937207,-0.7017766330383568,-0.6347989677807059,-1.2915464245922106,-0.6596772257589711
13,97_Normal_0.mat,Normal,0,-0.09407012605531793,-1.0468315719197585,0.49095265827682205,-0.13769405977722202,0.6409753790780803,-0.732082125733592,-0.7558906114797616,-0.13787794191086095,-0.0941213211582501,-0.6730995977477079,-0.3268572961931673,-0.8057220074412142,-0.7975868405045184,-0.8193734653322023,-1.0197383569711396,-0.6191218263848622
14,97_Normal_0.mat,Normal,0,0.13575937855743855,-1.2833066979006331,0.6352318446389694,0.0513827635797223,0.7234113678460206,-0.732082125733592,-0.6479321037547909,0.04959020869893559,0.13373259193586967,-1.2459819670375925,-0.2927616188294159,-0.7120592356234912,-0.8266465348269804,-0.8898469132818456,-1.833932968694953,-0.5920905687373544
15,97_Normal_0.mat,Normal,0,0.1059099929658804,-0.129458795637353,0.7828160723013394,0.026461552552588287,0.9601621088240507,-0.7826830646203732,-0.8430878677191612,0.029147858949464582,0.10925673238026308,-1.0583887679908344,-0.3176481812005623,-0.9087156237242258,-0.8925317582629764,-0.9399997098908319,-1.5570579765049055,-0.6547204270035307
16,97_Normal_0.mat,Normal,0,-0.049673944249031904,-0.26231906178973347,0.5632853159285997,-0.1016729544840258,0.7299534079004499,-0.8711457834790004,-0.8015653647480188,-0.09906217562103029,-0.04630310639990907,-0.5923928512629371,-0.32590836836490755,-0.8379002336727235,-0.9185766026202341,-0.9994025124046426,-0.8678478725412571,-0.6315485693014787
17,97_Normal_0.mat,Normal,0,-0.21522783275480795,-1.6073386231824687,0.3843377206499267,-0.23477084717225227,0.5834878133426137,-0.8711457834790004,-0.8015653647480188,-0.2389839372141501,-0.22033284258473093,-0.9482223366286592,-0.3376625195965085,-0.8213726138266654,-0.8844886932866199,-0.9504828480904897,-1.5655252702524887,-0.6132213623706807
18,97_Normal_0.mat,Normal,0,-0.06519430886232737,-1.0983250174102832,0.6529746169044967,-0.11429287004119493,0.8738835829654504,-0.901247675831668,-0.8804581203931894,-0.11479169829020108,-0.06563921148493498,-0.8202465883514227,-0.3411657449681301,-0.9551346900991012,-0.9576733680268362,-1.0309443374701694,-1.2592342736635365,-0.6735534215655556
19,97_Normal_0.mat,Normal,0,0.21644223949853636,-0.5917335771925298,0.8948003420774884,0.11928952639116476,1.0430367774006357,-0.901247675831668,-0.8480705680756981,0.12101611453879617,0.21857196764936868,-0.6080785574581182,-0.31174952927846217,-0.9097395333903464,-0.9990029577722737,-1.1076992857138952,-0.8236571809127001,-0.6701681120715943
20,97_Normal_0.mat,Normal,0,-0.3321595049368142,-0.9174699893460028,0.22928435820030738,-0.3267609555924778,0.40378387793845083,-0.9875440977666673,-0.9801121275239317,-0.326150396282888,-0.3311505374596093,-0.5836808733887958,-0.3513952885577073,-0.774892382381979,-0.9470476558875137,-1.059528664024528,-0.9369913633037819,-0.6252191357980464
21,97_Normal_0.mat,Normal,0,-0.11271611050522665,-0.647712514450521,0.4942246591083228,-0.15275078626099065,0.6783897119653136,-0.9192570867179026,-0.8746449699772296,-0.15107337071741553,-0.11045615426467882,-0.8801939422812154,-0.3344798620107902,-0.8306632900242046,-0.9427918539301762,-1.039055208138071,-1.3834895379845706,-0.6384762365960489
22,97_Normal_0.mat,Normal,0,0.2812658514664308,0.2759399503063392,0.8935541738961312,0.1744245082445303,1.0139749990694016,-0.9037373114795468,-0.8663404693830009,0.17686811310173728,0.2841948586187837,-0.9981846842069438,-0.295829612518615,-0.8389751014882835,-1.0006094782560768,-1.1273225879687883,-1.3742984308356507,-0.647384284703439
23,97_Normal_0.mat,Normal,0,-0.10904499605048454,-0.1827464378348636,0.4897982122904224,-0.14978970089841911,0.6183678740502154,-0.9037373114795468,-0.8796276703337667,-0.1470573964795871,-0.1054804326687933,-0.7301874985422183,-0.338811603941796,-0.8214250533140695,-0.9299864938238767,-1.0214038839859205,-1.122171220122367,-0.6540662787872934
24,97_Normal_0.mat,Normal,0,-0.29763669849757546,-1.151612659607794,0.36391471851785984,-0.2997756588587682,0.5418850600380362,-0.9689203674806406,-1.0149910300196914,-0.3005071532064745,-0.29835027216055704,-0.79378836966487,-0.363537604792936,-0.8930647485739012,-0.9575067077335819,-1.0464418513010978,-1.3227729108649418,-0.6803446093279462
25,97_Normal_0.mat,Normal,0,0.02587005285276646,-0.5493008250722894,0.7268453855385963,-0.03982641467310623,0.8970835212074952,-0.9689203674806406,-1.0149910300196914,-0.037884852960142254,0.028373159011015843,-0.5898708489537857,-0.33788995141016936,-0.9354020713115068,-1.0210763314399183,-1.1363570428850835,-0.8436032940763809,-0.6904105665584507
26,97_Normal_0.mat,Normal,0,0.09542435356239434,-0.27730060429307407,0.7418344514763024,0.017732941509091604,0.9232234386354756,-0.6243813571891461,-0.6886241566665109,0.020259814929956006,0.0985874949737328,-0.7461872588815064,-0.309378499413318,-0.8755207243921368,-0.7671871698265429,-0.7519727502140965,-1.071679341579342,-0.6278503869282767
27,97_Normal_0.mat,Normal,0,-0.11910728454011563,-0.7368840907877705,0.44991038161926017,-0.1579019170163806,0.6087551735035831,-0.6243813571891461,-0.6886241566665109,-0.15656007684575796,-0.1172601651938876,-0.5527922086850873,-0.3209297130687485,-0.7869702766127299,-0.7053559246629993,-0.6814547539243233,-0.8191688534744556,-0.5921542835506372
28,97_Normal_0.mat,Normal,0,-0.06689945652381897,-0.7572482234120721,0.6347751930209589,-0.11567756517355889,0.8396304848625558,-1.012375738148036,-0.9668249265731658,-0.11444095605010927,-0.06520743426813824,-0.5300144700215081,-0.3415685609429328,-0.9370003508629893,-1.038452853621428,-1.1634864858650626,-0.76743482725938,-0.6749522164623317
29,97_Normal_0.mat,Normal,0,0.15668979141801634,0.24032514567264887,0.8744690658277564,0.06892245946075441,1.0705617134301701,-0.9384951364037217,-0.9003889218193378,0.0714714349281561,0.15983448330917602,-0.5433403935928776,-0.3224511051980681,-0.952181268781002,-1.0228250361765516,-1.135076982552702,-0.7391504823795924,-0.68273997729345
30,97_Normal_0.mat,Normal,0,-0.02030752119635144,0.3102091074097893,0.6197560477739671,-0.07771401573982294,0.7872802214243924,-0.9384951364037217,-0.8738145199178069,-0.07519525468037556,-0.017070629659623904,-0.36506427358380217,-0.33367328180153744,-0.8684410481702426,-0.9799841422760247,-1.087887102038054,-0.4830571217499321,-0.6645621564626982
31,97_Normal_0.mat,Normal,0,-0.3894117511039975,-0.5440079447866776,0.28948916391272556,-0.37119212098714166,0.5239359986456739,-0.9984079404335163,-0.9759598772268175,-0.36906313601469165,-0.3864213228913937,-0.6890869026362921,-0.3688975971152784,-0.9136181553237935,-0.9670765897801439,-1.0563574009189398,-1.1622293516020037,-0.6736428155628007
32,97_Normal_0.mat,Normal,0,0.026214070545277867,-1.095723432185152,0.7148536399993344,-0.03954317873171178,0.8768754180802301,-0.9953039853858449,-1.0091778796037314,-0.040065062913310176,0.025726125351770244,-1.0310740727715508,-0.33499550861166466,-0.921946024410614,-1.0387945552729922,-1.1675944107834755,-1.5617206734380116,-0.6810140041485285
33,97_Normal_0.mat,Normal,0,0.27452799576579257,-0.13627674312390306,0.9573239029194055,0.16866979537010496,1.0692491346758914,-0.9953039853858449,-0.926132873661446,0.1712775458291267,0.2776540552908256,-0.4583047001572457,-0.31055254678805894,-0.914146897280249,-1.0770650627714937,-1.2298493497831746,-0.5912511183542817,-0.6834682413557153
34,97_Normal_0.mat,Normal,0,0.2365802205114803,0.4637923455278684,0.9909793973545483,0.13636268743580282,1.178909568962867,-0.8199305251924269,-0.8322920169466642,0.1384431231287069,0.23911430205215464,-0.03595514378728284,-0.31757538615298025,-0.9896024943319048,-0.9562818948057024,-1.0198586003773846,0.028476170352771696,-0.69132345576362
35,97_Normal_0.mat,Normal,0,0.10055795495319736,-0.5276807547530966,0.8289963978270922,0.022004651604700116,1.0289046260323391,-0.8199305251924269,-0.8372747173032015,0.0239779499170865,0.10305279196401196,-0.9216442521614916,-0.3264883727116757,-0.9642100801772262,-0.9283010738633265,-0.9819364117154225,-1.3457608310417326,-0.6781305816304511
36,97_Normal_0.mat,Normal,0,0.12907240601951755,-0.29039824025407807,0.8200069042646243,0.04579035826982162,0.999622400106366,-0.7258742156382498,-0.760873311836299,0.04828239252646059,0.1321693536298426,-0.784095040412026,-0.31742159500924116,-0.9237243066376032,-0.857517543652471,-0.8806449502946192,-1.1185146730943833,-0.6608318766142197
37,97_Normal_0.mat,Normal,0,0.18173157772014734,-0.20382824914195982,0.9372283480025125,0.08997781002875602,1.1340327896164957,-0.7258742156382498,-0.8073785151639785,0.09256375358753785,0.18490163973920837,-0.382387047206097,-0.32093161355179517,-0.991645015998507,-0.8791063772227339,-0.8962164034816484,-0.48990523231856814,-0.6855183752088961
38,97_Normal_0.mat,Normal,0,-0.42514169383136,-0.7472007218529451,0.24311799109846785,-0.39871775526642744,0.4469318893376589,-1.094630546911321,-1.0249564307327657,-0.39729317263406605,-0.42304640859918585,-0.5500359321799688,-0.37069487342439433,-0.9013235075563272,-1.0356596618891998,-1.1675169743119638,-0.9000424461371991,-0.6692700845133323
39,97_Normal_0.mat,Normal,0,-0.009587727902248338,-0.845612411231177,0.54177246816786,-0.06894189847256674,0.670494989264329,-0.6135175145222972,-0.6686933552403624,-0.06811761139614377,-0.008426397857306471,-0.7592101684585151,-0.31092003863776374,-0.7682830648043093,-0.717073469490242,-0.7051250509895957,-1.1329449400099163,-0.5976708830422561
40,97_Normal_0.mat,Normal,0,0.5844760128416495,0.2399663063312517,1.2441858643150208,0.4391329336139081,1.3595765435057416,-0.6135175145222972,-0.6678629051809396,0.44149069273884695,0.5870838721046016,-0.18847220391090821,-0.26086219026096763,-0.8890956339496372,-0.8545000398056432,-0.8853847015409947,-0.2053335911406092,-0.6515970856780633
41,97_Normal_0.mat,Normal,0,0.14464431754750423,0.4586788849129561,0.8700741788988621,0.058821809217538365,1.0562945322434907,-0.9068412665272181,-0.8248179664118584,0.06095538218248363,0.14730240833971964,0.01218587032356134,-0.3227972383741054,-0.9604523784447403,-0.9989945559100563,-1.0952200898177924,0.11425078787157796,-0.6801979108256594
42,97_Normal_0.mat,Normal,0,-0.3320607023037395,0.30114841403950543,0.36729817154509103,-0.326683932713069,0.6141368433864084,-0.9068412665272181,-0.9269633237208691,-0.32402098250894096,-0.3284203773114277,-0.5553156121719403,-0.36323205928014624,-0.9368654678932946,-0.9092508579943496,-0.958937162521069,-0.8818676614964928,-0.6700857135211491
43,97_Normal_0.mat,Normal,0,0.030529253283748458,0.5375338301850305,0.7391344989837466,-0.03598918320757325,0.9614996258731642,-0.9571188666897482,-0.8796276703337667,-0.03402275607956848,0.03305964891340534,-0.4791243052519245,-0.33130799368827224,-0.9436524680170243,-1.014325282553421,-1.1236660260297786,-0.6628841333927085,-0.6721183575290808
44,97_Normal_0.mat,Normal,0,0.25602518494855786,0.1075545893556182,1.0108032329978227,0.15289531869511858,1.202948896891261,-0.9571188666897482,-0.872984069858384,0.15552860987414283,0.2591952049659946,-0.5480640549730587,-0.31656163081328004,-0.989682549571117,-1.0578196106323876,-1.18177170086676,-0.725680542179533,-0.694067857383845
45,97_Normal_0.mat,Normal,0,-0.10911394941232969,-0.21629791625551859,0.5917524586589186,-0.14984533318441395,0.7825332762544911,-0.8338983229069467,-0.8738145199178063,-0.14714949709121788,-0.10559450165339454,-0.5004683436330997,-0.3441348447085351,-0.9364914694995163,-0.8954901393454833,-0.9372483916868694,-0.7259192690338454,-0.6712577891610063
46,97_Normal_0.mat,Normal,0,-0.04282548241848731,-0.6024090475991011,0.6145050661303262,-0.09609497703951383,0.7823990977236874,-0.8338983229069467,-0.8389356174220469,-0.094291777109009,-0.040450008897245864,-0.4848510240048978,-0.33267655435470483,-0.8877033406569298,-0.8997536136257004,-0.9569474399473491,-0.6861021379249723,-0.6544630552154598
47,97_Normal_0.mat,Normal,0,0.25172294711615156,-0.08415532878593326,0.984191785308303,0.14923346099275508,1.1621927631434563,-0.928568951860916,-0.8895930710468409,0.15188241792453866,0.2549146307437377,-0.47163569313660825,-0.3172920503722987,-0.966523476611458,-1.0331936209180745,-1.1480858683615158,-0.6141552705835024,-0.6948294910133966
48,97_Normal_0.mat,Normal,0,0.020779532227901833,0.5238979352119298,0.7437828594525835,-0.04401584180522005,0.9480091503561271,-0.928568951860916,-0.9360982743745205,-0.04200542458918699,0.02336941961433642,-0.5920684090970919,-0.3403798370211395,-0.9593677312766621,-0.99386096956893,-1.0873350571385219,-0.8484934464134273,-0.6964671665086717
49,97_Normal_0.mat,Normal,0,-0.11703803709707644,-0.9264409728809371,0.4580137011576979,-0.15623470021327843,0.6160500860512904,-0.8370022779546178,-0.7924304140943672,-0.15575777743283256,-0.11626480262900438,-1.1117926090890413,-0.32755181895293034,-0.7939753126877166,-0.8722386645525334,-0.9386109396747624,-1.7879611142586722,-0.6140668041199254
50,97_Normal_0.mat,Normal,0,0.3662420685355706,-1.585897972533975,1.0271587954161692,0.24747762538869572,1.1638553338018416,-0.8370022779546178,-0.7924304140943672,0.24320260664253177,0.36134195711214195,-1.361470791482483,-0.2839698223927804,-0.8907739297740869,-0.9745489385919758,-1.0738364342089193,-1.8484919142724126,-0.6402415357424186
51,97_Normal_0.mat,Normal,0,0.26238353904119355,-0.6120079999814813,1.0135727211138355,0.1583113840869763,1.1893842762906233,-0.8432101880499601,-0.872984069858384,0.15995092805202515,0.2643834095011339,-0.9666179591043504,-0.3139254985811606,-0.985858920307962,-0.9767402945227787,-1.0534371364417523,-1.3376370254701921,-0.6885979300939822
52,97_Normal_0.mat,Normal,0,0.21970410176603586,-1.2022090067448248,0.9931906485008961,0.12205159995647065,1.1590092657773032,-1.020135625767214,-0.967655376632589,0.12077515209345696,0.21828750227510732,-0.8537678583630133,-0.3295401409977882,-1.009723667984806,-1.1003221092770548,-1.2449841008909452,-1.19079830900621,-0.7176137290331135
53,97_Normal_0.mat,Normal,0,0.3451189841930703,-1.8632807834341512,1.085709106372184,0.22923595367247115,1.2466804625997339,-0.8307943678592754,-0.8605273189670409,0.22234619834333558,0.33717706936521635,-1.349075714382837,-0.30497688638529113,-0.9736997110123927,-0.9797531540792579,-1.0613155942821744,-1.84735658750095,-0.685483498505548
54,97_Normal_0.mat,Normal,0,0.4180944068118613,-1.191084987161506,1.175503447385744,0.29248789463938674,1.3628441976684686,-0.8307943678592754,-0.8580359687887724,0.2911961927664408,0.4166372258587252,-1.4062031339158652,-0.29171868181045285,-0.9897987591380648,-0.9942309973648635,-1.0803305495490498,-1.8730603769002356,-0.6747044553376714
55,97_Normal_0.mat,Normal,0,0.24871841264067748,-0.5807889772799091,0.85924723602927,0.14667748691746282,0.991359857926842,-0.25345872899244726,-0.5491085466834718,0.14842503707567697,0.2508532833546259,-1.3969053018181679,-0.27626521544783383,-0.8368991774245194,-0.5192643746535486,-0.3758131498614366,-1.9778423792051723,-0.5861799672861724
56,97_Normal_0.mat,Normal,0,-0.22912983292031017,-1.662510171922316,0.3166904084609144,-0.2457950383036493,0.4850139795456871,-0.25345872899244726,-0.42786283800773545,-0.2504972118290507,-0.23486120034160576,-1.0726242831391661,-0.3143003794238752,-0.7580251115538841,-0.38087669546278136,-0.18835443058567977,-1.802113288613284,-0.5264560029014759
57,97_Normal_0.mat,Normal,0,-0.10300852613188866,-2.8014662415176046,0.542491469429365,-0.14491716321827153,0.7048320384315641,-0.7718192219535241,-0.7052331578549679,-0.1636194057469256,-0.12602472774906484,-1.01654163641095,-0.3396937274987648,-0.8744887519508477,-0.8385729907424704,-0.8643610797939056,-1.6289365456470126,-0.6505989883438095
58,97_Normal_0.mat,Normal,0,-0.05688506398925372,-1.8395973869019235,0.6520696999328357,-0.10754011873178534,0.8174865447537181,-0.7718192219535241,-0.8372747173032009,-0.11401494362201191,-0.06468303433122165,-0.9581681170287667,-0.34656062722294734,-0.9449209144873022,-0.8599196864024464,-0.8786016730921119,-1.4923607487420116,-0.6908657528259755
59,97_Normal_0.mat,Normal,0,-0.36398960642093997,-0.8640926373131418,0.4208534420302731,-0.3515124457984087,0.6922045943505012,-0.8897695137650269,-0.9933993284746973,-0.3506284367632906,-0.36261873333800365,-0.6925910862226158,-0.37369681013659684,-1.0345986163536638,-0.9061407493587997,-0.9276858101762671,-1.1588674055627886,-0.699120028817488
60,97_Normal_0.mat,Normal,0,-0.2590269361411072,-1.2517288358576637,0.45961246797254496,-0.2694232490625346,0.7247425517342492,-0.8897695137650269,-0.872984069858384,-0.27083019039011114,-0.26059900359502486,-1.0909471090941234,-0.3520646486640886,-0.9580257613705436,-0.9135126918699776,-0.9600781195010399,-1.8546723448199258,-0.6506676335233041
61,97_Normal_0.mat,Normal,0,0.30578615644798035,-1.866420627671378,1.072856828066402,0.19541379299516468,1.296163766953711,-0.7438836265244843,-0.7949217642726357,0.1885094281897611,0.29779524639707033,-1.5410864485858475,-0.30552178302544525,-1.0015283663611552,-0.9159799494109909,-0.9523897144901142,-2.1515804794770563,-0.6760952329347955
62,97_Normal_0.mat,Normal,0,0.28376923447447067,-0.7960028722829884,1.109130415955842,0.17656402749763814,1.3430365432245062,-0.7438836265244843,-0.7949217642726357,0.17748437141410014,0.284915488426287,-0.8111691072805413,-0.31682226679890013,-1.0614542757511387,-0.9222049353624753,-0.9461999533471082,-1.1024610673059545,-0.7015671145988812
63,97_Normal_0.mat,Normal,0,-0.28544885351038507,-0.9911217641678151,0.45915187182933237,-0.29021406198343047,0.7061473200511943,-0.9338392038322149,-0.8962366715222236,-0.29000773921765594,-0.2849688578200386,-0.08645204190075587,-0.3629201222454551,-0.9876911337790347,-0.9476380067575463,-1.0065713839320665,0.009372677725686,-0.6821053499992266
64,97_Normal_0.mat,Normal,0,-0.12552569579446674,-1.992552656172558,0.5001926679071756,-0.16306997813118893,0.6787921814389357,-0.8338983229069467,-0.7832954634407158,-0.1711238814112969,-0.13535479540725068,-1.0331274167722238,-0.33517357031860573,-0.8520226436570862,-0.8780346399152444,-0.9323100606287514,-1.6638020412563062,-0.6328005561251209
65,97_Normal_0.mat,Normal,0,0.25425934490283875,-0.6093167049210011,0.9342571660755303,0.15139204707973639,1.0762142778919606,-0.8338983229069467,-0.9103543225324121,0.15304417615200935,0.256278803227664,-1.0442866386917684,-0.3107649320225739,-0.9112938427452052,-0.9567387237014197,-1.0406282488145011,-1.4555719071984279,-0.6781355691852861
66,97_Normal_0.mat,Normal,0,-0.05747646924494541,0.3824255248660121,0.6488376452546986,-0.10802102035242951,0.8376841570245411,-0.9658164124329693,-0.9518768255035548,-0.10562442026114176,-0.0543631528923864,-0.23174047648896323,-0.3436663403560401,-0.9420226296691385,-1.005650883261381,-1.1103173133531075,-0.26217864377799316,-0.6846940339621561
67,97_Normal_0.mat,Normal,0,-0.2251412683638376,0.048256388189700475,0.45148350717659796,-0.24263454916144173,0.6619816936793793,-0.8779680129741348,-0.8239875163524355,-0.2397706431345509,-0.22132453327790072,-0.11453366006930629,-0.3503812964005228,-0.9100722721849756,-0.902801254481916,-0.9558400774509247,-0.049453272505446726,-0.6570657718770302
68,97_Normal_0.mat,Normal,0,0.26627290462056696,-0.5950528411004551,0.9809878395205406,0.16162679218303783,1.148412358485798,-0.8779680129741348,-0.7899390639160988,0.16332067024134383,0.2683341532123051,-0.7342718581912941,-0.3097086185898205,-0.9477836354982933,-0.9963129818252944,-1.0940979501714276,-0.9960873721134604,-0.6787217756369344
69,97_Normal_0.mat,Normal,0,0.05176202908141566,-0.011669781823661964,0.6579805075851733,-0.018468679422789402,0.793951656667986,-0.9021853339557113,-0.8480705680756981,-0.015714371239943542,0.05523186123168702,-0.7058502726524157,-0.3222186468955725,-0.8309591765784978,-0.9592654414637155,-1.0646973402089488,-1.0227511586007838,-0.6517842083744476
70,97_Normal_0.mat,Normal,0,-0.2455763808933211,-0.04549038975036505,0.39109969143866186,-0.25880654953717896,0.5771396227556912,-1.044967266148583,-1.0149910300196912,-0.25593284607493183,-0.24173166791768713,-0.4134622445807974,-0.35381177842477524,-0.8642732693250935,-1.0221751521701146,-1.1550661608953403,-0.5964819554715042,-0.662742554610432
71,97_Normal_0.mat,Normal,0,-0.36977604907682776,-0.7585938709423115,0.23683634276633986,-0.3559987609557357,0.4369893044297493,-0.6678367278565419,-0.7957522143320588,-0.3546433044104914,-0.36779504641034827,-0.8824629430192412,-0.355145395517241,-0.8284360109516247,-0.6915352807415243,-0.6475178763982546,-1.5310289607818341,-0.6269995344497032
72,97_Normal_0.mat,Normal,0,-0.09358270572433752,0.4559875898524755,0.5258720767878058,-0.13729989572913537,0.6947281168945653,-0.6678367278565419,-0.7019113576172763,-0.13505799473083882,-0.09063569813370745,-0.3179216623475947,-0.3334138673121056,-0.8450314457169601,-0.7553661932055821,-0.7423126725890319,-0.4099504910664339,-0.6412887994174638
73,97_Normal_0.mat,Normal,0,0.36008276956949165,1.0305790852650327,1.081061732956493,0.24215289017635497,1.211888593855463,-0.5995497168077772,-0.6653715550026709,0.24184923130482142,0.35977640322399035,-0.1457025710021376,-0.30237209557056816,-0.9533080462289482,-0.8150928717930729,-0.8051435848032725,-0.14016009041579292,-0.6851167703656154
74,97_Normal_0.mat,Normal,0,0.1689188362676335,0.6982041452957084,0.8472845864335279,0.07919517502117727,0.9824797499206382,-0.5995497168077772,-0.7525688112420705,0.08055572451442315,0.17064191381449298,-0.38194644055100524,-0.31665380359695616,-0.9099817339497641,-0.7700432078696625,-0.7464134674811249,-0.49069321637180113,-0.6698165437687141
75,97_Normal_0.mat,Normal,0,-0.21341656515887733,-0.6352428473369618,0.4258479889745353,-0.23333278583078412,0.6027684230345076,-0.9859921202428317,-0.9369287244339434,-0.23156982516471844,-0.21099434644953785,-0.5323167920516325,-0.35137161362973524,-0.867306799331437,-0.9821788572028569,-1.0916082200334625,-0.8068583864648153,-0.6636805715120223
76,97_Normal_0.mat,Normal,0,-0.03707697267404603,0.02008749989000627,0.5820622095686226,-0.091408472011574,0.7206524646204845,-0.898143720783997,-0.8455792178974296,-0.08861737113188069,-0.03349441958707124,0.024875764416203143,-0.3313437228159308,-0.8449367240036364,-0.942618774345047,-1.035199186521577,0.1663717555214065,-0.6524411451063694
77,97_Normal_0.mat,Normal,0,-0.042189401143015295,1.4577773211986154,0.641743299359819,-0.09557660682922818,0.8050878012120066,-0.898143720783997,-0.8630186691453097,-0.09862666232228896,-0.045768534625468406,0.26628783109913834,-0.3379597149376126,-0.9172190533036042,-0.9533373635883269,-1.0337551295049627,0.5740503504333877,-0.6693342965257654
78,97_Normal_0.mat,Normal,0,-0.28681619531463654,0.06987645850889258,0.4142596347445904,-0.29128767147257195,0.6289920031217608,-1.0185836482433783,-0.9377591744933661,-0.2884057483279655,-0.28292958718684424,-0.24985200106830052,-0.3624733642785708,-0.9383973610012414,-1.0055721812972789,-1.1110798628584138,-0.2967849599109235,-0.6811006098950467
79,97_Normal_0.mat,Normal,0,0.13477035193364464,0.05157565209762611,0.8130861432903392,0.050555283041310545,0.9727759570667801,-0.6932826876377028,-0.6545757042301736,0.05326644278029848,0.13812489650852297,-0.1425463950482189,-0.3121829197733451,-0.9100980191194483,-0.8322199942256039,-0.8444764241558222,-0.1236589948909128,-0.6479070829340668
80,97_Normal_0.mat,Normal,0,0.16183845766138677,0.8952069437228705,0.8449747074075826,0.07324524614484249,1.0131652511123994,-0.6932826876377028,-0.6545757042301736,0.07374569770607049,0.16254173336447417,0.14092457596501623,-0.30736873651947705,-0.915139020159783,-0.8382880632699888,-0.8526460953325731,0.3088572498137912,-0.6418767023160861
81,97_Normal_0.mat,Normal,0,-0.145820503495446,0.7687160758802938,0.6354014850343612,-0.17937810314070088,0.9019697041275951,-0.9332248844324224,-0.9003889218193378,-0.17816813508901316,-0.1441247640451142,0.18496609375620005,-0.35184549263353954,-1.025483686233149,-0.9787256269974204,-1.0464976101519332,0.4691816560174866,-0.6852037922817018
82,97_Normal_0.mat,Normal,0,0.024381068831980653,-1.0134595131698019,0.7590184932455931,-0.04105215522689937,0.965767227041345,-0.9332248844324224,-0.9103543225324119,-0.04109759348685229,0.024472147145170826,-0.4255562414473705,-0.3344535763335737,-0.9718884395723291,-0.999891583911266,-1.093812336453792,-0.5772916010005666,-0.6790344402019378
83,97_Normal_0.mat,Normal,0,0.5633563572587268,-0.7004618976359364,1.0792228030696513,0.4203311405813386,1.0931278792697683,-0.7227702605905786,-0.6180359016155682,0.4215170053833198,0.5646624151657381,0.12162326063133622,-0.2524865568180339,-0.7393307039856848,-0.9021084643578846,-0.9989349816239405,0.19528112767027714,-0.6268842439467446
84,97_Normal_0.mat,Normal,0,0.06788312303941059,0.7974232231920837,0.6085227561229983,-0.00512936299094329,0.7179663205641333,-0.7227702605905786,-0.6180359016155682,-0.0041332525082452085,0.06921958246606959,0.1763252310763466,-0.3033038863035821,-0.7573835409391567,-0.8142944620051116,-0.8586055802811685,0.3889944968633932,-0.6008454728169764
85,97_Normal_0.mat,Normal,0,-0.5447063691249522,0.8807636602316258,0.16153842181907502,-0.489693795703493,0.4527713990810171,-0.8897695137650269,-0.9585204259789373,-0.4888313365536872,-0.543304416849978,-0.7339000616403221,-0.3747436990681888,-0.9471290317043728,-0.8544586958691753,-0.8693322843643043,-1.3282799487340826,-0.6470126916753841
86,97_Normal_0.mat,Normal,0,0.00033669760428851984,0.4465680571407941,0.617256308512661,-0.060808123790378775,0.8225227140667624,-0.8897695137650269,-0.805717615045133,-0.058582420824011126,0.0032017201099367155,-0.3971867018473408,-0.3200652813874335,-0.8426229260259929,-0.9426153870481317,-1.0357761028527976,-0.5337636036576551,-0.6292846477087753
87,97_Normal_0.mat,Normal,0,0.0372143607576528,0.25485813899924326,0.6518290470216479,-0.030478819596254588,0.8199722384375165,-0.901247675831668,-0.8763058700960752,-0.027898239863514446,0.04048480858739436,0.27622874256782953,-0.32095053549838093,-0.8402353810422588,-0.9574705021072573,-1.059594992103757,0.5586601377429273,-0.6435601221406252
88,97_Normal_0.mat,Normal,0,-0.053308098379325916,-0.09115269594318193,0.6268188337798406,-0.10463059572939001,0.819573613652953,-0.901247675831668,-0.8871017208685719,-0.10185350409773188,-0.04973034893992938,0.05271782598905743,-0.3371167889819075,-0.9130726406823674,-0.9530242028997079,-1.0343149166380516,0.2163025943246356,-0.665526048237722
89,97_Normal_0.mat,Normal,0,-0.10543289789980327,-0.17305777561713442,0.5602416409061046,-0.14687461052978107,0.7533266251826297,-0.898143720783997,-0.8854408207497264,-0.14413442624454673,-0.10186128286049025,-0.07034009092733072,-0.33926439391499863,-0.8971888403247853,-0.9386516515139185,-1.0157065675618573,0.015649371395533896,-0.6566379800037255
90,97_Normal_0.mat,Normal,0,0.4520841602562762,0.6460827309577383,1.070856644048526,0.3221708285488129,1.1748741273617644,-0.6855228000185255,-0.6686933552403624,0.3235982965701381,0.4537272954776289,0.2249443779382171,-0.26598483507151827,-0.846660295591261,-0.8742108527100934,-0.9277521160682843,0.35621655168667443,-0.6245628375015897
91,97_Normal_0.mat,Normal,0,0.3502556092199364,1.1951966331310815,0.9876437832184667,0.23366687257013646,1.1113317271718286,-0.6855228000185255,-0.6686933552403624,0.23236057367381763,0.34879037578268113,0.2796257251305349,-0.28100261938112886,-0.8659919669873773,-0.8591918718004521,-0.8990386727257412,0.4612008215089275,-0.6291717313615364
92,97_Normal_0.mat,Normal,0,-0.1833544240221294,0.22310085728557458,0.4960749290442006,-0.2094063287884504,0.7203947275053849,-1.0139277156718716,-1.043226332040068,-0.2066911946576413,-0.1797560195435588,-0.4904010529744468,-0.3491204174103341,-0.9130247740769505,-1.0162131683165945,-1.134060349639496,-0.7241725029870267,-0.665507012425714
93,97_Normal_0.mat,Normal,0,0.37553052988296615,-0.07572260426309477,1.100244975377891,0.2555162970114124,1.30594052313566,-0.7600177211626323,-0.7434338605884188,0.2581138583305121,0.37856803452617993,-0.6830648507179955,-0.2953405877506558,-0.9569861677466114,-0.9320907923523083,-0.9898516063157149,-0.890619326207696,-0.6730025735271647
94,97_Normal_0.mat,Normal,0,0.5389053937060795,0.012910713062058661,1.3062468585948124,0.39863171040365947,1.5014001710329508,-0.7438836265244843,-0.6421189533388312,0.40116977678656096,0.541750270465798,-0.26131523998515427,-0.2752806862749367,-0.9978189653028945,-0.9549616729780829,-1.0156223322323188,-0.2992700064608791,-0.6708237586852754
95,97_Normal_0.mat,Normal,0,0.14567731280789614,0.3910376690595494,0.8923341368114796,0.059687325487301074,1.0932626914733459,-0.7438836265244843,-0.7367902601130363,0.06197873694126965,0.14852295652524755,-0.19137925580889834,-0.32045690697054224,-0.9829224770903171,-0.8840349357236316,-0.9064710135789255,-0.1994707884557453,-0.6740294207189479
96,97_Normal_0.mat,Normal,0,-0.029332515195503495,0.17600319372716852,0.5537982412289926,-0.08508837627926791,0.73265827672455,-0.2571770034399105,-0.5324995454950145,-0.08238565740887945,-0.025864042545007772,0.4786073109122843,-0.299097099668875,-0.8042556188721164,-0.44699042977004555,-0.27442106310105,0.9199596481379001,-0.5553034061728601
97,97_Normal_0.mat,Normal,0,0.23487496503452712,-0.5661662741179659,0.8774027692342404,0.13491503650582687,1.065821898086942,-0.2571770034399105,-0.46274174050349515,0.1367146046432448,0.23707950345112574,0.3531350616726093,-0.2779906705767911,-0.8713559933428933,-0.526234022391734,-0.375002743855336,0.6053342768841525,-0.5861665332588516
98,97_Normal_0.mat,Normal,0,0.39129496067209674,1.1701675890686143,1.1276010692738032,0.2691837022894417,1.287047854474104,-0.8152745926209202,-0.765856012192836,0.2680217166196896,0.3899908502631092,0.11422929458370072,-0.2983966058552093,-0.9686895151815079,-0.9756235978407461,-1.0560130087185589,0.2191841146824203,-0.6835367320889905
99,97_Normal_0.mat,Normal,0,-0.09057612133488906,1.030130536088286,0.5240183558532967,-0.1348679080339481,0.6929196530830461,-0.8152745926209202,-0.7226726091028476,-0.1349738076858815,-0.09053166617525862,0.09095814461233805,-0.3255998805715027,-0.8395248059496375,-0.8683078236669266,-0.9204236513069458,0.2906193899611839,-0.616264325960062
100,97_Normal_0.mat,Normal,0,-0.4560387288230123,-0.3686252166787074,0.18595932804140733,-0.42239446733560204,0.3939848846998626,-0.8391685748782457,-0.8829494705714581,-0.4198009321803447,-0.4524013345393567,-0.6386325178200521,-0.3656565699585183,-0.8702442167654872,-0.8185095221962829,-0.8340449946233115,-1.0888924337831403,-0.6397398839067779
101,97_Normal_0.mat,Normal,0,-0.07549999682290051,-0.3170420613528336,0.5950994165314174,-0.1226563709349079,0.766187613524826,-0.6932826876377028,-0.7915999640349443,-0.12012134094362159,-0.07220366763860604,-0.42937387043910785,-0.3346276841931861,-0.9025879974801623,-0.7891834282180246,-0.7787435898023564,-0.5980480341703887,-0.6508875245774818
102,97_Normal_0.mat,Normal,0,0.03701705394553099,0.4735707175809472,0.6680115180459721,-0.030641532763086888,0.8504521604916169,-0.6932826876377028,-0.6072400508430712,-0.02849985844425182,0.03975578849544369,-0.25597617812316276,-0.30991238044771957,-0.8584533529773941,-0.8038883688311167,-0.8144270399330463,-0.3010808527409923,-0.6105986750028165
103,97_Normal_0.mat,Normal,0,-0.1460429064172127,0.1299820481929544,0.48103852142929765,-0.17955653882109987,0.6589062863211025,-0.7454356040483199,-0.815683015758207,-0.17676590063035597,-0.14237807262121888,-0.4001492945819687,-0.3369845279866641,-0.8535054157870283,-0.8058749683561837,-0.818930528265665,-0.5578803003554988,-0.6365302191178314
104,97_Normal_0.mat,Normal,0,-0.013913646678298662,-0.25899979788180716,0.6403245259362547,-0.07248353191741452,0.7981869761088497,-0.8717601028787927,-0.782465013381293,-0.06988314233474478,-0.010581671615409847,-0.43515173515272604,-0.3305986663257107,-0.8842196649965033,-0.9331557883251431,-1.010381376860715,-0.5982286875892071,-0.6570863308093714
105,97_Normal_0.mat,Normal,0,0.0026220072163128045,0.4750060749465369,0.7205607797344115,-0.05893344510012186,0.9202416771325125,-0.8717601028787927,-0.782465013381293,-0.05678086983138901,0.005396438164087063,-0.20345524829331227,-0.33437875468082123,-0.9540908465006511,-0.9475105654427632,-1.0150819805786437,-0.21559821324465062,-0.673308235872982
106,97_Normal_0.mat,Normal,0,-0.2306614205525983,1.232157085295012,0.5597036237764077,-0.24700813292653362,0.8260421100845258,-0.8680418284313292,-0.8804581203931894,-0.24831209603716003,-0.232101340257207,0.10121464425000555,-0.36387578439927354,-1.0374818177689433,-0.9155392670244666,-0.9419855607957827,0.3460412221375959,-0.7008906219388309
107,97_Normal_0.mat,Normal,0,-0.2893658577671041,0.03462049321660015,0.41845726222691343,-0.2932890054816652,0.669610712263439,-0.8680418284313292,-0.8613577690264642,-0.29039566525338073,-0.2854627697092881,-0.06001727764259698,-0.3560995079112555,-0.9461136029317382,-0.8887085103851274,-0.923914024193297,0.05898172814882057,-0.6573045234677811
108,97_Normal_0.mat,Normal,0,-0.19351037909284746,-0.3497861512553447,0.5305944072444966,-0.21750180224403862,0.7710192996060077,-1.0341034234817341,-0.9502159253847093,-0.2149773502253542,-0.19014370942804845,-0.06518848390068582,-0.3492943182629658,-0.9633162759975037,-1.037625450315247,-1.1558996162775481,0.03608218729360146,-0.6629340000452247
109,97_Normal_0.mat,Normal,0,-0.31667579394932716,1.1265686090888325,0.467173328642132,-0.31467587581584283,0.7293096492113201,-1.0341034234817341,-0.9568595258600918,-0.31526033775369683,-0.31720047846871874,0.15077565125639458,-0.3687900533719623,-1.0323379981180074,-1.0268530393098894,-1.1219415285563277,0.4647210931244759,-0.6940155697490237
110,97_Normal_0.mat,Normal,0,-0.1500089922663076,0.6956922699059264,0.5603925420412459,-0.18273754716095075,0.7821138362212642,-0.7749231770011954,-0.76419511207399,-0.18123174066349199,-0.14794255987968008,0.2163208222062393,-0.34346636932576746,-0.9475061597551246,-0.8444813676153627,-0.853406474764611,0.5255962592304813,-0.6562721109864318
111,97_Normal_0.mat,Normal,0,0.2876768192326015,-0.933258920367487,0.9484034477664407,0.17990517968619904,1.1120633579009587,-0.5536047104925026,-0.5208732446630946,0.18017329840520496,0.28805895135476256,-0.0824698895078597,-0.2832619834135513,-0.8907411560502555,-0.7567170323061089,-0.7310628550289513,-0.04489033027661815,-0.6162650499512217
112,97_Normal_0.mat,Normal,0,-0.07972622136684836,-0.24706838978034426,0.5704344027118885,-0.12608237908860767,0.7709936141129673,-0.5536047104925026,-0.5208732446630946,-0.12343775225123328,-0.07629173432963662,-0.08925233089524788,-0.3229296228846123,-0.8797291091653956,-0.6775184597456904,-0.6098538394541657,-0.01967753543684655,-0.6124380653942544
113,97_Normal_0.mat,Normal,0,-0.07710048376754233,-0.29228214679641445,0.5282145027559012,-0.1239540696620937,0.6887571956335323,-0.6529312720179786,-0.7176899087463106,-0.1213771419883414,-0.0737513690890183,0.03918880670872146,-0.32847980079007955,-0.8290574706219185,-0.7444103412446204,-0.729850074079136,0.19845081573267354,-0.6308959056309491
114,97_Normal_0.mat,Normal,0,0.09061320840241846,-0.1638176625761522,0.5895683293497985,0.013732472394093101,0.6811530451911662,-0.637411496779623,-0.6869632565476649,0.016397970026238246,0.09394650277232945,0.5486221540105172,-0.29787886086949344,-0.71035715813969,-0.7455304099874714,-0.7656767640857902,0.9693063531050595,-0.5933625993390067
115,97_Normal_0.mat,Normal,0,0.27843306446399285,0.516721148383982,0.7891820473045897,0.17200438684146846,0.8597310167527304,-0.637411496779623,-0.6869632565476649,0.1739235056410167,0.2807505161401789,0.34119871851634515,-0.28351722178083066,-0.7279965388367995,-0.7863480573241983,-0.8235358864832657,0.5719157191020839,-0.6146410438654789
116,97_Normal_0.mat,Normal,0,0.14897222544844518,0.8443414670797919,0.7875433343363782,0.06244890670141736,0.9221954562179707,-0.8407205524020811,-0.8248179664118582,0.06319822320785483,0.14997714545670904,0.1531949222468824,-0.31644631377564497,-0.866995315290029,-0.9362945082641633,-1.0197102956090767,0.3308563186996786,-0.6632944685327042
117,97_Normal_0.mat,Normal,0,-0.162784049335616,1.0399089081413648,0.4256531971608266,-0.19297074723272786,0.5934654421861001,-0.4179683465190169,-0.5648870978125058,-0.1931021997842104,-0.16275630994707513,-0.1509468242908346,-0.3264050546994731,-0.8089391735605357,-0.5388974670479953,-0.4158268717369202,-0.11943030079474103,-0.5945197442430165
118,97_Normal_0.mat,Normal,0,-0.2768941969872087,-0.23729001772726552,0.33442184067740366,-0.28349193166452297,0.545050009426137,-0.4179683465190169,-0.5648870978125058,-0.28075287250026487,-0.2731967084119515,-0.864427305241378,-0.3299606856281392,-0.834634931026577,-0.5159717541620176,-0.3714389403455352,-1.4419416083901484,-0.5673721301406525
119,97_Normal_0.mat,Normal,0,0.10793958375576065,0.13195566457063992,0.887031868965439,0.02815260612626377,1.1330258238442685,-0.7035322109047598,-0.8098698653422473,0.030834260031422606,0.11127920777629015,-0.4417158603193385,-0.3261063245978188,-1.0177800125980274,-0.8536733499921948,-0.8482691772544679,-0.5904587267034419,-0.6793694174887196
120,97_Normal_0.mat,Normal,0,0.11300853315623663,0.5151063713476943,0.770991993051179,0.03237824903202876,0.9433218611944778,-0.9332248844324224,-0.8671709194424236,0.034374251136875734,0.11552271385591299,-0.21659637003904691,-0.31860561946381144,-0.8881404746001486,-1.0019010565987834,-1.1175158943934373,-0.2380531410844544,-0.6592925407592152
121,97_Normal_0.mat,Normal,0,-0.27230183701090893,0.6054441755444849,0.3043968606513662,-0.27987963094413504,0.5016410010690152,-0.8391685748782457,-0.8198352660553212,-0.27800050424940437,-0.26969986531288237,0.006966486013826082,-0.3416773929116348,-0.7939321043129204,-0.8432141620193354,-0.8935357898212273,0.18130197464924738,-0.6105978424125974
122,97_Normal_0.mat,Normal,0,-0.1318910270284235,-0.10837698433025639,0.5069388569077182,-0.16819032897911942,0.6971943035122783,-0.8391685748782457,-0.8613577690264639,-0.16538962980417724,-0.12822439548225906,0.03872004568130278,-0.3380160372539599,-0.8669173284872107,-0.8833990530171715,-0.9367591843335127,0.20902317338033014,-0.6444119274715004
123,97_Normal_0.mat,Normal,0,-0.15059900008243093,-0.4863245206570482,0.5668024077230628,-0.18321060009369264,0.764051329778111,-0.9803985295472818,-0.9062020722352978,-0.1810162428808175,-0.14767393870476378,-0.1715033054887387,-0.3537161587151279,-0.9553040095177141,-1.0026673566140678,-1.1023235842821322,-0.15652036916703385,-0.6903842654406515
124,97_Normal_0.mat,Normal,0,-0.3567378991531576,0.14137519728232148,0.3813241286240966,-0.345884313721002,0.6429556680543985,-1.0170316707195428,-0.9933993284746973,-0.3430161253654797,-0.35281587403321546,-0.40438438122368403,-0.3713400509716913,-0.9814826073743373,-0.9985203171042404,-1.0892446178038437,-0.5971154351377609,-0.6930764286541945
125,97_Normal_0.mat,Normal,0,-0.3746342560657151,-0.992467411698055,0.2552177341474516,-0.3597622422715791,0.4773924868887937,-0.9788465520234462,-0.9394200746122121,-0.35952722483646815,-0.37409752636456783,-0.311052925265939,-0.3591362112461874,-0.8559800305132007,-0.945001896817838,-1.0361480931823597,-0.41818001429283413,-0.6401216924447034
126,97_Normal_0.mat,Normal,0,-0.020137189226180637,-1.1770902528470082,0.5966631687712507,-0.07757474109716526,0.7366166610457057,-0.9322872263083796,-0.8580359687887726,-0.07858395787406076,-0.02121335954946633,-0.15133804169777454,-0.32550321325135495,-0.8423872777672381,-0.9712182534384861,-1.0805544099660636,-0.12857024480934998,-0.6382027589628566
127,97_Normal_0.mat,Normal,0,0.32940329966728293,-0.273981340385148,0.9870589142507663,0.2156994196368214,1.0788864328379926,-0.8478661206214666,-0.7899390639160988,0.218128785310323,0.33228055077087526,-0.5054443373639691,-0.2961020342392371,-0.8874128096601506,-0.9756838516678094,-1.0764549310323663,-0.6505564153055788,-0.6619512968653029
128,97_Normal_0.mat,Normal,0,0.08551622341303561,0.20435150169756172,0.7029171288750552,0.009497412199931804,0.8366681134977754,-0.8478661206214666,-0.8854408207497264,0.012121341946031884,0.08880334114001603,-0.8012162748021486,-0.3156002798326673,-0.843571506876522,-0.9265016476117002,-1.010340514750743,-1.1622210253348302,-0.6426999727946652
129,97_Normal_0.mat,Normal,0,-0.15910357299265088,-0.567511921648206,0.5471797760515654,-0.19002462102554868,0.7701811236534801,-0.9177051091940668,-0.9460636750875946,-0.1880609790171135,-0.15646101767088044,-0.678721883000378,-0.34848188704469124,-0.943007408212918,-0.9512482676160489,-1.023862220360769,-1.0517028753076068,-0.6703837222556899
130,97_Normal_0.mat,Normal,0,0.28028913410796863,-0.6809051535297788,0.9764055563017707,0.1735899632271642,1.1498782810836417,-0.7035322109047598,-0.7434338605884191,0.17497759733465623,0.28198369499971504,-0.45544915032843697,-0.29852177920991657,-0.9281431251790764,-0.8700906454829657,-0.8993130368297527,-0.5864770158585632,-0.6536673194542205
131,97_Normal_0.mat,Normal,0,0.20581807630386606,0.298726248485073,0.8050967398931191,0.11030222916634232,0.9324605502850448,-0.7035322109047598,-0.7434338605884191,0.11274291817216125,0.20879844168429734,-0.522978551165846,-0.2965809089118109,-0.8243877236510022,-0.8382472496770457,-0.8775693439605912,-0.6984020916545333,-0.6266440095082892
132,97_Normal_0.mat,Normal,0,-0.4004812613125528,-1.223918786899366,0.2103560698985687,-0.3797365252887772,0.39773923328661004,-1.0387593560532404,-0.9817730276427773,-0.38089756889573917,-0.40174915644295794,-0.5916560276942743,-0.3619325200427325,-0.8332547374456775,-0.9847635255570537,-1.1039457860671307,-0.9759415667789157,-0.6418014349286274
133,97_Normal_0.mat,Normal,0,-0.15356268684620678,-0.9929159608748017,0.5889060393956175,-0.18558616377324386,0.8167276485319579,-1.0387593560532404,-1.0116692297819998,-0.18544377454512598,-0.15319513513710975,-0.371301600691137,-0.3540400886545158,-0.9831195090700566,-1.0508928839332543,-1.172286817583056,-0.5085201176254739,-0.6898761978748335
134,97_Normal_0.mat,Normal,0,-0.03195767894424876,-0.4395856964400396,0.7740583518591274,-0.08723154043992387,1.0116774815959133,-1.0496231987200897,-1.0208041804356516,-0.08496844156839091,-0.029025455153501134,-0.20013086684334078,-0.35073639824279185,-1.0494696116542248,-1.0886176485826387,-1.217024265053059,-0.20943200668659037,-0.713725618324921
135,97_Normal_0.mat,Normal,0,-0.1836277384945945,-0.40899464258591284,0.4419042130680816,-0.20962435709804594,0.6053437374242355,-0.7811310870965376,-0.8646795692641551,-0.20722685830734514,-0.18042703787125472,-0.30727358367005053,-0.3448605002349438,-0.8515970850490876,-0.8255932509880207,-0.8503328972501871,-0.3973950832118669,-0.6508739620660885
136,97_Normal_0.mat,Normal,0,0.03145576500857261,-0.017859760462767067,0.5311156592202332,-0.03522580912952473,0.6435433516611978,-0.7671632893820176,-0.6811501061317051,-0.03246327898306623,0.034951083770784215,-0.023995311111987525,-0.3026548419642223,-0.7096887029100791,-0.8327411746043644,-0.8998409394232506,0.07448962742291465,-0.5874419754423383
137,97_Normal_0.mat,Normal,0,0.3152672915538099,-0.40845638357381703,0.8141261796089516,0.20354929927766913,0.8926102724298172,-0.7671632893820176,-0.6811501061317051,0.20573406362001978,0.3178702071282611,-0.15819043475876782,-0.27389228056338705,-0.7156489152995267,-0.8868152037911118,-0.9813950964184891,-0.1559498493986637,-0.601810139067564
138,97_Normal_0.mat,Normal,0,0.1704273638277405,0.3922936067544402,0.8061091645353076,0.08046364326518833,0.9659173557256981,-0.8928734688126979,-0.797413114450904,0.08274158675958374,0.17323986225635826,-0.278666608330227,-0.3092137636178559,-0.8638845685026828,-0.9780098919906983,-1.0859092267643264,-0.3330688129298368,-0.6501560587711835
139,97_Normal_0.mat,Normal,0,-0.1040052390646431,-0.015527304743683492,0.7453485857987088,-0.14572200008562758,1.0530564933329971,-1.003678192404815,-0.9709771768702803,-0.14290205979855694,-0.10033599174858011,-0.16316186567127475,-0.35734646567466594,-1.0976331716290222,-1.0499854993767848,-1.1431578840321732,-0.14428663573688616,-0.7154325570358853
140,97_Normal_0.mat,Normal,0,-0.27679649155329555,-0.14695221353047458,0.5419736721396371,-0.28341510445155543,0.8392283487216986,-1.1681878099313845,-1.1038491863779363,-0.28058148668381894,-0.2729789097323348,-0.2750132749947007,-0.3723878931566215,-1.0699606499905283,-1.1423249278571743,-1.2988199879355065,-0.34348179246618926,-0.7196204046495825
141,97_Normal_0.mat,Normal,0,-0.015012455200449658,0.23871036863636086,0.6604753152681295,-0.07338276329798199,0.8349056289972799,-0.6724926604280484,-0.7434338605884188,-0.07075796762803273,-0.011649872806520467,-0.43520209453969844,-0.33105934532399894,-0.9077442444497607,-0.7867264388383991,-0.7733814352881272,-0.5984759961393225,-0.6581735954670438
142,97_Normal_0.mat,Normal,0,-0.1485766939169173,0.08064163875081416,0.5034779828940046,-0.18158899063627568,0.7041595134641776,-0.6724926604280484,-0.7434338605884188,-0.17876839830554997,-0.14487262333644813,-0.23215598553893188,-0.33610229574659134,-0.8819194599963907,-0.7542115036935149,-0.7297164651829393,-0.2631736996376796,-0.6328084921754102
143,97_Normal_0.mat,Normal,0,-0.5513155977985722,-0.3261924645584672,0.10871792700883108,-0.49467177903065457,0.37381275588631613,-0.9059036084031747,-0.9643335763948976,-0.49196020965679194,-0.5474565038819749,0.21313403689202376,-0.37307844470604223,-0.8919499261788375,-0.8566354314503856,-0.8879650544447684,0.6811291490162692,-0.6385141823869348
144,97_Normal_0.mat,Normal,0,0.3823533963670008,-1.1915335363382533,1.0224699952673941,0.2614278415081989,1.1335630792834779,-0.8370022779546178,-0.7625342119551445,0.2601492920273703,0.3809161992013445,-0.510435284333532,-0.28325651533858864,-0.8689090480316143,-0.9737731856543937,-1.0780272235340806,-0.6494350373239846,-0.644231631973162
145,97_Normal_0.mat,Normal,0,0.2717526618803961,0.27513256178819506,0.9508676826135369,0.1663010324015247,1.0848062366724638,-0.8370022779546178,-0.7625342119551445,0.16875007100926478,0.27469496913607827,-0.4040573923750955,-0.3022166990122351,-0.9102716983686673,-0.9617979308503641,-1.0488691983259455,-0.5125804198192266,-0.6611015651264822
146,97_Normal_0.mat,Normal,0,-0.3980176676093342,0.785132975749224,0.3316444635109851,-0.377836205909617,0.5730898705121025,-1.18930117586529,-1.1121536869721649,-0.3765936264668954,-0.39617042353629034,0.04442610161875597,-0.37650329519934983,-0.9725162631517299,-1.1260019051120251,-1.2943099452156357,0.2821167774754522,-0.7000990383780986
147,97_Normal_0.mat,Normal,0,-0.4450989178831506,0.02089488840815033,0.2773203824542377,-0.41402451540048013,0.5057726798964366,-1.1660215130077565,-1.1113232369127422,-0.4110664633491065,-0.4409933772516688,-0.40311758050578744,-0.3796309275375267,-0.9648335845041551,-1.098664720940231,-1.2525542740742714,-0.6091842405461037,-0.6992457088660047
148,97_Normal_0.mat,Normal,0,0.23312513630668744,-0.1317015415210865,0.8906076461735143,0.13342991509007754,1.0332666051265367,-0.6911163907140754,-0.7085549580926593,0.1360592433049011,0.23630786110818547,-0.6907560298838846,-0.2985716837306414,-0.8873897243412217,-0.845297334361679,-0.8713759515377013,-0.9418772762285761,-0.6403225450107114
149,97_Normal_0.mat,Normal,0,0.0958912568644403,0.1989689115766009,0.6953039949499225,0.018121322322835524,0.8311498737853618,-0.6911163907140754,-0.7085549580926593,0.020746786758444394,0.09917249101887296,-0.45205371377651205,-0.3067531916121311,-0.8237024294494193,-0.8076881396519024,-0.8300971360412871,-0.6085201796496624,-0.6205158418003143
150,97_Normal_0.mat,Normal,0,-0.38344478942933236,0.0602775061265129,0.2745681530187568,-0.366580094885014,0.46332876455003064,-1.103942412054334,-1.0382436316835313,-0.3636556835222596,-0.37943001756477607,-0.24960772881598334,-0.3714917662956152,-0.8891492400083256,-1.0486131104854954,-1.1907623026136906,-0.29820929092480414,-0.6857392249075328
151,97_Normal_0.mat,Normal,0,-0.0012876577178624494,-0.9671692381295403,0.5948193109934394,-0.062140222407840916,0.7228942776255859,-0.5545423686165457,-0.7334684598753446,-0.061923417990206946,-0.0008703127735407909,-0.9996201136051157,-0.3207159656693073,-0.8192183363394523,-0.6836123196108218,-0.6379568641090563,-1.5255759028941047,-0.6299695108494
152,97_Normal_0.mat,Normal,0,0.07821349487131093,-0.4098917409394065,0.7667928849891374,0.0034351416353302403,0.90511686841468,-0.5545423686165457,-0.7052331578549679,0.005720310092524222,0.08109803980083696,-0.5761828422765051,-0.3226601599864733,-0.9215288419708858,-0.7204515150742153,-0.6646648500972347,-0.8082852428269317,-0.6607763277132739
153,97_Normal_0.mat,Normal,0,-0.22881639162761921,-0.17583878051296423,0.5261033600688684,-0.24554674167152005,0.7594704115805977,-0.8695938059551648,-0.8738145199178069,-0.2427581080454799,-0.22509179793454384,-0.12180870440113667,-0.3623454340952234,-0.9982230624022586,-0.9104534759827988,-0.9444524261298188,-0.06235094690215918,-0.6975485595569381
154,97_Normal_0.mat,Normal,0,-0.5089677208604942,-0.27936393050610875,0.012418053593294764,-0.46268347176593116,0.21273092482999914,-0.7407796714768131,-0.8073785151639785,-0.4599109796017751,-0.505058148846013,-0.6501749091439073,-0.3544111129082805,-0.7221686118316201,-0.6985773428696872,-0.6900846202807696,-1.1343293653321842,-0.5750914401395356
155,97_Normal_0.mat,Normal,0,-0.2805601026120386,-0.18866728696792082,0.19475600389645956,-0.2863736441392036,0.31856850625267774,-0.7407796714768131,-0.631323102566334,-0.28357660918598443,-0.27678620212921057,-0.580713943199773,-0.3297645517193283,-0.6717846917626256,-0.7407694071877973,-0.7692456827700688,-0.9143067536196061,-0.5653405966320195
156,97_Normal_0.mat,Normal,0,-0.12533467241847676,0.12639365477898037,0.6027362212951477,-0.16291624007168493,0.8148725966901577,-0.7429459684004409,-0.6512539039924824,-0.1601316654866619,-0.12169303851762557,-0.09196839200108971,-0.34584710787406997,-0.9668020447684716,-0.8284634964774152,-0.8225267511133164,-0.019474345838308215,-0.6720486841513986
157,97_Normal_0.mat,Normal,0,-0.29378335894944024,-0.7368840907877702,0.45691497573809503,-0.29675460224367645,0.7137986937786639,-0.9394327945277651,-0.9319460240774063,-0.295340865209209,-0.2917623904145767,-0.18344475071738497,-0.36579569454022715,-0.9946981504348164,-0.9515705377093333,-1.011020288222251,-0.1721171118398601,-0.6905092756395723
158,97_Normal_0.mat,Normal,0,0.015376075786111965,-1.043512308011833,0.70474126033947,-0.048459347021982825,0.87500779377253,-0.9394327945277651,-0.9319460240774063,-0.04867041328942667,0.015268023282387832,-0.8015682775713259,-0.33491901492642173,-0.9228140064079923,-0.9953378550120959,-1.0987093467897466,-1.1928939433876617,-0.6777912312625234
159,97_Normal_0.mat,Normal,0,-0.018702829030162887,0.8616554653022153,0.7241503646243884,-0.07640177308718439,0.931926879389927,-0.9968559629096807,-0.9485550252658633,-0.07566177392345472,-0.01764080254792043,-0.3372371232964031,-0.3408342467609804,-0.9814021887378108,-1.0414701186354327,-1.1576844364935055,-0.43698008331232663,-0.6863705446644003
160,97_Normal_0.mat,Normal,0,-0.20787513314803832,0.8578876522175426,0.5331631886026842,-0.2289306604147926,0.7715151531962833,-1.0030638730050225,-0.9518768255035542,-0.228093869516943,-0.2066208059717302,-0.003915406909433858,-0.3585072702175354,-0.982410974554068,-1.0142308549866015,-1.1140440002314933,0.1490244706078113,-0.689579558562966
161,97_Normal_0.mat,Normal,0,-0.2554674555649837,0.07319572241681867,0.45458142956092973,-0.2666158549963709,0.6694418903020654,-1.0403113335770764,-1.0257868807921884,-0.2637480355360455,-0.25162264348898344,-0.5050346291209693,-0.36432747829769957,-0.9482681435686232,-1.0295120410025003,-1.1466274869696567,-0.7670018647526843,-0.6969010524375993
162,97_Normal_0.mat,Normal,0,-0.12650731063566723,-0.34431385129903463,0.5808707785882955,-0.1638599240144678,0.7957708674357789,-1.055831108815432,-1.0183128302573827,-0.1613528623946529,-0.12320941106763952,-0.763954536167621,-0.3514933161992458,-0.9438940521351147,-1.0625779882501534,-1.2000844160182882,-1.1879169434016852,-0.6900664527627289
163,97_Normal_0.mat,Normal,0,0.07185118233597197,-0.27954335017680726,0.7783511599097949,-0.001841143368022311,0.9717142119170489,-0.9912623722141306,-0.9327764741368291,0.0006924542388464669,0.07503956766739192,-0.4445474496481656,-0.33221512583640794,-0.9409701268832585,-1.0460874997798908,-1.1746387911138743,-0.6003605140727044,-0.6867404458586811
164,97_Normal_0.mat,Normal,0,-0.005805233258095663,0.5945892854672139,0.7069599106970312,-0.06584329337831475,0.9185510958332613,-0.9912623722141306,-0.9784512274050857,-0.0640391532382983,-0.0034502673831391787,0.04669165218273848,-0.3388119865392756,-0.9485538717486702,-1.034479772705371,-1.154437343740705,0.19665459377699704,-0.6842208036488336
165,97_Normal_0.mat,Normal,0,-0.08487345171603958,0.11912715811568306,0.5729346354997662,-0.13025205763547054,0.7718207225177574,-0.7066361659524305,-0.8115307654610927,-0.12747944379133022,-0.08127725105036747,-0.6346342354457025,-0.3335012444404954,-0.888314724757294,-0.7948381990663959,-0.7917444697479564,-0.9496711971984966,-0.6444964790396562
166,97_Normal_0.mat,Normal,0,-0.037680652671648336,0.05381839798135996,0.6321201145727352,-0.09190081525568314,0.7942801322537634,-0.7066361659524305,-0.8414269676003152,-0.08911655871263617,-0.034106024027636794,-0.4402469107903312,-0.3354811258000392,-0.9015505313441421,-0.8067887428317607,-0.8067866710628472,-0.6103757888495261,-0.6650786815996935
167,97_Normal_0.mat,Normal,0,0.3481709859343468,0.7540933727183505,1.1789539647161893,0.23186826104334698,1.3775869422474902,-0.8407205524020811,-0.8472401180162754,0.2329265251139369,0.3494461179823566,0.40325426391099983,-0.31854136454140947,-1.0652429731681554,-1.0017205813008192,-1.0733024851801485,0.6355898352813631,-0.7223946929160131
168,97_Normal_0.mat,Normal,0,0.22451611415872602,1.1807533496398368,1.016537001043556,0.12612867993534424,1.2223921863673182,-0.8407205524020811,-0.8472401180162754,0.12497237306736743,0.22324081091207987,0.23920889616994662,-0.32235493396971415,-1.0287902320036515,-0.9754495493452722,-1.040396783271797,0.44066221507714837,-0.6997393931659468
169,97_Normal_0.mat,Normal,0,0.026288143879705447,0.4872066125540473,0.7193210200237434,-0.03948219093411166,0.8873867151190452,-0.8717601028787927,-0.789108613856676,-0.037372005344205005,0.02899566563292492,-0.11866707277704885,-0.3331821755493023,-0.926742287228059,-0.9472913465723647,-1.0217694413145493,-0.07835039538861857,-0.6765322092916268
170,97_Normal_0.mat,Normal,0,0.2937957118576317,0.18443591825000635,1.037753961478126,0.18514084230841313,1.2222011713161385,-0.8717601028787927,-0.789108613856676,0.18769523103323454,0.2968448907923873,-0.09768155983858973,-0.3129085489627925,-0.977895772429487,-1.0010838685901313,-1.09421923565667,-0.06765406698136575,-0.6946940019087211
171,97_Normal_0.mat,Normal,0,-0.013303742175078516,0.9495711039445739,0.7151648155871233,-0.07198434101515538,0.9394176414479404,-1.0455815855483754,-0.9867557279993145,-0.07168440209372735,-0.012781277128028972,-0.20283898986120497,-0.3431362047065565,-0.9657288669665373,-1.0764037258160406,-1.2169649572771752,-0.2142495528575152,-0.6947909894484461
172,97_Normal_0.mat,Normal,0,-0.2160076135849433,0.04942261604924237,0.4880174742906213,-0.23538983308392375,0.7237174683468881,-0.8416582105261244,-0.9311155740179833,-0.2325299998748962,-0.21220298359214815,-0.3984754448891133,-0.3542379855857803,-0.9410463581613057,-0.8816744195289852,-0.9141381254846491,-0.5647032290905118,-0.6732110623752682
173,97_Normal_0.mat,Normal,0,0.2483706862429037,0.3845785609143967,1.0701213674722578,0.14638174535411605,1.2955279860317264,-0.8416582105261244,-0.9311155740179833,0.14864206817043688,0.2511082971960061,-0.22941291960863358,-0.32492769564076296,-1.0586979177477496,-0.9849146334197654,-1.047907307097366,-0.25795344587930047,-0.713824690324965
174,97_Normal_0.mat,Normal,0,0.016726837231006243,0.9596186055037008,0.8243909409836758,-0.04734888953327182,1.0694582038449658,-0.9291832712607081,-0.8671709194424236,-0.0471144397448764,0.017160207207087066,-0.06433777995174261,-0.3433905350572922,-1.0499834067517488,-1.0078065025434504,-1.0869579875565223,0.011270507753196274,-0.7037999082670725
175,97_Normal_0.mat,Normal,0,-0.4327087599690921,0.5020087353866899,0.37630689789438293,-0.4045272587694361,0.6779814577239653,-0.9291832712607081,-0.8671709194424236,-0.40226836209944794,-0.42952328920419636,-0.08521404028233763,-0.3793818663267828,-1.063668408800425,-0.9285498005848256,-0.9558206567555181,0.030623183392563237,-0.7016239634514485
176,97_Normal_0.mat,Normal,0,-0.03668783535140854,0.05677882254788865,0.7066413395854091,-0.09109107971913505,0.9218113604731947,-0.6762109348755119,-0.7235030591622705,-0.08830816369546436,-0.033115606885960006,-0.28140977497184677,-0.33856689575780546,-0.9821993549038035,-0.7987819803019958,-0.7708448969516752,-0.3450408353863037,-0.6749315895599554
177,97_Normal_0.mat,Normal,0,0.5299720245765497,-0.47340630436674275,1.2786308790008902,0.39072185501945617,1.4063198779209174,-0.6762109348755119,-0.7044027077955446,0.39265296919104786,0.5321383098546311,-0.3850160771161829,-0.2842922131700216,-0.9793153943792731,-0.903803605652037,-0.9389415874518312,-0.46122912627496926,-0.6883759342316486
178,97_Normal_0.mat,Normal,0,0.2508072277508028,0.25001380789037847,0.9883519342701269,0.14845433663016955,1.154943273446796,-0.9440887270992712,-0.8945757714033776,0.1509490166279375,0.2538184081844036,-0.22415805499534977,-0.3184577754092348,-0.9718338682586638,-1.04499528172393,-1.1655834422978952,-0.2502197058399299,-0.6975869063116861
179,97_Normal_0.mat,Normal,0,-0.23413991052744118,0.7927583117539183,0.4468040803453285,-0.24976220781538983,0.6549675540078026,-0.9161531316702315,-0.8796276703337667,-0.24861903009269526,-0.23248893515008515,-0.4435123694853959,-0.3564320840132264,-0.9150408185352336,-0.9316073443984624,-1.000002463438729,-0.6499756352445278,-0.6747453775909772
180,97_Normal_0.mat,Normal,0,-0.0358426966257383,0.16792930854572746,0.6695323703477633,-0.09040169502780307,0.8823956817891229,-0.9114971990987246,-0.9045411721164521,-0.08768854105244976,-0.03235656659967883,-0.6360405961145721,-0.33881703957734044,-0.9407795549309454,-0.9683062828072017,-1.0514580215523348,-0.936860838327537,-0.6759270717245142
181,97_Normal_0.mat,Normal,0,-0.046296583067952396,-0.5439182349513282,0.6880922782278185,-0.09892285661273706,0.9134141947815925,-0.9114971990987246,-0.9045411721164521,-0.09693458336625885,-0.04369199588910077,-0.36883232464800053,-0.34446128941077986,-0.9726241267224143,-0.9715461461257867,-1.0485288911860045,-0.4921143335490996,-0.6902146901647825
182,97_Normal_0.mat,Normal,0,-0.07967458832864492,-1.2337868687877944,0.5984542634543221,-0.1260405356978056,0.8003389898637616,-0.6172357889697604,-0.6803196560722818,-0.12739944100697448,-0.08117852940504623,-0.36047835500585496,-0.3351930170972496,-0.9109966974444172,-0.7320638842463578,-0.6861885614093091,-0.48189778477826595,-0.6499216707951451
183,97_Normal_0.mat,Normal,0,0.3073919554626423,-0.6170317507610451,0.9348025787290596,0.19679091332922133,1.062618374906743,-0.6172357889697604,-0.6803196560722818,0.19839362214959969,0.30932210171900554,0.08504365996746037,-0.29425888277483914,-0.8552942450528717,-0.800057899848281,-0.8093175256556908,0.19384482574993342,-0.650717131402047
184,97_Normal_0.mat,Normal,0,0.43566026475323016,0.29101120264502883,1.0305294241272653,0.3078103713544026,1.1205507737233635,-0.8236487996398899,-0.7982435645103272,0.31016134021496766,0.4383696530062161,-0.03712238480904632,-0.2792242199429602,-0.8213854572362729,-0.9655739311916927,-1.0768973195455485,0.003739898228963548,-0.6511421567778057
185,97_Normal_0.mat,Normal,0,0.42004730336642637,1.0592862325768226,1.1232633871788025,0.2941895192257093,1.2662753722153008,-0.8236487996398899,-0.7982435645103272,0.29369401263202644,0.41950330519058854,-0.1874305225708832,-0.29101037438707633,-0.9344337113263014,-0.9808172588548225,-1.0728643224486927,-0.20025343525730543,-0.6737987020521957
186,97_Normal_0.mat,Normal,0,0.40302256623087646,0.374620769190619,1.2357560883019343,0.27937096584045457,1.4159615270866976,-1.050237518119882,-0.9867557279993145,0.2815832557582053,0.4055962466796838,-0.15856118916799028,-0.31469674457081803,-1.0657599833173528,-1.1559876278825096,-1.3217746650524393,-0.16011562517282052,-0.7268432266987243
187,97_Normal_0.mat,Normal,0,0.17584266708937207,-0.4892849452235768,0.9133863884290055,0.08501947335480285,1.0842550820327705,-1.0548934506913885,-0.989247078177583,0.08706703731076333,0.1783778698987138,-0.2796208198562246,-0.3270681770701684,-0.972865328469793,-1.1135776873549577,-1.2744638125889962,-0.3343465410691727,-0.7004917274440189
188,97_Normal_0.mat,Normal,0,0.11482717117188154,-0.20185463276427418,0.7845608086729807,0.03389509062859418,0.9707097664327028,-0.7444979459242765,-0.6512539039924824,0.03651225624796301,0.11808433323317342,-0.31256781274463324,-0.31233922561795896,-0.900902243835924,-0.8646152714142838,-0.8980916506004468,-0.3878732256227178,-0.6422989860424116
189,97_Normal_0.mat,Normal,0,0.32353091826169894,-0.16686779697802967,1.1142674814582672,0.21064905160413483,1.3356082913390162,-0.7444979459242765,-0.6512539039924824,0.21320984175822127,0.32656522812296535,-0.4905802661449765,-0.3053516536110771,-1.0253732439236267,-0.9235148364316333,-0.9580447993254425,-0.630323336746623,-0.6835495741405737
190,97_Normal_0.mat,Normal,0,-0.05255940809464252,0.5291011056621917,0.6595511655096474,-0.10402140921219442,0.8391689437927513,-1.070413225929744,-1.00585607936604,-0.1019950009214311,-0.04990412827626466,0.0042915735653965455,-0.3483776923597864,-0.9483418598680987,-1.0862513280441848,-1.2365917123630341,0.13487870076495206,-0.7007104685266904
191,97_Normal_0.mat,Normal,0,-0.23237582512893226,0.15151240867679722,0.3959487623527023,-0.24836568785566296,0.5484202859537106,-1.0278955133863918,-0.9601813260977833,-0.24555622105315608,-0.22862227399124688,-0.20433384755987596,-0.3569736624005651,-0.8546473594686966,-1.0096366177699148,-1.137702393117375,-0.2126749281680836,-0.6777944769730587
192,97_Normal_0.mat,Normal,0,0.06674945224091786,0.865871827563635,0.7502972716454918,-0.006068450943866061,0.9213348166110469,-0.6079239238267473,-0.6130532012590312,-0.0053848963324881205,0.06770923528660676,-0.09646311522095796,-0.3188182469250987,-0.9161369255629986,-0.7566700109716648,-0.7234933545308914,-0.04594149422192375,-0.6456042328788517
193,97_Normal_0.mat,Normal,0,0.21949732832668545,0.9915553068880675,0.8432526548213947,0.12187647014672218,0.9688570261551728,-0.6079239238267473,-0.6130532012590312,0.12185199982006249,0.2195586715307376,-0.044817552732928506,-0.2939289189691815,-0.8510800491327268,-0.7753792270705772,-0.7718777807894776,0.017659812192180428,-0.6228762046852564
194,97_Normal_0.mat,Normal,0,-0.3961810275475038,0.32554948925452704,0.2535726127085528,-0.37641901149171764,0.4458980417035753,-0.8562403276404369,-0.8372747173032009,-0.37377247142832454,-0.3925163435077804,-0.2669675759529005,-0.36365866784275847,-0.8794511451957677,-0.8464105757926308,-0.8753070587499469,-0.3326964392817033,-0.6515041982595962
195,97_Normal_0.mat,Normal,0,-0.3737568666345303,0.17528551504437362,0.3874593138728578,-0.35908277302773695,0.6246362624020637,-0.9440887270992712,-0.965994476513743,-0.35623748443738357,-0.36985157441633343,-0.36808923438793856,-0.37710910114218366,-1.0081283938392112,-0.9423559918237775,-0.9927876562976524,-0.5290913098386105,-0.7100135129463973
196,97_Normal_0.mat,Normal,0,-0.08550665991656745,0.29917479766181937,0.682090241907096,-0.13076478460564847,0.911746412177402,-0.9440887270992712,-0.965994476513743,-0.12820001252494972,-0.08216648309597896,-0.22829675491474533,-0.35503368940694313,-1.009395641487974,-0.9949661624706271,-1.0765835444434653,-0.25638056682466254,-0.7129189915522389
197,97_Normal_0.mat,Normal,0,-0.48507375298574873,1.2276715935275444,0.19963170312115625,-0.4445380070797197,0.4314800998325364,-1.108598344625841,-1.096375135843131,-0.4457093692555075,-0.48636313338503345,0.23451452474493234,-0.378742951080872,-0.9210679895397259,-1.039236917807613,-1.1685009518706841,0.697854318846623,-0.6819869984899319
198,97_Normal_0.mat,Normal,0,-0.19945976448126718,0.6680616406183282,0.41097629386405443,-0.2222382991392395,0.5669567133642738,-0.9689203674806406,-0.9709771768702803,-0.22060839309750815,-0.19721236544828125,-0.5049944078860501,-0.34518672510451615,-0.834107415523017,-0.9661518080123266,-1.0746730179065662,-0.7542080278825757,-0.6467104163245319
199,97_Normal_0.mat,Normal,0,0.0855205057368504,0.2850006436766233,0.8112881466100073,0.009500969029930806,0.9948008210098286,-0.9689203674806406,-0.9709771768702803,0.01201594958838033,0.0886765449165025,-0.530755685270726,-0.3290502050892826,-0.9615429275351719,-1.0349049550945353,-1.1520018750683378,-0.7346057621103225,-0.6814148527309162
200,97_Normal_0.mat,Normal,0,-0.1146020746436651,0.4974335337838735,0.6468695146524004,-0.15427134647784554,0.8619700393830159,-1.0341034234817341,-1.0033647291877714,-0.15212944360835765,-0.11176523397979003,-0.23480569680028104,-0.3542181181461967,-1.0032948554986125,-1.0568467634975685,-1.1769892702005589,-0.2676479914778768,-0.7021759557353328
201,97_Normal_0.mat,Normal,0,-0.1801640802693852,-0.05580702081553979,0.4010848408019824,-0.20686065407304494,0.5293125563782809,-1.0098861025001573,-0.9244719735426006,-0.20401663814566967,-0.17640667267186838,-0.3750026968994014,-0.3437958036683406,-0.8003995353582943,-0.9964334681079692,-1.130010326513166,-0.5178213061858303,-0.6485310538283409
202,97_Normal_0.mat,Normal,0,-0.39525586684144287,-0.07186508134307235,0.252682983998511,-0.3757049797808718,0.4354267528429805,-1.0098861025001573,-0.9244719735426006,-0.3727790433726566,-0.39123011700649013,-0.3884404500148043,-0.36741949118930584,-0.8773106228730482,-0.9694036834492572,-1.0690881147188482,-0.5719736629069868,-0.6664473432003551
203,97_Normal_0.mat,Normal,0,-0.40848225558027657,0.8472121818109712,0.3636666700828378,-0.38590306346972647,0.6183845143850615,-1.025405877738513,-1.0357522815052627,-0.384934945304561,-0.4069868636166972,0.11355850102925463,-0.3808465909703688,-1.0212940089778113,-1.0019630867480833,-1.0847908379099638,0.42212434189818454,-0.7138741570900146
204,97_Normal_0.mat,Normal,0,-0.3984733015773086,0.9813283856582422,0.42966491262037104,-0.37818771993467815,0.7667055353855133,-1.025405877738513,-0.9369287244339434,-0.3778977979883328,-0.3978603579661991,0.21878968936761345,-0.3761276615674596,-1.0840702444011299,-1.0136002783249778,-1.0876988747191545,0.6271635774019496,-0.6981480235278997
205,97_Normal_0.mat,Normal,0,-0.32172909453145215,-0.3048415237453226,0.459067545158209,-0.3186232106978655,0.7479848607536717,-0.8028587724302355,-0.8846103706903037,-0.3159659758092419,-0.3181034701854846,-0.5699575755717488,-0.3648859059169656,-1.0290452076054863,-0.8459377943715269,-0.8326705227038248,-0.9067042881166164,-0.6793489575218925
206,97_Normal_0.mat,Normal,0,-0.005996363177974214,-0.31318453843281174,0.7084975281527818,-0.0659999082043666,0.8888889730459583,-0.8028587724302355,-0.827309316590127,-0.06348757031115937,-0.0027775643464788276,-0.5453309595665164,-0.33986599793224176,-0.9504396606632995,-0.893852862720115,-0.9309050090588021,-0.7784884369295922,-0.6876182803739896
207,97_Normal_0.mat,Normal,0,-0.3378107702649641,-0.2026620212824183,0.3959186793560374,-0.3311644881374794,0.6615032850609739,-1.047133563072211,-1.0216346304950743,-0.3283591878475695,-0.33398370627365,-0.2826493210148561,-0.3673268121071832,-0.9762455146644273,-1.0247124351658263,-1.1322431181446697,-0.3606668592725092,-0.6836270113196032
208,97_Normal_0.mat,Normal,0,-0.47995647900577376,-0.26770165191069367,0.19021366683105145,-0.44064279818492796,0.45668985136186746,-1.0589350638631032,-0.9917384283558518,-0.43786429369564706,-0.47605994140487434,-0.11769354329102026,-0.37086076837119225,-0.903816612833418,-0.9973567601532602,-1.1065490835844694,-0.02954611287875903,-0.6530027060560558
209,97_Normal_0.mat,Normal,0,-0.19127965249511042,-0.4132110048473319,0.5449083625992642,-0.21572473447279097,0.8033336474348346,-0.9922000303381736,-0.9560290758006688,-0.21333356117795552,-0.18808170536392324,-0.5288094634502261,-0.35315176213210003,-0.9767520328283894,-1.0079194604851542,-1.1053854339665332,-0.7947801126448613,-0.6766912289936123
210,97_Normal_0.mat,Normal,0,-0.00399488755031648,-0.6650265126729441,0.8055001312024371,-0.06435964664643458,1.0652027674533266,-0.9509109565944058,-0.8771363201554979,-0.06279025902368224,-0.0019272296623769724,-0.8639590195898382,-0.3425865882411228,-1.0524488149702977,-1.0206914226885713,-1.1070635338518076,-1.3028407106168851,-0.6961299119616376
211,97_Normal_0.mat,Normal,0,-0.2621992964280567,-0.05544818147414229,0.4940249357162643,-0.2719240134001936,0.7496982878725886,-0.9509109565944058,-0.8945757714033779,-0.2690462012962752,-0.2583366873303317,-0.49346500367060525,-0.3608191653830388,-1.0003045411217717,-0.9671982528638697,-1.0345201563513222,-0.747188868074737,-0.6824973289846976
212,97_Normal_0.mat,Normal,0,-0.41236278934949006,-0.8805992470174214,0.3264442745431714,-0.3888910578254264,0.595738006352303,-1.122566142340361,-1.0614962333473712,-0.38806662306957607,-0.41105260735193877,-0.6510066103514144,-0.3740283875398495,-0.9832595371095719,-1.0722875466462933,-1.2063442117431913,-1.097182210791192,-0.6860457714071028
213,97_Normal_0.mat,Normal,0,0.20438660358135272,-1.0618131144230993,0.940568893716944,0.10909235775105869,1.1319716618810611,-0.8050250693538634,-0.7467556608261103,0.10869408768545723,0.20401032126844706,-0.32478070571206913,-0.3155063832057377,-0.9710398803950836,-0.9369361986135838,-0.9938749824050995,-0.4013660587492845,-0.676139479319747
214,97_Normal_0.mat,Normal,0,0.36361647341563036,-0.5081240106469395,1.109426793121205,0.24520722260193634,1.2661695375691548,-0.8050250693538634,-0.7467556608261103,0.24712040580614975,0.36587202310611666,0.1203701599074538,-0.30013406324564385,-0.9787991964022109,-0.9654199384041375,-1.0372017956816344,0.23267647084267146,-0.681259627068685
215,97_Normal_0.mat,Normal,0,-0.21684724105731412,0.5519771136762749,0.4386973098082614,-0.23605624188840632,0.6293696809119427,-0.930735248784544,-0.8596968689076182,-0.23402952735621846,-0.21409099117544306,0.19258122190291485,-0.3472863204098154,-0.8859809678945705,-0.941448278602939,-1.0229705080460294,0.5067033566417658,-0.6486041811310308
216,97_Normal_0.mat,Normal,0,-0.23117363080509148,0.604995626367738,0.4520348421490013,-0.24741376532430728,0.6765192373697612,-0.930735248784544,-0.8505619182539669,-0.24554995540981947,-0.2286143662608362,-0.09131614010751139,-0.35085414293535333,-0.9175991346898921,-0.9439157762567165,-1.0187788661483361,-0.006374116913746112,-0.6564443907677666
217,97_Normal_0.mat,Normal,0,-0.07332747458265512,-0.2879760746996456,0.6161861891973848,-0.12089435673893797,0.7983237281692946,-0.9627124573852981,-0.8854408207497264,-0.11831218723531184,-0.06997462641427751,-0.48273165010500424,-0.34146407155096875,-0.9236040019142417,-0.9977192439624906,-1.102279157557022,-0.688277092826767,-0.6732239076834315
218,97_Normal_0.mat,Normal,0,-0.24438698509033,-0.04674632744525567,0.4056725454382944,-0.2578666802011345,0.5676625096829759,-0.9959183047856374,-0.944402774968749,-0.2549937718527788,-0.24054418607482417,-0.7746783226180856,-0.3546115688722488,-0.8797152886199867,-0.9863161664697454,-1.0950651750976717,-1.2593124687134758,-0.6659196420658168
219,97_Normal_0.mat,Normal,0,-0.5019438675782179,-0.8959396288621593,0.25491593187716716,-0.4573566823383883,0.5439661738951694,-1.0455815855483754,-0.9701467268108576,-0.4565714898342114,-0.5006569718168011,-0.5690242669197033,-0.37894687550027173,-1.0057673280850266,-0.9984263942435265,-1.0830269034181081,-0.9639628282913498,-0.6784054010098235
220,97_Normal_0.mat,Normal,0,-0.12321862722988032,-0.9010530894770722,0.6018766718943925,-0.16121292159799855,0.8242652090867391,-0.8205448445922192,-0.8140221156393614,-0.16060625492589956,-0.12228229950155689,-0.058357213262415074,-0.34200087554459063,-0.9634870729382853,-0.8872460840459018,-0.9168842582101946,0.03901542233246777,-0.6593001446463926
221,97_Normal_0.mat,Normal,0,-0.12286810131422052,-0.21109474580525672,0.5003914042460882,-0.16093071164040607,0.6554638331240641,-0.8205448445922192,-0.8140221156393614,-0.15822307074466874,-0.11932381681045635,-0.0063824022508344215,-0.3348927658153392,-0.8492318737604165,-0.867771515922925,-0.9169907728387051,0.12884388538489444,-0.637005358536848
222,97_Normal_0.mat,Normal,0,-0.26678711843034614,0.22220375893208147,0.37561058041833134,-0.2755384082187656,0.5889650958569931,-0.8965917432601613,-0.8298006667683951,-0.2727879279976364,-0.26308256911383443,-0.3210370993377145,-0.34921954036094155,-0.8708672513858461,-0.9027883287956283,-0.9661392054651635,-0.4284462065475948,-0.6397391190053172
223,97_Normal_0.mat,Normal,0,0.1278327112203663,1.278716489841322,0.7363497226061146,0.0447541850451463,0.890120766594358,-0.7227702605905786,-0.7367902601130358,0.04297788888334255,0.125825187231993,0.5233919395314617,-0.30258361904395636,-0.8339935232402558,-0.8393438455476142,-0.8766656355922816,0.9129756441910211,-0.6171424887585858
224,97_Normal_0.mat,Normal,0,0.30519450152791455,-0.10012367947811661,0.8941286824931821,0.19490647390680615,1.0089144847981624,-0.6352451998559951,-0.5640566477530831,0.19752382534763047,0.3083085134109542,0.08272828299777017,-0.27907574771018884,-0.8139644502322321,-0.8052922640681003,-0.8290721664275456,0.19071224325846228,-0.6119056039719285
225,97_Normal_0.mat,Normal,0,0.15807873273218967,-0.6317441637583374,0.8333325993423745,0.07008828656826502,1.0075769430894568,-0.6352451998559951,-0.6454407535765224,0.07170627967764281,0.16011408861595014,-0.8222647598271952,-0.3098523503895703,-0.9066886771909886,-0.793466604737911,-0.7843157115679857,-1.1665072141274064,-0.6480051810892027
226,97_Normal_0.mat,Normal,0,-0.4037901556285453,-0.06352206665558367,0.26839400866977897,-0.38228770960241526,0.5225436749431278,-0.7749231770011954,-0.8148525656987842,-0.3793553274491883,-0.3997495486160095,-0.047146818302349965,-0.3629341053988143,-0.9058397987978861,-0.7844249718258117,-0.7703029080558763,0.1018855279454392,-0.646349515854697
227,97_Normal_0.mat,Normal,0,-0.17169506177095167,-0.5332427645447562,0.43903264607384196,-0.20009692858926983,0.647505659959953,-0.7702672444296889,-0.7525688112420705,-0.19802478359112097,-0.16890930730022663,-0.24710350370280984,-0.33313476556333294,-0.8346210048486876,-0.8165498433645588,-0.8408943760172147,-0.28979836250437696,-0.6150194739346654
228,97_Normal_0.mat,Normal,0,-0.008710716814839262,-0.953174503815042,0.646621462530001,-0.06822361000731454,0.8171184207150001,-0.7702672444296889,-0.7525688112420705,-0.06792999006092525,-0.008197399711693067,-0.7584552168557783,-0.327480599262,-0.8854266187952826,-0.857703596797974,-0.8914245944279484,-1.1316085546569428,-0.648287383518149
229,97_Normal_0.mat,Normal,0,-0.14320833201489974,-1.075807848737597,0.5021095123070732,-0.17728188433740089,0.6894285138175381,-0.7724335413533164,-0.7093854081520818,-0.17761388451210391,-0.143434306971959,-0.7367851677089531,-0.3367124299519477,-0.8742745821854804,-0.8310004690476914,-0.8525302506337692,-1.1488805678743654,-0.63529160742821
230,97_Normal_0.mat,Normal,0,0.19013549133832758,-0.4957440533687292,0.9113122307358984,0.09706106255104734,1.143905020979927,-0.7724335413533164,-0.7093854081520818,0.09908497550739723,0.19263333562332935,-0.5288348689447805,-0.3053371115620506,-0.9554073636613749,-0.9081988281999253,-0.9523384763569567,-0.7103702353765573,-0.6453619548820145
231,97_Normal_0.mat,Normal,0,0.42305921719459105,-0.6433167325184028,1.1593229504677136,0.296814814683062,1.3462720313079493,-0.7314678063337997,-0.8248179664118582,0.2982749934740852,0.4247566750437031,-1.0718253577447663,-0.2879746526723115,-0.9682375580153898,-0.9220107615799115,-0.9708739060456676,-1.410142303408369,-0.6680221017004214
232,97_Normal_0.mat,Normal,0,0.33458620550369433,-0.7038708713792114,0.9414708532165471,0.22016032462578036,1.0630472954806043,-0.7314678063337997,-0.80488716498571,0.22143672086407554,0.33612143214360507,-1.0914390600971866,-0.2865438473546216,-0.833477626096204,-0.8839177653024736,-0.9464122933083579,-1.4821659948082841,-0.6391723239767855
233,97_Normal_0.mat,Normal,0,0.11835620152092534,-0.5334221842154551,0.7402302595565331,0.036839643907465774,0.8848797541352703,-0.9611604798614626,-0.8846103706903037,0.03878858096799952,0.12081062095900556,-0.5103756490597096,-0.3146078355323697,-0.8486469497496194,-1.017515730369051,-1.1514601394367159,-0.6960995283145033,-0.6495409399828567
234,97_Normal_0.mat,Normal,0,0.2375987795850799,-0.24931113566407817,0.9092735811443784,0.1372275472764051,1.051729030505068,-0.817440889544548,-0.754229711360916,0.13973279535485764,0.24063210569508076,-0.6217175666659374,-0.30575591729471013,-0.9025262302604113,-0.9405224598781501,-1.0172872911186575,-0.8384422544937716,-0.6605633405047818
235,97_Normal_0.mat,Normal,0,0.1183846147169483,0.3512065021644402,0.8641475931457111,0.03686335749179786,1.0750640955947752,-0.817440889544548,-0.754229711360916,0.03924804481492445,0.12136077526494768,-0.5013794126134985,-0.32501347838847583,-0.9823970456803743,-0.9326643558703169,-0.9840929576077725,-0.6819711994673341,-0.6791172552597503
236,97_Normal_0.mat,Normal,0,-0.41185040743893275,0.3338027941066671,0.3791035078476245,-0.3884966313703115,0.66753760192038,-1.0967968438349487,-1.0141605799602684,-0.3858588382856469,-0.40818604722045493,-0.22023470037283852,-0.3781351951188709,-1.0426959206831021,-1.0608172360570243,-1.1739475157813288,-0.24045310609911388,-0.7029460388864756
237,97_Normal_0.mat,Normal,0,-0.7130097332281502,0.6145048689147687,-0.040661336174434785,-0.614795329080456,0.23914085851497474,-1.0278955133863918,-0.9543681756818233,-0.6127731968166857,-0.7099784106004394,0.0292110780941136,-0.3856225664562851,-0.9075889108565098,-0.927198224488741,-0.9949753342705214,0.3361391771053435,-0.6391672582213664
238,97_Normal_0.mat,Normal,0,0.02752144458814732,0.04269437839804121,0.6005151069921011,-0.03846666233460929,0.7539622898775081,-0.6864604581425686,-0.7525688112420705,-0.03570704202281779,0.03101624088376253,-0.4447782273292237,-0.30948513855552806,-0.793420631893917,-0.7851027538182944,-0.803409439602973,-0.6075376300958155,-0.6064645736645509
239,97_Normal_0.mat,Normal,0,0.13185765090251703,0.14971821196981006,0.6920788422690469,0.04811903230653356,0.8239047311303318,-0.6864604581425686,-0.6371362529822939,0.050776478800203466,0.13515023652045216,-0.20418803037308056,-0.2972047167840249,-0.7804462428744466,-0.8035588876293456,-0.8356639964870368,-0.21898283119145723,-0.6050191997007042
240,97_Normal_0.mat,Normal,0,-0.08203401982023827,1.0036661346602285,0.46064116424212026,-0.1279522853017414,0.6008557458789031,-0.8081290244015347,-0.8713231697395382,-0.12791381848870675,-0.08181328540458008,0.3067757159465537,-0.32682502426202176,-0.7570279918118265,-0.8503420579032143,-0.9144256262979273,0.6567791212341667,-0.6230332607326821
241,97_Normal_0.mat,Normal,0,-0.053086645225526155,0.9516344301576085,0.5699540839426588,-0.10445041316456533,0.7423227608431442,-0.9897103946902952,-0.9684858266920118,-0.10414444745190943,-0.05254452980868252,-0.02748762631304667,-0.3345257516861644,-0.8492635130666667,-1.0103193366626848,-1.1400529269226873,0.08182287921031631,-0.6565672818359083
242,97_Normal_0.mat,Normal,0,-0.021163643870824794,0.8482886998351629,0.6825034963731117,-0.07841398437268382,0.9090765227122009,-0.7454356040483199,-0.765856012192836,-0.0776101002197063,-0.020022543964876544,-0.3430081538077746,-0.3319170885118116,-0.9387678222713564,-0.8459210016400773,-0.8581288990808297,-0.4467520006220018,-0.6582877372660345
243,97_Normal_0.mat,Normal,0,-0.009775088614907532,0.292177430504571,0.7511804881974661,-0.0690953382150673,1.007954238895608,-0.7454356040483199,-0.7799736632030245,-0.06655108628208437,-0.006514641642726958,-0.13541653498436054,-0.33404051784261485,-1.0007783648777024,-0.8590313083904036,-0.8616309860079815,-0.10314166715552114,-0.6688014824363407
244,97_Normal_0.mat,Normal,0,-0.23038110689933475,0.9031911190689624,0.5076598322755141,-0.24678613180582198,0.7698996152196762,-0.8276904128116045,-0.8239875163524355,-0.2461594462017444,-0.22938363640653084,0.17770223537843655,-0.35381112682791177,-0.9794258470498967,-0.8746926368522593,-0.8925500106052624,0.4849524419939464,-0.6665272710972201
245,97_Normal_0.mat,Normal,0,-0.006940297150251037,0.27764443717797654,0.6290493177130114,-0.06677331692049995,0.788309291294494,-0.8137226150970845,-0.9211501733049091,-0.06420742475688733,-0.003655502489563278,-0.8913540755673991,-0.327428160232848,-0.8639149230774446,-0.8871983205967536,-0.9435134775279337,-1.3487863275658727,-0.6495154384776758
246,97_Normal_0.mat,Normal,0,0.41363906618723056,0.1740295773494826,1.0294129501879374,0.2886075502047189,1.1109725459201445,-0.8137226150970845,-0.8123612155205158,0.29111868350581843,0.4165482707632102,-0.57224945469231,-0.286913474953634,-0.8433402556404307,-0.9583013141740762,-1.0601228602647013,-0.7284022669321181,-0.6632150592001325
247,97_Normal_0.mat,Normal,0,0.6766718710513107,1.2404103901471513,1.4102649096605238,0.5218485430219046,1.50698946399208,-1.008334124976322,-0.9186588231266406,0.5200903916670945,0.6746541195162328,0.05014130620160406,-0.27412232709937373,-0.9624686718959391,-1.1507350273526045,-1.3358250484000413,0.08722277419883127,-0.7027687701169248
248,97_Normal_0.mat,Normal,0,0.08963774545274611,1.069064604629902,0.8571341229233245,0.01292171936087413,1.034961034618441,-1.0185836482433783,-0.9510463754441318,0.012514647795883283,0.08927650156986046,-0.23239871318504124,-0.33899070668348574,-1.0059072753059521,-1.0786102403932665,-1.2111534163364317,-0.26282669367309336,-0.7102157513105267
249,97_Normal_0.mat,Normal,0,-0.1755620142082511,1.1109590977380464,0.702368755062089,-0.20318633157365268,0.9710416493432048,-1.0977345019589921,-1.0988664860213995,-0.20373252851871168,-0.17605098322853913,-0.35768216937405495,-0.3705696470891804,-1.1305170732468517,-1.1134119198428816,-1.2381774558105907,-0.4869197635069047,-0.7390887954478148
250,97_Normal_0.mat,Normal,0,-0.006268178719266929,1.0471754048046615,0.8695642706595399,-0.06622263039568177,1.1344745638963099,-1.0806627491968008,-1.0033647291877714,-0.06646139789707715,-0.006405204237450425,-0.14854205748345073,-0.3539954613653439,-1.122119277423134,-1.1258675806658016,-1.260365438462424,-0.1248008424681331,-0.7296669046000767
251,97_Normal_0.mat,Normal,0,-0.12527923177139902,0.7894390478459924,0.6380378242223353,-0.1628716198942048,0.8731290072860587,-0.8773536935743426,-0.8663404693830011,-0.1617589920903135,-0.12371378388218149,0.03383762919062329,-0.35114983673602657,-1.0055150374210422,-0.9369682314372052,-0.9848639491241129,0.19957476053984216,-0.6887983484805886
252,97_Normal_0.mat,Normal,0,-0.3254851455289425,0.7346263384475423,0.40707306944080335,-0.3215551909461533,0.6524705299675848,-0.8773536935743426,-0.8663404693830011,-0.3201306669819366,-0.3234355510730548,-0.024066400763154538,-0.3634279221560846,-0.9747234225330853,-0.8937822057849326,-0.9242281102807893,0.13323415776117162,-0.6723417079848978
253,97_Normal_0.mat,Normal,0,0.3279732379925193,0.7003571813440922,1.1611692758783876,0.21446914931230937,1.3892981128164055,-0.9859921202428317,-0.9734685270485488,0.2157513729145813,0.32951881439908876,0.014076273131207526,-0.31589659206403875,-1.068198411649559,-1.1007255242686873,-1.2321526786909498,0.08890507587311637,-0.7107794274962271
254,97_Normal_0.mat,Normal,0,0.5368572133473319,0.6693175783132189,1.3792896414045424,0.39681733269696384,1.5814943411657365,-0.9859921202428317,-0.9635031263354747,0.3981220761741564,0.5383121406877345,0.23753868525501956,-0.29922512935254475,-1.0718074014357881,-1.1313875028031588,-1.2807671902830482,0.3514412994165416,-0.723276214763702
255,97_Normal_0.mat,Normal,0,-0.026804762213726165,0.7731118578124115,0.6241963022737672,-0.08302394190333996,0.8242747924304068,-0.7429459684004409,-0.7600428617768763,-0.08188250323611443,-0.025248339556405566,0.4463115092020077,-0.32889019464195485,-0.8806331932200926,-0.8326939293614829,-0.8534274187065709,0.8659072230588973,-0.6473815994694698
256,97_Normal_0.mat,Normal,0,-0.004593522893614471,0.4717765208739602,0.6187495454506519,-0.06485029524532118,0.7836152056385891,-0.7429459684004409,-0.7600428617768763,-0.06268623831174494,-0.0018003910900738242,-0.1015180344962561,-0.3259091215179084,-0.8497936145650935,-0.8316227802565406,-0.860267872438873,-0.04766056544974341,-0.6454629237295383
257,97_Normal_0.mat,Normal,0,0.12766990737266767,-0.33345896122176416,0.8142869439007907,0.04461812276810286,0.9650862183528341,-0.864937873383658,-0.79907401456975,0.0470373492101145,0.13068081562820222,-0.3084402506024904,-0.3255631942300717,-0.9190863134788523,-0.9588319218313375,-1.041959405115048,-0.380737283348671,-0.6832832975049982
258,97_Normal_0.mat,Normal,0,0.03420842953186517,0.6215022360720178,0.7267857167592174,-0.032957207602651396,0.8913993867855673,-0.864937873383658,-0.79907401456975,-0.03126014103499297,0.036409964564441816,-0.015512628977676215,-0.33602038562953285,-0.9261862151717817,-0.943522457837943,-1.0159528143602974,0.0880029200003324,-0.6870929514415128
259,97_Normal_0.mat,Normal,0,-0.01515832914576842,0.9285790024728271,0.6980932093793307,-0.07350213099476352,0.8923923347954413,-0.9099452215748893,-0.9668249265731658,-0.07309302031953786,-0.014501913236201137,-0.2670865372974046,-0.34395366647896475,-0.9491854216665213,-0.9721222806747178,-1.0553832868841426,-0.3205847812856621,-0.6968157393937473
260,97_Normal_0.mat,Normal,0,0.3375953065276276,0.385565369103239,1.106713526473321,0.2227517508292881,1.2868806008010076,-0.9099452215748893,-0.9261328736614466,0.2249704361640539,0.34022215441005815,-0.5285960890504616,-0.3139191365997973,-1.003062521929353,-1.0390719946806386,-1.1486452990338334,-0.682046145648675,-0.7085807115062428
261,97_Normal_0.mat,Normal,0,0.2102802453300187,0.09526434191275739,0.968560649256382,0.11407523176465596,1.1277701575519632,-0.9627124573852981,-0.9543681756818233,0.11673555954310452,0.21351686628057087,-0.4894508757694231,-0.32721499000157667,-0.9940785175199736,-1.0553051127693656,-1.1767179852731844,-0.647301109077502,-0.7101619715044988
262,97_Normal_0.mat,Normal,0,-0.0008657632030264426,0.5107105894155766,0.761075885784741,-0.061794266842880016,0.9635826394863822,-0.9627124573852981,-0.9643335763948976,-0.05973709146785858,0.0017946784448378966,-0.0021865493340233245,-0.34448445311988063,-1.0016738077194058,-1.0221170152112482,-1.1218965388969788,0.11525986910906609,-0.7029175927000849
263,97_Normal_0.mat,Normal,0,0.36480772138444634,0.52255228768169,1.155792050991348,0.24623721334491927,1.3358269781040513,-1.0527271537677605,-1.0050256293066169,0.2481012153795755,0.3670056574745406,-0.13831173315941886,-0.3148154896669564,-1.0247684522064615,-1.1467571266868204,-1.3159469038166067,-0.13015495385058598,-0.7175890001087115
264,97_Normal_0.mat,Normal,0,0.26843826812535543,-0.7756387396586875,1.0650133979133525,0.16347341173403612,1.259564956205659,-1.0527271537677605,-1.0050256293066169,0.16448823425328407,0.26970250302595955,-0.8087262608837376,-0.32618856713286104,-1.0325105834936448,-1.1340196213907168,-1.2938127464943119,-1.1044465111708337,-0.7218401562503198
265,97_Normal_0.mat,Normal,0,-0.10714451512279882,0.6555919735047687,0.6194734782905038,-0.1482561445856255,0.8406889106091454,-0.9409847720515999,-0.9502159253847088,-0.14661914309270002,-0.10493767156415919,-0.7490580105730604,-0.3475414170534093,-0.9649539147839562,-0.981821225321351,-1.0668089230222406,-1.1545018684742696,-0.6824721928774443
266,97_Normal_0.mat,Normal,0,-0.2527169862758743,0.9694866873921284,0.48365415093811037,-0.2644454752080617,0.7253386391361754,-0.9409847720515999,-0.9502159253847088,-0.26415094535806444,-0.2521329810714191,-0.21466211862990123,-0.35964234775091636,-0.9779054635871831,-0.9576525256726055,-1.0250628348788502,-0.23126097941500956,-0.6801670262768552
267,97_Normal_0.mat,Normal,0,0.4885325316903677,0.21709029831716864,1.306673920742729,0.354157675561649,1.4856552543806145,-0.8857279005933126,-0.8223266162335899,0.356588308970271,0.49129382823229273,0.03218357759201369,-0.3000817734445279,-1.0491773384430307,-1.0524905360071108,-1.1590058172496989,0.09024812607419522,-0.7136945986048105
268,97_Normal_0.mat,Normal,0,0.4670007679902639,-0.12775430876571528,1.2059771862920052,0.33524192463882646,1.3410593552625922,-0.8857279005933126,-0.8223266162335899,0.33776953743123206,0.4698885455317981,-0.08405636073238668,-0.2954671898417144,-0.9704247665339504,-1.0373300247648165,-1.153726526377927,-0.06266473883437966,-0.6976511484185355
269,97_Normal_0.mat,Normal,0,-0.3896928135297726,-0.1964720426433136,0.31130578805004067,-0.37140925447042816,0.532327869209944,-0.984440142718996,-0.9419114247904803,-0.36857638079439914,-0.3857916791737833,-0.47181215872252164,-0.37135728824097564,-0.9393192043711095,-0.9600192300528947,-1.038700816685997,-0.7349915030666403,-0.6833061872743674
270,97_Normal_0.mat,Normal,0,-0.07681748766888265,0.37336483149572847,0.5815917539560906,-0.12372463497207715,0.7532951290335301,-0.5203988630921639,-0.6869632565476654,-0.12130103693646031,-0.07365756376865386,-0.8716137424496828,-0.3326644837564818,-0.8889724363740379,-0.6546815644404353,-0.5710574482039483,-1.3502210042578586,-0.6442087785930856
271,97_Normal_0.mat,Normal,0,0.2554632759697453,-0.540240131702005,0.9979129826449663,0.1524169204443846,1.179583286360021,-0.5203988630921639,-0.6869632565476654,0.15428597014660264,0.2577366604891341,-1.0269898193836031,-0.31192186493658297,-0.9768801268193598,-0.7426507974302479,-0.6830360127070267,-1.429412817166062,-0.6815607099639834
272,97_Normal_0.mat,Normal,0,0.1023887774788694,0.01658881631138163,0.889856097969861,0.023528872291192878,1.1224261199275543,-0.9741906194519394,-0.9336069241962518,0.026260838296221504,0.10579297706829907,-0.5537366346572795,-0.3345183944958347,-1.0266980019388703,-1.0513081082544373,-1.1625284264025002,-0.7670684740911974,-0.7018118471982382
273,97_Normal_0.mat,Normal,0,0.18491760688059897,0.9005895338438311,0.8491126661105267,0.09266214450221516,0.9887899507291065,-0.9425367495754358,-0.8630186691453094,0.09312596770233401,0.18556855437488942,0.15712472402897457,-0.31252930983667637,-0.8946962187023699,-1.0216623949210273,-1.1470404243313725,0.32776177703468556,-0.662826561833529
274,97_Normal_0.mat,Normal,0,0.4783273285180995,0.001517563972691411,1.0640606457379223,0.3451852981102699,1.1121300896081656,-0.6668990697324988,-0.6097314010213399,0.3477515763945978,0.4812504920672203,-0.11401336836806122,-0.2729944800734337,-0.8120890112805977,-0.8597658387180539,-0.9144168702827004,-0.10359904681195714,-0.6488589177425816
275,97_Normal_0.mat,Normal,0,0.6673638861318506,0.05633027337114126,1.3625750718820169,0.513450545142511,1.4545969170653763,-0.6668990697324988,-0.6097314010213399,0.5159205767882605,0.6700345378037508,-0.2968641790052778,-0.26474470796075333,-0.9245085681627655,-0.9115056269102206,-0.9657723887944408,-0.3409756320223002,-0.6821684498111065
276,97_Normal_0.mat,Normal,0,0.1764725074190073,0.17851506911694986,0.8904177859381553,0.08554958309396736,1.0588926032283925,-0.9704723450044761,-0.8904235211062639,0.08816148338730431,0.17967730483076017,-0.27137410909845056,-0.32152288935656415,-0.947897302996598,-1.0486889555991312,-1.1771270646857634,-0.32177253921344146,-0.6856898991037167
277,97_Normal_0.mat,Normal,0,-0.2458680969400511,1.2591597457351649,0.44571127724459886,-0.25903703931656985,0.6586564631648365,-0.9425367495754358,-0.8920844212251093,-0.2605196431949725,-0.24753492279993555,-0.11444774260945374,-0.35375974013147127,-0.9272229117610482,-0.9519278610221571,-1.0289782499954623,-0.04676989375009854,-0.6607665162929816
278,97_Normal_0.mat,Normal,0,-0.035400811050656025,1.6172814084497515,0.7779004306106584,-0.09004121159308863,1.028191958022132,-0.9425367495754358,-0.8920844212251093,-0.09444173923723674,-0.04063392841731368,-0.2553717713926335,-0.34950072085394074,-1.0573074664353659,-1.0099496556104777,-1.0885624930832318,-0.3017256181267936,-0.7067586658314536
279,97_Normal_0.mat,Normal,0,0.16813828828389019,1.3186373665717808,0.9345851068172778,0.07853894856974869,1.1435926212217347,-0.8866655587173558,-0.8721536197989609,0.07646022727773487,0.16577167347168942,0.0689521292880677,-0.3278978614665802,-1.0033491762085465,-0.9949772184483996,-1.0781218822540652,0.19804457718897825,-0.6993905125915939
280,97_Normal_0.mat,Normal,0,0.3008543818065184,1.3215977911383092,1.0369703598588942,0.19118631215351603,1.2023490530402976,-0.8866655587173558,-0.8721536197989609,0.1890277846789861,0.2984002205804078,0.10144502293549544,-0.3129873377959298,-0.9696764061922418,-1.0115876450697365,-1.1129632894832688,0.21962585259387551,-0.6953087678123414
281,97_Normal_0.mat,Normal,0,0.5265544069156084,0.8567214243580015,1.3079546136599065,0.3876983789890572,1.4685478389718405,-0.8127849569730414,-0.7160290086274651,0.3882213819497421,0.5271318211339364,-0.24089518507533586,-0.2906525897290479,-1.012003465058293,-1.0025710157451357,-1.0880922247188758,-0.27277140414336426,-0.7013350436951223
282,97_Normal_0.mat,Normal,0,0.7861415362470054,0.9203256976206872,1.525408251180103,0.6214102529609888,1.6638576509642133,-0.5986120586837339,-0.6014269004271112,0.6215014939617506,0.7861261319373766,0.16932839488672988,-0.24540757389874054,-0.9667242181720559,-0.8924459961726277,-0.9242710146809703,0.21267619036681176,-0.67346316480524
283,97_Normal_0.mat,Normal,0,0.3542352912408691,0.9383573745259057,1.0525635238637425,0.23710201366923064,1.2242103857928388,-0.5986120586837339,-0.6213577018532597,0.23730010945236923,0.35451153600069524,-0.13818615912783755,-0.28844691647928933,-0.9298983429671216,-0.8090922687688514,-0.8023386596032679,-0.12930900483318802,-0.6492874541834003
284,97_Normal_0.mat,Normal,0,-0.020353778804377224,1.276384034122239,0.654374157541238,-0.07775183839624293,0.836371440729292,-0.967368389956805,-0.8995584717599149,-0.07944832471395842,-0.022270469596525996,-0.262581707034723,-0.3335858036460189,-0.9069304765729702,-1.007761278214176,-1.1221970130720098,-0.31332670918359534,-0.6627470925164394
285,97_Normal_0.mat,Normal,0,0.16071604750221627,0.8791488831953377,0.9072457817627013,0.07230260183029295,1.0937012229838712,-1.0176459901193349,-0.9568595258600918,0.07288187679393554,0.1615135790284584,-0.2513689797705547,-0.32882329421790274,-0.9825573411013351,-1.0856091966395076,-1.2277328730349353,-0.2916607469028413,-0.7008004086124187
286,97_Normal_0.mat,Normal,0,0.637443005191967,0.4993174403262091,1.4884018543472566,0.4865265514791093,1.6963960881723945,-0.7972651817346854,-0.7600428617768757,0.4883314851880149,0.6393963641559941,-0.15423540889193496,-0.28018146259906607,-1.077389065405524,-1.0195081868058418,-1.0989220325147862,-0.16356289636989643,-0.7066932940038672
287,97_Normal_0.mat,Normal,0,0.688584886465373,0.5639982316130875,1.377805777784055,0.5326123353340957,1.477737469176706,-0.7972651817346854,-0.7193508088651561,0.5342041225111319,0.6902687681059319,-0.06699719070335913,-0.2586452079069236,-0.9184095989028009,-1.002751603440185,-1.1115010748057546,-0.05852598812646167,-0.67486901371012
288,97_Normal_0.mat,Normal,0,0.18012031032614984,0.23144387197306399,0.7956959659709246,0.08862073636016905,0.9088698609355337,-0.8509700756691378,-0.8621882190858866,0.09117108108281494,0.18324933311369881,-0.5086114914579969,-0.3129294284859917,-0.842022862044928,-0.9453000992092637,-1.0401242341444972,-0.6815530600581351,-0.663246588722332
289,97_Normal_0.mat,Normal,0,0.2780824231214945,-0.26850904042883833,0.9704493847659058,0.1717048932812296,1.1294420900574966,-0.8447621655737956,-0.950215925384709,0.17416514651957107,0.2810332303553334,-1.0109837494663274,-0.30739595830110283,-0.9242151734962913,-0.9706836058424473,-1.0593934864323962,-1.3944299479343691,-0.6762572752425123
290,97_Normal_0.mat,Normal,0,0.542408946925503,-0.1267675005768723,1.3306623433996025,0.4017365162613763,1.5045275391555388,-0.6352451998559951,-0.8381051673626242,0.40423038061991423,0.5452013147737612,-0.8446572387159529,-0.28701647146826575,-1.0184920498677172,-0.8844951965227242,-0.8974162833029142,-1.058030556168975,-0.6978207221758466
291,97_Normal_0.mat,Normal,0,-0.06156138513131097,0.9822254840117358,0.7174263658827267,-0.111341505868874,0.9373573748201653,-0.6352451998559951,-0.8405965175408925,-0.11119459704784823,-0.061212373830334135,-0.10818773310703372,-0.3485864479357018,-1.0212173036440948,-0.7703340413376027,-0.7138111197995044,-0.053298516486660036,-0.6982288325890397
292,97_Normal_0.mat,Normal,0,-0.01663929681671102,0.5656130086493755,0.7514556621570951,-0.0747138499976845,0.9601599697362473,-0.9487446596707781,-0.9377591744933661,-0.07281261333408316,-0.014159359027285132,-0.14062155451555197,-0.34685807854480916,-1.0085800354333687,-1.0101505530375678,-1.1010675957792755,-0.11123331600073164,-0.7058060512724041
293,97_Normal_0.mat,Normal,0,0.44521147169185876,-0.49879418777060774,1.1698840890078,0.3161575897783977,1.3325589800903477,-0.861833918335987,-0.8048871649857102,0.3180597524003526,0.4474010657658741,-0.5549468068943656,-0.29023671640187004,-0.9561608057207766,-1.0150656162525256,-1.1217955188103823,-0.6988659991866263,-0.679535560113719
294,97_Normal_0.mat,Normal,0,0.3805731456679757,0.5383412187031746,1.0196763464735907,0.2598848283714086,1.1583926039705204,-0.7444979459242765,-0.6728456055374766,0.2616956635879972,0.3826996402477268,-0.4683179176772273,-0.2824906330727598,-0.8678401920469715,-0.9071775158691476,-0.9738171369755972,-0.5904931260575818,-0.6428886514854877
295,97_Normal_0.mat,Normal,0,0.12039621434824892,0.26086869796764917,0.784839930845192,0.03854248432499445,0.9267574796200767,-0.7444979459242765,-0.6728456055374766,0.041078770644952176,0.12355241526686363,-0.6740718830646364,-0.3215412971346743,-0.8951450183463306,-0.8646675319419799,-0.8997389936472875,-0.9504658377621223,-0.6699336138431182
296,97_Normal_0.mat,Normal,0,0.15187150430990554,0.2279451883944394,0.9010016119510742,0.06487999043850319,1.0671413296559402,-0.9922000303381736,-0.989247078177583,0.06744706647658588,0.15504131287783166,-0.7497282867930788,-0.33420757199395756,-0.9854355141044282,-1.0661560151835519,-1.1960637305753081,-1.0571303162819137,-0.7139844400400073
297,97_Normal_0.mat,Normal,0,0.23088547574493248,0.736061695813132,0.8915968898162985,0.13152960749707326,1.0321508185097983,-0.8515843950689298,-0.8239875163524352,0.13271372204292972,0.2323674045897642,0.09607115853005388,-0.31023074153297364,-0.8908476699297081,-0.9623155429226373,-1.054567315080395,0.22536113077373562,-0.6700333620813684
298,97_Normal_0.mat,Normal,0,0.038529204179953994,0.9035499584103597,0.635530689437196,-0.029394385167517238,0.7747016049141808,-0.8515843950689298,-0.8929148712845322,-0.028882045765622165,0.039292626477664905,0.3934062210511965,-0.3223458007523899,-0.8205564623157655,-0.9170365503620419,-1.001435713507881,0.7484819222556246,-0.6473337206705058
299,97_Normal_0.mat,Normal,0,0.15296326823164422,0.9502887826273686,0.8308663940763655,0.06579571511241182,0.9878259803697086,-0.798817159258521,-0.7284857595188076,0.06602056430055936,0.15334149184259524,0.48827020135037463,-0.3157026532466623,-0.909563298444395,-0.9131240864939867,-0.9722600199337847,0.8449761984688334,-0.6622066482184638
300,97_Normal_0.mat,Normal,0,0.43284723819767856,-0.22051427851693794,1.1520643855949844,0.3053540687044425,1.2775194895527857,-0.798817159258521,-0.7268248593999618,0.3078091823465349,0.4356778774169033,-0.34915930855999705,-0.28958729327986243,-0.950725085834798,-0.9680447730183284,-1.0485258607435521,-0.420845806168103,-0.6748354888385893
301,97_Normal_0.mat,Normal,0,0.28562644989757163,-0.4157228802371135,1.0682523582761296,0.17815179355415098,1.244664556707907,-0.8633858958598224,-0.8015653647480188,0.18033332401100277,0.2882459830991773,-0.886893308264587,-0.3191407072509256,-1.017863563150873,-1.000037857789369,-1.08256923537321,-1.2110234479689947,-0.708390230010033
302,97_Normal_0.mat,Normal,0,0.05232584685793061,0.7281672303023895,0.6683537599961927,-0.018002687096943495,0.8097027758055393,-0.7826830646203732,-0.731807559756499,-0.016709355273685066,0.054028764431010866,-0.20619279439159877,-0.3174615051268411,-0.8418867830023652,-0.8712045644677558,-0.924321770225492,-0.22085726823432403,-0.6374315547839263
303,97_Normal_0.mat,Normal,0,0.3163076137328468,0.2501932275610771,0.8647842418423829,0.20444264028741657,0.9383261719064475,-0.7826830646203732,-0.731807559756499,0.2069080822468937,0.3192364121361141,-0.48287997555272705,-0.2834650157129171,-0.7701871888221161,-0.9073716609096453,-0.9992472118798765,-0.6204819331972246,-0.6263781298673221
304,97_Normal_0.mat,Normal,0,0.15204962201169575,-0.742804939920827,0.8420153590562109,0.06502937797394487,0.9908151479430629,-1.0316137878338554,-0.9543681756818233,0.06623178172414665,0.15359320526510953,-0.39282509511026165,-0.32438495286701746,-0.9225258818138934,-1.0858262936538015,-1.2417842652522226,-0.5091675603673679,-0.6863620078550916
305,97_Normal_0.mat,Normal,0,-0.27708716892218066,0.3712117954473443,0.46923762317854145,-0.2836436648954791,0.6918460790698753,-1.1148062547211832,-1.0465481322777597,-0.2811328450939679,-0.2736796074160499,-0.13725735490761268,-0.3696265508881403,-0.9894849349294975,-1.0897619138786279,-1.2327591504858242,-0.08672622787335783,-0.7095201281470817
306,97_Normal_0.mat,Normal,0,0.11613153055953399,0.6137871902319743,0.7998516768809721,0.03498324510797813,0.9698695059769129,-0.8158889120207123,-0.7210117089840018,0.03667135221689523,0.1182749132618558,0.02686030312830144,-0.3207072022413992,-0.9160321855882291,-0.9201445793686296,-0.9816464288358786,0.1419003982736111,-0.666051837819754
307,97_Normal_0.mat,Normal,0,0.5551905977188762,-0.4935910173203458,1.1774957423532142,0.4130761731024576,1.2917585637563032,-0.8158889120207123,-0.7210117089840018,0.4149422866075191,0.5572668147647282,-0.27593553013779554,-0.2608633347975594,-0.8507234341221483,-0.984124133696087,-1.0987052177061158,-0.31791587492606166,-0.6431879930753165
308,97_Normal_0.mat,Normal,0,0.21623814367122965,-0.16229259537521312,0.8006525408681152,0.119116745722554,0.9560528320296028,-0.8112329794492058,-0.7442643106478418,0.12172902981230961,0.21941352289695515,-0.08550886619401178,-0.2861880475975108,-0.8082172912000728,-0.9168529343718103,-1.0042959832400622,-0.04308799671766686,-0.6021654319410544
309,97_Normal_0.mat,Normal,0,-0.29627833206067183,1.1148166206580679,0.2904986273954779,-0.29871089305224413,0.48986046381955933,-0.8112329794492058,-0.794091314213213,-0.2992312261786464,-0.2967226215230938,0.4413895007157125,-0.341333555588513,-0.8055727375897431,-0.8181003693178982,-0.8513300173707471,1.0054188041165617,-0.600008572291115
310,97_Normal_0.mat,Normal,0,0.09090516250997074,0.8542095489682198,0.754546678856787,0.013975151756334757,0.9297709027320895,-0.8028587724302355,-0.7351293599941903,0.01470348200268436,0.09190914211819358,0.008656161749166403,-0.3215123303065041,-0.8943545996225298,-0.9023156337402151,-0.9592257495161026,0.11780572373716318,-0.6606481510620311
311,97_Normal_0.mat,Normal,0,0.4238162864560183,-0.5894011214734465,1.1073368573272853,0.2974748785404655,1.262422632860386,-0.8028587724302355,-0.7351293599941903,0.29911674836247015,0.4257215602071183,-0.7024444801102275,-0.2831234385727917,-0.9140959800265919,-0.9635457940635201,-1.0506637936919,-0.904601680543602,-0.6567732667636438
312,97_Normal_0.mat,Normal,0,-0.05701209164055228,-0.27039294697117433,0.5069901467974981,-0.10764341496358479,0.6527503418379416,-0.8370022779546178,-0.7924304140943672,-0.10504128985813137,-0.05364653005023471,-1.0447121369854004,-0.321743569236935,-0.7820525285961258,-0.881739403518939,-0.9564746760367792,-1.6320394165621892,-0.6161466549191361
313,97_Normal_0.mat,Normal,0,-0.257068994276852,-0.21028735728711287,0.3277353241436184,-0.26787919440063557,0.5062899943036889,-0.9363288394800938,-0.9742989771079715,-0.26511524861381447,-0.2533545603275484,-0.8747077890916842,-0.3461817873413034,-0.8036811382761592,-0.9249524985943666,-1.0180482311629795,-1.4500077677766445,-0.6321109226497778
314,97_Normal_0.mat,Normal,0,0.3556437101785587,-0.11483609247540971,1.0001089455296959,0.23831818182923256,1.1431571582902782,-0.7553617885911256,-0.7583819616580303,0.24090448537215448,0.3586833367964248,-0.3792850190198993,-0.2845196617179201,-0.8734753652862464,-0.9115315927409037,-0.9791826718251311,-0.4686799314146815,-0.640813056887319
315,97_Normal_0.mat,Normal,0,0.6426197565998724,0.38054161832367567,1.2841392823970559,0.4911769728762571,1.4013339643527722,-0.6926683682379108,-0.6122227511996085,0.49326727270589676,0.6448870290466818,-0.2040785184058664,-0.2466450349562062,-0.8705735992719321,-0.9160779373483727,-0.987072173702383,-0.22600268316276603,-0.6375255853794557
316,97_Normal_0.mat,Normal,0,0.5135802175987771,-0.6335383604653245,1.1241229328921785,0.37623344737370007,1.240461155949965,-0.6693887053803772,-0.754229711360916,0.37768670279916433,0.5152165553228304,-1.0438913143711521,-0.2581742477016278,-0.8383427533598637,-0.872275336552093,-0.9269386670275831,-1.3304832980601529,-0.6249553403427971
317,97_Normal_0.mat,Normal,0,0.21769870613832537,-0.5307308891549744,0.7697517398139375,0.12035332092262603,0.8911608957649442,-0.6498273169703074,-0.5432953962675118,0.12226685642904876,0.22004832839493516,-0.46353420435434983,-0.27977849143282346,-0.7726207144897257,-0.7916803965850764,-0.819421497314821,-0.6075027871289909,-0.5852649838950535
318,97_Normal_0.mat,Normal,0,0.028170399602993675,-1.0387576867383175,0.6188600069058589,-0.03793222300863089,0.7621937949477299,-0.6498273169703074,-0.6911155068447791,-0.038121599332967035,0.028085771210128816,-0.5958254974843009,-0.31338140924110763,-0.8133802098597839,-0.7610811151153719,-0.7603795961228063,-0.8533510396226165,-0.6171353226249604
319,97_Normal_0.mat,Normal,0,-0.15039538570711322,-1.2509214473395196,0.5250233775968934,-0.18304735218529478,0.7088419190937547,-1.012375738148036,-1.0033647291877712,-0.1844934777872113,-0.15200970893580046,-0.8982307180459194,-0.35066891487713614,-0.9083247259637725,-1.019988302028339,-1.1411455223190294,-1.4368726942430468,-0.678994715304483
320,97_Normal_0.mat,Normal,0,-0.15381357402588675,-0.24617129142685087,0.4269970098560126,-0.18578721486791203,0.594369051560014,-0.7476019009719478,-0.6595584045867109,-0.18311046549988516,-0.15028488480650035,0.14814479587310186,-0.3314701767732434,-0.8001967480057054,-0.7964003164699769,-0.8190696079347134,0.40639827965903436,-0.6156596080819919
321,97_Normal_0.mat,Normal,0,0.31566133476199265,-0.5050738762450616,0.8206164274366871,0.2038876548193442,0.9036513834764786,-0.7476019009719478,-0.6396276031605627,0.20583069303293808,0.31798266478042864,-0.5539064795724488,-0.27514989475769014,-0.722398832285745,-0.8736141694044111,-0.959362122830666,-0.7223364025021719,-0.6050187057006472
322,97_Normal_0.mat,Normal,0,0.6523901059911755,-0.5565673217355861,1.2178895367384936,0.4999628731955463,1.2548958099818404,-0.751643514143662,-0.6985895573795848,0.5016029328229132,0.6541504713465638,-1.107004472063193,-0.25287750532811987,-0.7927237608954057,-0.9458944358081587,-1.0533379520702049,-1.3492340194426258,-0.6531946675042366
323,97_Normal_0.mat,Normal,0,0.42866609716120363,0.008873770471337798,1.0579358171724333,0.30170493044420293,1.1386966701744652,-0.7857870196680443,-0.7168594586868876,0.3042934568376559,0.43165263786700847,-0.6572991424504973,-0.2834441893568355,-0.857592298922142,-0.943197523369243,-1.0329150165684502,-0.8414091873379153,-0.6592050170872692
324,97_Normal_0.mat,Normal,0,0.14634232465356264,-0.21728472444436184,0.7926370026868104,0.06024458828027315,0.9421587928568711,-0.7857870196680443,-0.8123612155205154,0.06283047440776372,0.14953865212856163,-0.5870881407289849,-0.30961212953123435,-0.8753965837698201,-0.8966210106497186,-0.9552675841197545,-0.8086815531111781,-0.6441662209323264
325,97_Normal_0.mat,Normal,0,0.2168850322197854,-0.7199289319067438,0.8921344134194219,0.11966439732543709,1.064980656804644,-0.8711457834790004,-0.8763058700960752,0.12093019062969715,0.21847053253295537,-0.8891748358886642,-0.30969412938382573,-0.9064219943280893,-0.9766481854575161,-1.0732569327415307,-1.2436195719699852,-0.6646491083672951
326,97_Normal_0.mat,Normal,0,0.18423349675308215,-0.65740117666825,0.9432870956305561,0.09208565464310724,1.166556645226608,-1.0139277156718716,-0.9244719735426004,0.09360165893832015,0.18613278263331184,-0.6648101467366908,-0.32275447654821887,-0.9953276613090095,-1.0883812743095709,-1.229212156473983,-0.9176705027836988,-0.6908190289504312
327,97_Normal_0.mat,Normal,0,-0.2755736376755739,-0.16184404619846612,0.3982241203302064,-0.2824534579044937,0.6129136484487046,-1.0139277156718716,-0.9244719735426004,-0.2796328481218387,-0.27177350452388044,-0.23547266019723012,-0.35617269430750553,-0.9070952924978694,-0.9990913253997526,-1.108483963729484,-0.2697922845824707,-0.6618375914032895
328,97_Normal_0.mat,Normal,0,-0.04651075283150817,-0.055537891309492035,0.6265589480818307,-0.0990972908949226,0.8018125266241122,-0.9906480528143385,-0.9468941251470175,-0.09630899380260148,-0.04292442917224977,-0.4950879316606092,-0.33811305972841116,-0.9052132026846375,-1.0206456734805556,-1.1429271295440195,-0.7037480622183736,-0.6706505691010393
329,97_Normal_0.mat,Normal,0,0.36251680876195175,-0.06711046006955776,1.196282499149934,0.24425657158104783,1.427980221229353,-0.9906480528143385,-0.9585204259789375,0.24686327435986288,0.365574796648372,-0.5966793786952584,-0.3115465499123307,-1.0678524916924936,-1.1090335628843473,-1.2456254207489972,-0.7729663862582632,-0.7092031709434647
330,97_Normal_0.mat,Normal,0,0.12420059546358904,-0.09357486149761468,0.8135003811221218,0.0417194371932769,1.0069145761607574,-0.7175000086192798,-0.7417729604695733,0.044419540046692636,0.12754997986768268,-0.47723059634390924,-0.3171735779420722,-0.9219983320741559,-0.850131401356169,-0.8694479916547609,-0.6432767070601444,-0.6587803493114653
331,97_Normal_0.mat,Normal,0,0.4182749781043721,0.2347631358809888,0.9629965216060404,0.29264521294346985,1.0441318171464193,-0.7175000086192798,-0.7201812589245793,0.2950856423024969,0.4210996058049956,-0.2968798976089967,-0.2721539576506145,-0.7676787871198248,-0.8777204622372375,-0.9539839286003733,-0.3502376466963389,-0.6293586734031457
332,97_Normal_0.mat,Normal,0,0.7274485244940893,-0.5969367476427924,1.3694578608092285,0.567847422961693,1.4404320611730623,-0.7600177211626323,-0.6703542553592081,0.5693248131424543,0.7289819249896011,-0.7204260940002916,-0.24534570933332614,-0.8711234721005374,-0.9760902863558574,-1.0811172168559862,-0.8500610845214853,-0.6581863255346193
333,97_Normal_0.mat,Normal,0,0.2104982195242689,-0.62044072450432,0.9354569796328348,0.11425960292073623,1.121293968175765,-0.7600177211626323,-0.6703542553592081,0.11589349177130538,0.21252199521051313,-0.39655220873997254,-0.3078499346280987,-0.9591593663807642,-0.9034889118429367,-0.9438569348275617,-0.508327715161245,-0.657997760388486
334,97_Normal_0.mat,Normal,0,0.10714940842190716,0.608135470604965,0.709711153079367,0.02749417278814738,0.8281411209209465,-0.8835616036696845,-0.8513923683133897,0.029205157682402654,0.10932545974381043,0.132897222527067,-0.3146385209268084,-0.8272775417392583,-0.9544124095777701,-1.0580351946637583,0.3096210096556907,-0.6461737347523032
335,97_Normal_0.mat,Normal,0,0.3947497503413712,0.6013175231184148,1.0309431721198536,0.2721829827631281,1.1293080763449796,-0.8835616036696845,-0.8721536197989609,0.27378995691349084,0.3966326143441354,0.002703257514101551,-0.29016382185075607,-0.8647961934844304,-1.0084075524807399,-1.1333530837387178,0.06347431897218722,-0.6654543647532454
336,97_Normal_0.mat,Normal,0,0.16240175246935598,0.03847801613662185,0.8927232269123243,0.07371838134092105,1.120307760965376,-0.7594034017628398,-0.8123612155205154,0.07642088460201404,0.16572487161165783,-0.44605720881682814,-0.3148158175916315,-0.9654168125183482,-0.8954033354861038,-0.9293260360431854,-0.5891989522123302,-0.6633478836539172
337,97_Normal_0.mat,Normal,0,0.0858009551179814,-0.5349472514163937,0.9128237134075662,0.009733910699744544,1.1822733680490298,-0.7594034017628398,-0.7841259135001385,0.011692421909142606,0.0882872980317301,-0.43283127381647113,-0.3342279258271091,-1.0684538519409945,-0.8990091040319413,-0.9069038527150695,-0.5798184147151481,-0.6962271037195183
338,97_Normal_0.mat,Normal,0,-0.3625128843117316,0.3297658515159465,0.4158554440873815,-0.3503668659871201,0.6768866652585463,-1.0098861025001573,-0.977620777345663,-0.34774143219273745,-0.35889916971252067,0.03632677857908098,-0.377156058555381,-1.0272746683235714,-0.999056054001937,-1.0786284686237138,0.2569732869780201,-0.7132940481507215
339,97_Normal_0.mat,Normal,0,-0.4276800437542116,0.1656865626619935,0.1166718259918442,-0.4006673157280084,0.2827774918379973,-0.7485395590959908,-0.8165134658176297,-0.39779143766936237,-0.42369476681854173,-0.4942445753409619,-0.35773880977687544,-0.7524481313282725,-0.7293636382672563,-0.7287387714102135,-0.7886084413951249,-0.6179734089373116
340,97_Normal_0.mat,Normal,0,0.20222122477410676,0.225881862181404,0.6881169361195619,0.10726266945391598,0.784458765703867,-0.45521580709106996,-0.5383126959109743,0.1098103861599197,0.2053307799816223,-0.22599317883926082,-0.2731532921022848,-0.6983554037083475,-0.6293348854771104,-0.5908261358797404,-0.25285727373566425,-0.5625152670949055
341,97_Normal_0.mat,Normal,0,0.28324276710369073,1.0362308048920414,0.8738817329145726,0.1761140179602131,1.0044221169369842,-0.45521580709106996,-0.5383126959109743,0.17581244581267783,0.28296022732649584,-0.0341961409353669,-0.27703571220315953,-0.8156156134433471,-0.6699671198609536,-0.617793039537447,0.025710146306514747,-0.5986490213619626
342,97_Normal_0.mat,Normal,0,-0.3702549500706662,0.3573067709681958,0.299001883557223,-0.35636987674551457,0.5358838781760241,-0.9409847720515999,-0.8821190205120348,-0.35379348692545953,-0.3666990356154888,-0.30880366946735754,-0.36194892902738124,-0.9022663913045287,-0.9231398939378239,-0.9899580688678196,-0.4132317441392133,-0.6532463904952102
343,97_Normal_0.mat,Normal,0,0.2511336248501406,0.17062060360620757,0.9158876082700292,0.14873203434207022,1.0833362813255407,-0.7811310870965376,-0.8405965175408925,0.15131884515389296,0.2542527697659404,-0.3555064276923937,-0.30296025478625327,-0.895111306523382,-0.9153213021508928,-0.9795040993899377,-0.44343273149692086,-0.6571517763572295
344,97_Normal_0.mat,Normal,0,0.5533093682951336,0.2412222440261425,1.3443258423757989,0.41140592668280596,1.523277928884912,-0.7811310870965376,-0.7201812589245791,0.41377637416403046,0.5559545464162721,-0.17235356982649244,-0.2854720771260042,-1.021008422438294,-0.986551134589933,-1.0601779813771273,-0.18380621452201376,-0.6971463472129253
345,97_Normal_0.mat,Normal,0,-0.36044556593738625,-0.06154845027789779,0.4067367461220768,-0.34876267852624665,0.6636773320529561,-0.8686561478311214,-0.9352678243150978,-0.34584699277972847,-0.35645959373681035,-0.2601793973080403,-0.3729246637930979,-1.0146052258750442,-0.886910277153708,-0.9023552222791547,-0.3182385794590338,-0.697990445561102
346,97_Normal_0.mat,Normal,0,-0.38743416403706904,0.05893185859627283,0.2501733815805082,-0.36966407235789117,0.44163715479232735,-0.7718192219535241,-0.7110463082709276,-0.3667376135756658,-0.3834137024459498,-0.3849185348498021,-0.35870492548918725,-0.8651177625707006,-0.7780040297287275,-0.7719560042788169,-0.5638886811585526,-0.63538839791592
347,97_Normal_0.mat,Normal,0,0.3514574642673146,-0.6017810787516561,0.927970092638482,0.23470407354744613,1.0248873827888447,-0.7718192219535241,-0.6985895573795848,0.23633805925322304,0.35339761631920535,-0.7775761314997597,-0.27708570544205646,-0.8010232742778958,-0.9107051443138748,-0.9965667733595728,-1.0306834482210718,-0.6208732057355464
348,97_Normal_0.mat,Normal,0,0.30602855478302415,-0.7893643444671373,0.9048441768544212,0.19562165167238127,1.0413778858638283,-0.8168265701447557,-0.7226726091028476,0.19656096736891704,0.30718630844575967,-1.1038807250818863,-0.2841064994450512,-0.8246266844650433,-0.9393092174191103,-1.035135403521847,-1.5153081046216865,-0.6243244507374318
349,97_Normal_0.mat,Normal,0,0.2529970014293232,0.11858889910358739,0.9512345824555019,0.15031763901461412,1.1110310297115324,-0.872697761002836,-0.8422574176597384,0.15294533132658403,0.25616274698405844,-0.38313128876613917,-0.3107356541898452,-0.9305846337074084,-0.9876281257566752,-1.0846001007362513,-0.48388068890990743,-0.6780268674997029
350,97_Normal_0.mat,Normal,0,0.3936900055939276,-1.6953439716601766,1.0902470053858158,0.271262808841211,1.1966027403651214,-0.986606439642624,-0.9037107220570291,0.26599051337698126,0.38765056661954994,-0.9612089189440152,-0.30512794424898615,-0.9277678449418248,-1.0907879280851278,-1.2484430639104307,-1.2746627212821198,-0.6992310659168308
351,97_Normal_0.mat,Normal,0,-0.1798685100318898,-3.133751471651581,0.49706219858069284,-0.2066247464312539,0.6861459548260508,-0.986606439642624,-0.9037107220570291,-0.23070622229673363,-0.20990746307921498,-1.2690674980509342,-0.3546606983291977,-0.9101810658365,-0.9952956324267719,-1.1017423328324263,-2.1398424110422227,-0.6753578114178052
352,97_Normal_0.mat,Normal,0,-0.5656246132372706,-1.1699134660190607,0.07971424772853475,-0.5054308558554619,0.30672746926841,-1.108598344625841,-1.1104927868533194,-0.5061723493484128,-0.5663517150054861,-0.7254289948949716,-0.38032647547656906,-0.8742022792143475,-1.0176157079449668,-1.1455579292994058,-1.3222522826939553,-0.663391547346291
353,97_Normal_0.mat,Normal,0,0.009864726609028398,-0.7031531926964163,0.5635900793583212,-0.052987902743927326,0.6714058917862314,-0.872697761002836,-0.8389356174220469,-0.051567305974382666,0.011743757286923806,-0.9793011293434007,-0.3195760375906214,-0.7712960437540946,-0.9198189482686253,-1.01824320680736,-1.4851847091825674,-0.6305072592292591
354,97_Normal_0.mat,Normal,0,0.5051724241430431,-2.22517025923341,1.1427178553472483,0.3688146946992384,1.2306084561469308,-0.48625535756778127,-0.6321535526257569,0.35779395712124,0.4926630134614746,-1.6585529122017337,-0.2689371845358624,-0.866363362175262,-0.7468735584961124,-0.7227705228123714,-2.157833005959903,-0.6428197415893669
355,97_Normal_0.mat,Normal,0,0.18964093094684445,-2.5337720928351586,0.8494258084298482,0.09664398256491562,0.9999178678338716,-0.48625535756778127,-0.642118953338831,0.08173511433969669,0.17204376820905065,-1.3840859609644738,-0.30547729445928695,-0.8899412584543515,-0.6874796420498769,-0.6223574070428566,-2.0182173350090498,-0.6395477646145724
356,97_Normal_0.mat,Normal,0,-0.1527455192758642,-1.4937659716301976,0.44927324308339517,-0.1849312645857677,0.616577569662239,-1.0176459901193349,-0.942741874849903,-0.18820422207179535,-0.15663981077342493,-0.8658353041284416,-0.34210583983974363,-0.8247209265778287,-1.0109789791605661,-1.1468998173575797,-1.3821766815755212,-0.6490453251002836
357,97_Normal_0.mat,Normal,0,-0.023828947588220923,-1.4987897224097613,0.6348738245879355,-0.08059257188740768,0.8178085483091166,-0.9223610417655739,-0.9427418748499036,-0.08396078539189726,-0.027791872734475143,-1.3648907639363967,-0.33483955105515745,-0.8891934420058831,-0.9704208810450168,-1.0677338221564794,-2.1493624545345726,-0.6649694840471321
358,97_Normal_0.mat,Normal,0,0.1586177433223867,-2.279624129290463,0.8789551814250358,0.07054077604209327,1.0661257674304252,-0.9223610417655739,-0.9427418748499036,0.05900153040005642,0.14497145839585637,-1.3819776644631,-0.32112689637128267,-0.954877800178752,-1.0117831640409132,-1.1168980062739557,-2.035955561135715,-0.6748872000657783
359,97_Normal_0.mat,Normal,0,0.26872119238331665,-1.652283250692491,0.7868223589685832,0.16371473153349964,0.8929746694430749,-0.35278529051792273,-0.4461327393150379,0.15889349619595,0.2631431961992815,-1.6854813861080193,-0.2627463316626324,-0.7359436085079835,-0.5754814744002787,-0.4962847084608319,-2.3916104242109464,-0.5550291967407733
360,97_Normal_0.mat,Normal,0,-0.02896753667196528,-1.1805889364256326,0.5208109553795247,-0.08479034386349708,0.6829132169455042,-0.35278529051792273,-0.4461327393150379,-0.08581844102197962,-0.030066210059514875,-1.528275073862907,-0.29505863161406926,-0.766151158034053,-0.5120036699884611,-0.3883646161113672,-2.423694354647542,-0.5412904227625859
361,97_Normal_0.mat,Normal,0,0.08290257891064019,-0.7172376368462635,0.8076694657765104,0.0073269786362889075,1.006784142473355,-0.8059627274779065,-0.8356138171843555,0.008661536300422623,0.08463965459205526,-0.7491118838719634,-0.3301184146109537,-0.9605027688920547,-0.9142250428517181,-0.9605511950858984,-1.0813532351255637,-0.6833592988271103
362,97_Normal_0.mat,Normal,0,0.9891481053809584,-0.7583247414362639,1.7241451573662288,0.8099178288097488,1.8475423055381324,-0.8059627274779065,-0.74094251041015,0.8106707012248117,0.9897459123726623,-0.6857544275615839,-0.22345989962747487,-0.9603163285593793,-1.0592939429034098,-1.1910369521163715,-0.7539221275949907,-0.6845999432889185
363,97_Normal_0.mat,Normal,0,0.7551472370155093,-1.2273277606426418,1.3766661228453227,0.5930726323490336,1.445187551573021,-0.8826239455456412,-0.7841259135001385,0.5913849633300444,0.7531957842658453,-0.8549986076656767,-0.24312029123919104,-0.8506041704122125,-1.0606739971781947,-1.218547275420305,-1.0050953470025907,-0.660265868961123
364,97_Normal_0.mat,Normal,0,0.13575463524468548,-1.2220348803570302,0.7856689000353295,0.05137879474718024,0.930579985817132,-0.8866655587173558,-0.8596968689076182,0.050007157559726026,0.13423089754587,-1.1839143306105646,-0.32193443278895933,-0.8793344347398413,-0.9699318359481495,-1.0694153975638556,-1.7373925952988885,-0.6740939861954276
365,97_Normal_0.mat,Normal,0,0.26677634489021645,-1.5577290842342808,0.9609371586479799,0.16205607436840475,1.136421871892799,-0.8276904128116045,-0.8846103706903037,0.15806815159303106,0.2621750338955102,-1.6363044741316246,-0.30431873086233713,-0.9261839027686368,-0.9567839033424206,-1.0369215904299374,-2.320409358224331,-0.6629763616214541
366,97_Normal_0.mat,Normal,0,-0.09452837397693835,-1.037860588384824,0.6094967115041624,-0.13806460639146767,0.8313003539480971,-0.8276904128116045,-0.8846103706903037,-0.13819702794019775,-0.09451584635477177,-1.1890987448481853,-0.33912794812888225,-0.9398572573151921,-0.8941067977736289,-0.9341544238025441,-1.9055734255066583,-0.6584358915448358
367,97_Normal_0.mat,Normal,0,-0.13465169284468362,-0.18857757713257128,0.5000748072407571,-0.17040950361894802,0.684331856328216,-0.9214233836415308,-0.8489010181351214,-0.16767242179763667,-0.13106206366363607,-0.23706580858324278,-0.3400381375490434,-0.8622494465215,-0.945536310384113,-1.0354049430729944,-0.271696677256891,-0.6501657417056392
368,97_Normal_0.mat,Normal,0,0.5347159976690173,-0.8746783978843649,1.12033461166329,0.3949210877328783,1.2130691443179715,-0.6498273169703074,-0.540804046089243,0.395368153933467,0.5352040191491177,-0.5628360639356761,-0.2543097272196646,-0.8124680828813483,-0.8578142771274605,-0.9112767597615936,-0.6932399317870257,-0.622215713617747
369,97_Normal_0.mat,Normal,0,0.452724454652036,-1.3820772266202623,1.1144277522235346,0.32273134610593923,1.2733683741160062,-0.6498273169703074,-0.540804046089243,0.3200763785411379,0.44970514213894414,-0.9930160267743945,-0.26862699999797385,-0.8914073303908475,-0.8567534913332997,-0.8882990157741143,-1.2914236703909014,-0.6295443516462407
370,97_Normal_0.mat,Normal,0,0.096751768670475,-0.8026414000988404,0.7556414560638086,0.018837185439804983,0.9298139667079387,-0.7888909747157153,-0.79326086415379,0.01981011749477698,0.09804723170947012,-0.9581860255569588,-0.31667591517580473,-0.8891587989503956,-0.8921431403175503,-0.9445902700145803,-1.4057129319096315,-0.6485916309801255
371,97_Normal_0.mat,Normal,0,0.08222690944916064,-0.9177391188520507,0.7261510421688367,0.006766022144417637,0.881471132392872,-0.9254649968132449,-0.9228110734237546,0.0072025299715346444,0.08288305435054288,-0.9697879982670651,-0.3217098222036693,-0.8727918546858129,-0.9885517308415208,-1.100268199110985,-1.4318337162688684,-0.6585543360131777
372,97_Normal_0.mat,Normal,0,0.30222722621654774,-0.6719341699948445,0.9871920631788049,0.1923628058054814,1.1388445136276155,-0.9099452215748893,-0.8389356174220469,0.19377396586459097,0.3039370622876167,-0.5308283909985793,-0.30668155780288586,-0.9162764940742435,-1.0202918003476895,-1.139717624229981,-0.6919176457881501,-0.6807408458224649
373,97_Normal_0.mat,Normal,0,0.2893415436462197,-0.4229893769004108,0.9625319809376249,0.18132915693932017,1.121499575934118,-0.9099452215748893,-0.8389356174220469,0.18349236777482908,0.2919371273011979,-0.23098420267545414,-0.3027984153940889,-0.9039304936029282,-1.0163375256491811,-1.1364425832813938,-0.26019118023768745,-0.6674969119436724
374,97_Normal_0.mat,Normal,0,-0.10391851602536932,-0.7645147200753686,0.5072145243939208,-0.14565197681993508,0.6799177598078792,-0.9177051091940668,-0.8846103706903037,-0.14443014622540584,-0.10222734581176167,-0.6503372131233909,-0.3357200196309089,-0.8355067290199429,-0.943976174657744,-1.039690041970204,-0.9833487458924621,-0.6450796420002177
375,97_Normal_0.mat,Normal,0,0.14658418207766408,-0.7804830707675524,0.7452021227153419,0.06044727196813438,0.8690887614486578,-0.6678367278565419,-0.7027418076766994,0.06149478437255042,0.1479457767328872,-0.8877497663526118,-0.30645475723743193,-0.8232134207649989,-0.8001883664710354,-0.8185376804463025,-1.2722527625510365,-0.6348992873664129
376,97_Normal_0.mat,Normal,0,0.2760332880641697,-0.9826890396449768,1.0283231045592656,0.16995496435448743,1.2025863938571726,-0.6678367278565419,-0.7027418076766994,0.16996864100440684,0.27612178833086976,-0.6973377704757592,-0.30819074359769666,-0.9867864422325008,-0.8539493702128481,-0.8574499529738316,-0.9397911371570759,-0.6769464165107855
377,97_Normal_0.mat,Normal,0,-0.06876301570584781,-0.5946042919237082,0.7503145303260227,-0.11719049492509481,0.9991040327015838,-1.09152659186365,-1.0764443344169827,-0.11535078600093934,-0.06632752810097343,-0.5772853874625834,-0.3561903467932934,-1.064359673739592,-1.1160709643223408,-1.257768667887551,-0.8478033822080853,-0.7208316165361156
378,97_Normal_0.mat,Normal,0,0.03487969959075132,0.42683189336393823,0.7635046125302517,-0.03240384168086841,0.9647501534753311,-1.0548934506913885,-0.9859252779398917,-0.03014537872243348,0.037761402428220354,-0.1737978777530329,-0.3383967009357331,-0.965262341331429,-1.0908907183151542,-1.2401002559113632,-0.1682087875519478,-0.6945286964968583
379,97_Normal_0.mat,Normal,0,0.4222060165905696,-0.05984396340626054,1.1142719195100426,0.2960710209837799,1.2531251119320241,-0.7159480310954441,-0.7849563635595616,0.2986533717828703,0.4251904179628997,-0.6018863272000357,-0.29091161621735145,-0.9229308679292813,-0.9033736334590835,-0.953336307431334,-0.7672181098261992,-0.6751155552582326
380,97_Normal_0.mat,Normal,0,0.3021078135548986,-0.3048415237453227,1.0549670991909355,0.19226046296965404,1.2582427705922348,-0.7159480310954441,-0.8298006667683955,0.19465316617949738,0.3049622471370175,-0.9320534288349144,-0.30322118236533185,-0.9869669837657561,-0.893013825566944,-0.919676782435973,-1.2692006623566385,-0.6722264274503211
381,97_Normal_0.mat,Normal,0,0.1302511607079992,-0.20194434259962354,0.8313215651146557,0.04677577010152924,1.028087651291975,-0.7314678063337997,-0.832292016946664,0.04938616744631024,0.13348872408810808,-0.8811568035904362,-0.31705218412072417,-0.9346005379442949,-0.8637415267800232,-0.887499082562915,-1.2684949484979922,-0.6601807409698814
382,97_Normal_0.mat,Normal,0,0.2172433106325395,-0.27326366170235344,0.8741805777128001,0.1199677354783228,1.0356574835752204,-0.7314678063337997,-0.7741605127870645,0.12244774293940501,0.2202618185993144,-0.566982900012657,-0.30909738796203845,-0.8868317306244359,-0.8716681980660034,-0.9130050411928877,-0.7618951232036302,-0.663569753650284
383,97_Normal_0.mat,Normal,0,0.11096209718045771,-0.13385457756947056,0.896203333712861,0.03067189487891999,1.1258744073766618,-1.0191979676431706,-0.9510463754441315,0.033352877288201056,0.11429862995554409,-0.2666889694676973,-0.33728935107024255,-1.0241767922571132,-1.085054458932111,-1.2172078944129519,-0.3163625090653049,-0.7119612907367409
384,97_Normal_0.mat,Normal,0,0.15149010391211837,-0.5225672941381839,0.8770417880237694,0.06456012249145342,1.0661765815940476,-0.7770894739248233,-0.725994409340539,0.06652608899099718,0.15394392365209905,-0.138968973885436,-0.319882081256208,-0.9604981314850001,-0.9054796080315745,-0.946660307851206,-0.11907536709561649,-0.6739718944344536
385,97_Normal_0.mat,Normal,0,-0.2798274871847189,0.8065736263977173,0.37835639769574575,-0.2857978775990396,0.6082578504481173,-0.7770894739248233,-0.725994409340539,-0.28469679799223313,-0.27821072588483425,0.24144710161560037,-0.347593871328111,-0.8891303590357819,-0.8093829630462537,-0.8143940509260694,0.6210519459342538,-0.62896715298285
386,97_Normal_0.mat,Normal,0,0.47973794158303645,1.1504314252917578,1.2005851703572992,0.34642474618107794,1.3738561143865953,-0.659139182113321,-0.6263404022097973,0.3453486371925042,0.47851701607737623,-0.24729840606685433,-0.2783323423476109,-0.9518964385686388,-0.878546736381337,-0.9062269940111691,-0.2816809451697023,-0.6603814645536145
387,97_Normal_0.mat,Normal,0,0.858216199992119,0.5652541693079777,1.6131239964487794,0.6877608059609095,1.7146656418885406,-0.659139182113321,-0.6263404022097973,0.6892683557068512,0.8597000713342593,-0.24983306932655733,-0.24215841460687462,-0.9808686502265199,-0.9467080746674247,-1.0068656707224233,-0.2808718351672643,-0.686051843704295
388,97_Normal_0.mat,Normal,0,0.013278547573645034,0.3648423971375403,0.7025798185031826,-0.05018327772255223,0.8521700094077629,-0.884175923069477,-0.8489010181351209,-0.04778042425162353,0.01635038388854599,0.034048697856322585,-0.33714108780916846,-0.922758658592678,-0.9536153344677865,-1.0327843687290403,0.17202034669486396,-0.6847849120149806
389,97_Normal_0.mat,Normal,0,0.04732440548153427,-0.2029311507884666,0.8171205388479587,-0.022134995457450225,1.0253451827793527,-1.0061678280526936,-0.9410809747310576,-0.019490005883167436,0.05066537086558425,0.14305202351138116,-0.34288281855246144,-1.0091548894454654,-1.0632599923660229,-1.1858497860580175,0.3408185599024674,-0.7112992098785028
390,97_Normal_0.mat,Normal,0,0.6232832807115546,0.926246546753744,1.451921637381119,0.47382319752734336,1.6349083782536056,-0.8230344802400976,-0.8430878677191612,0.47396080084557646,0.6233867010320792,0.2770305740930026,-0.28638439417630984,-1.0562347149306834,-1.0313992743739948,-1.1233535912670405,0.3802684672962948,-0.7159115522875595
391,97_Normal_0.mat,Normal,0,0.48510297420112203,1.326352412411824,1.217041331074154,0.35114100166738227,1.377619349175231,-0.8059627274779065,-0.8688318195612694,0.34886505483139346,0.4825167825928668,0.16441613466013466,-0.28577924295180246,-0.9630768854521068,-0.9835359954411613,-1.070005766652358,0.2680713800731395,-0.6786184695206695
392,97_Normal_0.mat,Normal,0,0.1753351323228597,1.2922626749790729,0.9173231468475519,0.08459233825243274,1.1450118384958077,-0.8059627274779065,-0.8032262648668642,0.08269971026504025,0.17319010028717677,0.019918449923803715,-0.3192423626540811,-0.9775548508695254,-0.9335873110670627,-0.9868369059720181,0.12186677909586054,-0.6776418814686617
393,97_Normal_0.mat,Normal,0,0.48710579306217866,1.045740047439072,1.1406338381848227,0.35290252710289927,1.2365964094893542,-0.6668990697324988,-0.7517383611826476,0.352454996979596,0.4865978838346163,0.0052315517601110246,-0.27875440289962156,-0.8828935079122676,-0.8734465313245781,-0.9168614181489015,0.055002654407714166,-0.6635944619136066
394,97_Normal_0.mat,Normal,0,0.3156269295099803,-0.3912320951867425,0.9936448324860423,0.20385811109097635,1.1066455472081227,-0.6668990697324988,-0.7517383611826476,0.20608039496172606,0.3182732604238699,-0.3368849860451761,-0.2998374775377251,-0.9089037021744321,-0.846923314258654,-0.8680041781171917,-0.41169781525926247,-0.6673834095292435
395,97_Normal_0.mat,Normal,0,-0.11733553061973305,-0.2647412273441656,0.6739198580654461,-0.15647442641143422,0.8903560515697583,-1.0688612484059086,-1.00585607936604,-0.1538387577504158,-0.11388460539185036,-0.48531268965143876,-0.3620467381765477,-1.035725189073709,-1.0873469633389534,-1.2181924092045724,-0.7014518416737826,-0.7270479718257638
396,97_Normal_0.mat,Normal,0,-0.05925662994389118,1.2572758391928283,0.6371851841935994,-0.10946830145646333,0.8051695771116392,-0.6405154518272942,-0.7857868136189845,-0.11101532313635008,-0.06099182436133333,0.16693089692369334,-0.3401796935900686,-0.931158815636283,-0.7578337064873839,-0.7208766598672343,0.41179822600394295,-0.6718087761146063
397,97_Normal_0.mat,Normal,0,0.4264788249760775,0.8168005476275424,1.0977043065974565,0.29979681470801334,1.2217106049632196,-0.6405154518272942,-0.6537452541707509,0.30054902685276436,0.4273630494399846,0.15561667492568915,-0.28377168764602106,-0.9013530267465275,-0.8471560065086883,-0.8704557518891468,0.26830343525640193,-0.658774301559953
398,97_Normal_0.mat,Normal,0,0.3586835758127538,-0.3130051187621137,1.037350570168807,0.24094392835969364,1.1649620983766626,-0.8826239455456412,-0.7832954634407158,0.24329764011366092,0.3614518766355213,-0.05738328119797285,-0.295727107456153,-0.9093806069193501,-1.008766204227309,-1.1231890008682088,-0.016152303970950205,-0.6692122213200187
399,97_Normal_0.mat,Normal,0,0.030601063861943088,0.5404942547515588,0.7598159062341039,-0.035930020588440505,0.9593571383192508,-0.9384951364037217,-0.8937453213439549,-0.033972407122815754,0.033120723689218645,0.20023116793334825,-0.33352193618104625,-0.9659550200881671,-1.0039368548583458,-1.1017137945101387,0.43816517796866467,-0.6787282741308224
400,97_Normal_0.mat,Normal,0,0.5573786569054918,1.0710382210075877,1.2617417375046243,0.4150193817023319,1.4043509328369685,-0.7491538784957831,-0.6861328064882422,0.41439249773968906,0.5566480409746595,0.21020907488655205,-0.26513808044756126,-0.9344906919916783,-0.9513631859912738,-1.0262268269052055,0.3114670775206623,-0.6524460104045021
401,97_Normal_0.mat,Normal,0,0.8338556596514958,0.6532595177856861,1.5594123960361554,0.6652639589754687,1.6511283528543506,-0.7330197838576353,-0.6304926525069109,0.6664881237950913,0.8350479020738468,-0.32958828724162353,-0.2368528073231743,-0.9529151600496265,-0.9873314667568931,-1.0785759163567983,-0.37334897773912734,-0.669742312784513
402,97_Normal_0.mat,Normal,0,0.6319713419689785,0.16523801348524705,1.3428715645380256,0.48161476155017297,1.4216210951856159,-0.7330197838576353,-0.6662020050620936,0.48403421153013126,0.6346126477174603,-0.3930338428129746,-0.2734153143441961,-0.9404245613186711,-0.9534279808611055,-1.0279777641654242,-0.46279509859015205,-0.6912005894319551
403,97_Normal_0.mat,Normal,0,0.01872656390263681,0.5418399022817988,0.578787251265064,-0.045704510142585794,0.6593344437734479,-0.8158889120207123,-0.7583819616580303,-0.0437458437122517,0.0212548552710988,-0.0948530419549289,-0.3242035269585837,-0.7786423119205991,-0.8793181518194807,-0.9536075091558233,-0.038936087260337225,-0.647375859190324
404,97_Normal_0.mat,Normal,0,0.11254437339905858,1.2982732339474794,0.7515740163500872,0.03199117963622773,0.860776265599177,-0.9043516308793391,-0.9269633237208691,0.03008300079950422,0.11037830807735917,0.38621571213446837,-0.3255806084157009,-0.8674507918856946,-0.9771849650885608,-1.0837390567203387,0.7061024225482371,-0.6776193536333196
405,97_Normal_0.mat,Normal,0,0.41578943484605096,0.9100987763908622,1.274400704576418,0.2904800943786325,1.493156515434414,-0.9043516308793391,-0.9319460240774063,0.2907941520502858,0.41617580349699446,0.34076294083649294,-0.3161187394582082,-1.0910403123890864,-1.060529330677804,-1.1618262984320649,0.5249582652832739,-0.7328086837207246
406,97_Normal_0.mat,Normal,0,0.11204519127207817,0.6255391786627383,0.8583354170603493,0.03157493396458708,1.0859417284894963,-0.8059627274779065,-0.78744771373783,0.03322473649709534,0.11414504179251324,-0.20554471796175675,-0.32372934007394694,-0.9830542322397643,-0.9232476687364944,-0.9689155393969233,-0.2207620928801867,-0.6734308963959315
407,97_Normal_0.mat,Normal,0,-0.11508902164438276,0.48245199128053234,0.5151205844857852,-0.15466387733632356,0.693205409318744,-0.8059627274779065,-0.78744771373783,-0.1524813598626586,-0.11220151773382724,-0.1137438564275156,-0.33456119285946556,-0.8571637366430928,-0.8594110386668721,-0.9017685767017312,-0.0581732263392228,-0.638187287512651
408,97_Normal_0.mat,Normal,0,0.43048584189438716,0.7742780856719528,1.1941940402483535,0.30329287081126777,1.3458867930151006,-0.8872798781171483,-0.8746449699772294,0.304229315008896,0.43157917922882943,0.28575292734438007,-0.30560089393426776,-0.995972993086256,-1.0366113852815084,-1.1464292766263748,0.4448778508752157,-0.7116055585844999
409,97_Normal_0.mat,Normal,0,0.5439476001222578,1.2287481115517362,1.2598298246830766,0.4031005257421157,1.408798433532498,-0.7832973840201655,-0.8190048159958982,0.4014829957051303,0.5421035221708346,0.775653070623949,-0.27703090707271716,-0.9462278855371691,-0.9746607235415362,-1.060154361329291,1.0513762321723208,-0.674813128023595
410,97_Normal_0.mat,Normal,0,-0.07811612481807909,1.2830225619380906,0.6328987883009983,-0.12477740429653256,0.8760968840802075,-0.7832973840201655,-0.7716691626087958,-0.12649623151276201,-0.08006409122179356,0.38618800465380454,-0.3349758868201798,-0.9474115822091884,-0.8649151302511262,-0.8858344336363748,0.7914743360167352,-0.6495733703168398
411,97_Normal_0.mat,Normal,0,0.23621266742485952,1.7147062896391407,1.0037937073006389,0.13605062875016988,1.2354461998026052,-0.7227702605905786,-0.7367902601130358,0.1306412049567876,0.2299252072539683,0.142656007645755,-0.3069083010211189,-1.0032956316177406,-0.8888230827596023,-0.9085246796943863,0.2951198998812494,-0.6605257323871805
412,97_Normal_0.mat,Normal,0,0.42606468900600136,0.8837240847981541,1.1603945503627076,0.29943559975448303,1.3251505025434247,-0.7227702605905786,-0.7293162095782301,0.2998750921956444,0.4265907212619416,-0.10727411058317417,-0.2849567746007158,-0.9662288572130234,-0.9160955062558692,-0.9620016829204451,-0.09085760920295291,-0.6613685544351743
413,97_Normal_0.mat,Normal,0,-0.09057908962418655,0.3996498132530867,0.6353072952065401,-0.13487030958983576,0.829973419733753,-0.8655521927834503,-0.8057176150451325,-0.13249691539732125,-0.08747164307149748,-0.13022264641846776,-0.34623054977667445,-0.9639291804237156,-0.9275540731168658,-0.980823125139031,-0.08857767247994304,-0.6833047229618604
414,97_Normal_0.mat,Normal,0,-0.2666009744349712,0.6149534180915155,0.37826122081477864,-0.2753918096202415,0.5643554606036656,-0.9152154735461884,-0.9344373742556751,-0.27354693513127554,-0.2640456954167581,0.4195491646324542,-0.3542968988919295,-0.8737201455052815,-0.9179397567923543,-0.9891798957751448,0.945778677205071,-0.6575368552450244
415,97_Normal_0.mat,Normal,0,0.13866788370597188,0.7906052757055336,0.7979742851078647,0.05381689042785212,0.9441007868597804,-0.9152154735461884,-0.9103543225324123,0.05481225146890058,0.1399709613177936,0.2092342951419817,-0.319591477535002,-0.8895283630648634,-0.9931126346984647,-1.10335255236066,0.42006857087348093,-0.6691733707942955
416,97_Normal_0.mat,Normal,0,-0.08709341939293266,0.8319615098015818,0.5961907427398069,-0.13204941441450793,0.7853396868892406,-1.012375738148036,-0.9502159253847088,-0.13114232773855786,-0.08579874572851048,-0.3023794171573436,-0.34259051458045214,-0.9167772454664485,-1.0320307757050147,-1.1581348176500506,-0.3830402252296564,-0.672147951538197
417,97_Normal_0.mat,Normal,0,0.03909361170302128,0.886594799529333,0.6628808647016144,-0.028928817839900423,0.8242143985283834,-0.7407796714768131,-0.8223266162335899,-0.02833327306747734,0.039957658649014405,-0.3534462564775501,-0.31626621914700265,-0.8504555877150939,-0.8386208364154295,-0.871038530465345,-0.45856735338509147,-0.6295069914161393
418,97_Normal_0.mat,Normal,0,0.21231428401127667,0.5686631430512529,0.8838787158535027,0.11579592741208672,1.047106700229511,-0.7407796714768131,-0.6844719063693964,0.11758899943292683,0.2145250270410805,0.07012745315221583,-0.30256897747943984,-0.9025058669198868,-0.8802355671825675,-0.9222744136991297,0.19027108219329242,-0.6444411337312487
419,97_Normal_0.mat,Normal,0,0.3146263017735032,0.4770694011595714,0.9960449568146058,0.20299893710724917,1.1405772280850728,-0.7469875815721553,-0.6877937066070876,0.20501047765906044,0.3170280379597154,0.1339023954906992,-0.2980441010518854,-0.9124822651766056,-0.9048135362218562,-0.9583779884174436,0.26232432733936123,-0.6625065581790698
420,97_Normal_0.mat,Normal,0,0.29628349449143143,0.551169725158131,0.9796637494513689,0.1872708344974993,1.1364770438553193,-0.7469875815721553,-0.7276553094593846,0.1890808045329742,0.2984620971375243,0.2454599420604369,-0.2982795761506703,-0.9146432693038238,-0.9019247105014048,-0.9532460324148784,0.4274687720454691,-0.6578040776229072
421,97_Normal_0.mat,Normal,0,-0.08687750886706148,0.135902897326011,0.5387840238729685,-0.13187463278347153,0.7097461956242503,-0.9167674510700238,-0.8746449699772296,-0.12911305028740402,-0.08329340696325101,0.053353690072903144,-0.33168578110009167,-0.8520968189429351,-0.9490087227876709,-1.0433985444295832,0.22460900091111038,-0.6380713160642555
422,97_Normal_0.mat,Normal,0,-0.14058484236644408,0.7232331893581754,0.4769355773013682,-0.17517574388048096,0.6211453218712357,-0.8112329794492058,-0.8181743659364757,-0.17378133367418827,-0.13866189875687654,0.009287057792946404,-0.33964741291406575,-0.8425981945430319,-0.8559751173183497,-0.9003211413927584,0.15969754672584024,-0.6465081256694282
423,97_Normal_0.mat,Normal,0,0.09628313041831535,0.46074221112599056,0.8925294221517598,0.018447312237906337,1.11158562524535,-0.8112329794492058,-0.7558906114797618,0.020596567638565835,0.09899203914890609,0.01848528818771583,-0.3343183048006912,-1.0360449596176644,-0.9330993421622807,-0.9705581022077606,0.13211099351677436,-0.6994016271259889
424,97_Normal_0.mat,Normal,0,0.15629996346010977,-0.21773327362110886,0.8944063203982947,0.06859529432785481,1.0963987398521602,-0.9052892890033825,-0.8580359687887722,0.07117632430005998,0.15948310950869646,-0.15067129684230562,-0.32451039809058646,-0.9737328615275305,-1.0018793710663707,-1.0965179339724314,-0.13734368009335113,-0.6883344151391905
425,97_Normal_0.mat,Normal,0,-0.049544481900881704,0.4317659343081522,0.536987507772355,-0.10156756232657013,0.6661692554474589,-0.7864013390678366,-0.770838712549373,-0.09928495331684863,-0.04657657198373938,0.32256665552419833,-0.32437051233431025,-0.8079136933596951,-0.84866912035966,-0.8982600584880089,0.6688809820516857,-0.6266591988915842
426,97_Normal_0.mat,Normal,0,0.0932844079056405,0.5013807665392445,0.7705634540109224,0.015953226672734445,0.9265877979412067,-0.7864013390678366,-0.7185203588057333,0.01799613615202802,0.09586749157936374,0.0024349611043667308,-0.315309744831736,-0.9091814833526345,-0.8930380315060489,-0.9406741148850515,0.10734716966521723,-0.6440150846992653
427,97_Normal_0.mat,Normal,0,0.06999059629418575,0.1924200935960988,0.8444154833847736,-0.003383198439211132,1.0542000836123708,-0.8602819408121511,-0.8696622696206922,-0.0007395135109197586,0.07331308201867555,-0.2047492791910487,-0.33329327007699305,-1.013621135174319,-0.9606005538744249,-1.0205332837296293,-0.21885722523488202,-0.689392198639267
428,97_Normal_0.mat,Normal,0,-0.3906269894937576,0.5915391510653364,0.3058619886989822,-0.3721308784656389,0.5220605938546171,-1.0548934506913885,-1.0033647291877714,-0.37015819067079003,-0.3878380637736568,-0.06228653769472858,-0.368795611040346,-0.9340975939477335,-1.0150152244503137,-1.12707780093556,0.07008437898112119,-0.6728126392772404
429,97_Normal_0.mat,Normal,0,-0.027736922125472102,1.3530859433459295,0.665597586035508,-0.0837853345848635,0.8578329035959371,-1.0548934506913885,-0.9859252779398917,-0.08603291174380776,-0.030328837595537974,0.2642548450842926,-0.337413145293074,-0.9274836611943884,-1.0755254811809396,-1.2243709278152544,0.5649112412112426,-0.6721742805592176
430,97_Normal_0.mat,Normal,0,0.4901054507903761,1.5905478775156467,1.2011769376348802,0.35554171195341966,1.3521919768857924,-0.8345126423067389,-0.8065480651045557,0.35114607236079776,0.48511014674342684,0.6391346971439633,-0.28570824985477317,-0.9418621834192992,-1.0008965288553637,-1.1028233542074508,0.9006487222462948,-0.67915048720312
431,97_Normal_0.mat,Normal,0,0.3644004497275069,0.22570244251070576,0.9917916013907274,0.24588505386072718,1.134986908060032,-0.6343075417319518,-0.6994200074390079,0.2483612167242841,0.3673061404290728,0.7298287149619647,-0.27960296204645163,-0.8554384142868775,-0.8231895512453817,-0.8455050522862861,1.086552954242485,-0.6312821647969584
432,97_Normal_0.mat,Normal,0,-0.26669750951350796,0.3169373450609899,0.290090304507811,-0.2754678368138805,0.46747968968570575,-0.6343075417319518,-0.6620497547649794,-0.2728583143280662,-0.26317187832128613,0.24467842929434946,-0.3332073227746598,-0.7703958692043485,-0.6770103320185838,-0.6424661261594827,0.6209147806411355,-0.5826305164233369
433,97_Normal_0.mat,Normal,0,-0.20154224216514036,0.4266524736932392,0.3545859441646075,-0.22389520483898012,0.5009653791968043,-0.6647327728088707,-0.7044027077955448,-0.2215371673956345,-0.19837899533622633,-0.7354395492510614,-0.3341959183206193,-0.7706876781389007,-0.715783950850417,-0.7024237895285946,-1.16928720925392,-0.6087004904085154
434,97_Normal_0.mat,Normal,0,0.4803331463118882,0.4866683535419514,1.166395599630284,0.3469478011865689,1.2876630312787702,-0.6647327728088707,-0.7044027077955448,0.3488593392911333,0.48251028323050016,-0.5499590962558337,-0.2804383741205363,-0.9164024759059406,-0.8764667417691467,-0.9125800485020603,-0.6857427125976244,-0.666335176904759
435,97_Normal_0.mat,Normal,0,0.390139358022546,1.2317982459536143,1.1974897119184518,0.2681807896798489,1.3944202472905365,-0.8370022779546178,-0.8231570662930127,0.2666124954476806,0.38836727537785376,0.07780019728887307,-0.3053928300250684,-1.040709695094107,-1.0020508723661985,-1.0800456513132364,0.168907818844262,-0.7000596308675155
436,97_Normal_0.mat,Normal,0,-0.014203299718699394,0.7320247532224111,0.6801438080371061,-0.07272058944776688,0.8828367405695727,-0.9105595409746816,-0.8214961661741672,-0.07141441640358208,-0.01245153844260393,0.3270603501803228,-0.33312372812825397,-0.9284909617240323,-0.9694567399130091,-1.0563786309603411,0.6622318326794359,-0.6642489166109932
437,97_Normal_0.mat,Normal,0,0.11010895295995228,0.5567317349497899,0.6453935363949416,0.02996067939571154,0.7682926347822026,-0.7237079187146219,-0.6678629051809396,0.03183514588184371,0.11247927120307764,0.25778500140751426,-0.30050872501642034,-0.7520853436184837,-0.8223254205590868,-0.8724526371426462,0.5042525972259525,-0.6069785519037016
438,97_Normal_0.mat,Normal,0,0.3982849948508158,0.07741208467823786,1.0480488021621366,0.2752536197012908,1.1714718968578466,-0.7237079187146219,-0.6678629051809396,0.27783908811113356,0.4012912226763893,-0.07296238746704717,-0.28387720558391294,-0.8790426501425576,-0.8973195936596181,-0.955404114867448,-0.04168617646749009,-0.6516225415910345
439,97_Normal_0.mat,Normal,0,0.11844079459276453,-0.009965294952024507,0.7316278819886188,0.03691024536988667,0.8488185018565126,-0.8354503004307821,-0.8115307654610925,0.03963596705089331,0.12182523230753523,-0.3481065702468937,-0.31660677882317767,-0.8390860509444735,-0.9224055367689805,-1.0050822979229324,-0.44303678661770785,-0.6554932006433946
440,97_Normal_0.mat,Normal,0,0.014612387195927131,1.0212492623887006,0.543392441875822,-0.04908707479816723,0.6378075839368261,-0.732082125733592,-0.6628802048244021,-0.04918731232914045,0.014639316181357633,0.3637233159338468,-0.3120479212236995,-0.7428414291334716,-0.8082956409587739,-0.853299271824603,0.7110778253824563,-0.6087570950963703
441,97_Normal_0.mat,Normal,0,0.20092278937777375,0.23566023423448312,0.8863873312183606,0.1061658003291106,1.036404946267455,-0.732082125733592,-0.6628802048244021,0.1087016220497169,0.20401923444176623,0.08232821913000168,-0.30915635957557763,-0.9174006196026308,-0.8743555351043396,-0.9089756917805577,0.21065224848805733,-0.6590377397145806
442,97_Normal_0.mat,Normal,0,-0.22464187566675867,-0.5214010662786426,0.453765770838741,-0.24223869966969888,0.6494246668330359,-0.9068412665272181,-0.832292016946664,-0.2401105418424717,-0.22175304324240616,-0.6142369007268953,-0.35550892566564646,-0.9120987672116996,-0.9256704445484492,-0.9913944120243261,-0.958668994874995,-0.6747484568395975
443,97_Normal_0.mat,Normal,0,-0.6649846647926172,0.7143519156585902,-0.08124597416084187,-0.5794506724747159,0.11921758164902858,-0.9524629341182415,-0.9020498219381834,-0.5778118169288886,-0.662497355662106,-0.03739896822968458,-0.3798367282867362,-0.7974328683292791,-0.8550768763895396,-0.9110304000437274,0.17255707634304318,-0.628721176475364
444,97_Normal_0.mat,Normal,0,-0.19403342071410973,0.8850697323283944,0.4172096134658387,-0.21791838585661155,0.5719825235763334,-0.7237079187146219,-0.8422574176597379,-0.21721755532450165,-0.19295492241051343,-0.35393302985512815,-0.3408946628682182,-0.8350752939315474,-0.7756914400358552,-0.7769508165413909,-0.481993143475143,-0.633402696215585
445,97_Normal_0.mat,Normal,0,0.4135031155510143,-0.19001293449816084,1.1193601627555523,0.2884891831784311,1.2617728685667844,-0.7237079187146219,-0.7010809075578536,0.29098716996715934,0.41639733400480894,-0.4405888345307226,-0.2873033495709955,-0.9372055863352233,-0.9097252434656292,-0.9595981641422914,-0.5476981095855294,-0.6641031979693434
446,97_Normal_0.mat,Normal,0,0.09736450738536459,0.016678526146731074,0.7832446113415951,0.019346980300796505,0.9623839087039359,-0.6895644131902396,-0.6828110062505509,0.02208110278414244,0.10077513825865879,-0.24692772585451758,-0.31529026629055323,-0.9184808682352308,-0.8237402663820955,-0.8287361137352385,-0.2856430631222132,-0.6454479585590956
447,97_Normal_0.mat,Normal,0,-0.27309429128531854,1.4205477395286368,0.27444240330193065,-0.2805031508511637,0.4208644347656081,-0.6895644131902396,-0.6969286572607394,-0.28316301579711206,-0.27626032276758133,0.18356630948816388,-0.33575985720939744,-0.7592591882833895,-0.7175286313451158,-0.7084678792839642,0.5122306722161436,-0.5870818982645388
448,97_Normal_0.mat,Normal,0,0.3211408024466482,1.0151489935849451,0.8927848697979943,0.20859470946432165,0.9821997418338378,-0.6755966154757196,-0.6894546067259336,0.20839519294233502,0.3209665806652234,0.05494928424771002,-0.28124732622124826,-0.7954302083670938,-0.8344070356660824,-0.8794493627080834,0.14859261701569376,-0.6213188177846287
449,97_Normal_0.mat,Normal,0,0.19787414642542048,-0.04916849299968849,0.8863148381228458,0.1035912315728179,1.0430738856555108,-0.6755966154757196,-0.7035722577361221,0.10627636042869656,0.20114954891826073,-0.20992930459973558,-0.3112993467839078,-0.9205922712382523,-0.833185209957924,-0.84306290853812,-0.2286724258433528,-0.6639853865435547
450,97_Normal_0.mat,Normal,0,-0.2539030098309189,0.09840418614998496,0.45786970201981547,-0.26538147303966897,0.666498345817335,-0.8897695137650269,-0.8655100193235782,-0.2625263585332763,-0.25007547780649164,-0.27656624073135955,-0.36131074009728853,-0.9502013447934854,-0.9131830994753292,-0.961632453437611,-0.34541498153554484,-0.686678621707082
451,97_Normal_0.mat,Normal,0,0.2624740911644875,0.7705999824226296,1.0112820748747113,0.15838855233243726,1.1778888828838943,-0.8686561478311214,-0.7783127630841787,0.1594156526843854,0.2637556371857801,-0.16095961462902117,-0.31254095445048885,-0.9833863810420266,-0.9945747621928398,-1.0824833682471808,-0.15765963513663775,-0.6848247597778078
452,97_Normal_0.mat,Normal,0,-0.0871038732510147,0.5332277580882613,0.5804333597571089,-0.1320578767678334,0.7559409129731581,-0.8686561478311214,-0.8298006667683957,-0.13002901657940225,-0.0844241382504426,0.32973825787241096,-0.3386299142610785,-0.8992127665825422,-0.9198492821667706,-0.9855668499965513,0.6970944028662178,-0.6598998833751306
453,97_Normal_0.mat,Normal,0,-0.6398470392798123,0.7180300189079131,-0.07408406674879738,-0.5608379766993488,0.15542067119995737,-0.6585248627135285,-0.5956137500111515,-0.559223248648768,-0.6374036101820242,0.18585895058937085,-0.36399819207226514,-0.7751626041087224,-0.6081245492622688,-0.5342886493066069,0.6628972298226493,-0.5657238987652787
454,97_Normal_0.mat,Normal,0,-0.38056692652214147,0.5233596761998338,0.2410793415069479,-0.36435416193869186,0.4352589499979456,-0.6585248627135285,-0.5956137500111515,-0.3621763245282952,-0.3775186981774016,0.0018597102805263778,-0.3523158586446495,-0.8462370850429319,-0.6850356542309239,-0.6319474339657132,0.19405098672268253,-0.6128751484140449
455,97_Normal_0.mat,Normal,0,0.14074247937435905,0.1747472560322774,0.8669644229389207,0.05555375023474017,1.0377942419982733,-0.8509700756691378,-0.8248179664118582,0.058184864462396124,0.1439969387142187,-0.11473304001914861,-0.32484063174260513,-0.9613420828370821,-0.9576564240214431,-1.029326730467563,-0.0810767657701714,-0.6849693920942981
456,97_Normal_0.mat,Normal,0,0.214149926055044,0.02017720972535521,0.977881041032656,0.11734922326592521,1.1757158327749193,-0.8509700756691378,-0.8123612155205154,0.12003222040281464,0.21741036940160535,0.03893349675226293,-0.3190615528444277,-0.9996905185952153,-0.976389495654075,-1.0493563642246988,0.14309020267661154,-0.6893822282588167
457,97_Normal_0.mat,Normal,0,-0.5457964055190158,-0.5327942153680094,0.13226350941697504,-0.4905151641401555,0.3705350345528957,-0.9710866644042684,-0.9593508760383606,-0.4882913336044912,-0.5425881036978424,-0.1097208382437568,-0.3803399670099797,-0.9135684913504546,-0.9148100587804738,-0.9738698054981655,-0.005237523817919091,-0.6710752988726323
458,97_Normal_0.mat,Normal,0,-0.22356126124692632,-0.10335323355069286,0.4365620027560558,-0.24138203365313957,0.6401976149264857,-0.8866655587173558,-0.9186588231266406,-0.23854055468658827,-0.21977399878178455,-0.666412530500226,-0.34615345962312155,-0.8912334747937176,-0.9067210493087987,-0.9669809594956497,-1.0528768700182283,-0.642875620993335
459,97_Normal_0.mat,Normal,0,0.3317065950764764,-0.21360662119503857,1.062830749183952,0.21768145104290398,1.2469743326123073,-0.5778220314740793,-0.7467556608261103,0.2201901401266062,0.3346742593528115,-1.0241459420275563,-0.2911117118795659,-0.9641154910187133,-0.7962464323572559,-0.7720895411894061,-1.38729123186273,-0.6501584453288877
460,97_Normal_0.mat,Normal,0,0.16062189065817353,-0.13789152016019113,0.8412135080159229,0.07222353219662432,1.0115443298757953,-0.5778220314740793,-0.7467556608261103,0.07488001877766705,0.1638916139860685,-0.5876119788914034,-0.30826247258986295,-0.9124141644440315,-0.752897855745233,-0.7186421001598626,-0.8060227182531169,-0.6447485117937161
461,97_Normal_0.mat,Normal,0,-0.13566409133001428,0.18676837396908993,0.5358069233144924,-0.17122309173164216,0.7627274832636838,-0.9549525697661203,-0.8904235211062637,-0.16848657488140928,-0.13207440875696058,0.16758272006834657,-0.3401447645321771,-0.9038136870073666,-0.977768236599603,-1.0756709153735629,0.4348460015788137,-0.6502018176115327
462,97_Normal_0.mat,Normal,0,0.10160183329373754,0.14272084481256148,0.8657468534871317,0.02287366488666874,1.1133009916447059,-0.967368389956805,-0.8970671215816464,0.025549853541867718,0.10493968971440251,-0.08855447793110759,-0.33066060076188875,-1.002141302829717,-1.0425104241760261,-1.1543608664347018,-0.03695153099550604,-0.6905721686200216
463,97_Normal_0.mat,Normal,0,0.11092566409290194,-0.37023999371499555,0.8858113420415921,0.030641520967913467,1.0763597580828617,-0.9161531316702315,-0.9767903272862403,0.032997214695201234,0.1138723280980478,-0.8072037605896217,-0.3370096757252384,-1.013294037820897,-1.008379482002294,-1.0970625524049729,-1.1616185552022,-0.7110551003012363
464,97_Normal_0.mat,Normal,0,-0.08086179828513484,-0.9743460249574875,0.5308799378873951,-0.12700256775760102,0.6763433083367406,-0.7143960535716085,-0.7550601614203388,-0.12679037242982014,-0.08042700067612478,-0.9073205821269777,-0.3278497053450398,-0.8363387407529388,-0.7921750426502746,-0.8023400526304608,-1.4144806830665881,-0.6267489961279454
465,97_Normal_0.mat,Normal,0,0.09573519902422424,0.30357057959393746,0.6668881384220041,0.017991506889464534,0.7769286649900401,-0.7143960535716085,-0.7517383611826473,0.02047194765295703,0.09884233480113123,0.0386298423312557,-0.30945854173629644,-0.7921935914734575,-0.8195493779611597,-0.8572507170618539,0.16384756237980608,-0.6281594615733204
466,97_Normal_0.mat,Normal,0,0.221482075458212,0.6637555685215593,0.9054009332443667,0.12355769651635398,1.0344390563380885,-0.9943663272618017,-0.9053716221758749,0.12502432720019915,0.2233021018641817,0.26574956336009553,-0.31670469842196874,-0.915634046104422,-1.0684124005621696,-1.21584890340849,0.4802106067342068,-0.6847052152978984
467,97_Normal_0.mat,Normal,0,-0.0933719956410198,-0.44191815215912267,0.5794579237962252,-0.1371294910210413,0.7571055116866321,-0.9617747992612551,-0.8879321709279951,-0.134846181629192,-0.09037395870632804,-0.3217352778722435,-0.34286928032956593,-0.9051534019935903,-0.9906508640223036,-1.095649801880484,-0.41646585763296196,-0.6716888257988289
468,97_Normal_0.mat,Normal,0,-0.12430941298966404,-0.6783932781399971,0.5423987601812614,-0.16209102198008593,0.7134026235069696,-0.9617747992612551,-0.9145065728295261,-0.16052022128779445,-0.12217547427351604,-0.5727068931956494,-0.34882133664576775,-0.8984128653879805,-0.984164409126572,-1.0870861440368635,-0.8550483749902706,-0.6816277350640735
469,97_Normal_0.mat,Normal,0,0.04629395334481898,-0.32072016460215697,0.7541344114439172,-0.02298599954647914,0.9185715705610884,-0.872697761002836,-0.9767903272862403,-0.020508989353816637,0.04943241871869711,-0.9746703370978235,-0.3356512032829954,-0.942667077962455,-0.9541133236882376,-1.0284896949240458,-1.4572581012426828,-0.6896456574938484
470,97_Normal_0.mat,Normal,0,0.2887401162134066,-0.7483669497124866,1.0051626677267644,0.18081466696963372,1.155307394869095,-0.872697761002836,-0.8920844212251093,0.18193439317262294,0.2901169754019121,-0.8718518684684435,-0.31192710970370274,-0.949337451701933,-0.9964725198313269,-1.0939667577606678,-1.188469762190897,-0.6903831507908947
471,97_Normal_0.mat,Normal,0,0.09022240178082161,-1.3899716921310052,0.7944054098970492,0.013407640714426981,0.9730365481978962,-1.0573830863392675,-0.9909079782964287,0.010852826740326641,0.08727704910870789,-0.49722821457925737,-0.3307577140004127,-0.9382997109753145,-1.0974874779979926,-1.2566727410327563,-0.681853783619528,-0.6859437085987409
472,97_Normal_0.mat,Normal,0,0.2630090182346802,-0.1681237346729208,1.013247737844145,0.15884443600089831,1.1830167122520774,-0.9859921202428317,-0.9369287244339434,0.1614309048156542,0.26611883561294863,-0.05840585532035343,-0.3193256559608497,-0.9848631028806996,-1.0788565659250813,-1.216439752047222,-0.007673586129824609,-0.7031017955263885
473,97_Normal_0.mat,Normal,0,0.5682411978552051,-0.028894070210736537,1.3980694925166222,0.4246750302108746,1.5514316837676854,-0.9859921202428317,-0.9369287244339434,0.42719809484441723,0.5710467555348696,-0.13690458127021082,-0.2999654220642904,-1.0587256144324617,-1.133943673019013,-1.2878303085237648,-0.13863109410923574,-0.7327141166228974
474,97_Normal_0.mat,Normal,0,0.13881659098219074,-0.6627837667892108,1.0048870002405628,0.05394137126125758,1.274027997306455,-0.9953039853858449,-0.927793773780292,0.05545766102483379,0.14074158708853246,-0.2815276940754993,-0.34074948696031365,-1.107111682093828,-1.0842643230399642,-1.196384200203279,-0.3385958534009572,-0.7285230316565822
475,118_0.mat,Ball,1,-0.013245906825372165,0.7430805575253449,0.6001775957265815,-0.07193700193334554,0.7372900120780779,-0.5512906377285836,-0.540665031429822,-0.07067608584339248,-0.01154988421405435,0.05432969416911943,-0.3212970521739023,-0.8386285507051496,-0.6823178267827132,-0.6300233779271179,0.2109290095357477,-0.6283513000319528
476,118_0.mat,Ball,1,0.063570461119552,0.6777936522780459,0.6819759826485029,-0.008700963719593162,0.8742598281269177,-0.5512906377285836,-0.540665031429822,-0.007217653666711426,0.06549705550063036,0.11833428429718452,-0.30412901177581914,-0.8445816477708487,-0.7000761236735056,-0.6559751147833458,0.2974155276980396,-0.60202341296495
477,118_0.mat,Ball,1,-0.3273562816006434,0.7054023603859895,0.37659700281643493,-0.32301516000052094,0.6447804871862826,-0.8010173357235385,-0.8026809601599535,-0.3214741380281873,-0.3251565569417263,-0.005045231747027496,-0.3561654747819625,-0.9420933361224311,-0.8278314011273067,-0.8285374064990245,0.1698715248449902,-0.6449041803500205
478,118_0.mat,Ball,1,0.30055888057097996,0.6901333533819942,0.9866403025280656,0.19093310502910668,1.15834237416496,-0.5012471927889838,-0.6189647462249844,0.19226661678067317,0.30217908012679173,-0.19767418202133075,-0.28999942054455824,-0.9174599117226746,-0.7266496562566088,-0.675690989437269,-0.21217264398209315,-0.6377913734960076
479,118_0.mat,Ball,1,0.5827658676605861,0.5557880615410855,1.1767718482602332,0.4376084477002755,1.302939977570335,-0.5012471927889838,-0.3962681547945882,0.4392747263249092,0.5845997426798502,-0.09905753385762814,-0.23505171690850682,-0.8215935721479554,-0.7639435739265166,-0.7624810125225531,-0.09084632178838722,-0.594808019307196
480,118_0.mat,Ball,1,-0.15038703146455837,0.5013029718002099,0.37284706966578124,-0.18304065405975112,0.5353403315540167,-0.5431985750853463,-0.5257508000402673,-0.18089449235041008,-0.14752217973459567,-0.08282171836975268,-0.31670043332430453,-0.7329018905454256,-0.6242292462111354,-0.5723710593108278,-0.0005842599736122475,-0.5675462164240426
481,118_0.mat,Ball,1,-0.442385110781152,0.6752305096155047,0.17347686979977006,-0.4119459423793343,0.3653116986189698,-0.9503712745886853,-0.8647106043483288,-0.4102442959317221,-0.4399206272111074,0.019018657518265335,-0.3680343087137827,-0.8390071184838856,-0.9061328816466523,-0.9796725308515417,0.24223898902463756,-0.6533531053663938
482,118_0.mat,Ball,1,-0.7372462962082162,0.6393465123399281,-0.09967542665477394,-0.6325255528103987,0.13195954911486887,-1.0878323828404983,-1.043681381022985,-0.6305799300802581,-0.7343069653082783,-0.05670817855393487,-0.39182837876976423,-0.8644516252031916,-0.9660182407318112,-1.0669662747748236,0.14322258249185027,-0.6605961231984226
483,118_0.mat,Ball,1,-0.3928306197421063,0.5678348320550288,0.28998402572945936,-0.37383269691967363,0.5122440606474447,-0.8464836167393894,-0.9138597759729978,-0.37178350853311415,-0.38994142575113044,-0.1858546661417017,-0.3689165836003866,-0.9182054458036166,-0.8460869993429929,-0.864109044775763,-0.17289275659819112,-0.6726293011032451
484,118_0.mat,Ball,1,-0.005444570507135157,0.6364172064398808,0.8265275948280345,-0.06554774855989283,1.08346204862414,-0.8464836167393894,-0.9138597759729978,-0.06388542191844147,-0.0032627719648669435,-0.05302006405709332,-0.3492891144924425,-1.0762201014943398,-0.9473796354696755,-0.9828115921039723,0.03236488878785829,-0.7161540754803932
485,118_0.mat,Ball,1,-0.04405439296246256,0.6537733438976597,0.7828697219528795,-0.09709632952477547,1.0455405791090144,-0.7444963428751407,-0.7223474865389429,-0.09547926777914105,-0.041906533845540044,-0.049756325999058645,-0.34914688958457973,-1.0720036272848474,-0.8642973695729925,-0.8499331010554446,0.04288229958769225,-0.7053099688178909
486,118_0.mat,Ball,1,0.17793830120835896,0.5084797712553252,0.7993044228583349,0.086783466838656,0.9163906547008954,-0.6121029252501232,-0.6515048874385585,0.08876996791338171,0.18039965187599957,-0.3353222113786139,-0.30606958011663943,-0.8483281500854697,-0.769680397928331,-0.7637507154548302,-0.4188799935533254,-0.6436901524486441
487,118_0.mat,Ball,1,0.15587336690600623,0.5651984567449865,0.6177429991803379,0.06823729223480995,0.6835512682872328,-0.40052684158143403,-0.5077859304119401,0.07006579984827166,0.15816070101154814,-0.3915799894520363,-0.2791614973535584,-0.6696909103674064,-0.5719030860566261,-0.5117711725713326,-0.5067522741596556,-0.5625202466551169
488,118_0.mat,Ball,1,0.31507204646241194,0.6913050757420128,0.8289931814896446,0.20338165398416772,0.9199496199227689,-0.40052684158143403,-0.4515186028968023,0.20470426779661036,0.31667161516948433,0.008150358455029594,-0.2675466370820676,-0.7322789387086213,-0.6201699771628079,-0.5663089918653893,0.08231560574384411,-0.5854073797136489
489,118_0.mat,Ball,1,0.050818573326711323,0.4836539037524259,0.6478126224241377,-0.019248353608233026,0.771966638803013,-0.7471731228138427,-0.710483893388161,-0.017139149849486283,0.053509006922767346,-0.1881572300492696,-0.31887062819208917,-0.8206490694176928,-0.8405076067205697,-0.8821095199802172,-0.191882661701156,-0.64141593551776
490,118_0.mat,Ball,1,-0.7955394786686066,0.4657851377621388,-0.18345879834240383,-0.674875977238154,0.051663270727873946,-0.8844912964403512,-0.9467388769908797,-0.6723805885154149,-0.7918108889922217,-0.43535886508001326,-0.3918548311410052,-0.8319892458595547,-0.7740919330067997,-0.7753352468251543,-0.753257485855096,-0.6409899535010745
491,118_0.mat,Ball,1,0.10952589270596629,0.6380649410086575,0.7242516545504801,0.029474667968061904,0.8700840561259899,-0.6268154704274626,-0.5755778912735526,0.03108201562589568,0.11157628674142338,-0.17589616915276557,-0.3077829635540939,-0.8407355217672458,-0.7654293747580987,-0.7592911167925612,-0.17431175745489816,-0.6273641218031001
492,118_0.mat,Ball,1,0.6079423616832648,0.6022541763805819,1.275751058084231,0.4600877831859966,1.36339516209409,-0.6268154704274626,-0.5755778912735526,0.46159435999427545,0.6095817993586217,-0.0638595873635806,-0.2656134396413528,-0.8972615277043111,-0.8692337612320086,-0.9063556930621495,-0.04794508365491577,-0.6680165934406346
493,118_0.mat,Ball,1,0.22815692845056348,0.5680545299975324,0.8488829637875905,0.1292153172597034,0.9568339868862695,-0.7558986467854298,-0.7681070601205315,0.1310033445146192,0.2303520046261049,-0.22086825983309985,-0.3054357892359817,-0.8478343117394312,-0.8848987491927348,-0.9441617502563379,-0.24527273208340672,-0.6567424447680744
494,118_0.mat,Ball,1,0.2511720427021546,0.6058791924318904,0.8570837656123215,0.14876472099601837,0.9727413903640351,-0.7558986467854298,-0.7135345316269335,0.15042044912036884,0.25319756144000805,-0.3192478447307775,-0.2958998621596833,-0.8319154040419492,-0.8863941531750021,-0.9506896160551173,-0.39015788134744384,-0.6383608910647409
495,118_0.mat,Ball,1,0.3500836914806058,0.6678706285416365,0.8652702485144512,0.23351852197751108,0.9334840246451819,-0.43093298534220387,-0.3237307566726632,0.23491314253042553,0.3517474386248225,-0.08445248354037564,-0.2647441895382059,-0.7343904890914779,-0.6503847583313036,-0.6122225117993341,-0.053351345560749025,-0.5898243104610866
496,118_0.mat,Ball,1,0.3413396721396431,0.5523461271085299,0.8336528890675573,0.22597792872732372,0.8911062720571084,-0.43093298534220387,-0.3237307566726632,0.227764284051804,0.3434626031255134,-0.034798902035818965,-0.26000001559425917,-0.7090295807334269,-0.6435252435245269,-0.6093626740329965,0.017663955847797605,-0.575339002433776
497,118_0.mat,Ball,1,0.2341183794751435,0.48640012803372046,0.8038425430331352,0.13427285837607267,0.9098057458637389,-0.5880313947728468,-0.5654090971443104,0.13629523644245126,0.23658573648380093,-0.18829952075860631,-0.2841822211638666,-0.79230773785184,-0.7528406495029492,-0.7536168411789188,-0.19702606469029849,-0.6023694803905836
498,118_0.mat,Ball,1,-0.3583588159467944,0.5546529555048172,0.2575971582730879,-0.3471428831070416,0.4755052292876117,-0.5880313947728468,-0.6216764246594488,-0.3450667975709732,-0.35545516523928533,-0.27980763061206354,-0.34415013773232855,-0.8396059579796856,-0.6323851951393039,-0.5516866918750571,-0.3562298591973165,-0.5896104710225545
499,118_0.mat,Ball,1,0.13210582158800194,0.5493435885609815,0.6418586095266479,0.048326567634458445,0.7672893398475246,-0.5759956295342091,-0.5972713187492685,0.050214012475258515,0.13447810134814994,-0.2001351877735197,-0.2839336236514599,-0.7236457822664072,-0.7100775760028255,-0.7073510728284399,-0.212691352009593,-0.5675770800217438
500,118_0.mat,Ball,1,0.905503168788501,0.5039759634340025,1.5748437655719478,0.7316370573077425,1.6495232426350614,-0.5759956295342091,-0.5972713187492685,0.7333022093824884,0.9071259224154206,-0.2369695754280264,-0.22118622317735082,-0.8979120904671075,-0.8855707530889244,-0.9319122982753453,-0.26595015680364853,-0.6594397309918026
501,118_0.mat,Ball,1,-0.017689891962287357,0.5112626118603695,0.7146514589716952,-0.07557327827916777,0.9196972151838622,-1.027163029944263,-0.9480947162081116,-0.07351052104367642,-0.015011978093033401,-0.18737931545251657,-0.3412850635917925,-0.9699934595234547,-1.062562602166741,-1.193963630213327,-0.18860720609009782,-0.6884969799414089
502,118_0.mat,Ball,1,-0.29599018189026544,0.5772452272589299,0.32492001540897564,-0.29848499538047785,0.5283046048296582,-0.832547467515703,-0.8304756641132147,-0.296504472425317,-0.29324559338227385,-0.16489392838407396,-0.35365013847096716,-0.8457649478598499,-0.8421538889747806,-0.8778484140433674,-0.13716151142185964,-0.6459595614771542
503,118_0.mat,Ball,1,0.11922100793919162,0.48650997700497206,0.7060482893208921,0.0375614534252856,0.8225803791232938,-0.832547467515703,-0.7803096130756216,0.03963361371695032,0.12182241476978047,-0.17825164320214826,-0.31557191579158783,-0.8099307971418106,-0.9156073865782473,-1.0019207107776926,-0.17834917842766124,-0.6525681161814703
504,118_0.mat,Ball,1,-0.11381160609635368,0.6416167244124646,0.49846698189349664,-0.1536340834245063,0.6487045900378258,-0.9296099853784608,-0.869117081804334,-0.15194442700122476,-0.1115358735513974,-0.06783212431017557,-0.3402171546861268,-0.8367540726685667,-0.9515593654255612,-1.0512241669859184,0.02118531104517662,-0.6567676030880019
505,118_0.mat,Ball,1,-0.5007343427459195,0.6666256735341163,0.04793083154981462,-0.4564387877749207,0.2529661940540957,-0.6501106049510851,-0.732516280668185,-0.4546823425628031,-0.4981686116902679,-0.3999327009550498,-0.354502057211132,-0.7563216779389551,-0.6318696017974386,-0.5769237347190113,-0.612439971577857,-0.5780635320641523
506,118_0.mat,Ball,1,-0.18328999544931138,0.4474037432393435,0.3559511396913356,-0.20935493152438533,0.5306863564935542,-0.6203379225186648,-0.5508338255590639,-0.2070543692542117,-0.1802109557203788,-0.3512807016198138,-0.3163018608386814,-0.7511073506373198,-0.6810696287321121,-0.6545304710035472,-0.47593539675395163,-0.55421960478618
507,118_0.mat,Ball,1,-0.19919169758533226,0.5132765096666522,0.4013297158778759,-0.22202497549859432,0.5748982442195121,-0.6203379225186648,-0.5508338255590639,-0.21989206585018828,-0.19631273241840316,-0.11220045745353338,-0.3362298657278748,-0.8226171188961272,-0.69135746807246,-0.6490013388816924,-0.047629296649388135,-0.6163581049307583
508,118_0.mat,Ball,1,-0.4893123520988957,0.5280695044618897,0.20044046731333415,-0.44776195663316803,0.431071076062675,-1.0056253447803845,-0.9301298465797844,-0.44555456059760523,-0.4861596529517022,-0.2436038403016784,-0.37776874636914676,-0.9270665481025291,-0.9561393519862859,-1.035677919519794,-0.2880496216898198,-0.6780509520763877
509,118_0.mat,Ball,1,-0.7191110116533423,0.5121047873066333,0.011322743724540748,-0.6192654696517449,0.2965047337683827,-1.0056253447803845,-0.9301298465797844,-0.616923564949958,-0.715640037399596,-0.06897921422473732,-0.39430258527345985,-0.9785653582779669,-0.9190719619031646,-0.963457001757976,0.11117604816315513,-0.6786064590918224
510,118_0.mat,Ball,1,-0.4537308521568981,0.5198674479417581,0.150670825095273,-0.4206299483357199,0.3510000840082563,-0.7261259643530092,-0.7070942953450804,-0.41841294457189915,-0.45058711351962144,0.019153215459505615,-0.36401418485504755,-0.825130058593478,-0.7188546799058416,-0.6911327532124365,0.24506612731182034,-0.6337549422607156
511,118_0.mat,Ball,1,0.4151098770633255,0.5048913715277676,1.004594943872325,0.2898882734135119,1.1060115824758596,-0.7261259643530092,-0.7070942953450804,0.2917796175905514,0.41730676967007624,-0.05606882031606536,-0.2730282319985824,-0.8155096625253653,-0.8913698629990663,-0.9627387478321636,-0.019947159696235308,-0.6303111559304548
512,118_0.mat,Ball,1,0.009977201334077687,0.5665166444000079,0.6712456790149344,-0.05289552180181368,0.887362003887212,-0.8331809288440526,-0.7674291405119154,-0.051008397620890086,0.012423851161453241,0.07538985209839648,-0.31846868262090267,-0.8919595162972539,-0.9097210557934503,-0.9715120017222186,0.24039517791480533,-0.6273838354225255
513,118_0.mat,Ball,1,-0.07199672100936873,0.5611340448086712,0.5724460260966928,-0.11981477038381805,0.7937535401500337,-0.2541972747327296,-0.2576335948325906,-0.11787629356067666,-0.06943767793498383,-0.11553982052937017,-0.3154116976473649,-0.8733069625523544,-0.44949285093644364,-0.2538589968032682,-0.06502087796749975,-0.590897267154059
514,118_0.mat,Ball,1,0.5285554938275927,0.5236023129643179,1.1760447521844022,0.38946851454966963,1.2775059402172388,-0.2541972747327296,-0.2576335948325906,0.3912553291475384,0.5305597307834163,-0.10589837891138382,-0.26001058195366983,-0.8766421838893477,-0.5909975772718182,-0.4749179583470731,-0.09607211493370889,-0.6335963452574489
515,118_0.mat,Ball,1,-0.19844353362823983,0.5982629970917676,0.4486206911581237,-0.22142955132899853,0.6344678832674703,-0.9441795959304958,-0.8965728259532866,-0.2195569069657286,-0.19589185020412367,-0.06715039044920079,-0.34651129362525235,-0.8762612800204483,-0.9537391611003686,-1.0447466624000445,0.03332931844134201,-0.6516567996108351
516,118_0.mat,Ball,1,-0.5753623667551757,0.5585709021461297,0.12082559832430503,-0.512738456328482,0.38587924796012557,-1.0365220152441994,-0.9786010985958372,-0.5105886290091919,-0.5722350755805613,-0.23205364718060806,-0.3807625311743886,-0.9354813662778962,-0.9661082728438072,-1.0493165490929905,-0.2645926109966998,-0.6633730432665349
517,118_0.mat,Ball,1,-0.23301423975264793,0.4727422392747506,0.4020692977363956,-0.2488711260872652,0.5977658995489228,-0.6812931446655082,-0.6718424756970417,-0.2466142957510131,-0.22995778535623818,0.04062577362304831,-0.3442761198920679,-0.8624571931043425,-0.7392625965727653,-0.711988129261199,0.23477628708353546,-0.6330544649288669
518,118_0.mat,Ball,1,-0.15346231201711072,0.44033679275548,0.375191068924277,-0.18550572518874317,0.5076065915772064,-0.6812931446655082,-0.6718424756970417,-0.18320023691706244,-0.15039682946950897,0.1470344777842527,-0.3268175864874151,-0.7392258127103407,-0.7333870799828112,-0.7387592445812753,0.40447721132189357,-0.6001499798533548
519,118_0.mat,Ball,1,-0.20124098751314531,0.4039767832711459,0.42459386820569056,-0.22365554690913345,0.5739577063181882,-1.027796491272613,-0.9572466309244296,-0.22124575846183384,-0.1980129351434377,-0.004701664071215711,-0.35036203524706405,-0.8518807107512992,-1.014580288883744,-1.1461004716016763,0.14600372844680332,-0.6641777986201503
520,118_0.mat,Ball,1,0.2929425267122334,0.4189894760088872,1.0333035721097703,0.1844105355276507,1.2026189520797184,-0.7698347960091156,-0.7037046973019997,0.1865750017727376,0.2955371142498089,-0.16196478905692582,-0.3077559766737133,-0.974182536534248,-0.9276369777392869,-0.9782531282788548,-0.16044436852908658,-0.6811789624283441
521,118_0.mat,Ball,1,0.2696205278666902,0.5057701632977817,0.8987887599187611,0.16448188326291308,1.0406807336291455,-0.7698347960091156,-0.67218143550135,0.16643571721199601,0.2719842968486906,-0.051774845342608976,-0.2860890547904988,-0.8570699959756701,-0.9040806243564531,-0.9717695590833613,0.0013805575259549154,-0.6185528936861943
522,118_0.mat,Ball,1,0.2964775402812023,0.44678126573558374,0.8510938809192865,0.18743700460127266,0.9037375069942778,-0.7902484931415997,-0.6945527825856822,0.1895336436647679,0.29899055851050665,0.05996445348430952,-0.2846652556678484,-0.7765952880005279,-0.9104580233865421,-1.0024016987027662,0.15965056258858645,-0.62323466289127
523,118_0.mat,Ball,1,0.01695895727605683,0.42938851195405414,0.5838915841762862,-0.04715804180136186,0.665842339371782,-0.8933597550372427,-0.8036978395728779,-0.04489796759627843,0.01985468848870494,-0.1311387600175928,-0.32320557213194984,-0.786420409071448,-0.9393059313607931,-1.0446727137346477,-0.09795803745402001,-0.6439532178630755
524,118_0.mat,Ball,1,-0.27606394917777455,0.4993989229651789,0.4051404427300854,-0.2828390585072569,0.6143671091635815,-0.6489866169196905,-0.7070942953450804,-0.2806359771437801,-0.2730481559123387,-0.17181773184656152,-0.35577315100487344,-0.9155940805192581,-0.7146411522511114,-0.6572955663901724,-0.15117943044844898,-0.660009002650303
525,118_0.mat,Ball,1,-0.20109547447061404,0.45216386532692,0.47804363244195447,-0.2235397825528781,0.6727170192005626,-0.6489866169196905,-0.705060536519232,-0.22124366598467574,-0.1980103067035048,-0.278156364421084,-0.35130285058154004,-0.9127969801310583,-0.7306014326707104,-0.6833384131393907,-0.3461429601269492,-0.6673999660053057
526,118_0.mat,Ball,1,0.2002193615698127,0.41649956599384713,0.8099658070997278,0.10557165713261779,0.9144819787060628,-0.5172266606230222,-0.6237101834852973,0.1077826749234344,0.2029320326146624,-0.2826796426159955,-0.3043176929548607,-0.8357728953277284,-0.7019191893984047,-0.6615142733120939,-0.33811268591993526,-0.6456803790186291
527,118_0.mat,Ball,1,1.1979732545055128,0.4688975252809392,1.9540123235302882,1.0090817112908987,2.031163775245478,-0.5172266606230222,-0.5901531628587992,1.0106971503477071,1.19934593254375,-0.005021915811555044,-0.200842884144158,-0.9774502564462991,-0.9081032724385201,-0.9462896886280893,-0.032062378335900435,-0.6975642888682987
528,118_0.mat,Ball,1,0.8128089484261762,0.4478065228006002,1.5070817770741685,0.6458857945450717,1.6061060616313754,-0.7609663374122245,-0.7155682904527819,0.6477425268341651,0.8147012618425314,0.13679396518837278,-0.24331385558705265,-0.9226535508896977,-0.9980094812575769,-1.102970980273316,0.16942227103619784,-0.6768076578702246
529,118_0.mat,Ball,1,-0.22025545997119797,0.2863285350605052,0.29851550144853584,-0.23876044659756424,0.4459021640125732,-0.7609663374122245,-0.7426850747974266,-0.23611901080431513,-0.21672271032582033,0.058162410128731495,-0.331820658398967,-0.7260067192003745,-0.7797665658155978,-0.8139519409837997,0.2636134383442988,-0.5942043059007226
530,118_0.mat,Ball,1,-0.06132256281657994,0.3163539205359875,0.37366889878007564,-0.11114743165461645,0.48991278091278256,-0.31705288086462136,-0.40440319009798115,-0.10862197436637143,-0.05804813862064815,0.066564166846417,-0.29619320415903555,-0.6307690245356842,-0.446530759893088,-0.333315189286756,0.241456020086513,-0.5343612306949277
531,118_0.mat,Ball,1,0.23669091193337596,0.5056603143265297,0.8105183505147509,0.13645666952825228,0.9278317330267112,-0.31705288086462136,-0.40440319009798115,0.1384253205394373,0.23909334802227042,0.07853260181466117,-0.28641457508621126,-0.7968369714970025,-0.5545751304354339,-0.4442114840893891,0.19799492160996462,-0.6090678636664064
532,118_0.mat,Ball,1,0.08474066005205652,0.47233945971349434,0.7816645012739399,0.008853278561898088,0.9363490160981867,-0.8725984658270173,-0.8542028504147788,0.010977709143340168,0.08742732427604794,0.05273033565169518,-0.3332362559288697,-0.9305134943210425,-0.958836981216178,-1.0390683202256654,0.1882771191707965,-0.693132448099415
533,118_0.mat,Ball,1,0.004668394953515023,0.3300850419424584,0.6246036154000529,-0.057254216652381326,0.7884523017157042,-0.8388820807991969,-0.7531928287309766,-0.05478113493441059,0.007831750606712599,-0.0553939823906196,-0.3211760859857862,-0.8460192443253232,-0.9054099773713239,-0.9767245065260608,0.027046215096929577,-0.6341068552609784
534,118_0.mat,Ball,1,0.10823131742176807,0.4177445210013669,0.6912349013495322,0.028395719771916787,0.8313163886593948,-0.8388820807991969,-0.765734341490375,0.030643838243205265,0.1110508678692982,-0.31521436346417464,-0.3042388486700229,-0.8055682664716014,-0.9176560401247591,-1.0062196126649294,-0.3924263171267549,-0.6171214331317495
535,118_0.mat,Ball,1,0.06888849749506068,0.2726706463015354,0.7508188298825587,-0.004296419278756117,0.9274554056854007,-0.8749893765151109,-0.8372548601993759,-0.0017553258410446014,0.0720880771286787,-0.399711570803608,-0.32472574989768754,-0.9143649888447177,-0.95523589677803,-1.0374778498315849,-0.5293921107763546,-0.6641228822749862
536,118_0.mat,Ball,1,-0.04606310100892024,0.02038417565998132,0.6138674157812618,-0.09873268671176871,0.79987475026509,-0.5691704895476702,-0.6467594501782454,-0.09593782862183826,-0.04246907011152077,-0.0830395215727604,-0.3283292944286403,-0.8906060339504374,-0.698879276015662,-0.640090380017691,-0.012842433110952541,-0.6403069506113168
537,118_0.mat,Ball,1,-0.041633963263676244,0.16791134405110206,0.41278022854305263,-0.09512391599247101,0.5126030588205219,-0.5032905113993361,-0.45524716074419075,-0.09240830018927644,-0.03814047017896843,0.10886189505980859,-0.2901000048575904,-0.6545958269382264,-0.6024135020342188,-0.5630401803348546,0.3077871177978059,-0.5228775546855735
538,118_0.mat,Ball,1,0.3205358183549231,0.29800914233694253,0.7672622013127867,0.20807482680496853,0.8049337037223699,-0.5032905113993361,-0.45524716074419075,0.21046607000993411,0.32337521817181825,-0.2812076834461764,-0.25486061857458825,-0.6576777473276214,-0.6825552937744639,-0.6843749916979343,-0.3318518986232327,-0.5556922633700961
539,118_0.mat,Ball,1,0.5706880146727139,0.11108280959018879,1.2808598558545679,0.426851980475319,1.4028577298152511,-0.727535821635012,-0.6470984099825535,0.42934127466768895,0.5734537797861651,-0.36426826861910616,-0.27203698814389315,-0.9402317729002196,-0.9395695968974769,-1.0060734311671575,-0.4310738730961793,-0.6722091031502482
540,118_0.mat,Ball,1,0.14523489825072244,0.054400740424278254,0.8410626796692289,0.05931662341470142,1.0163820991583805,-0.7856713292178499,-0.8189510307667406,0.06202240330296593,0.14857503225645546,-0.1952401775811635,-0.3196478696332681,-0.9288591738420696,-0.9053048150369296,-0.9548162174128789,-0.20541839316426597,-0.6717935909831709
541,118_0.mat,Ball,1,-0.272102501622592,0.17790760043501286,0.19478844080562718,-0.2797227775373096,0.33983912417156464,-0.21949983629881922,-0.3708461694714836,-0.27692114304011023,-0.26832907177638693,0.04079449830216535,-0.31376283457725995,-0.6617540083663007,-0.31900784752281747,-0.12818739943235002,0.24392252156580363,-0.5112381074160278
542,118_0.mat,Ball,1,-0.1457416095585004,0.28570605755674483,0.3987700403306829,-0.17931480443879458,0.56030415212436,-0.21949983629881922,-0.3708461694714836,-0.1767031669729275,-0.1422999393982147,0.15642285197194372,-0.305091835377354,-0.7580100344956267,-0.3766941357238009,-0.18189352101892092,0.41850429380684584,-0.5310173970364154
543,118_0.mat,Ball,1,0.23136688059542024,0.25055438675618025,0.9104188294896949,0.1319380182667693,1.0545707628002574,-0.8008744010982347,-0.755226587556825,0.13444050338755326,0.23440153964734145,0.02076712288001156,-0.30550734898255116,-0.9104047440434433,-0.9286914247376249,-0.9966009974178175,0.1132125405519423,-0.6581070384278546
544,118_0.mat,Ball,1,-0.11007984088013667,0.12950082043673525,0.34357930821584876,-0.1506245633608398,0.4339873189128793,-0.5964093266666926,-0.4918548196094611,-0.14784855949952086,-0.10646037281328961,-0.08311179465340046,-0.30647911799515,-0.6513307702701027,-0.6593282311778406,-0.6508113951017712,-0.005823784748080699,-0.5490791696991373
545,118_0.mat,Ball,1,-0.5104692526818881,0.21565903022186964,-0.05341982639084642,-0.4638214299808056,0.10489195229601515,-0.5964093266666926,-0.4918548196094611,-0.4609655421288802,-0.5064486264840624,-0.19328810781106115,-0.340124479810388,-0.6407210861809448,-0.5610819799926994,-0.5043665814288634,-0.18360053266492157,-0.5151532269015141
546,118_0.mat,Ball,1,0.24213807091619768,0.22514265807327177,0.9165579980314048,0.141083406555115,1.0803677842521364,-0.9345347413799511,-0.838949659220916,0.14361453194511453,0.2451984851939321,-0.25260406162217175,-0.3088106770099772,-0.9054289941375281,-1.0267300465628355,-1.1524688494494562,-0.29220627372187546,-0.6699111095344075
547,118_0.mat,Ball,1,0.6785829347930428,0.0643969968081887,1.490052764972923,0.523574082947211,1.675469634726075,-0.8426828487692929,-0.7898004875962472,0.5260361381320633,0.68123618954768,-0.1896060641952031,-0.2749548426192906,-1.0383853353331995,-1.0502033477017525,-1.157939048545535,-0.20863719909963363,-0.7061149875985543
548,118_0.mat,Ball,1,-0.06097065539918213,0.12038335582283845,0.6018387439828071,-0.11086144837769916,0.7940322593376643,-0.8426828487692929,-0.814883513115044,-0.10809971028721982,-0.057405956242906016,-0.019808372698407725,-0.3352692381467591,-0.8938515354088109,-0.9040574627551126,-0.9621004444210066,0.09552629103590708,-0.6574280243767983
549,118_0.mat,Ball,1,-0.2216749204830241,0.23477275121967658,0.31677713342752634,-0.23988627954541403,0.4651215068662025,-0.7763123439179136,-0.754209708143901,-0.23717012189787892,-0.21804699605221073,-0.11199908973255895,-0.33399356321147017,-0.7494211593228179,-0.7958583793903341,-0.8322995800264612,-0.04516218700514748,-0.6012740316195666
550,118_0.mat,Ball,1,0.0038141301365973534,0.28761010639177575,0.6174733665749449,-0.0579552729855048,0.774256369752933,-0.7642765786792757,-0.7362448385155735,-0.055409485556225976,0.007066629389463998,-0.28712276080799115,-0.3215079513488618,-0.838987406717226,-0.8475388094396349,-0.8881105491319297,-0.3528152176633973,-0.6348703177165429
551,118_0.mat,Ball,1,0.038455483869065096,0.3058816519433196,0.6618240989422673,-0.029455192553768238,0.8508316352522375,-0.5753621682058595,-0.5542234236021447,-0.02695406814332052,0.041628763523589594,-0.25562104090219895,-0.3127112906380407,-0.8499877559863798,-0.7138657017578922,-0.6759205757665379,-0.3004697811083178,-0.6195012815230219
552,118_0.mat,Ball,1,-0.3313247794431467,0.21064259386803913,0.15079518703793635,-0.3261101969388352,0.3050072719408496,-0.5753621682058595,-0.5915090020760311,-0.32331970653263853,-0.3275215146153839,-0.12776550401428854,-0.3341612277959531,-0.6785014942380331,-0.59603674551175,-0.545922719359917,-0.06425796038747429,-0.56248267793664
553,118_0.mat,Ball,1,-0.24518807503797255,0.21437745889059887,0.29604619884773753,-0.258499726387646,0.4540012045008837,-0.8808334630955594,-0.8501353327630822,-0.2557486299715414,-0.24149870503189788,-0.05469032259779624,-0.33758319755949906,-0.7522697557666135,-0.8746771252416473,-0.953278631318487,0.06237888723962377,-0.605735856472995
554,118_0.mat,Ball,1,0.2666038474701359,0.29010001640681576,0.9339744148832424,0.16190898278778396,1.089376826078614,-0.8808334630955594,-0.7857329699445507,0.16433695869169823,0.26952522777640786,-0.26687163386750934,-0.3000487891106618,-0.8978477154404056,-0.9906561741958191,-1.0974507125989117,-0.31267685917227983,-0.6539958230351198
555,118_0.mat,Ball,1,0.20304848215082916,0.23711619593971445,0.8989910586844954,0.10796161262089228,1.0664141404233995,-0.7180339017097717,-0.6986203002373788,0.11049460390089963,0.20614000977514346,-0.28076660909867157,-0.3139969877025796,-0.9285399286507109,-0.8664417227719785,-0.8934334594125889,-0.33512486907901096,-0.672675727529713
556,118_0.mat,Ball,1,-0.24465807857592906,0.18907557917894235,0.3676139099527791,-0.25808091547960554,0.5525721755249903,-0.7180339017097717,-0.7386175571457303,-0.255301822180533,-0.2409336990337708,-0.13350305585962033,-0.3472122858396186,-0.8359544262879488,-0.7606504199991915,-0.7532038726317609,-0.08239289855216732,-0.6397850390446741
557,118_0.mat,Ball,1,0.256007709269684,0.16172318533725275,0.8150309542900231,0.15288043966472872,0.8784137998781539,-0.700154049890685,-0.6986203002373788,0.15547328708938232,0.2591302765220308,-0.3871353314814709,-0.29937371717809497,-0.7808502556156321,-0.8376502269088906,-0.8884180368058979,-0.48946668492294765,-0.6492025988232651
558,118_0.mat,Ball,1,0.6360477957056939,0.05992980531061666,1.3218689188825323,0.48527375565195496,1.4005760918290437,-0.700154049890685,-0.5962544393363441,0.48775720094505787,0.6387572525748813,-0.5792774548887124,-0.26588902863605984,-0.9153024190901868,-0.9274986253099953,-0.9934478298847474,-0.6955674004361968,-0.6763796896569663
559,118_0.mat,Ball,1,-0.1116134866277168,0.1356889791505843,0.5267295917248264,-0.15186159351634498,0.7023779295054721,-0.7180339017097717,-0.6762489531530467,-0.14908950081764616,-0.10799770495093125,-0.32884406706846697,-0.33268478906916493,-0.8663932319798276,-0.7941171529830376,-0.796862072282147,-0.4300342875917333,-0.6334367030176896
560,118_0.mat,Ball,1,0.026593009280871265,0.20170821087289567,0.6399960542449643,-0.03923117493429856,0.807173662403555,-0.889558987067146,-0.8375938200036838,-0.03657904748948945,0.029958063391607444,0.01609269662767143,-0.31844869670793496,-0.8388258963921298,-0.9465414395768043,-1.042866011326263,0.14028799602791892,-0.632856146088501
561,118_0.mat,Ball,1,0.27499888077266227,0.20789636958674496,0.9985371308461155,0.16907179172603437,1.2054964970734239,-0.889558987067146,-0.8375938200036838,0.17160905666405266,0.27804208443115175,0.10490219437757864,-0.30334649112530987,-0.9569152202162817,-1.007483638938414,-1.109573489308457,0.22883266842055275,-0.6649747434790046
562,118_0.mat,Ball,1,0.09621595716321305,0.2511768642599403,0.8651661511389719,0.018391431136437906,1.082028330944047,-0.9207415267815695,-0.9314856857970168,0.020951847770946032,0.0994188144033478,-0.1397446543597638,-0.33267529176940297,-1.0073200279077283,-1.0083404645165102,-1.098486736964456,-0.11697946426556985,-0.6948131232140994
563,118_0.mat,Ball,1,0.5376424092527968,0.12009042523283386,1.2903500084132897,0.39751283681515914,1.447373828914021,-0.7064886631741789,-0.6921800639555254,0.4000115381593751,0.5404438466576985,-0.4043087533429958,-0.28684952531838565,-0.9832532381432547,-0.926634293496046,-0.9742590228330578,-0.4856690807793149,-0.6962322595212035
564,118_0.mat,Ball,1,-0.06045143178833146,0.10753102618638222,0.5270378210059526,-0.11043946525020598,0.6927886767677967,-0.7064886631741789,-0.6921800639555254,-0.10766980723281622,-0.05687738869958004,-0.3089330147282099,-0.3263953630058813,-0.8088937757824647,-0.7853098358456709,-0.7993789737965823,-0.3924456148864117,-0.629704329001916
565,118_0.mat,Ball,1,-0.35294560226354627,0.1047848019050884,0.28627021196174757,-0.34293851084785876,0.5096529105407692,-0.8371246314394527,-0.739295476754346,-0.340046845202988,-0.3489962438376521,-0.17701454326249497,-0.35107520066050846,-0.867065247467929,-0.8378629179211889,-0.8652912265031668,-0.15741528836418425,-0.6179759910064795
566,118_0.mat,Ball,1,0.08440581994654746,0.00467577277097938,0.7832801658102077,0.008575204362045076,0.978639432783083,-0.8065755530533787,-0.7169241296700138,0.011315699116154071,0.08783402221673374,-0.3184914487517169,-0.3176756654857612,-0.9326234792774629,-0.9102874301435805,-0.9617016595929146,-0.39901603857888346,-0.6483870836287396
567,118_0.mat,Ball,1,-0.2908297039051272,0.0030280382022024673,0.29157442145359486,-0.29443767911685015,0.4562977986925909,-0.8065755530533787,-0.8182731111581242,-0.29154023923973243,-0.28692027612603793,-0.37271839324875333,-0.3512253830936772,-0.8004571803988159,-0.8146143159873211,-0.8473150130693056,-0.5273120533439579,-0.6392132772995652
568,118_0.mat,Ball,1,-0.22654393309677964,0.07820135086216067,0.27884699417775194,-0.2437462248807444,0.3881664509751262,-0.8035511810369366,-0.7911563268134797,-0.24089236543996428,-0.22273879505666302,-0.30023119876555937,-0.3392493291254159,-0.7098223348641889,-0.8095264147977912,-0.8641418303445315,-0.38736633015231525,-0.6179248034690943
569,118_0.mat,Ball,1,-0.6363860815347325,0.005627797188494646,-0.08821153646663334,-0.5582693277086285,0.13656477845109444,-0.8035511810369366,-0.7511590699051285,-0.555235359325318,-0.632033653241868,-0.29845225357155397,-0.36799254980217483,-0.7529913518899602,-0.7273828255930549,-0.7255213712536112,-0.4118685777067539,-0.5858548502748161
570,118_0.mat,Ball,1,-0.6171816223232091,0.07230612273831591,0.07087268326129945,-0.543989599272335,0.35634551939244863,-0.9041285976191815,-0.8518301317846223,-0.5409777957299923,-0.6128736383367708,-0.27960800884439,-0.3826058690646619,-0.926087765059574,-0.8472109418991425,-0.8636982563753104,-0.36906932375059387,-0.658185982157863
571,118_0.mat,Ball,1,0.49854253492081363,0.08113065676220756,1.2278065137997913,0.3629707945985872,1.4123361037833715,-0.06289195357122117,-0.31559572136926956,0.3655091971445059,0.5014186054622436,-0.40645849561064235,-0.26448398925065675,-0.960214542142124,-0.46917693747018896,-0.25369625692191905,-0.4922726320658157,-0.6351985270794667
572,118_0.mat,Ball,1,0.21541681696930898,-0.06357705470011767,0.819499857825888,0.1184214895835707,0.9651698901161396,-0.06289195357122117,-0.31559572136926956,0.12109458955622424,0.21866460788167116,-0.38248168602374694,-0.28059161229351565,-0.8296965881717541,-0.369666459255086,-0.1447629669582265,-0.48663739533917905,-0.5869765589064277
573,118_0.mat,Ball,1,-0.22682515977794002,0.0006479771584142354,0.3966223445339719,-0.24396908091409394,0.5731441741925478,-0.8838578351120022,-0.8484405337415419,-0.24109773120256586,-0.2229977526042279,-0.281161198853785,-0.34782370021082404,-0.8490238144340144,-0.8968533078830807,-0.9625545938579162,-0.35266245129855955,-0.6476524395514295
574,118_0.mat,Ball,1,0.041033663855363715,-0.03018296743958139,0.7144011991932109,-0.02732821477826735,0.8910303086910434,-0.7237350536649162,-0.6976034208244547,-0.024571305534391005,0.044514847245965085,-0.3651037710743851,-0.32596631895162864,-0.9051583052163672,-0.8358306993349066,-0.8515495827756613,-0.47695466501207434,-0.659628308889753
575,118_0.mat,Ball,1,-0.007200605187897422,-0.10575905966079574,0.6273814941880973,-0.06698658017445157,0.7991468515223838,-0.7237350536649162,-0.6135413893560554,-0.06423676456853418,-0.003691287914016956,-0.5036757082412245,-0.32009712118482075,-0.8623443805728723,-0.8187804101148889,-0.8366754662663467,-0.7100719301708944,-0.6271918174045101
576,118_0.mat,Ball,1,-0.20292139798160244,-0.12447000109734625,0.32030737710353496,-0.2249922268381088,0.47818252660693117,-0.36441954586552,-0.44372252739771667,-0.22217228007117648,-0.19917687848279447,-0.5869304061156511,-0.3187378584532579,-0.7317210108022852,-0.46989140567562837,-0.33495088549467944,-0.9022024216304544,-0.5554630357981037
577,118_0.mat,Ball,1,-0.2803915268988108,-0.10151156610572726,0.2739439138655778,-0.28624116535642297,0.43649121788768686,-0.36441954586552,-0.4020304714678251,-0.28337543697788864,-0.276530408542995,-0.3457648299528905,-0.3315735519374285,-0.7672441571329935,-0.4576249192874813,-0.30382524960146906,-0.4756874217048986,-0.5719378087013534
578,118_0.mat,Ball,1,-0.11986804687989341,-0.0186854417818962,0.40307752114130707,-0.15851474059572213,0.5097485588456219,-0.4892114275503451,-0.468805552916513,-0.1556884489390168,-0.11617879817719949,-0.35981156393022556,-0.3165358955943154,-0.7332366324401521,-0.5890717408636882,-0.5180904547188057,-0.4843654683539259,-0.5782169635837838
579,118_0.mat,Ball,1,0.35483894333154203,-0.0832766368779343,0.836739888877005,0.23762323689220657,0.8856500382853589,-0.4112956841633728,-0.28644517819877613,0.2402268234498755,0.3578991810155722,-0.6278945287567896,-0.24723462304845098,-0.697859234995945,-0.6297866641881673,-0.5916704598670587,-0.818579142131494,-0.5486272868498814
580,118_0.mat,Ball,1,0.264012063666486,-0.12201670740605695,0.9119113707296954,0.1596993608380051,1.081032464585199,-0.4112956841633728,-0.28644517819877613,0.16232175852974545,0.26716324552166804,-0.35958166362722943,-0.2759112260449452,-0.8771160030472966,-0.6461344129630481,-0.5613676537572657,-0.44835344270982436,-0.5906174829355415
581,118_0.mat,Ball,1,-0.24336011127314408,-0.09327289326184471,0.44756723162065193,-0.2570550979196076,0.6551010119695461,-0.7813800345447086,-0.7836992111187022,-0.25420013929812446,-0.23954078885565677,-0.08222107850086197,-0.3532966235538944,-0.9264619924805798,-0.826935976318639,-0.8315356250764852,0.011580045163106291,-0.6616074268785481
582,118_0.mat,Ball,1,0.2566602158788728,-0.08510745306546331,0.8891162759147321,0.1534360179666896,1.0143991858511905,-0.7140901991143713,-0.6376075354619278,0.1560823636898357,0.2598450733270834,-0.2509577615046931,-0.2959987234399295,-0.8605680907387,-0.861750816694839,-0.904516107516366,-0.2895614722635368,-0.6406098806523167
583,118_0.mat,Ball,1,0.6201873391296341,-0.021138735473185587,1.3200014090152643,0.47104894618591514,1.434318829955904,-0.7140901991143713,-0.6470984099825535,0.47354900499552693,0.6229274240218726,-0.27375894668897227,-0.26684249521670095,-0.9294356248865497,-0.936748312821604,-1.0044015712516772,-0.31351963425929874,-0.6742110282716968
584,118_0.mat,Ball,1,0.24947164111023415,-0.08012763303538355,0.8754765969188343,0.1473181589538254,1.0013717134183904,-0.8757657724687646,-0.8284419052873665,0.14996989336529146,0.2526683022602201,-0.26114556866050453,-0.3036708375502054,-0.8536102813507087,-0.9772103819237793,-1.0871767616804842,-0.30466232095781387,-0.6585539791932461
585,118_0.mat,Ball,1,0.20101511668262922,-0.12926673950867304,0.7375683887771667,0.10624378814291661,0.849679681816197,-0.28713726380689747,-0.33118787236744046,0.10888891884691927,0.20424080336209174,-0.2911228858915191,-0.27885732461954227,-0.7551500085458022,-0.515223689914876,-0.39701647394964484,-0.35075765838168177,-0.5774999512037964
586,118_0.mat,Ball,1,0.5223910585396168,-0.06661620957141597,1.098668843678753,0.3840171026558611,1.1472661198694523,-0.28713726380689747,-0.33118787236744046,0.38655161617322653,0.5252445401069095,-0.3808205686064404,-0.2551928197422213,-0.8025578998325066,-0.5974799013037624,-0.5090549167210974,-0.45631450416662045,-0.6212259281113874
587,118_0.mat,Ball,1,-0.03037559104374469,-0.10740679422957156,0.5679437280580749,-0.08594003644778941,0.7063305123819732,-0.7349944229499004,-0.7233643659518673,-0.08318135854029896,-0.026837847246568552,-0.510591346163103,-0.32815077855670727,-0.8214756047568578,-0.8154749271910892,-0.8428570242142288,-0.7263270970458723,-0.6446108836490211
588,118_0.mat,Ball,1,-0.5711172639406076,-0.11330202235341656,0.022008455378429454,-0.5095541853508783,0.22396011283504189,-0.901104225602739,-0.905385780865296,-0.5065796901311219,-0.5668941374987434,-0.3119276370158684,-0.37458053148617504,-0.810254332079074,-0.8342596032970172,-0.8751987635921851,-0.43584695756238895,-0.6383647364690787
589,118_0.mat,Ball,1,-0.0993869202840683,-0.07371977637903046,0.389200662643132,-0.14199172688629214,0.4830333147734506,-0.7552651854570801,-0.7237033257561754,-0.13918753253853558,-0.09574067879153703,-0.031398181981540436,-0.3206151733751633,-0.6932527467806864,-0.7945042382816414,-0.8455729639955034,0.08177520340562744,-0.5985110099851348
590,118_0.mat,Ball,1,0.29595889430070615,0.011632874283591128,0.8285805079269202,0.1869928750945466,0.8972705786343543,-0.7552651854570801,-0.721330607126019,0.18964062225139525,0.29911539624803085,-0.1954746955148088,-0.2826729523881938,-0.7524900928636443,-0.8807158989983984,-0.9625507687215034,-0.20894164516715952,-0.6181922873056647
591,118_0.mat,Ball,1,0.14207976091508123,-0.044573182673562285,0.6622825534717066,0.056673606404936266,0.7672472322216936,-0.8230455475904629,-0.7565824267740575,0.059384176436438126,0.14542801854202766,-0.3680246255339951,-0.2969176432534926,-0.7356855262747208,-0.900441569835154,-0.9972872062017706,-0.4718263121494788,-0.6075462981553063
592,118_0.mat,Ball,1,-0.06527705081786542,-0.1653704347267536,0.5093717885285121,-0.11436007030067928,0.6740787874757599,-0.8173443956353177,-0.7535317885352845,-0.11162963866666412,-0.061747608757493244,-0.37835981648498446,-0.32330709377645106,-0.7941567848314849,-0.8670534390136683,-0.9305083030104271,-0.5101597951356973,-0.6184130336062328
593,118_0.mat,Ball,1,-0.24112050692454357,-0.08393573070544494,0.310186694647358,-0.25528459597980996,0.44900605263150134,-0.8173443956353177,-0.7243812453647911,-0.2524260830179409,-0.23729839581024667,-0.2612158706190959,-0.3402817683854945,-0.764320122766462,-0.827059875836594,-0.876468451254506,-0.31675151207431856,-0.6166427413564801
594,118_0.mat,Ball,1,-0.25409771412351556,-0.12666698052238146,0.2592735668515512,-0.26553511528278195,0.38379505927374363,-0.8402919380811996,-0.7501421904922041,-0.2626956735838761,-0.25028988093799137,-0.18171507929285097,-0.3378831412330528,-0.7187143306576115,-0.8348107216443739,-0.9006293901710203,-0.1705326947904686,-0.6037669839769357
595,118_0.mat,Ball,1,0.12884666765029457,-0.10718709628706831,0.6942929164076558,0.04560166554727884,0.8017421878816049,-0.7174004403814223,-0.6843839884564401,0.0482923599108099,0.13218126903971353,-0.13693327252854484,-0.30570954495537106,-0.7862392000783548,-0.8271830741053586,-0.8707242907064418,-0.1146064156676056,-0.627940418499681
596,118_0.mat,Ball,1,0.17043816638355735,-0.1323425107037224,0.8046752723775994,0.08047272776039466,0.9496005592610861,-0.7174004403814223,-0.6721814355013498,0.08312901709107881,0.17370022984689823,-0.24061233470245066,-0.30720378992509473,-0.8623146047080283,-0.8483918180182626,-0.8831031238052065,-0.2750850519346496,-0.6447825597993732
597,118_0.mat,Ball,1,-0.2540301843554786,-0.16983762622432486,0.45721107777948033,-0.2654818276908205,0.6801468703812595,-0.8426828487692929,-0.7843771307273182,-0.2626772229520397,-0.2502665166132813,-0.3758620308128733,-0.3557580952509765,-0.9496015301035163,-0.8764930604741776,-0.9035954725878067,-0.5285073893722381,-0.6669865845887469
598,118_0.mat,Ball,1,-0.026656002043901224,-0.16906868342556258,0.7100039399297106,-0.0829024240617569,0.9284903847656247,-0.8173443956353177,-0.7447188336232748,-0.08019164803438787,-0.023179678735074993,-0.36215069935746586,-0.33629390527273423,-0.9748092760699726,-0.9049607970149003,-0.9419965573589375,-0.47883872403072775,-0.6708150315587886
599,118_0.mat,Ball,1,-0.08306493454028943,-0.2328909357228384,0.6484169421098233,-0.12878737929710887,0.8804460048530619,-0.8173443956353177,-0.7447188336232748,-0.1261227806552021,-0.07960335825500581,-0.5186462952207258,-0.34284422894790806,-0.9699693295148265,-0.8935655215599401,-0.9251720843607778,-0.7513971878062484,-0.6747808100515849
600,118_0.mat,Ball,1,-0.3611729280115505,-0.06606696471515773,0.34256796336526557,-0.34932715287654076,0.5633494100806333,-1.0252626459592153,-0.9369090426659459,-0.34641272340915114,-0.3571880185769227,-0.471565843533898,-0.3681843021102576,-0.9421987978673486,-0.9980790676083152,-1.0982761405758117,-0.7280621094191432,-0.6798555682721128
601,118_0.mat,Ball,1,-0.12482695825954623,-0.030805444943341167,0.4070839569617866,-0.16250760354390395,0.5514516387076354,-0.6013340826681837,-0.5315131167135048,-0.15968079892622927,-0.12113328127713117,-0.11635281016925458,-0.3176226851652061,-0.7436496577505562,-0.6777798981826246,-0.6516803221217208,-0.06189985147143032,-0.5800119330199088
602,118_0.mat,Ball,1,0.15030643074567557,-0.16998409151932786,0.670401058381299,0.06356752796780565,0.76738727972431,-0.6013340826681837,-0.5315131167135048,0.06620161794038772,0.1535572588473502,-0.07678189784930109,-0.2935268602921917,-0.7357345515539497,-0.7352211967063038,-0.7425889126454912,-0.023484775018278427,-0.600758832505503
603,118_0.mat,Ball,1,-0.13151670628063422,-0.12695991111238658,0.5589920972385345,-0.16788935774410624,0.7362698444289825,-0.8105192556487795,-0.8531859710018547,-0.16510067799320874,-0.12786529576107028,-0.32062371412540475,-0.349667847284715,-0.9251373126463072,-0.8714236787680689,-0.9022403692503035,-0.4172925397852022,-0.6827447049604094
604,118_0.mat,Ball,1,-0.533811404937016,-0.11451036103718616,0.14807810195144863,-0.4814762040306333,0.398219096456076,-0.9541720425587819,-0.9233506504936234,-0.4785169938369138,-0.5296368281822058,-0.3104717200587731,-0.37701086339623635,-0.9180662412453027,-0.9041581802249758,-0.9558656725726647,-0.4295410253166509,-0.6611159293186096
605,118_0.mat,Ball,1,-0.49025512907398017,-0.2736082877334925,0.13566484960131467,-0.44847875021837524,0.3565077203312009,-0.8167109343069686,-0.8497963729587741,-0.4457049202211677,-0.4863572854832283,-0.45683437570223506,-0.3668474823298403,-0.850873531928761,-0.7893895516197277,-0.793866307080879,-0.7277448719050066,-0.6331567892472438
606,118_0.mat,Ball,1,-0.2232696318912183,-0.24859933861184075,0.417480465255338,-0.24115081762491317,0.6071329398473531,-0.7794796505596603,-0.6915021443469092,-0.23844868064402858,-0.2196582058400449,-0.49409741005503094,-0.3453577526390277,-0.8690040398963499,-0.8193239927315188,-0.8356695130780822,-0.7395946343926263,-0.6401515057125639
607,118_0.mat,Ball,1,0.2283128917679807,-0.13845743677007075,0.8985612420002567,0.1293475772026815,1.0635941773722264,-0.7794796505596603,-0.7901394474005553,0.13197406038880063,0.23149590630011302,-0.3200675483492942,-0.3066890999683005,-0.9010406500717578,-0.9110551871839138,-0.9712334518162443,-0.3926407397455124,-0.6603974375980018
608,118_0.mat,Ball,1,-0.19470201988646538,-0.12095483401728953,0.47427184917159804,-0.21845085209265058,0.6961781846751328,-0.8966699963042937,-0.8616599661095563,-0.21563195093020399,-0.19096503635633763,-0.33298699438598645,-0.3487665476275238,-0.9012319233900169,-0.9216227603620312,-0.9878359782995894,-0.44421077394732594,-0.6608836426277677
609,118_0.mat,Ball,1,-0.7269714639802313,-0.07547735991905889,-0.13305154125463098,-0.625017776482867,0.12375688253482056,-0.7413290362333943,-0.6948917423899903,-0.6219641813947767,-0.7225232854037213,-0.3958778035332248,-0.3793422760261902,-0.8095420112643833,-0.6635258266132302,-0.6096250148153157,-0.6447173730640456,-0.6046762646755648
610,118_0.mat,Ball,1,0.1107449447525074,-0.08001778406413185,0.6908409564608379,0.03049085940738303,0.8417459751617536,-0.6165371545485683,-0.6281166609413019,0.03320313356145922,0.11411914840710242,-0.37654991266172916,-0.3003911038892883,-0.8023563084528005,-0.7508906791493878,-0.7476935880083038,-0.4881466592113266,-0.6071771107406935
611,118_0.mat,Ball,1,0.20799936615276154,-0.07862636376160956,0.8170093989176295,0.11214632250332604,0.9551130084415735,-0.6165371545485683,-0.6311672991800742,0.1148169114535947,0.21124984791991042,-0.4099512809749871,-0.29934091884345204,-0.8350161693701558,-0.7764874601774394,-0.7782110262263,-0.5285471717728467,-0.63480394903264
612,118_0.mat,Ball,1,0.023778101542738385,-0.18404475983955376,0.6520465761631217,-0.04154844445630398,0.7946492441284225,-0.8789330791105112,-0.8284419052873663,-0.03887348389654862,0.027172972758511434,-0.32922909881811735,-0.3293793154757341,-0.8553874780826154,-0.9406830094401659,-1.0295332855339039,-0.42037190859259616,-0.6646442789140049
613,118_0.mat,Ball,1,0.2725165610850161,-0.1980688118360291,0.9462670212298994,0.16695293078024612,1.0843402065813827,-0.171847302047312,-0.3010204497840227,0.16950532739533905,0.2755793304858628,-0.2534978459313329,-0.29347100003037985,-0.9045913328478788,-0.4805113271370079,-0.2915318046983616,-0.29303624648363735,-0.6387492509797134
614,118_0.mat,Ball,1,-0.05776510082343296,-0.20949310484621247,0.5287631816561625,-0.10825570581794484,0.7035719957590727,-0.171847302047312,-0.3010204497840227,-0.10557350266519472,-0.0543005759672007,-0.3060384566007453,-0.3055451504463782,-0.8078249769627218,-0.3749914160418691,-0.16111670875273035,-0.3874080317194404,-0.565112219623999
615,118_0.mat,Ball,1,-0.41578056243665135,-0.256581697189469,0.15144404904393963,-0.3915212047577257,0.36275588604176806,-0.7351373575752046,-0.7131955718226254,-0.38875221595219744,-0.4119430384366612,-0.36181963067033823,-0.3501032206827056,-0.780561499867592,-0.726374290793366,-0.7159463700036223,-0.5221394012960969,-0.5921286434684322
616,118_0.mat,Ball,1,-0.4233505652336857,-0.19891098728229248,0.22205868204779966,-0.3973416188053774,0.4371543051377491,-0.8687976978569212,-0.822340628809821,-0.39449794610780564,-0.41941041220124997,-0.33667466385345507,-0.36612242428396885,-0.8743195710503779,-0.8500070437132266,-0.8823607830176936,-0.4728801576914512,-0.6524232828471209
617,118_0.mat,Ball,1,-0.314102806124933,-0.1538729090690687,0.3389333250670189,-0.31266481366038446,0.5227100224015602,-0.7121898151293231,-0.683367109043516,-0.309821712992213,-0.3102450542288119,-0.402980665342718,-0.35707156200520684,-0.883221594818391,-0.749819128779328,-0.7224287275232467,-0.5876793920489852,-0.6530243789102832
618,118_0.mat,Ball,1,0.24457695421816228,-0.15350674583156265,0.856999932804028,0.14315613313876935,0.9651309314295001,-0.6356839290243537,-0.5586299010581492,0.14576351936482887,0.24772521066126285,-0.34464594337379756,-0.2942892252252526,-0.8389262169554494,-0.7984159331959954,-0.8113616633828699,-0.42794112273250295,-0.6324843513438577
619,118_0.mat,Ball,1,0.36996294101867455,-0.21205624750875365,1.027183726735608,0.2506965781236276,1.1504388422303735,-0.6356839290243537,-0.6172699472034436,0.2531899719982305,0.37288440198499473,-0.09735904010044619,-0.28736920482929273,-0.8868895522014887,-0.8307793413930852,-0.848679775532595,-0.07320738904097697,-0.6519408897183574
620,118_0.mat,Ball,1,-0.35843350252188955,-0.2195259775538736,0.2818635883612294,-0.3472008661562053,0.47399053148037296,-0.9929561182133976,-0.9240285701022397,-0.3444066782469719,-0.3546054473858377,-0.13686758613404462,-0.3631494345785574,-0.8683290595924373,-0.9613082146134808,-1.0586142861741668,-0.07941854159218185,-0.6616322365038498
621,118_0.mat,Ball,1,-0.7273313694217964,-0.29759197979012786,-0.14101085314437709,-0.6252809758377628,0.07569528159934319,-0.982187275631458,-0.9169104142117703,-0.622453022385275,-0.723191247133119,-0.225492384361644,-0.38409730107878914,-0.7998918547478092,-0.8674553544289362,-0.9296185005245687,-0.2500686628214371,-0.6272298233931178
622,118_0.mat,Ball,1,-0.02352930725905444,-0.373937014810105,0.5656277224918993,-0.08034769275054705,0.7070241460277598,-0.8547186140079304,-0.7965796836824082,-0.07794205381060645,-0.02042842698668459,-0.1730359265937797,-0.32283763711513763,-0.81115724347496,-0.9064625276230309,-0.9873698543970982,-0.16463351738023604,-0.6302535782509476
623,118_0.mat,Ball,1,0.08408101276983224,-0.23014471144154447,0.6748052046890242,0.008305475282511608,0.7862373642569376,-0.8547186140079304,-0.7965796836824082,0.010902558013023611,0.08733689280906155,-0.15365002116948778,-0.3166776488183465,-0.8139356145897779,-0.9265599474979085,-1.0179580332782139,-0.1382374926604152,-0.645359218371388
624,118_0.mat,Ball,1,0.005423128302151682,-0.07818696787660237,0.6240077186517451,-0.056634767095819334,0.7579810056662024,-0.7774363319493081,-0.6931969433684497,-0.05387659877717225,0.008933020378258343,-0.2752752846571578,-0.32557524832356227,-0.8445115912430055,-0.8587728536416988,-0.9041804374151863,-0.33332461455467005,-0.6477410356088676
625,118_0.mat,Ball,1,0.5357855493506041,-0.250979399655629,1.2313526122915552,0.3958682048747005,1.3752986083498548,-0.5374974231302018,-0.4298251754210861,0.39823725240907504,0.5384421013928542,-0.20508787561940955,-0.2655218574127788,-0.9257497790809145,-0.7994547315858176,-0.7882873300859615,-0.22598284066987798,-0.6481730304177205
626,118_0.mat,Ball,1,0.773011410824454,-0.27049590021469266,1.4897473102313477,0.6093912493414532,1.5971740527306015,-0.5374974231302018,-0.4298251754210861,0.6116219472751604,0.7753395157411958,-0.18588910005226772,-0.2445664108034201,-0.9449241170793005,-0.8455494391901868,-0.8558217883813324,-0.2059958354399476,-0.6689985940023406
627,118_0.mat,Ball,1,0.09285916463854806,-0.08521730203671539,0.8073054032101239,0.015599633973236153,0.9912872911690122,-0.6122458598754275,-0.5938817207061879,0.018317299801842536,0.09625346339310657,-0.22725713819445795,-0.3248908660376354,-0.9493136067434752,-0.7713893840231918,-0.7369699209868806,-0.25470230347790085,-0.6716157520186423
628,118_0.mat,Ball,1,-0.21791004231099007,-0.1275457722923957,0.36469016600848847,-0.23689965928089635,0.5600107155391238,-0.6926954485757967,-0.6565892845031791,-0.23407565136979297,-0.2141490731719443,-0.2666041282064494,-0.32772464761828,-0.8015398780135937,-0.740060176208004,-0.7310880331385563,-0.3258719432329781,-0.5809373558915017
629,118_0.mat,Ball,1,0.605560455006455,-0.2832017645561471,1.2037117625141829,0.45795773369605647,1.3137128418251836,-0.6926954485757967,-0.6565892845031791,0.46024762737995817,0.6080768408388648,-0.3964251358024908,-0.24642211337569786,-0.8260448873344914,-0.9024751158017367,-0.977316600714138,-0.46935571810266874,-0.626435078018753
630,118_0.mat,Ball,1,0.06029021085954074,-0.28499596441992564,0.66740007142618,-0.011416034627672197,0.8472628905997548,-0.8553520753362801,-0.7898004875962472,-0.008885887602732642,0.06348283025183325,-0.4210468660279675,-0.3130880770696179,-0.8320086255274587,-0.9256939739458826,-1.0120232448871314,-0.5645521373362661,-0.627558769542583
631,118_0.mat,Ball,1,-0.6527936359466268,-0.2064173336511628,-0.005177061315176129,-0.570433688857486,0.23850167544196196,-0.9245422947516656,-0.8870819514326607,-0.5675086852515221,-0.6485757315390855,-0.17892769771157604,-0.3816381741190729,-0.8769828527653774,-0.8479594757284675,-0.878416814954484,-0.14633219852107884,-0.6418161075893075
632,118_0.mat,Ball,1,-0.5332668934039346,-0.20572162349990197,0.08451389815035015,-0.4810651224720943,0.27292713507089916,-0.9199651308279158,-0.8921663484972818,-0.4781856114323693,-0.5291982134877901,-0.07002539866909617,-0.3710980787258315,-0.8408021300560563,-0.8631374908683481,-0.9120009237627239,0.07670522277715225,-0.6363043106015744
633,118_0.mat,Ball,1,0.30259577673504495,-0.28170049528237295,0.7164273075868095,0.1926786836736755,0.7350454426803354,-0.5159597379663231,-0.4406718891589442,0.19510825340974777,0.30549283922821663,-0.3473542000339226,-0.24776910583968045,-0.6198884385810363,-0.6810393402949877,-0.6930266437127575,-0.4276168362907118,-0.5314768238937092
634,118_0.mat,Ball,1,0.5299863287223286,-0.21710930018633473,0.9550603011105077,0.3907345125178943,0.9598951506220786,-0.5159597379663231,-0.4406718891589442,0.39314948132548877,0.532699017717615,-0.2822866195990856,-0.22300660388487417,-0.6405190374173676,-0.7308747647299826,-0.762923750402474,-0.3268548262494037,-0.5514640957260978
635,118_0.mat,Ball,1,-0.05889734351750677,-0.24552356741679146,0.5840492413029766,-0.10917623066511081,0.7576115679125699,-0.7547746587540349,-0.6589620031333354,-0.1065382805561422,-0.055486373026221204,0.035406149027969167,-0.3262778798872286,-0.8716339401168995,-0.8337679446555982,-0.8576057174423263,0.18833602237148775,-0.6297796370199725
636,118_0.mat,Ball,1,-0.28028973022946724,-0.33948105416080143,0.42674745998762326,-0.28616116461372537,0.6725669401742814,-0.6121029252501232,-0.5687986951873913,-0.28358174169868877,-0.2767927283320468,-0.2063641273806035,-0.34827542286349034,-0.9451213332711732,-0.6906321928918607,-0.610193029111806,-0.21548621970921972,-0.6318864042780867
637,118_0.mat,Ball,1,0.05137506162925866,-0.23831015163792554,0.6836262306745577,-0.01878848344308777,0.8724394876825302,-0.6121029252501232,-0.623032263876681,-0.016187809785871476,0.05465942409173657,-0.2636104362496108,-0.3108550875035915,-0.8598812235068191,-0.7460701202236646,-0.7234173634226636,-0.31303718622370563,-0.618205284011591
638,118_0.mat,Ball,1,0.27541095008869315,-0.31989132095423645,0.9266761535354275,0.16942359912347535,1.0719170503902826,-0.6526444502644827,-0.644725691352397,0.17180243231583547,0.2782684181656927,-0.19441718018815893,-0.29783421472578125,-0.8807013062842894,-0.8241431357989912,-0.8399710780649708,-0.20698035762449574,-0.650813111190581
639,118_0.mat,Ball,1,-0.323361774114856,-0.3425934416796015,0.3703471967611437,-0.3198978951197628,0.5851527692088477,-0.9150403748264253,-0.8182731111581244,-0.31730680731796684,-0.31981965907745585,-0.27942590295123676,-0.35975105603092516,-0.9302927011372711,-0.9162903378113295,-0.9718149370883639,-0.3538306050021865,-0.6598680970691249
640,118_0.mat,Ball,1,-0.10813158030922694,-0.2529566811381611,0.4723766428587677,-0.14905269281303307,0.6329148348641626,-0.7642765786792757,-0.671503515892734,-0.14640420958186032,-0.10467150044021667,-0.2987306751200073,-0.3209099651176478,-0.8003759813362942,-0.8186950219332211,-0.8536817268695666,-0.3778430320431302,-0.5964155190414652
641,118_0.mat,Ball,1,0.686142568767522,-0.3124582072328669,1.270875674217621,0.5304042098909527,1.311909276085065,-0.7642765786792757,-0.6704866364798098,0.532608976161633,0.6885056405334522,-0.20700234345070648,-0.24501460675296322,-0.812865614693188,-0.9632934318389546,-1.075433959945954,-0.23011466244714815,-0.6464130028644652
642,118_0.mat,Ball,1,0.3137162387227619,-0.38356710795650956,1.0094974296909816,0.20221763134762683,1.1286319832608904,-0.7926394038296928,-0.7616668238386781,0.2044570086976034,0.31638379680014983,-0.2507682575970214,-0.30625537552210125,-0.9275446607842874,-0.9398601187966856,-1.0098118119821071,-0.28848202715080906,-0.6830584068961701
643,118_0.mat,Ball,1,0.178833428062671,-0.25032030582811843,0.8343070525652666,0.08753710060591148,0.9872876985744721,-0.7825040225761031,-0.7426850747974268,0.09006670160261507,0.18193878362162155,-0.41334759311051045,-0.3092542194816471,-0.8853148256536173,-0.9017636592666727,-0.9607377172939215,-0.5372007974024182,-0.6528407923160654
644,118_0.mat,Ball,1,0.18372008210475946,-0.3335492097132058,0.7364442263669687,0.09165304498895195,0.8706643235149,-0.7825040225761031,-0.7426850747974268,0.0940477525502991,0.1866618624762938,-0.361249609456931,-0.2943290084065979,-0.7728515120312116,-0.8838446720781684,-0.9621255486539387,-0.457708522035622,-0.6136225384553445
645,118_0.mat,Ball,1,0.325729472361078,-0.4737164970304585,0.8411683129378611,0.21253935968096418,0.9357620485521304,-0.42600822934071336,-0.3183073998037339,0.21456193128437637,0.3281366846527819,-0.35435651585936,-0.2639796166735282,-0.7341697348468796,-0.6415496561226033,-0.5986731232540287,-0.43594120949178433,-0.5802021885252725
646,118_0.mat,Ball,1,0.29762062742376166,-0.41066318753194553,0.8059222608373069,0.18841597470094473,0.8874250493756621,-0.42600822934071336,-0.3183073998037339,0.19060362970506955,0.30023906926959426,-0.43061101551440095,-0.2670894923457913,-0.7257014120031349,-0.6338267155304707,-0.5893681299291642,-0.5480761796900329,-0.5788254718659536
647,118_0.mat,Ball,1,-0.5196826303193482,-0.38873000960534293,0.11350741931542606,-0.4707978949333002,0.36440570896188057,-0.9224989761413132,-0.8721677200431059,-0.4682209413021804,-0.51602359821243,-0.39354460797505125,-0.36910150302461886,-0.8595547642860305,-0.8712397244980385,-0.9196588699367609,-0.6021740121695778,-0.6324006805065567
648,118_0.mat,Ball,1,-0.25881336026326224,-0.34750002906218025,0.45057262832720074,-0.2692548435145644,0.6840679162811433,-1.0593266230647764,-0.9799569378130691,-0.2666992357234086,-0.2553616575014664,-0.4068913401727737,-0.36033306762438655,-0.9475544584139036,-1.043605878539637,-1.169147658237789,-0.5865029854071271,-0.6816545169819885
649,118_0.mat,Ball,1,0.22668897497503115,-0.34358208242086724,0.8886073334203886,0.12797060962191056,1.0358422156587705,-0.806085026350334,-0.7620057836429863,0.13032793985078728,0.22955598936800964,-0.42122364304006205,-0.3084146545470671,-0.8921479177090003,-0.9286648593005786,-1.0012783965507863,-0.5431514957461393,-0.664417210514759
650,118_0.mat,Ball,1,0.301381977320909,-0.3974446946579829,0.9346310556737438,0.19163842119951066,1.0825642527573143,-0.6971296778742424,-0.690146305129677,0.1938536295940641,0.3040299597557006,-0.24039923291495588,-0.2865219511158521,-0.8615109039040945,-0.8578362599485259,-0.898125909656536,-0.2737250506056189,-0.6295002071324499
651,118_0.mat,Ball,1,0.11292887842829613,-0.26676103519213296,0.7858760103997046,0.032311821955313666,0.9561062764087854,-0.6971296778742424,-0.6647243198065725,0.03484680699236635,0.11608898256777933,-0.3312376974503875,-0.31347773044190885,-0.9043936240464713,-0.8298416457239498,-0.8423207676124721,-0.41715624778851806,-0.6449201328769039
652,118_0.mat,Ball,1,-0.10024721872911621,-0.27510955700726714,0.5062598171536908,-0.14268679806730028,0.6670248452700602,-0.7894720971879458,-0.7033657374976916,-0.140073554698254,-0.09683650342224273,-0.3750869703500388,-0.3331090098050424,-0.8302537812754092,-0.84496435451746,-0.8864572893543876,-0.508611072207214,-0.6383552661559865
653,118_0.mat,Ball,1,0.2619946633171226,-0.3780014267464205,0.9110190863300696,0.15797999676007662,1.071257476409466,-0.6254056131454593,-0.5403260716255142,0.1602538729725348,0.2647386790048616,-0.37241516210925973,-0.2913652299999555,-0.8783183338412733,-0.8013970597835045,-0.804902281525816,-0.4673473205793383,-0.6300177494730994
654,118_0.mat,Ball,1,-0.11723200881723442,-0.4345004142935783,0.6678392027880716,-0.15639100771036504,0.9313189230942676,-0.6254056131454593,-0.5403260716255142,-0.15407993561956038,-0.11418369571357913,-0.4605069931513491,-0.3408383840944645,-1.0290234915195928,-0.7527922266079545,-0.6833264925900396,-0.6585517061983226,-0.6579782343954984
655,118_0.mat,Ball,1,-0.0031884970241023813,-0.5301056356063641,0.6865966969851997,-0.0636986502370236,0.8875466779685771,-0.48618705553390273,-0.45795883917865515,-0.06168799801233371,-0.0005833000605618494,-0.3087107765793664,-0.316151637374566,-0.9234042792932159,-0.6522271141538105,-0.5562622369970155,-0.388666233024634,-0.6161941788731667
656,118_0.mat,Ball,1,0.7123901976030946,-0.3600960444323822,1.4076802817630345,0.5541731381432315,1.5372896728264538,-0.48618705553390273,-0.45795883917865515,0.5562780106864021,0.714624169671123,-0.11292546160571394,-0.24176997019376212,-0.9242927056001594,-0.796476562021644,-0.7839988877531371,-0.11620628535337153,-0.6470454998106163
657,118_0.mat,Ball,1,0.5111538897426787,-0.2506864690656245,1.1917095981742576,0.3740916511928154,1.3241887660349192,-0.35808493258202606,-0.452196522505418,0.37647237562773006,0.5138418237558046,-0.33241059726249006,-0.26600996216353867,-0.9106042734386818,-0.6668674189525631,-0.5834384602962969,-0.3934690928365889,-0.6422547481151135
658,118_0.mat,Ball,1,-0.15898200439609936,-0.3334393607419541,0.4561669825790236,-0.1899272802716875,0.6370031327310154,-0.35808493258202606,-0.452196522505418,-0.1873865722718021,-0.1556193023491446,-0.33760363501379587,-0.3271654944322319,-0.8397823175621015,-0.4999119494319569,-0.3445882278494309,-0.449324242500778,-0.5995205939278286
659,118_0.mat,Ball,1,-0.21190594116958036,-0.2963104084588574,0.48660409291235146,-0.2321331148539653,0.7032381614186832,-1.0396893218859464,-0.9562297515115056,-0.22950665078412807,-0.20839804982588964,-0.20630833773488486,-0.3539665518477726,-0.934786163064767,-1.0344939210867388,-1.1577452704876408,-0.21664788392347878,-0.6734166533361027
660,118_0.mat,Ball,1,0.19125815794401765,-0.24947813038185476,0.8864100910584133,0.09800795726728594,1.0450618786573802,-0.9562153611691341,-0.9053857808652962,0.1005332855713631,0.19434930553763552,-0.12794605812475685,-0.31921130997206876,-0.9277877767486574,-1.0376677217183798,-1.1644299671716536,-0.10482504925330914,-0.6834556225821352
661,118_0.mat,Ball,1,0.45636397274654994,-0.3480492739184389,1.1000383112818493,0.3259183535667999,1.1810508056051316,-0.6906521299654447,-0.699976139454611,0.3281647407008161,0.4589389700775609,-0.27340896739174325,-0.2841980689215763,-0.872683592511025,-0.8830211402568799,-0.9346330399192813,-0.317100928117441,-0.6685574747900371
662,118_0.mat,Ball,1,0.15357831443896316,-0.3670531459449946,0.8200197502097645,0.06631165357215509,0.9705009234131083,-0.6906521299654447,-0.699976139454611,0.06865530321178581,0.1564807190780928,-0.403436769958695,-0.31533292574884936,-0.8972083749573719,-0.8316090147134412,-0.847112032521922,-0.5251346037139356,-0.6620944058986664
663,118_0.mat,Ball,1,-0.5121696784645351,-0.3894623360803544,0.15820686043888352,-0.4651097903562878,0.42254392603568214,-0.8979369189609918,-0.8121718346805792,-0.46253734078900177,-0.5085216775659197,-0.307402643590248,-0.37136094519417273,-0.9042083898055957,-0.860413795914344,-0.8905683458324265,-0.42137364306240443,-0.6443631460175594
664,118_0.mat,Ball,1,-0.34508172905256485,-0.3927211888941567,0.2911331100456698,-0.33682436562237317,0.5028056137569238,-0.8979369189609918,-0.8121718346805792,-0.33432531366476953,-0.3416426349616824,-0.36268159160169033,-0.35628214009062165,-0.8635527743859044,-0.8873223235322708,-0.9438037268912137,-0.5150646450804899,-0.639975094148719
665,118_0.mat,Ball,1,0.15247909483827318,-0.31168926443410483,0.716688170348703,0.06538959330107216,0.8308513516280929,-0.6051348506382795,-0.529140398083348,0.06783645219518755,0.15550523197012928,-0.5497435629909306,-0.29323551384399527,-0.7851748018605157,-0.7476962395099055,-0.7476821598680697,-0.7498983533167043,-0.6005872913974375
666,118_0.mat,Ball,1,-0.009860775993705311,-0.36427030533994953,0.6055973973175964,-0.06916551077888995,0.764905041518882,-0.6051348506382795,-0.529140398083348,-0.06674614666013816,-0.0067526597052033534,-0.5423920912145027,-0.3110009496898895,-0.8409321553938687,-0.724391071327787,-0.6950857073936273,-0.7745713364109903,-0.5984801279293354
667,118_0.mat,Ball,1,-0.06327008809949906,-0.2907081109250175,0.6263345747887277,-0.11272984615134635,0.7980926279185229,-0.9346776760052555,-0.8626768455224804,-0.11015622327759712,-0.05993502924309339,-0.32443037723248086,-0.33887094395179895,-0.9236327273148168,-0.9782420616212115,-1.0714865947773307,-0.41882177076322574,-0.6679997077361509
668,118_0.mat,Ball,1,0.29001645488701866,-0.335343409576985,0.9963261640550557,0.18190656111368655,1.1549971623506714,-0.8960365349759442,-0.8172562317452003,0.18425125533077863,0.29282354953915024,-0.36503939702090843,-0.3046989659275543,-0.9387548514371655,-1.011773017700819,-1.1208134624817971,-0.4541386155886589,-0.6726109019657199
669,118_0.mat,Ball,1,0.3704883551956911,-0.4196708031745898,1.0041585870499843,0.2511512538750851,1.145318027576108,-0.255464197389429,-0.19018059377528676,0.25328596244460233,0.3729952472171619,-0.454292275402864,-0.2682125982418446,-0.8620944648538689,-0.5540694895629388,-0.4217919827348841,-0.5722622459092715,-0.6051294430140002
670,118_0.mat,Ball,1,0.4213188543401285,-0.2734252061147397,0.9121659906002465,0.2952977148926034,0.9888630142136955,-0.255464197389429,-0.1461158192152392,0.29768669662514496,0.42408224569844216,-0.25829570971253557,-0.2264098278751921,-0.7093384461664021,-0.5330662468613404,-0.4395870950571851,-0.29732477598156903,-0.5215636628209227
671,118_0.mat,Ball,1,0.12039246490256907,-0.29894678376890005,0.584633643327598,0.03853935411965435,0.6898028329014805,-0.32148711016306786,-0.3037321282184876,0.041021378230029625,0.12348371904474045,-0.06326013133934766,-0.26849361878973965,-0.6713236839955605,-0.5038573633498156,-0.40724803849642777,0.0006566373295456604,-0.5201609997052865
672,118_0.mat,Ball,1,-0.3465898050600291,-0.4779639905855266,0.1557830415580403,-0.3379974771064752,0.3086779513962302,-0.7894720971879458,-0.6867567070865964,-0.33570090558107446,-0.3434098403363929,-0.27657561616756193,-0.33817500943371964,-0.7029255892057575,-0.7716031747802335,-0.807793169362338,-0.349435391102947,-0.5715279053965215
673,118_0.mat,Ball,1,0.27274174957389935,-0.3262991776105895,0.8191130972281753,0.1671451163500869,0.9154369867519652,-0.7140901991143713,-0.6531996864600985,0.16951381164706653,0.27558926441499343,-0.19304530288470184,-0.2821778620338386,-0.7672079171351545,-0.8486801173785714,-0.9091545559197015,-0.2049244652365413,-0.6095624939276667
674,118_0.mat,Ball,1,0.44868075139634583,-0.2619642967808058,1.0317511785678504,0.31919230467005,1.124964161057926,-0.7140901991143713,-0.6531996864600985,0.3215856705787874,0.4514290832911552,-0.2407539200654741,-0.2673993722013294,-0.8090026665268994,-0.8875852110830946,-0.9585406065768975,-0.2731229771207342,-0.627183559368568
675,118_0.mat,Ball,1,-0.19980642951603192,-0.35354172248102717,0.37155801617854717,-0.22251415698994945,0.5275258498409859,-0.7717351799941641,-0.7721745777722284,-0.2199943318105383,-0.19644116028726788,-0.38399837265553743,-0.33701558501209505,-0.7886080226738632,-0.8037568322440096,-0.8337163348556782,-0.5364274590160619,-0.6190028592357832
676,118_0.mat,Ball,1,0.19485147798418223,-0.3134834642978834,0.6860886958904953,0.10103971919581786,0.7565673749745817,-0.5025141154456827,-0.5579519814495335,0.10346505329193485,0.19782158205121303,-0.4584367840873131,-0.28372821051429414,-0.7041994678783877,-0.6643637657407152,-0.6428152804231911,-0.6032287627971955,-0.5884948617156105
677,118_0.mat,Ball,1,0.553235972877944,-0.2586688276432529,1.0970528818957268,0.41134077144672426,1.1442053375245003,-0.5025141154456827,-0.49049898039222917,0.4136911082873615,0.5558585678816942,-0.47216259877299144,-0.24953989647424127,-0.7687587208503232,-0.7494438296837277,-0.7551023285881682,-0.5720850339729635,-0.6177846034713566
678,118_0.mat,Ball,1,0.5538928050315647,-0.24717130198556803,1.2003246094548679,0.4119238837685316,1.3023380433463585,-0.5335537205348017,-0.5071080108033241,0.4142897962170305,0.5565324470998553,-0.4185218383915521,-0.25782788832970077,-0.8755541542190362,-0.7909499034793702,-0.7892800531451897,-0.5025463345495371,-0.6362789474823566
679,118_0.mat,Ball,1,0.6374390341140874,-0.3632084319511827,1.1240108806708269,0.48652298540484523,1.1530207624251296,-0.35125979259548795,-0.27288678602645366,0.4886567306943512,0.6397582999024505,-0.334211959540808,-0.20651384400597184,-0.7098069195264936,-0.648119561273818,-0.6161850606926644,-0.38876252346639156,-0.5514363926581138
680,118_0.mat,Ball,1,0.9522142454386834,-0.29231922917004344,1.3829874536830848,0.7752471602401778,1.35833784063392,-0.35125979259548795,-0.27288678602645366,0.7773584291330514,0.9542818329405667,-0.25925697787305907,-0.16184121790811917,-0.6597320935569448,-0.7002411489767186,-0.7107689427819134,-0.29035291036351274,-0.5658583411882303
681,118_0.mat,Ball,1,0.648847700431756,-0.1800535805507392,1.2662537212345275,0.49677604867624664,1.35546395797243,-0.5767720254878624,-0.5304962373005804,0.49917622762938235,0.6514548713931929,-0.4455529052281675,-0.24737545996273536,-0.8460447578150402,-0.8330043930722427,-0.8634603611089295,-0.5267748270058671,-0.6409217366441118
682,118_0.mat,Ball,1,0.48239503833903263,-0.24145915548047583,1.134143404756813,0.348760088764244,1.2369803037766676,-0.8800570671419053,-0.8175951915495084,0.3511663253013118,0.48513316878847795,-0.4433694475750022,-0.2797737279620459,-0.8810573872184242,-1.0222661475872308,-1.1512341018801182,-0.5431121801045888,-0.66552988750549
683,118_0.mat,Ball,1,0.4613502047101227,-0.32754413261810933,1.0236064634464876,0.33028726173585027,1.0939466200640484,-0.8800570671419053,-0.7972576032910247,0.33256925825547246,0.4639622465381977,-0.3083268376345691,-0.27069820536363065,-0.7870399413227313,-1.0047248724200546,-1.146047339033095,-0.36395666686011796,-0.6385690083852175
684,118_0.mat,Ball,1,0.5532909019024873,-0.2735716714097421,1.0840150452927222,0.4113895334696313,1.1359794265459002,-0.4564143731014824,-0.45050172348387796,0.4137181849331018,0.5558890465281241,-0.3388433867132614,-0.24213446273389702,-0.75491299061435,-0.7142338940439422,-0.7046446039523311,-0.39942195599953545,-0.6014430051527564
685,118_0.mat,Ball,1,0.37331128473958225,-0.30594050160526215,0.9388369660610447,0.253594699503086,1.0368998308985704,-0.4564143731014824,-0.45050172348387796,0.2559538100944053,0.37607525698243044,-0.2674818535262822,-0.265158177271533,-0.7894465332315058,-0.6845330243674996,-0.6483929631318397,-0.31100116371303677,-0.5986394442086861
686,118_0.mat,Ball,1,0.238606513217078,-0.340762625492072,0.8593610751840389,0.13808333995222863,0.9948279496928325,-0.8249459315755105,-0.8033588797685697,0.14044070895823454,0.24146510178429909,-0.1179757093709975,-0.30056819626838754,-0.8479071726245346,-0.9373145213569432,-1.0261521864281034,-0.09313182264691741,-0.6471287210927394
687,118_0.mat,Ball,1,0.43141466538744766,-0.19063569811465958,1.0579851530534292,0.3041035340159244,1.1579080705140763,-0.8249459315755105,-0.8033588797685697,0.3065927898210136,0.4342854569757326,-0.06458567542642596,-0.28284318271424097,-0.8547678754335868,-0.9710507276149312,-1.0772468220244693,-0.033230865957386876,-0.6585244960307007
688,118_0.mat,Ball,1,0.6776662369280886,-0.2856550582474364,1.2598907507135015,0.5227463213505985,1.3147546373260302,-0.5189841099827666,-0.4542302813312667,0.524998855736815,0.6800883181566654,-0.22504688874826267,-0.23333468355064677,-0.8102186926665614,-0.7919037933232139,-0.8092706822687734,-0.2522356810659373,-0.6199685153505321
689,118_0.mat,Ball,1,0.4562515422754148,-0.3373206910595166,1.0872292312437464,0.3258198776418484,1.224886304615385,-0.5189841099827666,-0.4542302813312667,0.32808641863641963,0.45884961321930473,-0.4988386072120737,-0.2580767555515072,-0.8594463947157329,-0.7591876251817351,-0.7441005023335006,-0.6210849333654858,-0.6076679395190804
690,118_0.mat,Ball,1,-0.4342381140130141,-0.16624922649676732,0.3410626390958197,-0.40570054801408983,0.6331759547355937,-1.0390558605575968,-0.9952101290069322,-0.4028200557936499,-0.4302419159405044,-0.44842630026662045,-0.3742980619292667,-1.0254747965000772,-1.0087144185370063,-1.0945607643698956,-0.6983130466730147,-0.6812812067537966
691,118_0.mat,Ball,1,-0.17765868483139538,-0.37261882715508354,0.38506832898683335,-0.2048606492887804,0.5479561389698574,-0.7231015923365665,-0.714890370844166,-0.2023878471111665,-0.17436777992011276,-0.26114161108013895,-0.3283713305631431,-0.7788092336769253,-0.7683815608994987,-0.7815808335654609,-0.3148748970782387,-0.5971178192079868
692,118_0.mat,Ball,1,0.08075508589463087,-0.40099647806178995,0.5252688097756982,0.005544273089987303,0.6150953121348871,-0.40559453220822883,-0.4413498087675599,0.007848081985474636,0.08366033587876415,-0.3593520978522526,-0.2852506068849979,-0.6471715221302626,-0.5536955816602444,-0.4910843061756586,-0.4640347450526374,-0.5534225359772685
693,118_0.mat,Ball,1,-0.0011037965513201117,-0.22355377316643865,0.6268513457269325,-0.06198945802567049,0.8016695481061866,-0.40559453220822883,-0.5657480569486185,-0.05934781870329678,0.002269065757399891,-0.5565203533361792,-0.3199467230159028,-0.854962028758945,-0.5778826367957327,-0.461468052197519,-0.7956952407375014,-0.628629463119066
694,118_0.mat,Ball,1,-0.004158327121194759,-0.34588891081715445,0.6534496858563666,-0.06449360799420886,0.8400441755282989,-0.9003278296490852,-0.8799637955421916,-0.062040969687163,-0.001013630750413261,-0.6337012997560022,-0.332716901714216,-0.887941588433088,-0.9570640236886152,-1.0470347351008007,-0.9234986544481577,-0.6663917432286999
695,118_0.mat,Ball,1,-0.12141795064430817,-0.41172506092071215,0.42754188990311404,-0.15976302944655116,0.5870684886372414,-0.6413850809794981,-0.6026946756181973,-0.15739747909850574,-0.11829923817974701,-0.4729141826030461,-0.32679943211917956,-0.7636380222455205,-0.7136535241317523,-0.701193015844632,-0.6808357367219741,-0.6109375006221778
696,118_0.mat,Ball,1,0.48279521686032756,-0.4736798807067075,1.0277998880510997,0.349111883449463,1.0964350969099395,-0.6413850809794981,-0.6026946756181973,0.3510638337868045,0.48501666325633364,-0.5008757892634759,-0.2598237196696853,-0.7689630137175919,-0.8349648811077295,-0.8874531484973581,-0.6198268343729786,-0.6196858957057069
697,118_0.mat,Ball,1,0.04440404061200923,-0.4950638137770513,0.5252074215806241,-0.024546456360756762,0.6176213995249406,-0.7934157997833463,-0.7314994012552607,-0.022457731007985236,0.047073848086497776,-0.4900526225129437,-0.29589723634755033,-0.6882131251844724,-0.8517390776537359,-0.9346189549170923,-0.6779555114276506,-0.571592358798256
698,118_0.mat,Ball,1,-0.31973676753836283,-0.34310607021210937,0.3109833046088822,-0.3170672970424309,0.526735761281107,-0.7413290362333943,-0.6928579835641419,-0.314478635913225,-0.3162002984601024,-0.35060778405854337,-0.3472301464474103,-0.8571672242282641,-0.7668411422236655,-0.7567534109101761,-0.48901947321126565,-0.6148665548730778
699,118_0.mat,Ball,1,0.3683585333996904,-0.2911475068100246,0.9873736414952409,0.2493083864809566,1.1150256485629373,-0.7413290362333943,-0.6416750531136247,0.25169385024129404,0.37115652670609706,-0.5127266308298907,-0.2813778697562636,-0.8465730713811309,-0.8992221020548044,-0.9669009302590922,-0.654272843616062,-0.6367780933657049
700,118_0.mat,Ball,1,0.12676056580324815,-0.41798645228206327,0.6312476635907963,0.04385820590684804,0.7125917247302983,-0.7425959588900927,-0.6423529727222407,0.0461041094359876,0.12956484827738599,-0.44201508215062446,-0.29744021097916534,-0.7175436698468938,-0.8338133099341086,-0.8994059828035745,-0.5882434294134561,-0.6038629947536573
701,118_0.mat,Ball,1,-0.4030795365705546,-0.5041812783909482,0.26376154596756884,-0.3817399293389976,0.47037328304028936,-0.7706111919627694,-0.7898004875962472,-0.379491191511442,-0.39992567897050735,-0.42293860690752316,-0.36651947828174547,-0.8995692317512702,-0.7799767257225002,-0.7651082495582671,-0.6415337625728976,-0.6602192377201778
702,118_0.mat,Ball,1,-0.12805978077783473,-0.5112116125510607,0.539602240004036,-0.16510902035381114,0.7137239629888474,-0.889558987067146,-0.7972576032910245,-0.16299199451585886,-0.12524528765817544,-0.40076034082512874,-0.34124242654813775,-0.8994989355070578,-0.9282917719925554,-0.998793193186904,-0.5565893789210471,-0.6559125575058027
703,118_0.mat,Ball,1,0.5881447120095067,-0.5070007353197429,1.1472151806967221,0.4424045515269578,1.1811130405354973,-0.5405217951466449,-0.45050172348387796,0.44421874898576924,0.5901408990825545,-0.5316966989253132,-0.24761738527989058,-0.785266633609421,-0.7858568311112234,-0.8068661116826515,-0.6436653382856511,-0.6237517910115953
704,118_0.mat,Ball,1,0.7705443058381093,-0.5265172358788065,1.2482731669252545,0.6071352708076523,1.2611692945526478,-0.5405217951466449,-0.45050172348387796,0.6088089510996321,0.7722654027595994,-0.4561813762558368,-0.20298251420392174,-0.7036121980062529,-0.8046674178388353,-0.8583566961144506,-0.5264509592491385,-0.5865554880004913
705,118_0.mat,Ball,1,0.24201159678283152,-0.6345353909430428,0.7499654394054247,0.14097594017398757,0.8469437076366158,-0.5569917896837281,-0.4776185078285229,0.1425475471534157,0.24394360973513673,-0.3216533020661764,-0.2737923020932739,-0.7240897155015189,-0.7187493007540845,-0.720568906788355,-0.3942496189136508,-0.5773823968363758
706,118_0.mat,Ball,1,0.0027490571068977945,-0.6251249957391415,0.5811330285557894,-0.05882920517300284,0.7160704102909781,-0.8217786249337634,-0.7833602513143938,-0.05712167274887091,0.0049813141533096,-0.5616646260357239,-0.3153041455354636,-0.7992259159008435,-0.8842540587971103,-0.9559077957608126,-0.8034832654908692,-0.6154320092275652
707,118_0.mat,Ball,1,0.3043173593542378,-0.6220126082203415,0.8190108826519734,0.19415444026180093,0.8977750198308084,-0.3929253056412417,-0.48812626176207236,0.1957416110872603,0.3062312122741295,-0.7911665937819015,-0.2709246956539303,-0.7329073185172473,-0.6123630202802796,-0.554084496282797,-1.065985041156206,-0.5905527870242703
708,118_0.mat,Ball,1,0.35177762757043124,-0.5965276468899322,0.8465058672731004,0.2349804042630859,0.8998646292466113,-0.3929253056412417,-0.4715172313509776,0.23663148759998398,0.3537373839789576,-0.6367047474619162,-0.26053127662705367,-0.7119439064193027,-0.6184682999399084,-0.5699745753850528,-0.8319947810867429,-0.5800530541778351
709,118_0.mat,Ball,1,0.3460415365820524,-0.5902662555285813,0.9017916296731557,0.23003152176636235,0.9975301448069929,-0.7254925030246601,-0.6494711286127098,0.23170551831814198,0.34803131676465904,-0.4663037933945676,-0.26944464321120365,-0.7785292787769539,-0.8723790365087478,-0.9428797301318668,-0.5926087011721886,-0.600277886837043
710,118_0.mat,Ball,1,0.9124102243082088,-0.5975162876311976,1.4295640662575848,0.7380687854267253,1.4907404159439062,-0.17325715932931496,-0.12476135154383061,0.7394561404807285,0.9137303759897737,-0.6273533531350511,-0.15505765075971412,-0.7469843587827404,-0.5889342298352626,-0.513525131618275,-0.7035230379378616,-0.5407384826727704
711,118_0.mat,Ball,1,0.7343061130832997,-0.5907422677373385,1.242853959827758,0.5740838967283,1.2941318412625291,-0.17325715932931496,-0.12476135154383061,0.5755782060070267,0.7358538366072908,-0.444409447053927,-0.18213627598614876,-0.7349187687869013,-0.5491247530095819,-0.4559873246344588,-0.5162795752949283,-0.5335041334388738
712,118_0.mat,Ball,1,0.4752775605008837,-0.6810381221062896,1.056409076251894,0.3425064224862228,1.1595350332282481,-0.202886907136431,-0.3081386056744921,0.3438060968330882,0.4767617426596554,-0.21552978759688118,-0.24389361207226684,-0.8072041689361665,-0.5283628647855123,-0.4000109560851203,-0.2391812526179507,-0.5804449332049809
713,185_0.mat,Ball,1,-0.11289626009558698,0.015998225747882854,0.12286500491319971,-0.1528960507952461,0.1457257862053483,-0.18048216595770028,-0.25277160711427654,-0.15007267599288068,-0.10921595972571072,-0.32313766006610894,-0.2608650925203632,-0.3808666823290093,-0.26582496282201407,-0.1484848915456763,-0.42027030934131887,-0.4001202134846429
714,185_0.mat,Ball,1,-0.3828979253422141,0.07437432611966122,-0.049510236051460176,-0.3661571912448058,0.06294736620311552,-0.18048216595770028,-0.25277160711427654,-0.36323831642199667,-0.3788907242640283,-0.2586519594127772,-0.29876739839894684,-0.48765306503570444,-0.21192164115594284,-0.03029483214301658,-0.31591314271166493,-0.4071480427168658
715,185_0.mat,Ball,1,-1.7594128183141697,0.13038877228836473,-1.3506143906940926,-1.314954417605129,-1.0524380111147678,-0.8581942675674252,-0.8796873758850029,-1.3115761728171114,-1.7536988273988283,-0.149829186522889,-0.4226898444136008,-0.4998088472784799,-0.40595771168229094,-0.31590431668809393,0.06361933968180766,-0.4184460800526428
716,185_0.mat,Ball,1,-2.359884014267971,0.012339324869879948,-1.9253520524384715,-1.656329615242183,-1.537491451606429,-0.8581942675674252,-0.8796873758850029,-1.6527274615784129,-2.3533222984797963,-0.17284238413989056,-0.44786222901237155,-0.493968752136722,-0.1642703314969552,0.043221613736311254,0.07627788158314995,-0.3478299796255831
717,185_0.mat,Ball,1,-2.53204010740313,0.07680250579324557,-1.956045587351433,-1.7460774826143808,-1.5065467275221132,-1.0954386754600078,-1.2106964384726897,-1.7424451216623058,-2.5252894872279237,-0.2560301574724164,-0.4653869935630941,-0.747690934949042,-0.44185738194826235,-0.2862257127049414,-0.44645112294459993,-0.5584372689275794
718,185_0.mat,Ball,1,-1.8845764173948938,0.1285925845846183,-1.2671805640673948,-1.3897454270760161,-0.8761420289710273,-1.2450542053157312,-1.1956085835268326,-1.3863271655015095,-1.8787017804991113,-0.25121150154183897,-0.445835663415199,-0.830376276892362,-0.8445882649908587,-0.8858370333911941,-0.3583393337499736,-0.6005618036874922
719,185_0.mat,Ball,1,-0.42267216335278673,-0.07317916746963074,-0.28890579748094686,-0.39682029562249654,-0.14364440681346077,0.6124801422776324,0.4600525602257185,-0.3938839390899592,-0.41861200129475945,-0.6607738225569462,-0.1665519163835398,-0.21398935007558503,0.5635749713085135,0.9908800364352535,-1.11971880747812,0.13180434250604087
720,185_0.mat,Ball,1,3.1225135873442085,-0.059807547897291514,2.3923571717762373,3.0953800605786372,1.9021992479184406,2.0570067872367823,2.282603854603875,3.096512962141717,3.1220382905494346,-0.5687058032285612,1.7412525589050643,0.33769008655381993,0.5693933428193134,0.7498823004527168,-0.43377093814748624,0.31053008047980724
721,185_0.mat,Ball,1,6.444098189819886,0.22718333187917775,5.625705124954811,7.760565277670129,4.541019652362847,2.0570067872367823,2.282603854603875,7.759148544029437,6.439282199047673,-0.22287213794753755,4.070423999056049,0.058405991971900544,-0.1819052506083604,-0.17645845054777476,-0.2547439587978272,-0.22262760979349605
722,185_0.mat,Ball,1,4.47942469239117,0.15008031155907373,3.3251679453753957,4.838325956713781,2.3770055524974754,1.3647472394812625,1.5897941887226708,4.83850276977011,4.477171172690721,-0.6437426762331087,2.3499901374320356,0.5538319649120357,-0.07386501442995815,-0.18704035712405556,-0.40318342521681844,-0.04444893027154953
723,185_0.mat,Ball,1,0.8296109966637445,0.08099361043532215,0.6250354680896433,0.6613514490430467,0.4885746181081853,1.1190325039105176,0.8243164867757038,0.6637354143878172,0.8320635289079346,1.0693555392547363,0.15346942885486214,0.07259168566353413,0.5768081887697932,0.8759654577552063,1.2462077619234302,0.0732425471594177
724,185_0.mat,Ball,1,1.5525075266828745,0.11711694092178992,1.4792901311101374,1.3594138789687964,1.2543671847636007,1.1190325039105176,0.7470297196040667,1.3614164740118522,1.554015129848315,1.3718884500999533,0.2430941329286983,-0.1645445283428867,0.268403368586552,0.5440241555337565,1.151749285970725,-0.18673710726768378
725,185_0.mat,Ball,1,3.4081244748354695,0.008746949462386739,2.3895949701582277,3.443555635126891,1.748796533331288,2.2589877525420086,2.2333373894745456,3.4445173422299247,3.407290497473566,1.5103780122596417,2.2771145493883655,0.5923288471047623,0.6912874793990105,0.8051065791252351,0.5771638094191133,0.4656856916441397
726,185_0.mat,Ball,1,2.603324990724935,0.05418384582013529,1.4680226448785738,2.4879838697470857,0.9535135092147752,2.2589877525420086,2.2333373894745456,2.4894321705119595,2.6035158109242134,1.5884340934113559,2.0502753815037766,0.8874303451815968,1.0384951891937404,1.1268531916587372,0.8601927558433313,0.9193155807086653
727,185_0.mat,Ball,1,0.18564890208565582,0.08441967216654292,0.39582900552702627,0.09327845978105227,0.4130824590307312,0.12450333720973479,0.06869207785460185,0.09595498732698526,0.18892343955305294,-0.6648486003225057,-0.1930709748784263,-0.3722560876780029,-0.10621318039433206,0.08332077168090384,-0.9169248515614087,-0.3391961245623643
728,185_0.mat,Ball,1,0.22505712656979424,0.037086799899283436,0.38361388212944947,0.12658724112558017,0.3515191620825706,0.12450333720973479,0.06869207785460185,0.1292626684348967,0.22830030092905715,-0.7899011479985905,-0.19118087368505288,-0.31163481771953977,-0.10234762711409605,0.066265214841998,-1.0917444790196014,-0.3526829768086792
729,185_0.mat,Ball,1,0.6389970257978408,0.06951796677249361,0.888764898365505,0.48792222800747265,0.8400688352335199,0.4883455011340845,0.5699783605455367,0.4904008220916497,0.6416988341306178,-0.1945023488690544,-0.122091248533265,-0.4503693010439435,0.01413654385008247,0.29188493470620824,-0.21399160327316344,-0.37424207053331193
730,185_0.mat,Ball,1,0.4131159152341641,0.10101777705857586,0.7099823338055958,0.28815207502523954,0.7611826568229961,0.4883455011340845,0.5699783605455367,0.29071912349488854,0.41608968986838785,-0.10367279322846121,-0.1442444981552927,-0.4909642506339215,0.0711637258650868,0.3936754536128081,-0.08518189122840378,-0.3225941594695531
731,185_0.mat,Ball,1,4.393977925795675,0.0992881148253386,2.7941041569409184,4.721933640519454,1.838395258204748,3.5192108694036777,2.8956634300569775,4.722205874814566,4.391859509397359,2.809341335447507,3.81175571378174,1.0144505463544584,1.2822262235522868,1.377205109244678,0.8454522220058187,0.5814206950041386
732,185_0.mat,Ball,1,4.3141259085475525,0.12729533790969022,2.556964290168409,4.613968556047738,1.56001804410609,3.5192108694036777,2.8956634300569775,4.614279061268893,4.312096661236077,2.9927871631488996,3.8122352242271855,1.2024084207346089,1.37653840584691,1.4083187653312088,0.9375265807191204,0.6326306963159841
733,185_0.mat,Ball,1,-1.7067295921045764,0.11402350654311444,-1.3391646447981254,-1.2829014341120124,-1.0127294561351652,-0.4243092309858274,-0.516347195556193,-1.2795286820691085,-1.7010641885341138,-0.04207958202475587,-0.40766929720002354,-0.4356923093759176,0.05479311816592633,0.34620529559121327,0.4802836091304683,-0.3020281962438816
734,185_0.mat,Ball,1,-2.1704008058394693,0.0442050252437627,-1.672399350753013,-1.5533630576293966,-1.2818619083422556,-0.9945745774743727,-1.0259471942377019,-1.5498194073149896,-2.164091368787933,-0.14434818315919426,-0.4503251574780278,-0.623627836652691,-0.4356649597022885,-0.3192054466409766,0.18744369737599095,-0.5107372239349003
735,185_0.mat,Ball,1,-2.135907502350111,0.05923978157883024,-1.7317228284971045,-1.5341472267962637,-1.3784248655956317,-0.5946407572831124,-0.6207305185489614,-1.5306179097213681,-2.1296500522070483,-0.10214779324886462,-0.4370071940052973,-0.45882680252373176,0.05515788471629376,0.3563448515255146,0.3961394614151893,-0.34335046837953787
736,185_0.mat,Ball,1,-2.3063991216576962,-0.0028617451414604533,-1.8634896459733414,-1.627709852593942,-1.4881915582508696,-0.5946407572831124,-0.6207305185489614,-1.6241220071157967,-2.299905030594143,-0.1533491577668892,-0.445259406060068,-0.5144469681760729,0.12420857564290143,0.4830822429871117,0.17750478563844807,-0.3440845955514131
737,185_0.mat,Ball,1,-2.6221489168227063,-0.011443530837140553,-2.01993270507559,-1.7916091542460943,-1.5500669799246736,-1.3254550761937605,-1.2812090666890437,-1.7879367147808967,-2.6152504775774412,-0.1917406625014594,-0.46898063031194187,-0.7939794882432483,-0.7028931926104692,-0.6755478456881949,0.00720157273704267,-0.5826126027972337
738,185_0.mat,Ball,1,-1.9023194036104487,-0.00805073184117384,-1.3669843416445897,-1.4001927930942912,-0.994150029897714,-0.8468467181612679,-0.9231034482802252,-1.3967228702503531,-1.8963436686719992,-0.39104560773366315,-0.4392827965667027,-0.6992344049767932,-0.38765926518766536,-0.2197986195860269,-0.9834561070366717,-0.5169990604539081
739,185_0.mat,Ball,1,1.7010822275148207,0.017129158746538992,1.3510449050932674,1.5107936077874804,0.9992834304022924,0.3721057433230999,0.4477359439433867,1.5127554253137552,1.7024365389518987,-0.06780578340540908,0.3073185652349542,0.12597803204589153,-0.19996494254369104,-0.22337763707597452,-0.12226175574178248,-0.1748595825365262
740,185_0.mat,Ball,1,3.9058409234170806,0.19026169574659932,3.041647700022533,4.074114921727039,2.2122678460877543,1.655346634008725,1.7653059707459093,4.074649592885047,3.9042912868283954,0.22582676172965943,1.7369484098427084,0.36090521829146655,0.1523147841558586,0.1782745590927127,-0.06755506708891393,-0.07982958414577748
741,185_0.mat,Ball,1,2.689584821200602,0.16351845660192135,1.5131464787471136,2.586617668987296,0.9452228998552225,1.655346634008725,1.7653059707459093,2.5879487293455066,2.6896075386850073,0.10678577306891952,1.6746553460892142,0.917394963741255,0.6160708819093179,0.5789730592221747,-0.05577126414627901,0.5483176352709943
742,185_0.mat,Ball,1,1.2583709815148212,0.13637606463418828,0.43535715630778815,1.067678403496383,0.21507380990164246,1.205187818244536,1.4081240985582653,1.0698185093129098,1.2602404540569727,-0.4669654257596522,0.8665962726624977,0.8093774059741353,0.7234101981262402,0.7578089005428849,-0.4902595747140744,0.9155165760894741
743,185_0.mat,Ball,1,1.32677853248446,0.09972053038364688,0.9539024918900979,1.134584299065759,0.7621635647222779,1.205187818244536,1.3031249447513806,1.136713796047065,1.3285851902280887,-0.890963458173446,0.4466305170912027,0.20689525508564388,0.5113657488926601,0.7265207850606634,-0.8896775578859693,0.22710939692571785
744,185_0.mat,Ball,1,-0.06877097980726231,0.03459209475519019,-0.06900436596996805,-0.11719695966707461,-0.06740479888114591,-0.04755452212434675,0.016654374061747704,-0.11439479294908664,-0.06515060780361279,-0.3234887529706246,-0.18742125281782387,-0.07168143413484832,-0.09334804722888972,-0.007720206791112721,-0.4176114098007003,-0.18818320538882652
745,185_0.mat,Ball,1,2.410922455646015,0.1592608264893359,1.2844865514243413,2.271256253922511,0.7297038543703736,1.579802087229443,1.5549997477250814,2.272754410779826,2.411303935295894,0.7474538007131111,1.4851431471999712,0.9224586140974931,0.6499685000540348,0.6199480281090339,0.38220754187480116,0.5985074096833114
746,185_0.mat,Ball,1,4.804240133900252,0.04460417806681754,3.5015639025774012,5.2889171825561245,2.5198225071943425,2.698627232579595,2.4519573284859475,5.288917851888652,4.8016119934950146,3.574497931326616,3.3277222221393576,0.643123480585762,0.5941632089991177,0.6573123036364551,0.9807344033224983,0.1768755110492991
747,185_0.mat,Ball,1,5.912835531135672,-0.023750742881333067,3.4887878891429103,6.923852787307013,2.244275478043287,4.483080148281893,4.42846632639326,6.9230113313646235,5.908789048905557,12.076942675509553,9.099655180161426,1.5200761812467822,1.5439148385687846,1.4676884331711046,2.7815591719548736,1.1634478310817362
748,185_0.mat,Ball,1,3.649553208792755,0.1159194824526252,1.0316620546453261,3.7456432200538217,0.27152351877352787,4.483080148281893,4.42846632639326,3.746411018799536,3.6483800574881298,9.169880287602618,7.245368098611503,2.5529914495941455,2.8217054499853136,2.425874457389774,3.940137348881797,2.9711500363722743
749,185_0.mat,Ball,1,-1.1401834645455888,0.057044441052028105,-0.7929291305474745,-0.9167795951399683,-0.5979922072533528,-0.7542001785198393,-0.6656861679794754,-0.9135692288950175,-1.1351985780931881,-0.1982863773891056,-0.3799192332045488,-0.45255423900045466,-0.4902149782193792,-0.4567338859052539,-0.17058871397824724,-0.4243028927712512
750,185_0.mat,Ball,1,1.3410311879639671,-0.09922388917396298,1.2363758485180136,1.1485960509640156,1.0148589875286314,0.17587922147386192,0.32610935815535236,1.1507200747447017,1.3428214293791192,-0.7791122719215443,0.11829142578715343,-0.10879592881644432,-0.30550967710636906,-0.29668530035795876,-0.7799525398933824,-0.2629301789419805
751,185_0.mat,Ball,1,2.6930432355275724,0.17229981870912903,2.4467049951850406,2.5905911460942033,2.041219074823224,0.7979345590663115,0.8196977556698288,2.591911987396436,2.6930544451081406,0.40573757073897176,0.6649853389888559,-0.09374995760958867,-0.197199827691971,-0.14752941513350698,0.12248897648665238,-0.24807068455032724
752,185_0.mat,Ball,1,1.1003337568657303,0.32311306035337,0.8820542453156677,0.9152963538950021,0.6659877693807099,0.7979345590663115,0.8196977556698288,0.9172784103746412,1.1021567563388248,0.8881570300692716,0.21812130050184758,0.05221930507564731,0.24193833558861055,0.4175079449907442,0.9068175364452085,0.01789119819871594
753,185_0.mat,Ball,1,-0.08732072414096982,0.020156067654705106,0.06038150349069935,-0.13223341362318702,0.03286788617973525,-0.19988593620224263,-0.296803510323616,-0.12942118199473804,-0.08367376420066051,-0.31710655023646145,-0.26008566002121175,-0.26866941429341057,-0.26268028974577345,-0.1824798728099994,-0.4080724096199454,-0.4093010907304878
754,185_0.mat,Ball,1,0.34510233908338706,0.09835675823820947,0.581626537545122,0.22922160062611327,0.5465728270064607,-0.19988593620224263,-0.296803510323616,0.23182063940120137,0.34816472163409273,-0.007939128505469554,-0.2261488445589618,-0.41586817881896243,-0.4104510022756067,-0.3501618098815379,0.05506920639261073,-0.49295022738260735
755,185_0.mat,Ball,1,-0.9963883558740784,0.02318297656287116,-0.7955562358961489,-0.8176148210856152,-0.6572328588252324,-0.668297633519776,-0.6481349897771509,-0.8144480872678356,-0.9915764777743399,-0.0350369867559345,-0.35760442203870707,-0.24524382324809957,-0.4068263296921491,-0.3991304609212202,0.25726931431675254,-0.3670260228403239
756,185_0.mat,Ball,1,6.511286105801485,0.04054612436576042,2.8225400272893837,7.868839048033989,1.3024525325723422,4.0444302194296835,4.213233456859501,7.8675048328023625,6.506470122882798,-1.8168712750237215,13.257375235385167,2.7603486135798487,1.5705881413602747,1.005258253757314,-0.597195972785565,1.6072031231309056
757,185_0.mat,Ball,1,8.256959905588168,0.20609475772777794,5.644171970718733,10.875315165502224,4.087009650384822,4.0444302194296835,4.213233456859501,10.872310880153652,8.24984383207098,-1.7270774695215274,14.474867515508311,1.19928650419679,0.6747579878078477,0.5475921561315488,-0.47787384710845826,0.6742898366945655
758,185_0.mat,Ball,1,2.4425626260281263,0.032596330639916286,2.312925194703485,2.3065859218082236,2.1045135584002432,1.5086083258809966,1.7492943695788767,2.3081334554362454,2.442964204879276,-0.12411246472624488,0.8746605425656213,-0.18509604313358033,0.26359553644379924,0.5458520233228963,-0.18861335852850167,0.0395570448723849
759,185_0.mat,Ball,1,-0.6294856051344134,-0.10404698578587583,-0.28384336104082397,-0.553143573908362,-0.13259730651009466,-0.40359323454426566,-0.4104242955281336,-0.550141056887241,-0.62518074171436,-0.14047198664827443,-0.32856555022412515,-0.4877274550278073,-0.3289509433470458,-0.20496288755533926,-0.06273429885489236,-0.41128389467387994
760,185_0.mat,Ball,1,-0.13078225074070327,0.03845057204472115,-0.6826217684663988,-0.16729877169630833,-0.6988567354398277,1.6766380747958856,1.6045741282614692,-0.16447146558352188,-0.12708339932447119,0.028474570113758334,0.3668536088312881,0.7837794857037633,1.763153246234996,2.103699374248159,0.1909324161190542,1.6662298090476988
761,185_0.mat,Ball,1,3.0684946871556655,0.05448321043742632,1.4664069931134902,3.03064869161178,0.6900983302874487,1.7692846144373147,1.9568293539361803,3.03181591308905,3.0680892879174424,0.8844538816408698,2.149503758453383,1.3497821367471488,0.7098429905573395,0.5361261134468646,0.3347010463867531,0.6177648157767783
762,185_0.mat,Ball,1,2.94608852585568,-0.00944776672186594,1.7347487871029632,2.885287354451121,1.0064357369911556,1.7692846144373147,1.9568293539361803,2.8865382317878265,2.9458471032260185,0.11953668674269775,1.618532683962384,0.8998144186422231,0.6115619808647675,0.5799170750907696,-0.0642661729795139,0.334199256303703
763,185_0.mat,Ball,1,0.6331294449182217,0.0816921278756677,0.6684815566162446,0.4826540595655404,0.5832842662673438,0.4317906177595668,0.274995400583673,0.4851302358123415,0.6358330360649134,-0.8011950690505596,-0.0688838001628332,-0.19911190372121837,0.04229402146325505,0.23320154959867576,-0.9742017335945661,-0.2592837105272569
764,185_0.mat,Ball,1,-0.9918343321346087,0.11076375848816575,-0.8149375819101642,-0.8144329825321144,-0.6807637535573908,-0.6803819647773541,-0.5871677391796055,-0.8113007637139906,-0.9870752791309941,-0.2668288738949746,-0.34722035788000355,-0.20893799935278212,-0.41205998477841416,-0.41794081340720673,-0.3588959710913837,-0.3098720185043112
765,185_0.mat,Ball,1,-2.4792270804068792,0.06642453239381803,-2.1098461201030543,-1.7189301693345644,-1.7195176204468952,-0.7070137421807265,-0.7334275575323039,-1.7153077060149522,-2.472535739466134,-0.17141986268366638,-0.4461928996319118,-0.3534111633896637,0.12176673614552051,0.4108146550206965,0.11448160865892416,-0.22027721885137702
766,185_0.mat,Ball,1,-1.9045465864925648,-0.025580193320334874,-1.4759489489803053,-1.4015014786388886,-1.1345916802384346,-0.7070137421807265,-0.7334275575323039,-1.3980323633344063,-1.8985705218669229,-0.16496246549272703,-0.429420439783757,-0.521700803189104,-0.19157346982640608,0.0128085285638627,0.025789435277922074,-0.4022715786717386
767,185_0.mat,Ball,1,1.2369681563299089,-0.0024293295831511186,0.7919006606153529,1.0468628205562815,0.5194060533991021,1.2961080248491674,1.1319239784269584,1.0490657956525435,1.238918522218096,-1.497334758786919,0.34835203588633806,0.31094066288995315,0.6413271394411565,0.858695507099376,-1.5109628365733756,0.1394347093157517
768,185_0.mat,Ball,1,1.3425525288343005,0.07577136100035337,0.8027469462167898,1.1500931434534782,0.4609208293679376,1.2961080248491674,1.1319239784269584,1.1522263289874273,1.34435091367716,-1.4786992121057185,0.37305325810085616,0.4118870279992272,0.6369238664781585,0.8091757906915285,-1.4445517736385631,0.10873023887928795
769,185_0.mat,Ball,1,-0.4375606775470762,-0.032598630459050336,-0.6711593906140836,-0.40824856629515666,-0.6636738322321367,-0.0026698631676302224,-0.04215746868639059,-0.40529481735663586,-0.43346651167015504,-0.3767447149452502,-0.18118951933882843,0.34051227918404176,0.17804099124290831,0.22029442010310424,-0.5548958163742905,0.08601206653090292
770,185_0.mat,Ball,1,-0.7763418085737147,-0.012108785542232372,-1.0366586618307576,-0.6609745755234487,-0.9872595946758723,-0.0026698631676302224,-0.04215746868639059,-0.6578876079978995,-0.7718101655978454,-0.2469388337143208,-0.20870919309048297,0.46848964948829586,0.3470204377875344,0.3994640313815106,-0.30084836634935264,0.25944581515556364
771,185_0.mat,Ball,1,-1.2743072851396322,0.09865612285550113,-0.9849294141315696,-1.0069978526688117,-0.75155599492551,0.057176348774659276,-0.23368085187666163,-1.0037588730391431,-1.2691779691375236,-0.27458625501491657,-0.35713305757222746,-0.35165554234696955,0.3812909597322031,0.7908802472734134,-0.399754197363591,-0.18867172192856746
772,185_0.mat,Ball,1,0.1994994864703059,0.1255324129411975,0.08410813804317871,0.10496368448432697,0.09370618860385846,1.321588913561343,1.2652513496832083,0.10761015501019204,0.20272790606486585,0.3592465828517522,0.08142853475739897,0.047888325759090446,0.983230503775688,1.4550603228875119,0.6274465133703825,0.39419297708819473
773,185_0.mat,Ball,1,-0.09751853754415868,0.07134741721149526,-0.32254477863008274,-0.1404818707193291,-0.3256192233789699,1.321588913561343,1.2652513496832083,-0.13767861507859924,-0.09387488090101721,0.381065447612877,0.04274853356439829,0.2555721881140669,1.2048668421614366,1.6514612976462704,0.7892655893009118,0.5684148771546319
774,185_0.mat,Ball,1,-1.3228009501694578,0.09336734795002338,-1.1283889362222304,-1.0390761197784526,-0.9213301312373081,-0.3270591365796074,-0.40149474872344204,-1.035817702336308,-1.3176055303691239,-0.18478331029521416,-0.3611226228823637,-0.1930588253253637,0.06056549135787099,0.25714370388729924,-0.11878758758916405,-0.18231935260102938
775,185_0.mat,Ball,1,-0.38062006716935814,0.14083327115830138,-0.3830050445674827,-0.3643952736625565,-0.35361384978692045,-0.19889638501686677,-0.11882840504391042,-0.36151707654315013,-0.37666714138133833,-0.15876230240522685,-0.22687632579199216,-0.024439641142079648,-0.11476626432425889,-0.054468997479902706,-0.12040496775959038,-0.1330350246208228
776,185_0.mat,Ball,1,1.7070793748800264,3.211282568765148e-05,1.26806500644357,1.516960603293132,0.9714823988961108,1.4257443401147492,1.0931266371376103,1.518920162840072,1.7084269051689196,1.8459573606488477,0.554805760624471,0.22775155016615142,0.5498228266333677,0.7702439304491319,1.4701655638867002,0.12535840842068796
777,185_0.mat,Ball,1,1.2972752091501334,0.01766136251061202,0.7375608760254481,1.1056585082037302,0.47687404325073246,1.4257443401147492,1.0931266371376103,1.107830046734293,1.299147228566107,1.6275646558047514,0.4932331630961788,0.4460366647044017,0.760120823085239,0.95900588726783,1.537751936761762,0.31730786345327405
778,185_0.mat,Ball,1,0.3606956262590384,0.08977497254252968,-0.04919320843564225,0.2426824992634049,-0.18626892684497887,0.47322261064268983,0.5145535872750404,0.24527906512523628,0.3637432826990953,-0.9322552309134253,0.06890193149680547,0.4332204532811008,0.3383359925827898,0.40121867867028593,-1.2443998491184711,0.22645167924031112
779,185_0.mat,Ball,1,-0.4935604876426105,0.07916415999632047,-0.7756253218433179,-0.4509909574967317,-0.7105724098413959,0.47322261064268983,0.5145535872750404,-0.44803021152949307,-0.4894144464893505,-0.6067926304555066,-0.06316891391786077,0.43281764596418415,0.6796224202651073,0.857313943354145,-1.0381202768991407,0.6169667667554779
780,185_0.mat,Ball,1,-1.1589009850252416,0.05202176802858742,-0.9723888959813566,-0.9295018664310287,-0.7542410069416362,-0.4571095586849669,-0.5348221199796918,-0.9262833708108845,-1.1538898724911149,-0.07707110966994912,-0.3419419380606983,-0.2024018228640527,-0.1363828262293922,-0.022880062179985998,0.18175934407239616,-0.1687229888918497
781,185_0.mat,Ball,1,-1.3759645226953086,0.0183598799509579,-1.2874965869731536,-1.0739133749435674,-1.0988658922238828,-0.4571095586849669,-0.5348221199796918,-1.0706133450502722,-1.3706651757752244,0.02082003684516771,-0.35073149574634926,-0.005060147043355263,-0.0037857482843922795,0.09492467925295373,0.5572614310713364,-0.06397226603595774
782,185_0.mat,Ball,1,2.4182690109983973,0.0813927632583772,0.48817463428241314,2.279448574543719,-0.09737765355776311,2.740634669808318,2.999738837642688,2.280994520553724,2.418687726307202,-0.09252979645301025,3.175142559301332,2.0549854389908844,1.8870054057815862,1.6285007783504284,-0.16746586591601073,2.08889988406213
783,185_0.mat,Ball,1,2.5859683335347023,0.10923367266645624,0.8412191032488238,2.468247257010129,0.2886970491631497,2.740634669808318,2.999738837642688,2.4696806646165332,2.5861593085008674,-0.06970441374387931,3.1874732277619433,1.705167649018406,1.6808137616892682,1.5464830048457359,-0.15805891105684466,1.8709430540641783
784,185_0.mat,Ball,1,-2.8598067244237493,0.07211246012235036,-2.3474455741948987,-1.9069385891777109,-1.8545752698419193,-1.053269900725464,-1.1614299733433595,-1.903220982774444,-2.8526344494973688,-0.16478741697649915,-0.4687818995542674,-0.606660911978492,-0.20492407287151101,0.02482470331764403,0.2930072317793102,-0.4207731791747712
785,185_0.mat,Ball,1,-3.1634071005080484,0.05584698258286323,-2.5621898295931467,-2.0442305707526387,-2.012370757581797,-1.3538131866339302,-1.3723520271783045,-2.040436038797357,-3.155834755399958,-0.25204136131270855,-0.47907980796047595,-0.7792095526318323,-0.5203681455026382,-0.39695588567406226,-0.5229985442296868,-0.5326120648389226
786,185_0.mat,Ball,1,-2.8349557098363123,0.0431073549803613,-2.21672466048985,-1.895202050645354,-1.7176283258184277,-1.3538131866339302,-1.3723520271783045,-1.8914811272816625,-2.827795287971092,-0.2560174273400442,-0.47453382926161575,-0.8208154247215135,-0.6663707434586769,-0.6105928431867437,-0.49457767266141406,-0.5960646277928288
787,185_0.mat,Ball,1,-3.0960781990190775,0.08757963201572729,-2.478950894587199,-2.0147553008531744,-1.9591655252199982,-1.524144712931215,-1.4687295495875565,-2.010988765416834,-3.0886206017123357,-0.22300231292831182,-0.4803972710978517,-0.814510336869932,-0.798643321513458,-0.8185636428301315,-0.20346899437520302,-0.6254200574765549
788,185_0.mat,Ball,1,-3.2710362083731312,-0.027010490936281814,-2.6777450051422744,-2.090198227139175,-2.1421770255651205,-1.524144712931215,-1.5287730539639277,-2.086372705519393,-3.2633094159214795,-0.21603336229694556,-0.4824100941973242,-0.7584823305556727,-0.7195222121540485,-0.7117770243890585,-0.11016824097199629,-0.596366987597726
789,185_0.mat,Ball,1,-3.0401303851592223,-0.03396240260448762,-2.5117490348145606,-1.9898411454198517,-2.0245604481803787,-1.1125406683221546,-1.2270159550467803,-1.9860686986999174,-3.0327018921955378,-0.18620762562216372,-0.47582824689868186,-0.6278243050759879,-0.19961089066634452,0.040989225693843265,0.1630959128032454,-0.5027916812980119
790,185_0.mat,Ball,1,-2.5938810260162164,0.21421086512989274,-2.1428500610667913,-1.777432268361948,-1.7251485559764101,-0.9682654750826434,-0.9508158349154735,-1.7738944829729044,-2.5872716302694148,-0.1221448022958801,-0.4594545768022473,-0.5041581292747266,-0.19645905260146965,-0.0010719824834485277,0.49666314423539265,-0.3944867684517462
791,185_0.mat,Ball,1,-2.6420561423158055,0.045202907301399524,-2.208245296424832,-1.8015344253395422,-1.7886430398905806,-0.9682654750826434,-0.9557424814284066,-1.797862526264816,-2.6351435891507675,-0.14532239547162049,-0.46057675781432933,-0.4645870199208293,-0.1633921016925928,0.0334628369750455,0.352887577289673,-0.3829193280039414
792,185_0.mat,Ball,1,-2.392581275248931,-0.03569206483772577,-1.928641922612926,-1.673653786917294,-1.5404375559689216,-1.2421769835877368,-1.1737465896256922,-1.670045377188518,-2.3859827767242874,-0.1507672313127075,-0.4579568612147246,-0.5466486199191802,-0.6328045849919741,-0.6414269387421786,0.21986573399708065,-0.5012472769472531
793,185_0.mat,Ball,1,-2.1644293603080977,0.130987501522947,-1.6388768462566121,-1.5500468362600173,-1.2424037823183331,-1.1259372257767517,-1.143878795141036,-1.5465472965329121,-2.158203796409159,-0.2630659082472643,-0.4509889374304984,-0.6719265382140042,-0.5989272476804957,-0.5523788637928068,-0.4410254484793688,-0.5236420873359519
794,185_0.mat,Ball,1,-2.622783545594574,0.06808766915654682,-2.0360466557822416,-1.7919263122377496,-1.572716131692108,-1.1259372257767517,-1.209772692251515,-1.7882666787971986,-2.615910228168081,-0.3386185445966723,-0.4673044464376248,-0.7650204709566686,-0.4463385972017928,-0.2871288852144493,-1.0590171898986316,-0.5453838659805406
795,185_0.mat,Ball,1,-2.482023008893385,0.06076986740054065,-1.8072674627611272,-1.7203758938967184,-1.3199921623999884,-1.1545481055508768,-1.2014589762609404,-1.7167506647107191,-2.475324199184514,-0.17877644510043658,-0.46821342757133294,-0.9250296130825975,-0.5717383419877906,-0.4284995426315243,0.06696112635043186,-0.6406852266624394
796,185_0.mat,Ball,1,-2.551273117834056,0.059239781578830156,-1.9233355425005858,-1.7558791239927418,-1.449271592045651,-1.1545481055508768,-1.2014589762609404,-1.7522349958286927,-2.5444848349198876,-0.18282704951351045,-0.468744946596901,-0.8421675794449983,-0.5275975540226974,-0.3870517778440869,0.055427469845678624,-0.6161290085201443
797,185_0.mat,Ball,1,1.5770425223853919,0.07430780064915231,0.016741261230308894,1.3842261865038792,-0.3787003284728489,2.022480126500846,2.263205183959202,1.386238753789494,1.5785412909742358,-1.6035914522215653,1.914485914703713,1.828906539447825,1.6015899706224535,1.4007958432018652,-1.4554195101931102,1.9796960566316344
798,185_0.mat,Ball,1,4.318782215899752,0.14209725509797508,2.501822379663858,4.62024279661035,1.5853048937928074,3.569849971816384,3.0911897135390065,4.6205389947910245,4.316738813223172,5.984089246379193,4.712825138916526,1.267812269618647,1.4291573072988604,1.4430117277990864,2.042978160913968,1.0038473789192055
799,185_0.mat,Ball,1,1.588192073429908,-0.011510056307649669,0.331047073374257,1.3955260610359845,0.012350687500211085,3.569849971816384,3.0345332786402768,1.3975482224519675,1.589691783340392,7.4180154391804045,2.3280500031100706,1.3427569624668112,2.642722735041227,2.877981050487848,6.384792830336616,2.498841590912639
800,185_0.mat,Ball,1,-2.2624223449593077,0.02740734394020255,-1.6310353926737216,-1.6039160719339995,-1.1822619672016457,-1.2080644296915777,-1.2464146256914541,-1.6003428160372128,-2.255988816510246,-0.11036425227027875,-0.4603675790903673,-0.8501749564004331,-0.6954669246107746,-0.6470689966671522,0.40702564265782687,-0.6128457673669218
801,185_0.mat,Ball,1,-1.9767779828116803,0.18939686462998015,-1.3604246154350845,-1.4436158900079303,-0.9458215009975578,-1.0568839043048792,-1.0644366201199909,-1.4402232719492472,-1.970879097937368,-0.2860889169348121,-0.44728007942733067,-0.8278268452716532,-0.6162132188263995,-0.5301688925173555,-0.5275557031898988,-0.5733022311349983
802,185_0.mat,Ball,1,-1.4010554795441175,0.10141692988163069,-0.9967119369632301,-1.090235147593676,-0.6963070206133666,0.03834802287571689,-0.3824039934858263,-1.0869546055447776,-1.39576698437405,0.12912934802260084,-0.3745190438804083,-0.519496774332744,0.3683534628693909,0.8512112540259851,0.9278624816005384,-0.22694775160083688
803,185_0.mat,Ball,1,-1.4554307606473753,0.19441953765342065,-1.144852560640452,-1.1253425509107713,-0.8566889464027592,0.03834802287571689,-0.3432987367894207,-1.12212006233335,-1.4501915928529008,0.439328465408261,-0.36713672605557973,-0.3667415333112551,0.4440764340052625,0.8902076730667834,2.0255501490436094,-0.12817596081143298
804,185_0.mat,Ball,1,-0.46646616838534777,0.08475229951908864,-0.5997850861560575,-0.4303587985682043,-0.5379331458035271,0.20867954917300144,0.38091830061173193,-0.42741129262654337,-0.46235811710028674,-0.17481130749048887,-0.13393555664223336,0.1878770598208588,0.34353775943878934,0.5040034323216235,-0.14745969726953295,0.30027524454897825
805,185_0.mat,Ball,1,-0.3874550376073805,-0.06050606533763809,-0.5285796715191249,-0.36968020351333836,-0.5076685252354767,0.20867954917300144,0.38091830061173193,-0.3667533455031291,-0.38343404388805064,-0.6434938987924675,-0.12790782400486148,0.18471021343050245,0.3115100448046579,0.4612424192240284,-1.071449645856868,0.25181311180830296
806,185_0.mat,Ball,1,4.395437709966899,0.14213051783322947,1.8163310571112572,4.723914613558475,0.9202760879493516,5.514276415595187,5.517563121158516,4.724157105056556,4.393296280187359,12.519138769171652,10.574947991823386,2.175017366868572,2.989792711657102,2.8055020303540927,4.364352297248297,3.314161180440717
807,185_0.mat,Ball,1,4.349071410039916,0.15447099261267677,1.844488124030865,4.661121272616381,1.0269554386191233,5.514276415595187,5.517563121158516,4.661386136946686,4.346981764136888,12.807149496076812,10.556296603275353,2.093928965613192,2.971508360830595,2.8294977658848195,4.5284098874513115,3.3819991972453036
808,185_0.mat,Ball,1,-1.760424221565507,-0.040116008626583856,-1.256154889098281,-1.3155664478098805,-0.9327902307386289,-0.8282711615962802,-0.8556699741344544,-1.3121443399883275,-1.754637035221289,-0.14455096486701044,-0.43312859841931395,-0.6551534645251728,-0.40864029255568796,-0.267304871665437,0.0853874039834973,-0.5246634577807978
809,185_0.mat,Ball,1,-1.9528418458525165,0.0527202854689335,-1.5308998231145947,-1.42973057343525,-1.2068242457995524,-0.8282711615962802,-0.7851573459181005,-1.42625326933926,-1.9468149235664265,-0.1391640622251195,-0.43521668707790134,-0.5064721633547472,-0.30331534535492477,-0.16010071933547593,0.15327715724125507,-0.44050367204658375
810,185_0.mat,Ball,1,-1.6893646053804998,0.09805739362091866,-1.4048403251746238,-1.2722621064598065,-1.1125576507680592,-0.3433329157621993,-0.31712592718946403,-1.2688854471667548,-1.683705932289037,-0.2568783730902537,-0.3877486423450072,-0.29668981293283014,0.17381838513313946,0.46315580330702394,-0.36905591131385956,-0.12135300557377461
811,185_0.mat,Ball,1,-1.9121505050761243,-0.017996289682291715,-1.5808845575064132,-1.4059649505522656,-1.2446300399649817,-0.3433329157621993,-0.31712592718946403,-1.4024926745099169,-1.906163246734324,-0.25735959121594865,-0.4011410574855511,-0.3516520368284262,0.2649168837045253,0.6201237146951443,-0.3877138181134908,-0.0698451725325963
812,185_0.mat,Ball,1,-3.068231829048606,0.06765525359823735,-2.431734596540442,-2.002402816556045,-1.8980645270788488,-1.578650588257292,-1.5771157728720826,-1.9986340355734022,-3.0607901726441655,-0.20305141946535338,-0.47998552280404,-0.8550342781856224,-0.8921316516017166,-0.9535867467512035,4.393398847036649e-05,-0.6272337568500463
813,185_0.mat,Ball,1,-3.282479141011191,0.172266555973874,-2.675928555347308,-2.0950021961105243,-2.1403434703597446,-1.6010929177356508,-1.5928194586320568,-2.091255158515588,-3.2749307409273607,-0.23507532544744317,-0.4832904638911313,-0.7876997231100594,-0.8352580685610528,-0.8828609044731481,-0.34303297024383633,-0.6278017320064245
814,185_0.mat,Ball,1,-3.4311510614903304,0.0795300500841203,-2.827589704279013,-2.1559635171486207,-2.2779055801258243,-1.6010929177356508,-1.5928194586320568,-2.1521201115312896,-3.423259454267438,-0.22230259240323036,-0.4850027908895466,-0.7766989094079554,-0.7738180516606937,-0.7906038119737199,-0.1758939048704747,-0.615498384187817
815,185_0.mat,Ball,1,-3.2396104812353816,0.02617662273578284,-2.6701843248957613,-2.0769227952030795,-2.1423171538024395,-1.2097907627283748,-1.2747428431408192,-2.073104429651963,-3.231924612268969,-0.21433348537310282,-0.47943756823062594,-0.7063577831915885,-0.25380839513155773,-0.01174134530487502,-0.09393462336759037,-0.49082429519747484
816,185_0.mat,Ball,1,-2.9025169492644616,0.04590142474174567,-2.3550440690593333,-1.9269333425815858,-1.870110216114369,-1.2097907627283748,-1.1894502753856662,-1.9231966928943056,-2.895271606245487,-0.207931124527804,-0.47300580801188635,-0.6766387632332643,-0.4145915193965604,-0.2689633631970095,-0.07572964292089199,-0.5103646893503664
817,185_0.mat,Ball,1,-3.0182117521856147,-0.10158554337703771,-2.450955254054506,-1.9799762913627343,-1.9423815808124412,-1.1541339987110995,-1.124480124496362,-1.9762336005051468,-3.0108658887376203,-0.2543672702122238,-0.4750571694186534,-0.7121517058925154,-0.29064077912047925,-0.06613118465977562,-0.5156446992806023,-0.49275502662578846
818,185_0.mat,Ball,1,-2.0866401750764996,0.029702472672767714,-1.6820614376992786,-1.5064488795757134,-1.3125612208258866,-0.6999470725277182,-0.5920943856925382,-1.502926468681552,-2.080432563776054,-0.16140196838298917,-0.431672602968482,-0.46421855506799414,-0.09146573320229878,0.14037173917221507,0.07823582259999835,-0.30594369358351714
819,185_0.mat,Ball,1,-2.072373759545368,0.06000482448968504,-1.643437944257871,-1.498372859977485,-1.2664013135743384,-0.6999470725277182,-0.5920943856925382,-1.494862322828701,-2.066197984834978,-0.18789554208079481,-0.43312073349839914,-0.5088661970738253,-0.10941858930448246,0.13096532239770317,-0.05653550551867929,-0.3356081354295378
820,185_0.mat,Ball,1,-2.591161775204483,-0.002163227701114765,-2.2582682550036157,-1.776063365193494,-1.8422444422797568,-0.45480778130257116,-0.4421395824551394,-1.7723986990646927,-2.5843025192707287,-0.11175024344324964,-0.4369993185187843,-0.2616264641247891,0.5457064012844794,0.9880386062629797,0.5687765468062662,0.08205570045944328
821,185_0.mat,Ball,1,-2.4071680911050723,0.015565810189573438,-1.9960740103661783,-1.6813402694128765,-1.578190896226743,-0.45480778130257116,-0.4421395824551394,-1.6777254370744104,-2.4005462686290233,-0.05354239521239682,-0.43542130065976686,-0.44440887626200676,0.37223378472455493,0.8210713580485078,0.8297512435413991,-0.08881621741821998
822,185_0.mat,Ball,1,-2.3107585781600353,-0.027176804612554763,-1.8763955871549993,-1.6300556793115466,-1.4924452643745265,-0.8012252773531304,-0.7940868927227918,-1.6264684394771798,-2.3042622787881277,-0.4025940608253455,-0.44322640036638167,-0.4981280782398825,-0.11856302921302916,0.11311498680021975,-1.272586766889776,-0.30753186438085856
823,185_0.mat,Ball,1,-2.5991515575175956,0.04516964456614475,-2.231081218865987,-1.7800829442606447,-1.8339854858212556,-0.8012252773531304,-0.7940868927227918,-1.7764221440953323,-2.5922938800585436,-0.4390826196991015,-0.44849909999802784,-0.3343548415555327,0.06905412656024547,0.3257009072757681,-1.762120346741098,-0.15534034494652343
824,185_0.mat,Ball,1,-2.6052941999609684,0.05272028546893331,-2.220364861011717,-1.7831679430984333,-1.8054557312805455,-0.6585150796445942,-0.711873479038222,-1.7795076318218273,-2.598432817346033,-0.22758001018708574,-0.44790738481184683,-0.36854186700546737,0.2508509752749808,0.6069492367083794,-0.25290583291093927,-0.13652119529837078
825,185_0.mat,Ball,1,-2.071906692979907,0.01273847769293487,-1.7972121468919142,-1.4981080397323097,-1.4654430868409811,-0.6585150796445942,-0.711873479038222,-1.4945878425049188,-2.065714249977187,-0.250613981118048,-0.41954057327706623,-0.2263116988041942,0.013149843979316926,0.20168036091839803,-0.3682806550506973,-0.15582258390247902
826,185_0.mat,Ball,1,-2.7542356304944406,0.03838404657421166,-2.330799690112274,-1.8565593497177284,-1.8675754041065424,-0.966953248885624,-0.9018572851932015,-1.852857342795362,-2.747176226982631,-0.25674225013976587,-0.4565482171149904,-0.43039557899710207,-0.09652552883857447,0.11977418317994214,-0.4860750055639298,-0.19004726045157733
827,185_0.mat,Ball,1,-3.4387208183303097,-0.09855863446887139,-2.809564482853667,-2.158995169410437,-2.236769815486296,-1.6361950228171858,-1.5952827818885233,-2.1551581439365544,-3.430839466061809,-0.20535535209026692,-0.484903035308839,-0.8358338701790871,-0.8360190817112374,-0.8709705064352607,0.06451226292439864,-0.6050877379366058
828,185_0.mat,Ball,1,-3.286654468650727,-0.1041800367268945,-2.6531172401830085,-2.096751097674452,-2.085335339884458,-1.5435484831757573,-1.5494033862368346,-2.0929493874633818,-3.278972606534183,-0.21558948553902332,-0.48289311854437605,-0.8472292107638121,-0.7586224032123919,-0.7467675066729802,-0.10267625930536145,-0.6075385169007929
829,185_0.mat,Ball,1,-3.025539702142897,0.034658620225699224,-2.451707590030724,-1.9832808911578366,-1.9362565316053966,-1.3651607360400873,-1.3280122085619073,-1.9795124935310002,-3.018131340125178,-0.2418938102939211,-0.4761913340364321,-0.725679247851086,-0.585999151683465,-0.5157465880289416,-0.39359771898127976,-0.5252213159747269
830,185_0.mat,Ball,1,-2.1689021802838275,-0.014071286922252332,-1.788016291561076,-1.55253121062675,-1.4367419413765194,-0.6199603084894655,-0.5991764400548792,-1.548982727991998,-2.162585188655981,-0.185210131298538,-0.4339148264742358,-0.4127442194191351,0.05415743431129537,0.3358010443207608,-0.029345827102162506,-0.27474164391883804
831,185_0.mat,Ball,1,-1.9637170963400903,0.008613898521367621,-1.5675149266881359,-1.4360479661045085,-1.214156532138179,-0.6199603084894655,-0.5369775278291004,-1.4325596300358545,-1.9576628948506396,-0.22149079485619588,-0.42155444810203146,-0.4608141469434109,-0.0537428091469744,0.19516646574090235,-0.22570944280337402,-0.2686339915336277
832,185_0.mat,Ball,1,-2.2511789836732397,-0.010345860573739867,-1.8684306030542372,-1.5977948893015337,-1.458063226904283,-0.34489791129317415,-0.3897939632552264,-1.5942227480690567,-2.2447560956030754,0.00312196497848811,-0.4220849944257197,-0.4071840206221841,0.4282575752188808,0.8862783379998904,1.0367470160235108,-0.02389993803996999
833,185_0.mat,Ball,1,-2.741968576015779,-0.02321853911726029,-2.3605468165663495,-1.850617129462396,-1.9005916467339172,-0.34489791129317415,-0.5443674975984995,-1.8469151670724042,-2.7349186296821766,0.053133865792123584,-0.4416856325798225,-0.34230244431562296,0.7702758036944616,1.356623084451882,1.9744373137621782,0.16583160858495566
834,185_0.mat,Ball,1,-1.947236195592811,0.0016287241179069893,-2.110833704296753,-1.42646862865076,-1.8240373100643381,0.13831400150410927,0.06438126215578552,-1.422985003248311,-1.9412026981839445,-0.7968009627652344,-0.30843746865256394,0.6512152374399834,1.2049365794125109,1.4502150038444988,-2.8665068641231684,1.0685571926573842
835,185_0.mat,Ball,1,-1.7538224113560088,-0.07903340887443622,-1.8196591052296507,-1.3115692415700149,-1.5411185595788544,0.13831400150410927,0.06438126215578552,-1.3081616366043793,-1.7480641869404023,-0.7746118299135829,-0.30516952719197743,0.3749121939364519,0.9750947877152324,1.2797970536719783,-2.482471713886141,0.7739575221747379
836,185_0.mat,Ball,1,-3.3400448923008814,-0.07111687788384753,-2.732476214563281,-2.1189267751795082,-2.1903659078428053,-1.6087350317342586,-1.5681862260673918,-2.1150979238097665,-3.332257692441018,-0.21209757559250708,-0.4839271658912686,-0.7884837851749167,-0.8246153455865617,-0.8661287877152246,-0.050084717966718,-0.6208879475240526
837,185_0.mat,Ball,1,-2.8145444386793073,0.024812850590345308,-2.3368328139702177,-1.8855058631578137,-1.8893391452287365,-1.2916651973092448,-1.2442592178420457,-1.8817864105972704,-2.8074026832220995,-0.2939705977088647,-0.4690033782572202,-0.5381660613881568,-0.5342618110154894,-0.49585481913185214,-0.8090767128819487,-0.46044656897583774
838,185_0.mat,Ball,1,-2.7738254376003555,-0.14412858176763857,-2.284727643693002,-1.8660106257590363,-1.827934810498578,-1.2916651973092448,-1.2442592178420457,-1.862355317360836,-2.766848080078007,-0.2897519109007011,-0.4681466873232703,-0.5652625145884893,-0.5564873616772593,-0.5209067001166159,-0.7578540556366511,-0.4669649388009345
839,185_0.mat,Ball,1,-2.9838818767515107,-0.08605184601315151,-2.5961017077620063,-1.964407592280735,-2.1278135162661975,-0.5999810938993251,-0.5215817574761846,-1.9606650797910319,-2.9765621841333414,-0.148980504098087,-0.45631309969795625,-0.319758104198091,0.595949127467753,1.0898197688350617,0.5010695653397617,0.079481916317147
840,185_0.mat,Ball,1,-2.631144282487708,0.057510119345591956,-2.264515627985874,-1.7961000262935294,-1.8634810049109858,-0.5999810938993251,-0.5215817574761846,-1.792434504591822,-2.6242528300310046,-0.1525668096522814,-0.4479382047223896,-0.3267674663189259,0.3566944275699011,0.7433653105908238,0.2951032897201449,-0.1110192338469498
841,185_0.mat,Ball,1,-3.1287697784542106,-0.07091730147232007,-2.547219968011737,-2.0291362005591265,-2.015772349010714,-1.4009996229730426,-1.3581879184536219,-2.025353765768764,-3.12125141907216,-0.23874824744205048,-0.47813100492303123,-0.7379568780206968,-0.5952133644554631,-0.5260676626638973,-0.3719089620683885,-0.5211413973482749
842,185_0.mat,Ball,1,-3.114168678815595,-0.057213054547435326,-2.4721896324608488,-2.022729367996403,-1.9132232194145244,-1.5454361537183754,-1.5173801839027699,-2.018945534602026,-3.1066582020467717,-0.2697210750335253,-0.48042401278440333,-0.8661718559033861,-0.8311895087361328,-0.8550703139833953,-0.7006189937571559,-0.6155820820231439
843,185_0.mat,Ball,1,-3.0309264410013306,-0.05761220737049027,-2.454611613465288,-1.9857059020069574,-1.9496141181599558,-1.5454361537183754,-1.5130693682039535,-1.9819413618629416,-3.0235225406204886,-0.24875647593615788,-0.47805043180702833,-0.730683114789838,-0.8375950700531688,-0.9017393683120558,-0.4624993968602469,-0.5837312836843499
844,185_0.mat,Ball,1,-3.360680619694703,-0.09310354588712136,-2.7502672539760313,-2.127404499721733,-2.201042342250214,-1.568453927542333,-1.525385984486286,-2.1235810030583253,-3.3528909315429583,-0.250249351275272,-0.4838953414822179,-0.7944109903006833,-0.7559844322122228,-0.7578962571274876,-0.5493655887233961,-0.605915535670224
845,185_0.mat,Ball,1,-1.9677926615851393,-0.13112285228309997,-1.83933090167511,-1.438411724788816,-1.553475095342487,-0.15902938766471814,-0.23522042891195286,-1.4349680958262045,-1.9618124021627033,0.05599719354038831,-0.3879377387956817,0.038060070514704995,0.6332785817210698,0.9706260628908785,1.0646369141861678,0.14255537084001288
846,185_0.mat,Ball,1,-1.8234956854284403,-0.13039107210749928,-1.719734914498111,-1.353485977064124,-1.4923448352955315,-0.15902938766471814,-0.23522042891195286,-1.3500858022460918,-1.8176972412788468,0.006336578383709114,-0.3825860422554652,0.055284618317650344,0.5567725232439905,0.8558265336592282,0.7400765453200713,0.053052723024287866
847,185_0.mat,Ball,1,-2.75360742244487,-0.07703764475916164,-2.187997764325224,-1.8562554893384726,-1.7382705881944842,-1.3250409693539835,-1.3452554713571732,-1.8525650101091187,-2.7465723106932045,-0.28155718522545464,-0.47221133828172585,-0.7200741462263079,-0.6397587827640909,-0.600216348524177,-0.684583049149264,-0.5828598488931744
848,185_0.mat,Ball,1,-0.4730865061902725,-0.005589289432335431,-1.0122699190883382,-0.43540842509170613,-0.9628681748097226,1.397547567180402,1.5562314093533143,-0.43243798678209966,-0.4689433623661419,0.1116432938983937,0.2897725651675047,0.8733441566629263,1.7384643667646558,2.023415942963435,0.43863049264101067,2.0264605917255447
849,185_0.mat,Ball,1,-0.5594454337111009,-0.13022475843122613,-1.1726740615787619,-0.5007877440561079,-1.1260551008582822,1.397547567180402,1.5562314093533143,-0.49782897217715577,-0.5552520528911103,0.06068875827963505,0.2884360641250387,1.0434710610260909,1.8658291561415248,2.0927827557173804,0.35965866960930815,2.2035482784785327
850,185_0.mat,Ball,1,-2.8451016444775252,-0.18045148866563376,-2.1720221085025586,-1.9000028459633336,-1.6329898354743648,-1.2788440842002469,-1.3070739608819417,-1.8963620238834298,-2.8381028804558617,-0.2248729206603651,-0.47585784111191165,-0.9264415435061869,-0.5858498121996211,-0.45033751960238405,-0.22907704083619304,-0.6264279311807361
851,185_0.mat,Ball,1,-2.9341859322141546,-0.08492091301449582,-2.2576346905921416,-1.941615263667888,-1.7199400561536962,-1.4175261714895904,-1.4203868306794012,-1.9378840306850496,-2.9269282679208204,-0.15367784407908927,-0.47768939333477184,-0.9343773441722677,-0.7352049825975442,-0.6841011961012177,0.4283486502583035,-0.6296394830173828
852,185_0.mat,Ball,1,-2.29802604727087,-0.0954984628254504,-1.755534769380493,-1.623197782950726,-1.3651237772936005,-1.3083530833316142,-1.2661212117431866,-1.6196365823941612,-2.2915877257608255,-0.2532484617412565,-0.45826248219797205,-0.6957056043072545,-0.7713891447104666,-0.8094617895737694,-0.4016658811450241,-0.5608509042800341
853,185_0.mat,Ball,1,-2.1200440094632937,-0.12390483873285689,-1.5627737014322396,-1.5252610573668846,-1.1899655816327885,-1.3083530833316142,-1.2661212117431866,-1.5217674602596312,-2.113862254243582,-0.31147668443915316,-0.454844783400232,-0.7278735082082585,-0.830282616800254,-0.8912245529588826,-0.6839429333783476,-0.6012325897923128
854,185_0.mat,Ball,1,-2.8327647084872,-0.04370838403407799,-2.2393910364740717,-1.8941636740370318,-1.761072800936896,-1.5275973790048085,-1.5062952292486707,-1.890442772301819,-2.825606002007797,-0.2254574458013403,-0.47527721480524365,-0.7720684275359884,-0.8876391176901172,-0.9682055469537719,-0.2343058355661713,-0.6175193781926348
855,185_0.mat,Ball,1,-2.974088502898134,-0.15034871326024388,-2.3796701924289976,-1.9599398730897757,-1.8776901399057764,-1.4255823923279758,-1.44070924754525,-1.9562409096451294,-2.9668714600568578,-0.19529069190871506,-0.4775792075468046,-0.7702379318533406,-0.6995310506601968,-0.6773876214099966,0.0549866472548846,-0.6030944863255253
856,185_0.mat,Ball,1,-3.0004149296927363,-0.23842843621435697,-2.4173724600730937,-1.9719233534039118,-1.915397710763232,-1.4255823923279758,-1.44070924754525,-1.9683115152692188,-2.9933706921426366,-0.25491069088514756,-0.47771623931528406,-0.7459075190688611,-0.684572020233105,-0.6614893111892385,-0.5172615868831045,-0.5914318024764508
857,185_0.mat,Ball,1,-3.1610796684076568,-0.12942645278511636,-2.5159436435794906,-2.0432209079442485,-1.974174055474114,-1.588594479638296,-1.5574091868203508,-2.039462912979299,-3.153593223414806,-0.2669005349097858,-0.48170188894822374,-0.8726832322893247,-0.8765485760271596,-0.9244725267222942,-0.687235788790694,-0.6355854263384728
858,185_0.mat,Ball,1,-2.5570973385221163,-0.13092327587157226,-2.028205611768392,-1.758838383476665,-1.584721885028688,-0.7754916193069998,-0.7965502159792583,-1.7552286979837284,-2.5503724147764983,-0.33933232407254815,-0.4596731885889729,-0.6584461339049915,-0.010012084261901092,0.34212563107220006,-1.0265101668564098,-0.4258704223652534
859,185_0.mat,Ball,1,-2.315727972764003,-0.09892452455667158,-1.8478295419925697,-1.6327268823758,-1.4634518451571747,-0.7754916193069998,-0.7965502159792583,-1.6291625501859357,-2.3092704856234483,-0.38712987680820854,-0.4509378221823463,-0.5599481620406755,-0.10139855737345443,0.16310008617933025,-1.1857109517304347,-0.43056923561360666
860,185_0.mat,Ball,1,-2.847471880942081,-0.19289175165084463,-2.312705321244935,-1.9011225687523592,-1.8352226832747522,-1.2404506505509398,-1.2220893085338473,-1.8974938216800303,-2.840496968491289,-0.22749548876009928,-0.4712782676172188,-0.6536486676466089,-0.47551292785777644,-0.369806181585581,-0.25158730681118036,-0.49885110339400807
861,185_0.mat,Ball,1,-2.934902713622696,-0.2198678299423045,-2.326593596847,-1.9419461496357846,-1.8196646275815092,-1.3617080699664939,-1.3092293687313505,-1.9383266244826558,-2.927886344194995,-0.19578189256350564,-0.47650589836981244,-0.799424668747599,-0.6335564853266529,-0.5661397197129955,0.04092462795035707,-0.5933439332160172
862,185_0.mat,Ball,1,-2.842262682727225,-0.10175185705331032,-2.190505851042356,-1.8986607894267098,-1.6855511799745073,-1.3889152917154652,-1.4419409091734832,-1.8949602946851751,-2.835139862646266,-0.23311546206996592,-0.4765831770392641,-0.8856709363280136,-0.7222679222089348,-0.6783807173739225,-0.29974906248902466,-0.6479486646742396
863,185_0.mat,Ball,1,-2.9050804709214164,-0.12636628114169565,-2.2708576593896184,-1.9281263634889048,-1.7683443197533237,-1.47293016617291,-1.4428646553946585,-1.924425838115251,-2.897910766804061,-0.2599351661071369,-0.47743341913309195,-0.8514427847340185,-0.8042321107308333,-0.8169381637846733,-0.543276896863945,-0.6381598097282478
864,185_0.mat,Ball,1,-2.839766059446909,-0.14851926282124248,-2.260952942042817,-1.8974797521491502,-1.7826007644218909,-1.3899048429008414,-1.3409446556583562,-1.8938116430882177,-2.832713499902127,-0.20904390224534136,-0.473544930432153,-0.7429567461342267,-0.6972038519375049,-0.6818577759330295,-0.09384310542486479,-0.566145830617807
865,185_0.mat,Ball,1,-2.5720902403460966,-0.17063898176553444,-2.1138915248683756,-1.7664371423118541,-1.6758653628977733,-0.8572047163820484,-0.9843786142848294,-1.7628560972087661,-2.5654107609051127,-0.18406934228723854,-0.4584596907898659,-0.5203995273641375,-0.0684078283356205,0.19694454855215454,0.05148395386489201,-0.389726257116581
866,185_0.mat,Ball,1,-2.735425110046973,-0.1849086951897468,-2.2556209696998604,-1.8474399244219972,-1.7919628633598048,-0.8572047163820484,-0.9843786142848294,-1.8438307554185553,-2.728570976952116,-0.24210697151878585,-0.46311702290084145,-0.5494524402845744,0.008910455985680984,0.32491222482332227,-0.36730301330689474,-0.3696260625073915
867,185_0.mat,Ball,1,-1.187422601654824,-0.1838110249263458,-1.195173351833734,-0.948805666465951,-1.031309675953242,0.32434386263838794,0.4237185421928382,-0.945660700775395,-1.1824986099743373,-0.22429792176872693,-0.27145713790674264,0.12569518207449892,0.7682715333022092,1.1172075972460098,-0.24498100791666985,0.3173703170603299
868,185_0.mat,Ball,1,-0.8111686556933074,-0.2094898565428771,-0.8148913189043043,-0.6861601154866017,-0.7216055380474512,0.32434386263838794,0.4237185421928382,-0.683178674116673,-0.8067566721849244,-0.0814584520815923,-0.2462613838183104,0.04746470387336809,0.5571425022862505,0.859867152441044,0.09830070358198031,0.10291115733661532
869,185_0.mat,Ball,1,-2.546151986498634,-0.10241711175840185,-2.0634043858328077,-1.7532736770125712,-1.619018359118776,-0.626865640636653,-0.8165647174380488,-1.7496488304017233,-2.539405445001006,-0.08348884302621305,-0.4552000875340641,-0.5705991870107052,0.19687022504858379,0.61732611047447,0.7364450902808211,-0.3422642818049454
870,185_0.mat,Ball,1,-3.0027390208181615,0.009279153226459202,-2.328222865522192,-1.9729771850089546,-1.7775168087964304,-1.371651961347497,-1.4333192777758503,-1.9692108688035381,-2.99535267546893,-0.21934880468751886,-0.47949830795329457,-0.9314268094365727,-0.6463723105219784,-0.5444362616379701,-0.17179058431038013,-0.648083693045372
871,185_0.mat,Ball,1,-3.072250802093621,-0.15962901639627025,-2.42053625775087,-2.0041914586553795,-1.8750567017117183,-1.371651961347497,-1.452717948420524,-2.0004774081972676,-3.0649290582015367,-0.2392279849678659,-0.4803092651166258,-0.8862136886293506,-0.6083676710797867,-0.49909215419283326,-0.3715385176752803,-0.6361433415615342
872,185_0.mat,Ball,1,-2.9331835734970806,-0.18786907862740393,-2.2772063350894567,-1.9411524421175277,-1.7451434826971755,-1.425168285488198,-1.4813540812769472,-1.9374977563246762,-2.926092304219024,-0.3215931029166017,-0.47798446875152484,-0.89420248402764,-0.7381279692951305,-0.7007788134704876,-1.117066814459495,-0.6390074621159738
873,185_0.mat,Ball,1,-2.7857955067193396,-0.054019831962996125,-2.1624445900002387,-1.8717626156407385,-1.6731765521387212,-1.38530128813605,-1.3412525710654148,-1.868056000919788,-2.778702503752491,-0.2820774904495533,-0.4740905955049992,-0.83135535517903,-0.7278216855369251,-0.7032818627277062,-0.6994730161923396,-0.6123228772478763
874,185_0.mat,Ball,1,-2.8177133123477107,-0.23104410898784153,-2.2107884899654016,-1.8870145451634317,-1.7263658355808222,-1.38530128813605,-1.4016039908488445,-1.8834372119353282,-2.810867552709153,-0.19775229193025823,-0.47463154685736547,-0.7990388629126981,-0.7100227954659537,-0.6851231523219133,-0.0016260941373660977,-0.60843542206132
875,185_0.mat,Ball,1,-2.836858603460735,-0.16119236495323502,-2.2431489423557998,-1.8961034091111058,-1.7600657994099858,-1.215545206184364,-1.3175430847219245,-1.892446690736228,-2.8298322099642124,-0.1510318390352077,-0.4742731390401717,-0.772621721620913,-0.47292846248617154,-0.32566971332473243,0.4007197092375115,-0.5877680991607145
876,185_0.mat,Ball,1,-2.9775389204981937,-0.04756686132360866,-2.4143006130223204,-1.9615152841519043,-1.9298891809531329,-1.215545206184364,-1.307073960881942,-1.9577604457190232,-2.9701970213211264,-0.2169097383101872,-0.47630185450874224,-0.7055908078936917,-0.3944592270777584,-0.22798887512886865,-0.1502329282592227,-0.5607322431315429
877,185_0.mat,Ball,1,-2.52056597840947,-0.1408688337126901,-1.9878994515296737,-1.7402084463370084,-1.553161074395013,-1.0941264492629885,-1.1484975262469104,-1.7366157519165921,-2.513901438345813,-0.25755549625130086,-0.46408249423303377,-0.6674929205001328,-0.42690731834441353,-0.29094220179069774,-0.4551845241643572,-0.5389707115917051
878,185_0.mat,Ball,1,-2.258631461502578,-0.05298868717010402,-1.660213837338785,-1.601853940647279,-1.2227739551104397,-1.0941264492629885,-1.1484975262469104,-1.5982867875246485,-2.2522120356649102,-0.1463856077965579,-0.45892769947077516,-0.7942236326204402,-0.5548554869496564,-0.44550528808554546,0.20285893838259336,-0.5921941638294995
879,185_0.mat,Ball,1,0.6244548004850399,-0.06652662041871571,-0.08262515682784422,0.47487329349109075,-0.17410275696004834,2.4344982779496824,1.8857008949057086,0.4773607944270065,0.6271776230124608,2.2134357169456838,0.9363394097548222,0.8107999892919995,2.01266359474437,2.4084043048297823,2.8146040907275136,1.879336232696386
880,185_0.mat,Ball,1,1.8348097463072268,-0.07753658578798019,1.2218170163380693,1.6493518733757329,0.8990932947720249,2.4344982779496824,1.8857008949057086,1.6512269678704796,1.8359782581270851,2.281034940500207,1.148523951581746,0.4127166837968533,1.2681124397951395,1.6539987981155528,1.7400507557720704,0.7346902557020221
881,185_0.mat,Ball,1,2.3684334147318333,0.07553852185357172,1.7037511848484486,2.224005046076816,1.2063027017973775,1.5109101032633916,1.6624622247884322,2.2255822666772027,2.3689182541469505,0.9400200815758795,0.987915585051474,0.38240034902390724,0.45411351359620816,0.5761545641196701,0.5189324728148027,0.18170188985358676
882,185_0.mat,Ball,1,1.9625030649499287,-0.057246317282689675,0.9573031793749546,1.7836970569289545,0.44446824290269227,1.5109101032633916,1.6732392640354732,1.7855099414862046,1.963514989360579,0.11559916000659046,1.10032670859758,0.8775363542944314,0.7305856234469592,0.7397138482790645,0.005570714988033289,0.5731896123287488
883,185_0.mat,Ball,1,3.979608680407577,-0.07031857223773766,1.0054929538851383,4.170146772710828,0.20906390898021524,5.574698071883075,5.050763364058113,4.170719493528285,3.978032126512168,8.283658433088949,9.418711179385827,2.941208500046746,3.6220749725724986,3.0730966094509413,3.2032693156670007,3.507414757269423
884,185_0.mat,Ball,1,4.492365813630536,-0.05258953434704919,1.8910355883404666,4.856031632448083,0.982937438348544,5.574698071883075,5.050763364058113,4.856255054210204,4.490136465026496,9.155184958299635,9.365831537353806,2.1671987036533964,2.9800320910745244,2.7988802898603042,3.057556910857278,2.6892627551762995
885,185_0.mat,Ball,1,0.8212894960246316,-0.11312771251037472,0.6094188380691266,0.6536875094003152,0.4111692166865504,0.26046954027690544,0.1733833162544284,0.656059793941666,0.8237356885300331,0.3713869946038207,0.018607997960113812,0.08295668265449599,-0.06834074295536302,-0.026436789514739923,0.44040677316968035,-0.17886666856569075
886,185_0.mat,Ball,1,-0.521528798211284,-0.06852238453399015,-0.4961666401446924,-0.47219458517329166,-0.39248123069726126,0.26046954027690544,0.1733833162544284,-0.46921742439767583,-0.5173398178724221,-0.20474130359345954,-0.20646795778991114,-0.04428278773515732,0.3443031946368564,0.6009964590392667,-0.207191890833785,0.04915599069242034
887,185_0.mat,Ball,1,2.631355940038354,-0.022553284412167952,0.7941239562433747,2.5199361550625223,0.16813751459059254,3.2844295763993108,2.6872046994784986,2.5213751567525495,2.6315171798706545,7.199583737880532,3.003729074469026,1.8233823524268626,2.108642272332206,1.9877800887173365,4.266855079826721,1.6641179831891857
888,185_0.mat,Ball,1,4.381811674719314,-0.03422850448652355,2.228880197281281,4.705433781523337,1.1839546024563687,3.2844295763993108,2.6872046994784986,4.70573941804233,4.379727162631739,6.931224157817479,4.265806135393339,1.6402853293451694,1.372527863400292,1.2135603109261688,2.3485502963079905,0.7734866714171131
889,185_0.mat,Ball,1,0.8368538509594377,0.0017950377941802545,-0.32754216994550034,0.668028862511282,-0.5750390117149939,1.335399577855717,1.5118915907369175,0.6704279702243401,0.8393172647573086,-0.9708367424010363,0.839991422115351,1.4768516709699178,1.2199771670802524,1.100324879371105,-1.1134460546903975,1.3689242506465358
890,185_0.mat,Ball,1,-2.9261066841158327,-0.04636940285444395,-2.4037738157643873,-1.9378813200650793,-1.935461921072669,-1.1426251117991209,-1.1749782512539257,-1.9341384194381754,-2.9188299162137845,-0.2774519944108189,-0.4725483710722126,-0.6228201384268979,-0.29864020857339096,-0.11134946381523898,-0.7083152548798511,-0.4803297490716683
891,185_0.mat,Ball,1,-2.5691744845339004,-0.10178511978856497,-2.0122895887948964,-1.764961519017729,-1.5656025274684118,-1.2374120913171236,-1.275666589361994,-1.7613302710728627,-2.5623980366293018,-0.09334638127828512,-0.4660165437504544,-0.7107749324164331,-0.5956012280174932,-0.5352010456528793,0.6842495267941854,-0.5496970970390056
892,185_0.mat,Ball,1,1.451220693058607,0.046101001153273535,-0.21208255320706515,1.2577606937904526,-0.5162702115956316,2.389452281487145,2.700445061982007,1.2598482812203782,1.4528901210134628,0.3311442789242723,2.1857722191281423,2.0657828304817607,2.0656734539395116,1.8249797747450933,0.25461087841033514,2.553568427784744
893,185_0.mat,Ball,1,1.9250892105663058,-0.08465481113245887,0.33033927756317494,1.7441278966270024,-0.12419466271779576,2.389452281487145,2.700445061982007,1.7459508016943657,1.9261391647859254,0.3028880156044013,2.2632976449041835,1.7364664865856216,1.7084277433796284,1.5647127213623384,0.15334765942038614,1.8889803448023188
894,185_0.mat,Ball,1,-1.1691220323485716,-0.19907862040819543,-0.900927234033779,-0.93643102968998,-0.7178159529492653,-0.12853083734797463,-0.2533874379283935,-0.9333084024626536,-1.1642445651849802,-0.3840418646719953,-0.3600453969713569,-0.32960484701337495,0.15804211011439467,0.45398612280581147,-0.7108951862731251,-0.2792420902010274
895,185_0.mat,Ball,1,-1.8084878518785046,-0.13012497022546227,-1.3561991646662466,-1.344507099844072,-1.0573454722535087,-0.6488938632752344,-0.7014043551982395,-1.3411113859451176,-1.802708104762229,-0.38270205000465707,-0.42942896198852376,-0.5681971862499599,-0.17878713183772124,0.04965645483734875,-0.9073857101199511,-0.4599873157819128
896,185_0.mat,Ball,1,-2.195233930555573,-0.05215711878873973,-1.6739106670015451,-1.5671073186367441,-1.3004363016791054,-0.965802360194426,-0.9806836294001298,-1.563557923351132,-2.1888951892416926,-0.1760330073795836,-0.45128594162553226,-0.6631233848452858,-0.4018928803030729,-0.2542456484104189,0.024084006131292073,-0.5105284480343606
897,185_0.mat,Ball,1,-2.355047313000466,-0.07979845178529138,-1.9100054491409506,-1.65375586963132,-1.5148426988264376,-0.8553170458394305,-0.9215638712449334,-1.6501714107812278,-2.3485225063835165,-0.24003740052412165,-0.4495321658563003,-0.5142289558122759,-0.16808556738894295,0.045186072729323304,-0.32816254317486004,-0.3799013172151654
898,185_0.mat,Ball,1,-2.2747235372570107,-0.04384143497509646,-2.0397462420864794,-1.6105954740913873,-1.7079147446755623,-0.7202489621295021,-0.6804661075182743,-1.607021432777714,-2.2682791723741884,-0.2869752708020254,-0.4308367023883951,-0.11366653381716224,0.06561336839397726,0.23364488974427863,-0.591028880045742,-0.13838664285840033
899,185_0.mat,Ball,1,0.7086913885190145,0.034259467402644656,0.07414124586839851,0.5508185322470213,-0.1627182900376629,1.3064660230699485,1.2935795671325732,0.5532748710187732,0.711315334613881,-1.1276961151869604,0.3623298469418991,0.6796883507912865,0.9758354304622872,1.138724254494636,-1.349278614762022,0.5792814753608564
900,185_0.mat,Ball,1,0.8712800831415829,-0.040714737861166216,0.32061575367589484,0.699855106582364,0.08256046328696574,1.3064660230699485,1.2935795671325732,0.7022335161578278,0.8736948020497475,-1.2836919954269754,0.38376152466703056,0.5217536943958402,0.8553127174431174,1.0517278979071427,-1.4581065765634247,0.47470324305433387
901,185_0.mat,Ball,1,-0.6755749526244609,-0.07790247587578074,-0.7702989275915733,-0.5872689453249572,-0.7179945685918167,0.11241900595215727,0.0868590868710425,-0.5842358989305835,-0.6711938638558759,-0.4971067421548488,-0.23745785124299718,0.16779048905893737,0.33165732444212465,0.4957280272182645,-0.8634006997992452,0.03386002908644469
902,185_0.mat,Ball,1,0.4138434153026458,-0.04450668968018778,0.3130274300401227,0.2887854734221484,0.26232699393733033,0.2643363131902763,0.37198875380704116,0.29137587344949795,0.41684343581074984,-0.26845126339104225,-0.020704975299693614,-0.0022857197526189596,0.03132213321352325,0.14327325636784685,-0.31138960222459566,-0.028235292160584957
903,185_0.mat,Ball,1,1.2344007230946297,-0.0813950630775109,1.330635208719783,1.0443695907881487,1.1793066726906287,0.2643363131902763,0.37198875380704116,1.0465562864596896,1.2363362988236666,0.08127074905767047,0.041356151327966724,-0.32103643148177136,-0.2683991653683025,-0.17294536410483546,0.05023114691446304,-0.3324840499639853
904,185_0.mat,Ball,1,0.07782378918254844,-0.12926013910884385,0.18182092721608212,0.003111815353276816,0.15395466262263652,0.10625045565639092,-0.11790465882273564,0.0058103516419776395,0.08120648885348622,0.05157991597270911,-0.2152031949747632,-0.22832005585729429,-0.051100907903158195,0.10961424193367378,0.18767524752154138,-0.34982395954905254
905,185_0.mat,Ball,1,1.3107498806134836,-0.01955963823925686,0.5523885412820104,1.1188562176967232,0.23761393442496206,0.9255218662834533,1.0370860330529978,1.1210210112530385,1.312604713301889,-0.5665483089745688,0.5270815660385408,0.7067613446013132,0.458597087528539,0.4565066574278706,-0.5814689310942133,0.35766602647372336
906,185_0.mat,Ball,1,2.187253302522994,0.005786566024728922,1.5006090779604262,2.024993690725379,0.9995084135765185,0.9255218662834533,1.0370860330529978,2.026690058994116,2.187984971509241,-0.6406705882861821,0.68716772415004,0.43781148867086783,0.13204559803383686,0.12404275929289545,-0.546667058243719,-0.0006204187513064668
907,185_0.mat,Ball,1,2.8508715446339714,-0.1051779187845313,2.393197931446891,2.7734798144093697,1.8104100931716214,1.0102735225923185,1.0112211388600998,2.774759190213989,2.8507270809003966,1.735941694178036,0.7487961047559025,0.09743897717673178,-0.05770694823952849,-0.016636251856658835,0.8595369873224199,-0.2451788108289311
908,185_0.mat,Ball,1,2.2872116624868304,-0.06675945956549761,1.852232705531383,2.1342937441497174,1.4074249825131553,1.0102735225923185,1.0112211388600998,2.135921926381516,2.287804620549618,1.7494810021095102,0.6121023021475881,0.14255135785472584,0.08504944019868466,0.16515822687119408,1.0917153754975533,-0.12169137867106772
909,185_0.mat,Ball,1,0.802975990415892,0.03981434419015883,0.4097530445883696,0.6368509239418617,0.2555019769640558,1.396396678489205,1.1891962441398052,0.639261544112688,0.8054778065813725,-0.19765156392186473,0.2954051138950831,0.32127864426821284,0.8843324589816731,1.1830100069903149,-0.2203578325597933,0.3645497107516772
910,185_0.mat,Ball,1,1.6515102240190778,-0.07537450799643228,1.0477313839357183,1.4599859186176067,0.6950935331498507,1.396396678489205,1.1891962441398052,1.461959956466915,1.6529143221549862,0.06372806514647501,0.5611840231944495,0.4345883222309948,0.6124592316152853,0.7668422817909877,-0.008207010431047941,0.16789454227072415
911,185_0.mat,Ball,1,5.747125051614586,0.025810732647983593,3.9025006417574155,6.669921927006916,2.695384611224225,3.779311713614396,3.1019667527860477,6.669211297911405,5.743290620514056,15.346014827096708,6.413699052578928,0.9873332740303449,1.033084793437514,1.0766742387703834,3.743945008145935,0.6037382634169608
912,185_0.mat,Ball,1,5.055476339058812,0.05591350805337311,3.0150535433817303,5.646278073062617,1.9406426894350404,3.779311713614396,3.1019667527860477,5.646090497246915,5.052523892841664,15.20436343242588,6.125570057313408,1.3301222002118087,1.3438799593395587,1.3115303861639753,4.448242487160875,0.964012301847752
913,185_0.mat,Ball,1,2.582008668854284,-0.18856759606774975,1.1707692343323857,2.4637497965122,0.5582253307770927,1.9315599198962152,2.021183674011368,2.46512294094925,2.582149631556187,-0.1289010529273649,1.8613476249087249,1.2440939481957431,0.9401504300383624,0.8558793344423168,-0.19455560401002553,0.7827512303254333
914,185_0.mat,Ball,1,3.2441793334788795,-0.055849282401997546,1.911831459771763,3.242478961564495,1.1064387154323494,1.9315599198962152,2.021183674011368,3.2435369230535565,3.24354912495372,-0.009002341876005735,1.9957113925771592,0.9734812179865849,0.6533665149953115,0.6048148873227005,-0.1456517381990166,0.39926535598686463
915,185_0.mat,Ball,1,2.3854616446951646,0.04240883754001536,2.3029593687335885,2.2429153149010306,1.8491306181600102,-0.014592856919385598,0.1296593284521483,2.2444937218584515,2.3859345444142943,0.17800370001118715,0.27485714706640973,-0.22626031699180113,-0.6555287180029035,-0.7643073402464235,0.011943772982644672,-0.4687119883420973
916,185_0.mat,Ball,1,1.8896296636453156,-0.027941847523409717,1.65768471652039,1.7067834711720744,1.2322168440815329,-0.014592856919385598,0.1296593284521483,1.7086428111420071,1.8907412703689532,-0.03727232397571554,0.19106597856545612,-0.027767575067762024,-0.5308982614532312,-0.6400912923565968,-0.1070272476384934,-0.38909389837970904
917,185_0.mat,Ball,1,-0.7482004802337543,-0.08924506859759047,-0.6374508524539139,-0.640515523678895,-0.5860030500440999,-0.4169897919988633,-0.5951735397631215,-0.6374600247434837,-0.7437335453704579,-0.2775779569711582,-0.3325016798401104,-0.13990151310044355,-0.22301215194913043,-0.16880648417168295,-0.37194233679075345,-0.36898926645853974
918,185_0.mat,Ball,1,-1.1257114350376485,-0.01846196797585585,-0.9010150010923721,-0.9069136378474092,-0.7450540022667219,-0.849562602383441,-0.7980897930145501,-0.9036998098457006,-1.1207325251762454,-0.1602995029399725,-0.3711492326576342,-0.2668154422837565,-0.5490651241197531,-0.5988989957307181,-0.06305294478217545,-0.3765239368327218
919,185_0.mat,Ball,1,-1.3724028271147406,0.026941665646638295,-0.9803753699954479,-1.071590243258944,-0.7257722473070344,-0.849562602383441,-0.792239400280442,-1.0682925486149433,-1.367109780486301,-0.27735557230550784,-0.4009222094420911,-0.5025880106848468,-0.5241259249088388,-0.4917104402262079,-0.4168584478076641,-0.4465870718332935
920,185_0.mat,Ball,1,-0.8979023441869963,0.01626432762992,-0.5325562571603739,-0.7482388056637495,-0.35095551870248437,-0.6114899808113038,-0.5363616970149837,-0.7451071925002045,-0.893215588980885,-0.3591294001766585,-0.3625333107328968,-0.4968357686502785,-0.4375423074001179,-0.36409508588877476,-0.5871764463347751,-0.4459469347163284
921,185_0.mat,Ball,1,-0.3168681264293598,-0.014836329833106886,0.058649293821758,-0.3148261715055866,0.18676424821264076,-0.47050611613956456,-0.46092242228569674,-0.31191861802034676,-0.31292587630727103,-0.5917340197702696,-0.3020871531639914,-0.5457834490224024,-0.485973349606461,-0.42086333180741264,-0.9464682225575712,-0.44998785429343435
922,185_0.mat,Ball,1,-0.9499163817993473,0.06579254042398139,-0.6940985823669071,-0.7850264502045303,-0.549575064838757,-0.47050611613956456,-0.5077255641585608,-0.7818873209500097,-0.9451793053199604,-0.5193282178395645,-0.35321305115200674,-0.33345276771760446,-0.25318540329536043,-0.14640908500605684,-1.0120317462420367,-0.3677986619354056
923,185_0.mat,Ball,1,-1.189623991935358,0.03954824230812209,-0.9210231014060927,-0.9502914646254632,-0.744098651142014,-0.9815006950314187,-0.8913881613532189,-0.9470589742110497,-1.1845687636973206,-0.13357642238099954,-0.38701812968759886,-0.32806047658780296,-0.6727504818672472,-0.7620878024812171,0.022506213814262963,-0.4445375938883058
924,185_0.mat,Ball,1,0.3023491636897637,-0.12290695667521963,0.8326396684867854,0.19246731433327666,0.946883925953166,-0.4168284544930419,-0.35068870655882073,0.19507215325348934,0.3054507510561314,-0.24217158024136445,-0.26375363382701983,-0.7500435728509289,-0.6329474398175874,-0.5805283088882333,-0.2762645523329504,-0.5720775647307356
925,185_0.mat,Ball,1,0.8113960466986504,-0.037321938865199585,1.189775067337416,0.6445868436190423,1.193516793870692,0.3961130683324323,0.37629956950585747,0.6469945716978805,0.8138882817040027,0.0019061971239735433,-0.1125354895059023,-0.6001507431123084,-0.13992257691383275,0.12078730593256043,0.012251438367337891,-0.4255057166608009
926,185_0.mat,Ball,1,-0.39971790517178796,-0.09579782744274147,-0.24270866351875728,-0.37914778163727847,-0.15528414105739408,0.3961130683324323,0.37629956950585747,-0.3762308956323565,-0.39570048049404377,-0.02730828203173466,-0.23270520431562128,-0.2489922549946697,0.3538562384614168,0.704005416240999,0.14036557677489084,-0.14315570919229043
927,185_0.mat,Ball,1,-1.2804210919693428,-0.13754256018723254,-0.9726030638545485,-1.0110579261066435,-0.7341289376420899,-0.6705994109021717,-0.5825490080737306,-1.0078402634395243,-1.2753192413784158,-0.19531741554351179,-0.37597601706261663,-0.379911862712227,-0.3486193134373589,-0.2707330219409295,-0.15461003181120833,-0.31740822611538255
928,185_0.mat,Ball,1,-0.3264709420061607,0.08265674719805055,-0.3441905960069333,-0.32232441993317074,-0.32320769557883894,-0.24304426212216265,-0.11082260446039444,-0.31943187446109955,-0.32254057131116426,0.06869520273178681,-0.22134584930914272,-0.010235075491464749,-0.16763811489749303,-0.13375523345092186,0.3099870650155159,-0.14700524104433485
929,185_0.mat,Ball,1,5.769520373664537,0.1673436711561977,3.339217319046455,6.704043938941728,2.146904802220135,5.283523233010014,5.2336651158507514,6.70323952409806,5.765607351526859,10.868490378604905,11.225653792632983,1.5631318930034601,2.0337437734236388,2.0282279443292794,2.578724088027,1.8110218424166917
930,185_0.mat,Ball,1,5.650373104635106,0.05278681093944312,3.304802460849127,6.523212666667551,2.1971341468159045,5.283523233010014,5.2336651158507514,6.52257197749749,5.646658744253953,10.417001542757697,11.145404711066512,1.5046798238623873,2.049098399021273,2.075908991480891,2.54273720387626,1.9060442053639908
931,185_0.mat,Ball,1,0.41411892677998624,0.0595391461961214,0.4973256211301936,0.2890253645450666,0.4358548897360253,0.24304487240311579,0.1958611409696859,0.2916105568434525,0.41711276044845697,-0.5795071895591104,-0.1429833928392885,-0.23582333332208297,-0.046284434431346055,0.1193879042693844,-0.738249745969578,-0.3200676793203464
932,185_0.mat,Ball,1,0.08900751306783623,-0.023784005616587785,0.11225011227875288,0.01239796546564327,0.06436869385118422,0.24304487240311579,0.1958611409696859,0.015135204151299592,0.09242827945988998,-0.2535931060384849,-0.18341691515344336,-0.12359300265806576,0.08466187808515745,0.2646315434793171,-0.29627516110140484,-0.2637819254283383
933,185_0.mat,Ball,1,3.7118398426274917,0.04956032561974888,2.1448916340935984,3.8247348961109626,1.2151372202857702,2.6405073536741033,2.9652523120521574,3.8254923891667634,3.71061104309896,1.0898941428094122,3.0066559776270534,1.133995027335829,1.0112609770046443,0.987757635971541,0.3220660697243172,0.6644817847907096
934,185_0.mat,Ball,1,3.6747029270054927,0.09649404506395368,2.071263520321564,3.777521324348746,1.1296902211540327,2.6405073536741033,2.9652523120521574,3.7782840909839934,3.6735066323527255,1.1322051401058337,2.9996756378195175,1.1856086939905148,1.0398395001165808,1.0017261345942732,0.3470433801442255,0.6870385441655473
935,185_0.mat,Ball,1,2.870459946415588,-0.0355590138967069,1.5519760199916968,2.7963907965828643,0.7540019338201839,1.9988869083312897,1.822578236458755,2.797684676252599,2.870312918751638,1.7542477509494128,1.4894750943124597,1.0472584945598697,0.8304292043135433,0.798139401048535,0.8630367190645833,0.28777485765078425
936,185_0.mat,Ball,1,4.055051219073474,-0.1671131318285489,2.8711418974059137,4.269046490450533,1.8783497075074755,1.9988869083312897,1.822578236458755,4.2695056502352084,4.053330633387485,1.5306773840183123,1.942549536698426,0.6511848794145738,0.390912926636297,0.3891706064506924,0.4439536086527957,-0.04437420716064963
937,185_0.mat,Ball,1,1.3984631113290362,-0.01713145856567267,1.1015259465574596,1.2053087219236918,0.8161195249629661,0.23959220632952227,0.3969299017787644,1.2074289771537121,1.4002057055272619,0.5348272862774213,0.2062979356602444,0.10561804170358148,-0.22582937104307943,-0.2527649512362119,0.4542419188661426,-0.16297506324492503
938,185_0.mat,Ball,1,-0.571538931315736,0.12526631105916045,-0.4612058220922406,-0.5098705784527952,-0.36253418954242717,-0.0013576369706100953,-0.21705341989551244,-0.5069055662053937,-0.5673281146225927,0.6587187484579884,-0.27846091672401785,-0.1624825255331835,0.09212514577809137,0.2904879275228466,1.6459542759487302,-0.2223853586513598
939,185_0.mat,Ball,1,-0.6547693554118674,-0.056314960695561696,-0.5890680716659461,-0.5718962446306736,-0.5144694928559402,-0.11759739478159512,-0.03569124513816608,-0.5688633685277766,-0.6504043549346165,-0.1810442260071974,-0.27413422653328634,-0.08508636647905025,0.03689423775750458,0.18193911561512865,-0.1509619515219759,-0.15003290334532857
940,185_0.mat,Ball,1,-0.4421279582776184,-0.02514777776202529,-0.33693685339869883,-0.4117489361503184,-0.27884380366721095,-0.11759739478159512,-0.03569124513816608,-0.4087922502509723,-0.43802647156709745,-0.14857235643989047,-0.25644608458247364,-0.17126057258814137,-0.05922574910860821,0.07677448945214702,-0.09585511178834238,-0.20986309213342824
941,185_0.mat,Ball,1,-0.6377814717209673,0.03326158534500732,-0.721806561513764,-0.5593051325924389,-0.6446988676708073,0.9130234281860985,0.751340535302883,-0.5562737877016712,-0.6334315081407476,-0.006123646582963104,-0.1542871606820643,0.1433993842932605,1.0680246944721765,1.5229069183024466,0.2357252787717944,0.3801571304081627
942,185_0.mat,Ball,1,-0.5280526639046612,-0.0013981847902593374,-0.5928416456164273,-0.47712678103617195,-0.5404217165001975,0.9130234281860985,0.751340535302883,-0.4741346927171403,-0.5238389721857677,-0.030439874189135643,-0.15280352486058923,0.09318886055286883,0.9922667541968081,1.4440953100724985,0.15896266513106252,0.2799474965369744
943,185_0.mat,Ball,1,-0.4332507916352471,-0.11844975015110691,-0.23305469664251094,-0.4049431271035567,-0.15444283758955832,-0.6625431900637869,-0.5991764400548792,-0.40202603441029316,-0.4292076633427947,0.0565618313876813,-0.3040313436808307,-0.3052228540048711,-0.569666625308933,-0.6178474601954611,0.31500978718172157,-0.4035165194683435
944,185_0.mat,Ball,1,-0.7415164968479526,-0.05661432531285298,-0.5796134270456579,-0.6356419763488098,-0.46321420438851996,-0.6625431900637869,-0.5991764400548792,-0.6325761837190846,-0.7370405451543233,0.06050541188729812,-0.3228921873031345,-0.21716141855766954,-0.47001529152500937,-0.4990334059531006,0.41724913425945037,-0.32602539033161393
945,185_0.mat,Ball,1,-1.8562556814937639,0.050159054854331184,-1.5122265199784586,-1.3729900177337826,-1.2117404755093701,-0.28044814458609363,-0.35807867632822005,-1.3695413507068765,-1.8503510882622334,-0.09646162701623764,-0.4126744839864631,-0.3804451283596489,0.29850094062104426,0.6823985237723362,0.3145327493566823,-0.24674490906739074
946,185_0.mat,Ball,1,-2.036260988022858,-0.10590969896013222,-1.6822756055724715,-1.4778187892417822,-1.3341626697796682,-0.28044814458609363,-0.35807867632822005,-1.4743385418364936,-2.030165740459234,-0.06256065959444918,-0.419295326380761,-0.37816649715117134,0.3933680074992649,0.821028415066373,0.5476324051450532,-0.18290108498333937
947,185_0.mat,Ball,1,-2.501190456856686,-0.1272976377288235,-1.8654142052842253,-1.7302613226951622,-1.3747676388279828,-1.3375394074513383,-1.2901386134937347,-1.7266638917791568,-2.494531083190084,-0.22694605962614275,-0.4664136810187582,-0.8565402659311678,-0.7705948912165342,-0.7628147154978755,-0.24890394027097865,-0.5959299638196102
948,185_0.mat,Ball,1,-1.8735488587760358,-0.06449759356818692,-1.386628003880625,-1.3832328366204474,-1.047394348003091,-0.9429459238762902,-0.9723699134095555,-1.3797825081064605,-1.8676282894716718,-0.36322878430714545,-0.43791320912691983,-0.6213681318346677,-0.4843010552449802,-0.39382759227385145,-0.8486367612175203,-0.5167857205272504
949,222_0.mat,Ball,1,-0.8160778627201668,1.0588682362591422,-0.3135103725873741,-0.6896983639371498,-0.05972617911602442,-0.7678243990347108,-0.6916316609686181,-0.6896819873002067,-0.8157763132990488,0.17690629272755906,-0.36474038127732195,-0.6890843554170649,-0.6403115032159179,-0.6104682868760277,0.7272557530663453,-0.494078311015545
950,222_0.mat,Ball,1,-1.0091616712881872,1.0491244239243653,-0.47010098098922626,-0.8265258547196496,-0.20079383496328593,-0.7678243990347108,-0.6916316609686181,-0.8263821732464293,-1.0086765508325501,0.04217854360209879,-0.38420287512412626,-0.7324771993843479,-0.5981423562671326,-0.5323067474184482,0.46910468740770755,-0.5125764771426339
951,222_0.mat,Ball,1,-1.147700213257897,0.8589115582295203,-0.6605053727167177,-0.921893861136096,-0.4194719023478423,-0.9604452014575772,-0.8864196758297656,-0.9207030922684186,-1.1456784584938258,-0.08495340039197498,-0.3971625076806568,-0.6559064829880382,-0.7240831193872046,-0.7482398104954319,0.15706688524398196,-0.5295918518054584
952,222_0.mat,Ball,1,-0.8749887276270546,0.716052862208357,-0.41746403971893503,-0.7319279613867982,-0.20184705429601885,-0.7652007777431349,-0.7618255401978603,-0.730216845952352,-0.8723099424362758,-0.11853652958692482,-0.3758330709614942,-0.6262057977694592,-0.610225244918863,-0.5835935276597414,0.017712233509574307,-0.5266995459802765
953,222_0.mat,Ball,1,-0.8009801107076524,0.4228664778315907,-0.2618672519474625,-0.6788074551953609,-0.01248013363242467,-0.49037644745056275,-0.5600181374137889,-0.6762050101265076,-0.7970999979615709,0.055306834358120366,-0.3712536476427603,-0.737681975927626,-0.41157592849675456,-0.24300607081592765,0.4254980771779201,-0.53529610641085
954,222_0.mat,Ball,1,-1.1640709558858842,0.049265206442911505,-0.6300046774208533,-0.9330083442999908,-0.3279177125558818,-0.49037644745056275,-0.5600181374137889,-0.9297872456964332,-1.1590520639958704,0.08196645159705924,-0.3945071499993547,-0.7214157386516961,-0.29403347393836127,-0.06787745804768856,0.6454282294334694,-0.5062442815105564
955,222_0.mat,Ball,1,-1.295921723442619,-0.2228790929307377,-0.6396417185127853,-1.0213311620208725,-0.277997738618348,-0.8091464343770307,-0.8864196758297656,-1.0181919611858694,-1.2909267147750567,-0.2243050688279516,-0.4172469231120869,-0.8890346213931707,-0.5883165115452097,-0.46662929217071336,-0.244335991382004,-0.6026365270684779
956,222_0.mat,Ball,1,-0.8097496875274613,-0.3397669272813871,-0.1921978509574702,-0.6851368637453552,0.07508311399444983,-1.132292396055796,-1.055235955376093,-0.6823513851048875,-0.8056102694927277,-0.28746214776390033,-0.3901481246863729,-0.8388678126816876,-0.9857534861392063,-1.1041326238780063,-0.3995113586410525,-0.6274585182178181
957,222_0.mat,Ball,1,-0.4802866267705954,-0.42901569862794203,-0.07387873216507367,-0.44089419932992213,0.053985056174332746,-0.8098023396999248,-0.7319931415254326,-0.4384228544520813,-0.4767929534189143,-0.1065974479628837,-0.3489060888987149,-0.5769173183799444,-0.7360637216448384,-0.7884474158828091,-0.006690750067474068,-0.5631903413655301
958,222_0.mat,Ball,1,-0.760955061986716,-0.609067701654615,-0.37497285065518465,-0.6498002312471284,-0.2152969801927992,-0.8098023396999248,-0.7298873251485554,-0.6477324200085175,-0.7578358237005163,-0.14925175980587876,-0.36010112956162305,-0.534356190455024,-0.661401059214359,-0.6879612463554061,-0.07021176938659099,-0.4969131639468405
959,222_0.mat,Ball,1,-0.931262171162224,-0.7667127276779686,-0.37863412856910994,-0.7718710156051117,-0.12826551017756158,-0.8581239710861183,-0.772705591478393,-0.7703341556765397,-0.9288063645802247,-0.2783247649516984,-0.38859504910457204,-0.7525633710836677,-0.7034832031750525,-0.6887223844295564,-0.3853917571398022,-0.5719198302223991
960,222_0.mat,Ball,1,-0.6999734308442664,-0.8075457466840178,-0.11892913250341217,-0.6052289594481797,0.12971991047757409,-0.7374373916736285,-0.6909297221763259,-0.6039545307235334,-0.6979663615236481,-0.2894193024494776,-0.3741301378827415,-0.7935595985177414,-0.6637344328811863,-0.6148468483393607,-0.3963992273124865,-0.5891366997348816
961,222_0.mat,Ball,1,-0.7078240216823706,-0.9484708457048946,-0.26320255287561656,-0.6109924090978596,-0.04088374000006061,-0.7341578650591585,-0.6302120166430312,-0.6103932298710849,-0.706734247221996,-0.4260581924961945,-0.3507739464546157,-0.616261439877757,-0.6239868017935937,-0.6074893048262338,-0.7110055908920466,-0.475011249775228
962,222_0.mat,Ball,1,-0.8530987180947812,-1.2479888124159324,-0.4454477950610164,-0.7162858537206754,-0.2208530433713191,-0.20833715860615712,-0.34066226482240675,-0.717435778096271,-0.854425285084763,-0.3186634711524091,-0.34747274662364686,-0.5588159403185852,-0.10069497944899286,0.1637109018357918,-0.48041057712162794,-0.3857921767172684
963,222_0.mat,Ball,1,-1.00113770012581,-1.352706359764779,-0.5416851700346704,-0.8209304285984467,-0.2982910021213496,-0.20833715860615712,-0.34066226482240675,-0.822772950853512,-1.00349956667505,-0.34482422735395285,-0.37097297530920104,-0.6231976999160204,-0.06504340053752747,0.24361831404509857,-0.5685092185116438,-0.43804888170740003
964,222_0.mat,Ball,1,-0.8445140400036439,-1.511564623121646,-0.3903125643696855,-0.7101354555709621,-0.16647687626612467,-0.5616547651380452,-0.6902277833840333,-0.713283165125022,-0.8486262618054873,-0.6358986118392634,-0.37131804680516,-0.6230344192818469,-0.4359126103443812,-0.3197818043360005,-1.26305221509295,-0.5133268843794532
965,222_0.mat,Ball,1,-0.9509346654147699,-1.959476681188,-0.5142413354417751,-0.7857433466480944,-0.2795281789003876,-0.5616547651380452,-0.6902277833840333,-0.7931162628117053,-0.961137518279281,-0.674399757526783,-0.37541510512044757,-0.5938861087507618,-0.3977116340902367,-0.2717687892064198,-1.424215402931556,-0.4841969420862649
966,222_0.mat,Ball,1,-1.1410743498959428,-3.1774153093684276,-0.6574180606815871,-0.9173860987185509,-0.3854895667594775,-0.896166479813968,-0.8980016659025906,-0.9418556635751497,-1.1768691533935198,-0.8488226974722411,-0.3953052961627101,-0.6511548192391069,-0.6646936191823971,-0.6590429880325838,-2.078617432983158,-0.5030127312205936
967,222_0.mat,Ball,1,-0.8829125526563184,-5.05035044297922,-0.3995585644796445,-0.7375757177183416,-0.14010804917147518,-0.6561051316347766,-0.5944131382361175,-0.8044252798518706,-0.9772545009572509,-1.29247350321155,-0.3732754459849108,-0.6609742092631142,-0.5175550348149845,-0.4315469231934951,-3.065462229796181,-0.4643419204666532
968,222_0.mat,Ball,1,-0.8090149529310828,-6.343699354170819,-0.32474655956461584,-0.6846069324683225,-0.0892522006023761,-0.6561051316347766,-0.5944131382361175,-0.7919261914683083,-0.959444125655033,-1.6351854854223775,-0.369561991371076,-0.6649591860648221,-0.5387909908543449,-0.4626864841851496,-3.935562414628844,-0.45201387564824885
969,222_0.mat,Ball,1,-0.8993356379339223,-6.737622350895841,-0.45573226379790266,-0.7492569508385283,-0.22827876145635997,-0.668567332769762,-0.6737322217651616,-0.870684976879136,-1.0726114027105422,-1.6987280870787322,-0.3655124141883159,-0.6060064172952095,-0.5124897008519999,-0.4415728780447857,-4.338397078824136,-0.3685940787099422
970,222_0.mat,Ball,1,-0.9752266474685115,-6.981710536932001,-0.48831198313485014,-0.8028079362814016,-0.23708316471939747,-0.668567332769762,-0.6737322217651616,-0.9333987382575021,-1.164377843636673,-1.724474934416018,-0.37658162655560456,-0.6623166705228889,-0.5029409472835832,-0.4087995653610734,-4.61985933815394,-0.3869139446493317
971,222_0.mat,Ball,1,-0.7950642720946195,-7.339084758984943,-0.27876311070788695,-0.6745324144979649,-0.08223554424159193,-0.6338043506563819,-0.697598140703104,-0.8192356676043577,-0.9984303305892613,-1.934404366546304,-0.3771638408750692,-0.7078951451198289,-0.5320514001757449,-0.4384979520963672,-4.810141151167067,-0.47646110247133
972,222_0.mat,Ball,1,-0.6525380079533235,-7.532103236013537,-0.1970887293971191,-0.5702444215843256,-0.008453965422796313,-0.6338043506563819,-0.697598140703104,-0.7228795824603202,-0.8620361497388309,-1.9935895453248587,-0.353878130747461,-0.6329370329732393,-0.5545293410157163,-0.49684270382128054,-4.645531969681485,-0.41548927251302614
973,222_0.mat,Ball,1,-0.8351089266100709,-7.58776049868845,-0.3534359594625057,-0.7033869303614777,-0.10483659992160353,-0.7879421015364639,-0.7646332953670303,-0.8582627545055314,-1.0546114433051743,-1.9224850422776139,-0.3667973478127894,-0.6605140461363335,-0.6476185044971388,-0.6302218672026114,-4.91467137963882,-0.3863828263157039
974,222_0.mat,Ball,1,-0.9753000677402223,-7.858464078728551,-0.42689101808543267,-0.8028594031526428,-0.1521762382240057,-0.5953212991135975,-0.5498400249255487,-0.9691595939055269,-1.2173926814808895,-1.8301613277598119,-0.38088507732754423,-0.7459324959242509,-0.4550543451739815,-0.30720653881517607,-5.064883621836331,-0.3857105336291555
975,222_0.mat,Ball,1,-0.29207934345473546,-7.977437164746176,0.3272295937741848,-0.29541805865355136,0.5301000750355557,-0.5953212991135975,-0.5498400249255487,-0.46715185896054784,-0.5146117961339977,-2.167830132638295,-0.34354707491996944,-0.8439086526283136,-0.6546609210297785,-0.5851599378044856,-4.3109625829238905,-0.526049517474712
976,222_0.mat,Ball,1,-0.37921655658048675,-7.8550897623947185,0.12694821707956738,-0.3633093461304016,0.2662402585864828,-0.8141783144522222,-0.8113122250544761,-0.5296916098013753,-0.5977493588228708,-2.1695046564871294,-0.34988202112147815,-0.7066856814968705,-0.7854066980353841,-0.8279487022517686,-4.482589304920933,-0.5187318636674679
977,222_0.mat,Ball,1,-0.9987291942261172,-7.8137259520552576,-0.5808450793551945,-0.8192493492297042,-0.3855675092957382,-0.6692232380926558,-0.5902015054823633,-0.9836167303373978,-1.238971190863408,-1.8625616607586195,-0.3805965394743211,-0.564902085383735,-0.475807722176378,-0.3993867124842748,-5.220514178589959,-0.37141136099777017
978,222_0.mat,Ball,1,-0.45520984554092225,-7.565581003685163,0.011616680393055056,-0.42176080805112365,0.1742266217145433,-0.6403634038853213,-0.5747588520519299,-0.5758600376985615,-0.6598576423073413,-2.2349615011431423,-0.33779396304850423,-0.6552276242422458,-0.6146908139803848,-0.581573102780531,-4.761239318138679,-0.4363627891454166
979,222_0.mat,Ball,1,-0.38349212418306644,-7.18610311396228,0.06752206169657458,-0.36661669831278026,0.2453899792476174,-0.6206862441985026,-0.5796724235979769,-0.5053808527059139,-0.5652978806011271,-2.142678191374897,-0.3294230893340404,-0.6380187751581627,-0.6124087302656346,-0.583329739954776,-4.358398292950177,-0.44380653274366216
980,222_0.mat,Ball,1,-1.0993340540427772,-6.98303751526553,-0.6063544271689735,-0.888865675809692,-0.3416894758134135,-0.6206862441985026,-0.7105840083605135,-1.0194627756006671,-1.2928458526774718,-1.5822356159171838,-0.3905240803023727,-0.6659847118367035,-0.4229647762898683,-0.2854373098708366,-4.493237065100666,-0.4105626518310012
981,222_0.mat,Ball,1,-0.9574107471600146,-6.721926092893516,-0.44812228060327997,-0.790299701110471,-0.22486279495088615,-0.6681267899548279,-0.6660108950499449,-0.9111266671134528,-1.1316149061703307,-1.5877558119344295,-0.38325001750235477,-0.6935316216673222,-0.5143069163196209,-0.4159619939358381,-4.151594202149623,-0.4473940321741515
982,222_0.mat,Ball,1,0.05570757456060577,-6.324932089168039,0.37358184887731155,-0.015206892510168787,0.4159956056160146,-0.326184754219111,-0.2887187941927672,-0.1222202580115908,-0.07479066317480747,-2.1795461471933204,-0.2514842585361967,-0.49518715611636294,-0.45369126686418854,-0.38876202652129505,-3.5758225288415395,-0.3859994641304343
983,222_0.mat,Ball,1,-0.08057898862370842,-5.97840117578337,0.2900494277901775,-0.12677341417697718,0.3821312838824782,-0.326184754219111,-0.2887187941927672,-0.22202824587828185,-0.19899592176188827,-2.009590099289176,-0.27560908424297403,-0.5520592546693187,-0.4314340141024406,-0.3367606706991799,-3.4637245186681214,-0.4077672697027019
984,222_0.mat,Ball,1,-0.789900069343939,-5.570108899389552,-0.31898461224566166,-0.6707970431484052,-0.10658505918832274,-0.7979960438878334,-0.7056704368144667,-0.7528300057920669,-0.9040879024430523,-1.5473929535030966,-0.37084531970353807,-0.6478500587366847,-0.665470193468694,-0.6611986577924563,-3.6080941427513027,-0.4856442192407607
985,222_0.mat,Ball,1,-0.966581419603265,-5.111126050654891,-0.47617202022812377,-0.7967431143834626,-0.21237943135305842,-0.7979960438878334,-0.7014588040607121,-0.8652568267724756,-1.0647388722569624,-1.484617303516029,-0.38088706627355906,-0.667440599310747,-0.6238017569126278,-0.5917666203421914,-3.729462361603604,-0.46629697125963604
986,222_0.mat,Ball,1,-0.4320880354703704,-4.669735143256168,-0.005447428591289614,-0.40405097006482416,0.15737835866070615,0.024724593529160756,-0.20167838394850687,-0.46092056798284636,-0.5063893201253098,-1.678929166219515,-0.3167491108250579,-0.6051773092328643,-0.054473785579202884,0.252258104227753,-3.276885758230314,-0.41797260042468565
987,222_0.mat,Ball,1,-0.4553497029810178,-4.363506457544137,-0.05716416073891974,-0.42186773124101234,0.08426180786014136,0.024724593529160756,-0.20167838394850687,-0.47113702250626094,-0.5198761378617461,-1.5431466362466348,-0.31767376361904376,-0.5675476211925413,-0.03646201394446222,0.2640481690620155,-3.0121337751018094,-0.4153508236112091
988,222_0.mat,Ball,1,-0.8232016767622524,-4.085561367169628,-0.4950584862966737,-0.6948275259881485,-0.30762463475617546,-0.6364279719479577,-0.5540516576793035,-0.7375112252710428,-0.8825416696927383,-1.0830640304030243,-0.34468041081874323,-0.449603866043642,-0.4717258967962659,-0.43018973411954115,-2.4043168391852543,-0.3557932507690951
989,222_0.mat,Ball,1,-0.34572365253316745,-3.570352550759971,-0.03706229080902944,-0.33732374298941725,0.07722643594731099,-0.2756800443562763,-0.3610184897988872,-0.3693689848423711,-0.3868169867070652,-1.3032777436291416,-0.29345265561138834,-0.4578807516014095,-0.29590412666182764,-0.16610985959830804,-2.369934715844451,-0.38288493902650256
990,222_0.mat,Ball,1,-0.4414611910757882,-3.226058543708967,-0.024687615387105837,-0.4112380837689943,0.146325913800385,-0.2756800443562763,-0.40208190914799397,-0.43682439650051846,-0.4746954904950719,-1.3232909505411643,-0.3130869013461715,-0.59214052017087,-0.2996962966712967,-0.12407959684418016,-2.501755276696766,-0.4180520299104079
991,222_0.mat,Ball,1,-0.963717383275581,-3.0072966870098927,-0.6133773056059502,-0.7947319149301545,-0.4335740385618531,-0.3937430024771899,-0.46525640045431205,-0.8163781393007813,-0.9943385308992939,-1.081504294074278,-0.36549035365997645,-0.4707052893227767,-0.20991103827760374,-0.03352942090909471,-2.528921108234698,-0.4110205090871569
992,222_0.mat,Ball,1,-0.9322733646106144,-2.783302744310043,-0.48820148140787856,-0.7725852253035269,-0.28425248567437916,-0.8095869771919646,-0.7291853863562628,-0.7906841510490308,-0.9576773169504207,-0.8733665813824903,-0.38091342684186696,-0.605062816230175,-0.6310426447688763,-0.6215330516177222,-1.9419078351156311,-0.5167681073743381
993,222_0.mat,Ball,1,-0.8556657311481336,-2.5561998809430664,-0.33617533747780703,-0.7181232133434147,-0.09664299982870218,-0.8095869771919646,-0.7291853863562628,-0.7329233949282902,-0.8761042849634618,-0.8189769790157634,-0.37942546311989434,-0.710363188368549,-0.6712716925917922,-0.6515869398054799,-1.7358531832930797,-0.5441550231837272
994,222_0.mat,Ball,1,-1.1290617988601706,-2.325419391908878,-0.6757971633095704,-0.9091999437275978,-0.4103325905674582,-0.5308272149620291,-0.4677131862273352,-0.9208104365306261,-1.145836301734679,-0.8391339313476615,-0.3846583411895502,-0.6083582854580015,-0.3163040978922265,-0.14338774241548077,-2.020268261576724,-0.4491204191745796
995,222_0.mat,Ball,1,-0.9716462177217389,-2.058886315202727,-0.464854763448988,-0.8002972919522955,-0.18406645005676153,-0.5308272149620291,-0.4677131862273352,-0.808758458119869,-0.9834419445590452,-0.5724331653474224,-0.37758602434686434,-0.6896642152544056,-0.385257772782145,-0.21950018661200427,-1.1679359437330568,-0.48602324103217703
996,222_0.mat,Ball,1,-0.608922088321474,-1.783974318162001,-0.09932880528246642,-0.5378342577021303,0.11126292218306157,-0.4908169902654973,-0.4757854823386984,-0.543533429599481,-0.6163035867698746,-0.5843345085860929,-0.35286560328399463,-0.7045602798434306,-0.4592315244874816,-0.3277904084223406,-1.038746526377426,-0.5241980593419825
997,222_0.mat,Ball,1,-0.6629496575844449,-1.6058938258022863,-0.17540861983267558,-0.5779467603639703,0.03761349913720278,-0.4908169902654973,-0.4757854823386984,-0.5819694237798977,-0.6681242246451837,-0.7401607602346694,-0.3510048556020093,-0.6744428481547164,-0.43742993167963007,-0.30464694226954,-1.4103436755011538,-0.4934556035541894
998,222_0.mat,Ball,1,-0.7196548976323668,-1.4609119644474753,-0.2365191644773331,-0.6196637304134044,-0.020881042072751495,-0.7321901490904769,-0.6533759967886814,-0.6224453678568557,-0.7231807872630879,-0.5558507047496346,-0.3577631752169133,-0.6666999103541631,-0.6292494719242346,-0.6003135427006694,-1.015497266473602,-0.5009533196211731
999,222_0.mat,Ball,1,-0.30942587078331385,-1.3336736990952927,0.13834088226514582,-0.3090072227545433,0.2604313449560843,-0.7321901490904769,-0.6533759967886814,-0.3109746089293993,-0.3117188534408023,-0.6212182782562637,-0.3250412760429634,-0.6368296262132527,-0.7209671311387345,-0.7488816126180803,-1.0020245859736976,-0.5348658344254869
1000,222_0.mat,Ball,1,-0.34632833690215453,-1.134816517399167,0.2564506678506836,-0.33779410455035136,0.4585288531993734,-0.8227050836498443,-0.8597460017226538,-0.33840062285898903,-0.3468795615126253,-0.6798716168340199,-0.35105797229810826,-0.8240627630752129,-0.8201339095605903,-0.8494076352027768,-1.1276351324607359,-0.618633624425861
1001,222_0.mat,Ball,1,-0.7699706249877659,-1.003786885379756,-0.18670197552984952,-0.6563511282313182,0.05404558824714442,-0.7098893681120819,-0.6393372209428327,-0.6560244815815636,-0.7692438903726742,-0.585607551511347,-0.38018310433668295,-0.7954332017828193,-0.6228978362740694,-0.5508258539170782,-1.1038961620943235,-0.5911201530435155
1002,222_0.mat,Ball,1,-0.6098832849174642,-0.7513956063423664,-0.2313225076212916,-0.5385510091185449,-0.06887245316940871,-0.6674708846319338,-0.5684414029212977,-0.5370712465010536,-0.6076343406883862,-0.4796666660557099,-0.32697196096669784,-0.5332773185725778,-0.5744131344276541,-0.5576602783942004,-0.8064340932762668,-0.4127963833162025
1003,222_0.mat,Ball,1,-0.35109493073458226,-0.5401027419777321,0.01427609001079792,-0.34150029731955345,0.14892612111202502,-0.6674708846319338,-0.5684414029212977,-0.3393750946442333,-0.34813243418496803,-0.36455264675366567,-0.30924355566060474,-0.5309361741295189,-0.6379449513587445,-0.6537316146384539,-0.5194716391761472,-0.4610126508514307
1004,222_0.mat,Ball,1,-0.7393893323245828,-0.5653532439814727,-0.2523411522125704,-0.6340898346398672,-0.040035972432004845,-0.8517802803651385,-0.7758643160437089,-0.6318895624890165,-0.7361001756190262,-0.4114687760736092,-0.3734706131415235,-0.6711479291429011,-0.7293199730807678,-0.7519240339651889,-0.6837376439930254,-0.5711986051757731
1005,222_0.mat,Ball,1,-0.5782795828653228,-0.41309195862558296,-0.16568064518510012,-0.5149253971376601,0.010940840825857901,-0.5126772284289577,-0.4259478280859362,-0.5123790308965822,-0.5746218556426654,-0.44848377834832354,-0.3374621977259416,-0.580091023356334,-0.45901657899900156,-0.3690846169671731,-0.7304614356827042,-0.47437900693065016
1006,222_0.mat,Ball,1,-0.4650031932710711,-0.06671269990760306,-0.0869566658724543,-0.42924219992210044,0.048425824252318506,-0.5126772284289577,-0.4259478280859362,-0.4262866215081062,-0.4608856875775546,-0.26011428606584147,-0.3199615821417549,-0.5409031926288113,-0.48124501686259225,-0.41532223449139605,-0.32129025379479925,-0.45236456300636085
1007,222_0.mat,Ball,1,-0.05220688233008815,0.21157361346695588,0.3483596385417954,-0.1037345460044387,0.41995456142669485,-0.609535853709305,-0.563527831375251,-0.1010602861365366,-0.04875624228922816,-0.05096691967717722,-0.29423313803764295,-0.5897946063781915,-0.670803587811235,-0.6862010397905974,0.041770718487510086,-0.5317225357590544
1008,222_0.mat,Ball,1,0.8711643381755504,0.39928417716143,1.2485077878570487,0.6997478604945594,1.2114416267027472,-0.12154229347619373,-0.16974016889920196,0.7016899004018496,0.8731085368507439,0.02867257752319544,-0.1575512442133523,-0.6013076778473959,-0.5145447617428482,-0.4461919141072599,0.036500570938651125,-0.5319781760935298
1009,222_0.mat,Ball,1,0.33101247813725804,0.5302758955141689,0.7244343404378136,0.2170840814141223,0.7952730704111936,-0.12154229347619373,-0.16974016889920196,0.21894079848912773,0.3332235826743199,0.12299935032189008,-0.21955643881918593,-0.5977838396311811,-0.3885332994879671,-0.25653834108525575,0.2432492394826846,-0.4707737089158492
1010,222_0.mat,Ball,1,-0.39554032197131384,0.5614409295187859,0.11362259131431295,-0.3759245311315441,0.2945127533316475,-0.588106340561764,-0.5494890555294023,-0.3738543906195327,-0.3926224188914421,0.026509035415298497,-0.3385494893112195,-0.7099379933567445,-0.5971522812692894,-0.5378457272807963,0.24588623155445635,-0.5543855537473475
1011,222_0.mat,Ball,1,-0.10759752875466247,0.707105236873698,0.4480335828148752,-0.14862173522496513,0.6399682556808887,-0.6160949069382448,-0.6095048222704046,-0.1471776284654463,-0.10562934347976552,-0.0021679456498371464,-0.3132661080807138,-0.7716251190616239,-0.6984965219166975,-0.6753738976793927,0.13372311398443754,-0.5713510392783708
1012,222_0.mat,Ball,1,-0.6923386109894702,0.9268149352395796,-0.12194492941266735,-0.5996166944819238,0.14617188770324335,-0.6160949069382448,-0.6095048222704046,-0.5989261676994617,-0.6911278938377882,0.02637030219843265,-0.364970249066944,-0.7801606898951908,-0.5595722241144849,-0.4574264737064512,0.32410882775231803,-0.5487372717106115
1013,222_0.mat,Ball,1,-1.2163603745644624,1.0993221185984685,-0.6688384722566311,-0.9682895587981799,-0.383975468866087,-0.6117189321859469,-0.7821817651743407,-0.9683688978259806,-1.216214948662431,0.04704118743016023,-0.4075291543848844,-0.7388906071847617,-0.3945862394710394,-0.2163796326003236,0.5691397010179029,-0.5666564911249687
1014,222_0.mat,Ball,1,-0.32502851590661813,1.2883596606264724,0.17250988373365359,-0.32119883706184527,0.30072162559260857,-0.5546551690941715,-0.5021081870496638,-0.3228536713152284,-0.3269242426123143,0.07846111566381898,-0.3375952048188492,-0.6976119148140804,-0.5846223040916995,-0.5224730762098632,0.3298195126628601,-0.5754451783495383
1015,222_0.mat,Ball,1,-0.5634819046219802,1.4198063429792787,-0.0764900401357719,-0.5038213264594464,0.08038365653559863,-0.5546551690941715,-0.5021081870496638,-0.5063597727593314,-0.5666012855163733,0.09739099611784237,-0.3550594054663319,-0.6770828003630063,-0.5196589968479801,-0.429529179672186,0.44177217204543473,-0.5540523421440962
1016,222_0.mat,Ball,1,-1.048532154300746,1.4369054066484788,-0.4765497629950718,-0.8538664388888241,-0.20069785693079295,-0.8662101974688059,-0.8309665112386643,-0.8563578511073483,-1.0518562856789442,0.12171962069541566,-0.39868646069580177,-0.7762191248704933,-0.6855193880664578,-0.6538979336986999,0.704225176058276,-0.5796257195116903
1017,222_0.mat,Ball,1,-0.46128799910330637,1.6317816533440146,0.032781369256514474,-0.426405446290383,0.220966419684452,-0.588106340561764,-0.49122813576913155,-0.4307612416575179,-0.4667459610547612,0.27049869971116025,-0.3364289731564994,-0.6892919581706721,-0.5766049838427507,-0.5127992947942632,0.7623826821660595,-0.5164522998832053
1018,222_0.mat,Ball,1,-0.6306790284602585,1.7912844490343098,-0.1747023667160161,-0.5540304786192429,0.011355496248815855,-0.588106340561764,-0.49122813576913155,-0.5598201573282179,-0.6382077964712993,0.21712521134277626,-0.34576007334641107,-0.6345267368296399,-0.5212884606452698,-0.44577556399817087,0.7327022329493013,-0.48275185648596164
1019,222_0.mat,Ball,1,-0.8552457588541236,1.8074356710367028,-0.27615490893150396,-0.7178226699765718,-0.012240553615216311,-0.6740299378608736,-0.6933865079493492,-0.7236872123876148,-0.8631661248255534,0.06519236082490183,-0.3832138435659692,-0.7888142102979586,-0.5679727014780065,-0.46764205303257356,0.4734853156793782,-0.569572118307052
1020,222_0.mat,Ball,1,-0.7198376707934186,1.9221245127203594,-0.1084460831681688,-0.6197975580329471,0.14945395978603285,-0.6740299378608736,-0.6933865079493492,-0.6268878844415774,-0.7292545414865939,0.16204607590363806,-0.378012113775984,-0.8316772798020265,-0.6124307394384583,-0.5230368797859933,0.6506044735899581,-0.5957620841263823
1021,222_0.mat,Ball,1,-0.2967142303337323,1.9564363810587757,0.23223018566440265,-0.2990525997729283,0.37214693151020545,-0.6606964688950344,-0.6235435981162532,-0.3066745765337602,-0.30622365596003864,0.21604797152605396,-0.3375152890603889,-0.7364728558914155,-0.6847277704856541,-0.6645345062202682,0.5845548529650667,-0.5826895360957737
1022,222_0.mat,Ball,1,-0.13109835173415257,1.9833171707294248,0.38730005141859114,-0.16755296103678172,0.511168200232958,-0.6606964688950344,-0.6235435981162532,-0.17553394028368213,-0.14084386669810642,0.21855597769533194,-0.3192917157397026,-0.7276356127242304,-0.719872400716324,-0.7212728349967787,0.5269806214941195,-0.5785238203388303
1023,222_0.mat,Ball,1,0.2380016155238892,2.1143847164155076,0.6650579050751904,0.13756963077471457,0.7265932930747574,-0.3985497022454077,-0.45016471642002476,0.12795537683025757,0.22675902021217795,0.6176248678502013,-0.2566854313793635,-0.632582860496221,-0.5814890129879213,-0.5379554402754568,1.0029008892850777,-0.5260999269932028
1024,222_0.mat,Ball,1,0.09720566671583467,2.1885817620931656,0.516903719939945,0.019214821431788577,0.6118237750133282,-0.3985497022454077,-0.45016471642002476,0.008784888528341122,0.08478814615959383,0.6496536305398184,-0.26931019392553823,-0.6187791410571607,-0.5462494674639968,-0.48872029351505286,1.134304537291318,-0.5077911211565759
1025,222_0.mat,Ball,1,0.802581010838075,2.284654993440732,0.9107578893883022,0.6364882494653481,0.8995246911720378,1.0792049902346996,1.0067092469829,0.6245582678636045,0.7894604104904235,0.6068977949168862,0.08262025404406559,-0.30041897404823104,0.43633310129419883,0.8474552986599087,0.7273620413861261,-0.03626462246898518
1026,222_0.mat,Ball,1,1.240920442503397,2.3485774354502014,1.341479567887116,1.0507024525133721,1.2785592723598567,1.0792049902346996,1.0067092469829,1.0377445196385773,1.2272625456314945,0.826708912378566,0.17334446360907416,-0.32620061541541084,0.28610786076140027,0.639864039779948,0.7916142143407758,-0.1241318277797219
1027,222_0.mat,Ball,1,0.2999053028112726,2.2785888067731666,0.8084848775740141,0.19037310957542594,0.9526382884250421,0.19504461497363262,0.05137055067291194,0.17875015559375856,0.28639541679678626,0.4795401529837795,-0.2335639207378435,-0.7260587218637343,-0.1767502224061544,0.11442467488840509,0.770614387139936,-0.4880833800861635
1028,222_0.mat,Ball,1,0.9612878981052949,2.2920102447751542,1.4431318886334459,0.7837493661353809,1.474986792705288,-0.05223169175739312,-0.0405834311173957,0.7716506733421856,0.9481888847976582,0.5785027381980554,-0.12892670400998832,-0.7121627253002039,-0.5101055536353823,-0.4033835889993386,0.6360137457549834,-0.5050891610495452
1029,222_0.mat,Ball,1,0.6972942838262002,2.4138647694598725,1.0643309039821778,0.5404925270419916,1.0608592477112728,-0.05223169175739312,-0.0405834311173957,0.5269447766924497,0.6822415552160916,0.7468411622112212,-0.15165852823106785,-0.5834450055701328,-0.42312989320690747,-0.31374886592917706,0.9429133380234551,-0.45229435181677513
1030,222_0.mat,Ball,1,-0.6164210416432082,2.477294333802603,-0.1264233922056793,-0.5434231319300838,0.06291287944594638,-0.6491055355909027,-0.5733549744673451,-0.5572617501522221,-0.6347617285800798,0.45960315622127074,-0.3529736599282216,-0.6791857139196619,-0.5865283609823533,-0.5311616988109068,1.268621402040024,-0.5169085374521535
1031,222_0.mat,Ball,1,-1.1518134525096846,2.468574190467978,-0.5572706387613737,-0.9246895159965384,-0.25431835924582724,-0.9597892961346831,-0.9309927891403347,-0.938212261619904,-1.1714842032568695,0.2413961277578644,-0.4067741980265331,-0.8052909179865522,-0.7501507684467674,-0.74569560739896,1.1182399904264542,-0.5806905172320264
1032,222_0.mat,Ball,1,-0.9294517869611177,2.524307280476235,-0.4415450662616832,-0.7705920224747899,-0.18543014588339513,-0.45998944008948073,-0.5063198198034188,-0.7849588379267097,-0.9495400476434334,0.14734018218885286,-0.37077116864495574,-0.6654055887897566,-0.3287612278127927,-0.14175456633988404,0.7205429906365437,-0.46364689380718827
1033,222_0.mat,Ball,1,-0.7794048496989409,2.442944551797514,-0.2789557016438364,-0.6631956012927221,-0.06284173699146343,-0.45998944008948073,-0.5063198198034188,-0.6765080061768896,-0.7975192388471151,0.26041470740731865,-0.3642381072540167,-0.6874697735186358,-0.3798520082280868,-0.21199501660675185,0.9190505767791871,-0.49975007796116105
1034,222_0.mat,Ball,1,-1.0289234994851706,2.4592853421332683,-0.4884009508609859,-0.8402730022789189,-0.23724648531231282,-0.5887622458846579,-0.6523230886002425,-0.8537137361847823,-1.0480341947849405,0.29882068917452237,-0.3936662537533194,-0.7339611451205029,-0.43043593123255675,-0.27338268892337425,1.1875002396883638,-0.5510921336332536
1035,222_0.mat,Ball,1,-1.060676345392281,2.5754528168171444,-0.5106690348485973,-0.8622616814031505,-0.22569671857249426,-0.5887622458846579,-0.6523230886002425,-0.877297405593269,-1.082216413350259,0.21989898930712673,-0.3919128821843306,-0.7461204242334555,-0.4235542693964337,-0.2585182119344392,0.9938032002132872,-0.5253584162757364
1036,222_0.mat,Ball,1,-0.7590833837118961,2.6128736058226885,-0.3054785784062714,-0.6484389858550584,-0.10966411126252647,-0.700706693591566,-0.7004058958722735,-0.6641186611222248,-0.7804009154496631,0.17020508917400567,-0.36198830047886427,-0.6259828196413646,-0.5833919198410104,-0.5428869546181552,0.6937576067427852,-0.496145423841421
1037,222_0.mat,Ball,1,-0.8154697647217863,2.4864315274706237,-0.3429233284606219,-0.6892602448140114,-0.12042014548594122,-0.700706693591566,-0.7004058958722735,-0.7031479186263371,-0.8344967048901388,0.14570248018977724,-0.36864075168144794,-0.649021533779007,-0.5731598996724113,-0.5201649014865872,0.6602051213590479,-0.5056969476680827
1038,222_0.mat,Ball,1,-1.1295423023309905,2.5275678558100507,-0.5723363634710729,-0.9095277293807876,-0.26414426182329726,-0.6725027647071258,-0.5838840563517315,-0.9238678459362566,-1.1503339217920945,0.2816665923785229,-0.3949116105549346,-0.7544341265350316,-0.4814204382821842,-0.3450187639148947,1.2191385692820673,-0.5129531808931013
1039,222_0.mat,Ball,1,-0.8523475777434221,2.663298782496825,-0.42653951469773327,-0.7157480669068528,-0.22304032496264925,-0.6725027647071258,-0.5838840563517315,-0.7321235936014866,-0.874982776944186,0.37188288260878266,-0.36179683706636145,-0.5838794537450543,-0.5244870085565491,-0.46678137987661567,1.245528300557755,-0.45093382325217823
1040,222_0.mat,Ball,1,-0.6403216559529449,2.5186581441420643,-0.15735141973652772,-0.5611901129684362,0.029003175915288677,-0.7597381726520237,-0.6740831911613077,-0.5755871107135624,-0.6594886099932997,0.31444096192496007,-0.35584039580693605,-0.6692911166097563,-0.6732062642388943,-0.6667006304018148,0.9616063550156818,-0.5194858848132773
1041,222_0.mat,Ball,1,-1.019547866197039,2.559301594814752,-0.4460978892702167,-0.8337568710060045,-0.19613255337949342,-0.9324566350810967,-0.863606665080262,-0.8485795797215014,-1.040620098235429,0.25939243206081647,-0.3964913367569535,-0.7787047916034503,-0.7531520015994942,-0.7580005827752039,1.0742345002889624,-0.5711293916548689
1042,222_0.mat,Ball,1,-0.33177502209184634,2.652720869495258,0.13526162749043072,-0.32646122027377367,0.2771470980913079,-0.5749882341038848,-0.6386352821505404,-0.34288387677592047,-0.3526457028555582,0.707030435833355,-0.32603662467288475,-0.6598756829360468,-0.5918455936437395,-0.5452890511332867,1.5529226096430258,-0.5223319085550312
1043,222_0.mat,Ball,1,4.219758593722893,2.5668843281492073,3.7785686346086993,4.48738211447117,3.2163652863822834,2.636324226784977,2.580456019302513,4.469697402188063,4.204330000346364,3.212415055639186,2.487852589214268,-0.05197933968154304,0.484965907864657,0.803191981430048,1.0570711799240704,0.1311752730634406
1044,222_0.mat,Ball,1,6.001398938659856,2.4933697284716505,5.154902307409437,7.060940858887975,4.272347644964403,2.636324226784977,2.9451132218984255,7.042945294061167,5.986244723265737,3.5244381067789194,4.823715162996137,0.11626822310430995,0.16209955967919903,0.2815485218035057,0.6535490705778992,0.09668255100776818
1045,222_0.mat,Ball,1,5.413334755200126,2.5255205178097464,4.783037011178508,6.16861397850094,3.971380616219669,2.563734098451706,2.733829645418407,6.150637267958446,5.398101722921377,3.334870586957685,3.421690523854426,0.0017058370912730611,0.20736211627561513,0.3891548686239534,0.7397478054739329,-0.041109508288089285
1046,222_0.mat,Ball,1,7.539668362723988,2.5089901591406307,6.415333023251391,9.594905350396134,5.1825049132582075,3.8490931688159207,3.8913267139086116,9.575383105439895,7.523605884084213,5.174841304670977,7.362936995777745,0.1820496048638165,0.42111516029283597,0.6130395631483625,0.6732124485220724,0.014951805513776728
1047,222_0.mat,Ball,1,6.343024606493478,2.4743749814688365,5.048997280675515,7.59872337806669,3.9596475065847065,3.8490931688159207,3.8913267139086116,7.580708521753657,6.3278827421888675,3.6400332008655103,6.368098093915237,0.4258829348626431,0.7368413698432047,0.9368071972656898,0.6097383035226069,0.29811471328540956
1048,222_0.mat,Ball,1,1.0874794541080193,2.6344464821592166,1.2685575514962182,0.9030362104381199,1.1778828058317965,0.19701233094231405,0.25844249439917616,0.8862422924349346,1.0695990007860894,1.0071256103501067,-0.00668751049185983,-0.4025762172146328,-0.29899494248465486,-0.18988010712816836,1.0469855287332794,-0.33979554624568076
1049,222_0.mat,Ball,1,-1.1475332128066444,2.566012313815746,-0.5658269590947971,-0.9217803118889808,-0.2592948370492016,-1.0944652498359064,-1.0211919239499112,-0.9366519077604878,-1.1691796025853785,0.1477893834396372,-0.4038715780385519,-0.7877836304137767,-0.8720113317882761,-0.939884035316334,0.8428386458387852,-0.5626754931383752
1050,222_0.mat,Ball,1,-1.054993852680036,2.3608614634520215,-0.6203452326625616,-0.8583356343306296,-0.3867983455354705,-0.7979960438878334,-0.720762120848754,-0.8704639775190378,-1.0722906688854008,0.11565105850799795,-0.3829081611989181,-0.5855968458793741,-0.5834684491479742,-0.5553945810260001,0.6978770941093507,-0.4748940235820799
1051,222_0.mat,Ball,1,-0.6884672768600335,2.4766118878025023,-0.29350152300035676,-0.5967682020135315,-0.12455005444077864,-0.41363552467196885,-0.3999760927711167,-0.6105699130557248,-0.7069750259939229,0.46601738193537645,-0.341097982790632,-0.5507746112915324,-0.3347211898390028,-0.19164919443884987,1.3391279055385878,-0.4290016572057542
1052,222_0.mat,Ball,1,-0.7013899076374959,2.4272482937951896,-0.20860842167672924,-0.606269411477109,0.02544561870941084,-0.41363552467196885,-0.3999760927711167,-0.6194013325456664,-0.7190225800053756,0.49265688751055214,-0.34847347446047505,-0.6799716698602721,-0.3609905989721198,-0.1857855657782115,1.4103782821941069,-0.45836163166764504
1053,222_0.mat,Ball,1,-1.1203800550179244,2.3602169311185928,-0.4984878680012088,-0.9032726487764523,-0.15693438193176457,-0.9132200182092115,-0.8730828387762097,-0.9153693662068998,-1.1378411768405754,0.16412532971734667,-0.4025398879845685,-0.8426533410963689,-0.7225311026014464,-0.6916663722474153,0.8713354105426477,-0.567516125864758
1054,222_0.mat,Ball,1,-1.0327888354050012,2.350738514450522,-0.5377034582206737,-0.8429563116687173,-0.2758925325234912,-0.6495460784058368,-0.5589652292253501,-0.85496161626778,-1.0498376940828358,0.32567202715420085,-0.3832564917248623,-0.6714281423233935,-0.47082112867400183,-0.35671622839943706,1.2625202690292896,-0.4878144277716593
1055,222_0.mat,Ball,1,-1.0723080786046386,2.265546505437902,-0.6430142213858965,-0.8702857701652864,-0.4212421908710058,-0.6495460784058368,-0.5589652292253501,-0.8811967370828772,-1.0878881661710127,0.4576833257921354,-0.3807463363717438,-0.5770235505560483,-0.43826621903788954,-0.33876174214652877,1.6630518077206236,-0.4539082655468427
1056,222_0.mat,Ball,1,-1.1956269343770567,2.27100607343871,-0.6823026744052798,-0.9543400598377142,-0.4077143262368142,-0.7376527541815885,-0.8485149810459748,-0.9652755334066206,-1.2116098454698008,0.34861981951122445,-0.40196536190151,-0.6911967711238558,-0.5086946684377381,-0.4081263056736503,1.4694167786108296,-0.5311263138400274
1057,222_0.mat,Ball,1,-0.910653759371754,2.33045470278085,-0.5482969900936651,-0.7572880017741377,-0.3610317084872456,-0.5107095124602761,-0.5673884947328597,-0.7690768633959602,-0.9270273534953803,0.29860425222137427,-0.36246648030636663,-0.4917164369499546,-0.3401429003483621,-0.22029691640003374,1.0980856103969359,-0.42869717919891587
1058,222_0.mat,Ball,1,-1.0369654192879139,2.4433236884642375,-0.6797512305025971,-0.845853637163162,-0.4829916951257188,-0.5107095124602761,-0.5673884947328597,-0.8590765513284536,-1.0557888885281044,0.29222707989037094,-0.37249487925196895,-0.47522889419770553,-0.29604015116252147,-0.16023226131078064,1.175316829857167,-0.42008900779792385
1059,222_0.mat,Ball,1,-1.134193724779658,2.384102541122131,-0.6009743961914292,-0.9126993379179877,-0.33522317917586053,-0.9685314278402647,-0.9225695236328253,-0.9251024251634264,-1.152151090054991,0.3390548607904684,-0.4037037577472846,-0.7210799201535446,-0.7470811319769851,-0.7650277822810995,1.3868382929676868,-0.5688945494996341
1060,222_0.mat,Ball,1,-0.997896376684516,2.13417565041844,-0.37469363029038905,-0.8186678976615351,-0.10134706435484382,-0.9685314278402647,-0.9225695236328253,-0.8280179797143431,-1.0110244645477802,0.389048713889822,-0.40427070046478036,-0.8450886226345605,-0.8027514903804853,-0.8164071220358003,1.4019327090761986,-0.6287386052591919
1061,222_0.mat,Ball,1,-0.9922367822027702,2.13318989508496,-0.5261128209975919,-0.8147142713435372,-0.3020392265456545,-0.8491566590735629,-0.7649842647631767,-0.8240548458826161,-1.005337748071217,0.29293947929069464,-0.3851863213484772,-0.6328845656856588,-0.6568483557863779,-0.6524759135610044,1.139529709933091,-0.5198162330715753
1062,222_0.mat,Ball,1,-0.731341511788699,2.1724684537574457,-0.40254389086751086,-0.6282125281107229,-0.25966452001094553,-0.8338554741390417,-0.7379596212599183,-0.6381142098078809,-0.7446306364584271,0.059139533483297535,-0.3509343919301408,-0.4574249424679714,-0.6756813845742019,-0.7309998209820364,0.41662659980745037,-0.4581830580812318
1063,222_0.mat,Ball,1,-0.7362717499687649,2.0309746497364847,-0.2966231892428289,-0.6318140096476977,-0.11970675931120284,-0.8338554741390417,-0.827456817277202,-0.6400801145589052,-0.7473273164646037,0.1709876766394364,-0.36594746996518285,-0.6083332682014099,-0.7026984666483009,-0.729194577109999,0.6798549215033807,-0.5300773914904392
1064,222_0.mat,Ball,1,0.22352398714616264,2.1439573764198885,0.3880173470322586,0.1252878476972257,0.39327322579919133,-0.1801332297217167,-0.16307175037242377,0.11533404553051436,0.21186095157827678,0.6841175525888301,-0.18323147621228594,-0.3188766641384435,-0.3428461999183071,-0.28247450816533665,1.110677233546993,-0.32365740249614583
1065,222_0.mat,Ball,1,2.60842815612748,2.2422296004344466,2.5438518272466784,2.4937937855855012,2.143917529018997,0.6635763780278843,0.687327096489847,2.4814296239162137,2.5964875315561486,0.831947855771152,0.4478854239041439,-0.25995066351189805,-0.29825494567079236,-0.23704189503377396,0.39686845144517163,-0.3874789476957644
1066,222_0.mat,Ball,1,6.62457178931682,2.153473706754631,5.599219137215337,8.052648547701999,4.544696621829847,4.135723794920584,4.383034837909455,8.038477686076034,6.611794761060403,2.473196931755799,7.424118931331384,0.19278976768099954,0.7252788611000419,1.0263795709835084,0.3107649415079987,0.3834896269407456
1067,222_0.mat,Ball,1,6.379612159692529,1.9897245803970396,5.2767699754546085,7.657164288675443,4.270506286930354,4.135723794920584,4.383034837909455,7.645061801737385,6.368167734812472,3.003577061372226,7.347271183136893,0.27409232047469406,0.8069389320410562,1.1002047956876995,0.4606432972008733,0.48573645637553514
1068,222_0.mat,Ball,1,2.276528037012611,1.985137026729694,2.456933605071412,2.122553410558325,2.219058204708963,0.6294693012373982,0.7262846994620765,2.113366793186875,2.2672840243805674,1.3386130424843288,0.323928709819073,-0.46795206514065424,-0.29967026896294274,-0.1681910149258061,0.8190688675397321,-0.38492782753025373
1069,222_0.mat,Ball,1,-0.03780659235698876,2.0994846454133005,0.23710253452903182,-0.09200352226118962,0.2573676887911848,-0.0815320687796619,0.07277968383783051,-0.10132643972764317,-0.04908307473918634,0.4265330107131292,-0.25386820756604495,-0.4361341614598132,-0.22040048641902132,-0.06172255869879893,0.8447504484126528,-0.40535669472311153
1070,222_0.mat,Ball,1,-1.1846893754293477,1.938389475722769,-0.7688320825327538,-0.9469600890645569,-0.5458749102785725,-0.7256310958615371,-0.6919826303647645,-0.9540535002468348,-1.1949358936147982,0.13332752873832712,-0.3952537221973479,-0.551021449804692,-0.47043302457124553,-0.395794563048314,0.8154500503397918,-0.49399896001066435
1071,222_0.mat,Ball,1,-1.1749343541780226,1.8593394807110584,-0.6672299310314754,-0.9403656894347817,-0.38868126837576106,-0.7256310958615371,-0.6919826303647645,-0.9466378280108056,-1.1839451720195653,0.10501984556753194,-0.39712524630302093,-0.6839520419917561,-0.5019896520554903,-0.40023978336281324,0.7256287331949054,-0.5116625481209512
1072,222_0.mat,Ball,1,-0.7491395833495207,1.8854240833815894,-0.35948381754340425,-0.6411998223003537,-0.1589128250494548,-0.3500127083512542,-0.35610491825283985,-0.6478952011817231,-0.7580595643333169,0.44479214423353547,-0.3408495044535161,-0.5400814525356883,-0.25728693622730553,-0.07902646203603415,1.3305640910163385,-0.40230941024839995
1073,222_0.mat,Ball,1,-0.3555699757833683,1.782071428032945,0.0034436624535356436,-0.34497727450528914,0.16057983976421983,-0.3500127083512542,-0.35610491825283985,-0.35078475915712215,-0.3628201985334929,0.6982703377821866,-0.3003812078899049,-0.5225126460712898,-0.37029810898843635,-0.25486625324749934,1.5446193656164575,-0.4208813545253256
1074,222_0.mat,Ball,1,-0.9453162384956478,1.7626975443634085,-0.43197626517052773,-0.7817862586238992,-0.17493959372413995,-0.685836233672965,-0.6986510488915427,-0.7871789022335665,-0.9526940118682594,0.2807334136560757,-0.38252540028045395,-0.6994143050543449,-0.5349092262915631,-0.4456393596192349,1.0697366927411598,-0.5280373187964901
1075,222_0.mat,Ball,1,-0.9608876383325399,1.8436811363754053,-0.3670570698549458,-0.7927438115762959,-0.09187157741859396,-0.9239298658834748,-0.8815061042837183,-0.7989331031574353,-0.9694216955491293,0.14583887354107353,-0.39576310876704357,-0.806708979210067,-0.7649085252611728,-0.7682494757799759,0.7267927368068791,-0.5957341836605473
1076,222_0.mat,Ball,1,-0.4985829618658754,1.9259158793875877,-0.04886986927470536,-0.4548056877524047,0.12808359314716394,-0.5428488732820803,-0.5733549744673451,-0.4620215226479554,-0.5078412866113071,0.35528173163584686,-0.33844563844851405,-0.6318097746139127,-0.5171908220521564,-0.44041728716890816,0.9594400643031045,-0.5075847526519568
1077,222_0.mat,Ball,1,-0.660751197026776,1.7982984773686825,-0.30288861631639896,-0.5763214843537072,-0.13140446889598234,-0.5428488732820803,-0.5631768619791049,-0.5821687870426178,-0.6683941730209112,0.37172105894963153,-0.33905981852649275,-0.5022524710927049,-0.4453430668102261,-0.37399321144593256,1.0961389536490567,-0.4381087339279408
1078,222_0.mat,Ball,1,-1.3605656246508897,1.6993817210206954,-0.9006254169691106,-1.0638582412003197,-0.6426450577398826,-0.8135224091293286,-0.7435751315982576,-1.0685026265209634,-1.3674315164099495,0.10397142790798834,-0.4064645764892972,-0.6063573449983983,-0.5138421827878699,-0.44351023018245805,0.8270293890062221,-0.48835314536368757
1079,222_0.mat,Ball,1,-0.877490643921947,1.7190589140236106,-0.4436111011654769,-0.7337120466445141,-0.2738430703595801,-0.9033814383658023,-0.8544814607804607,-0.7387121739196816,-0.8842279496181484,0.1744984441799845,-0.37942343881207186,-0.5936952262589066,-0.7275729370608158,-0.7709782092820392,0.7563183789820176,-0.5406946482114804
1080,222_0.mat,Ball,1,-0.45142645139141524,1.622379064009288,0.04207917617407538,-0.41886743764737594,0.23817606177342687,-0.5301713096391348,-0.5442245145872092,-0.42314307356560027,-0.4567719679109491,0.27696821598702875,-0.3385637654375334,-0.6888876609915219,-0.5309486615771758,-0.442979187666751,0.7706628617190476,-0.5291551313366014
1081,222_0.mat,Ball,1,-0.9931413972598778,1.6301513656771063,-0.4724445795060397,-0.8153464715770299,-0.19132532699239965,-0.5301713096391348,-0.5442245145872092,-0.8194862660929215,-0.9987893118051364,0.3363881867811742,-0.37994888588910164,-0.7079435677793453,-0.3822729779930696,-0.20844166172450315,1.2507109269048289,-0.4924193231479805
1082,222_0.mat,Ball,1,-1.0692278309710523,1.706016612688345,-0.5671982421982302,-0.8681624868601617,-0.3128335059082771,-0.7787594270159485,-0.7067233450029053,-0.872970274788414,-1.0759291015560446,0.29803586370505897,-0.3924611955312452,-0.6797466297483232,-0.5808617576294496,-0.5223155054612741,1.206897469390362,-0.531546229641942
1083,222_0.mat,Ball,1,-0.6174193956205746,1.6398572643452107,-0.03227324827508473,-0.5441666742135078,0.18402351613654097,-0.7787594270159485,-0.7067233450029053,-0.548534080069048,-0.623020621959586,0.1652837555400207,-0.3716763800531686,-0.7998069431938278,-0.7197327535618017,-0.6999904415854803,0.6110363482930043,-0.605784132407202
1084,222_0.mat,Ball,1,-0.6605704181783181,1.5731671246686643,-0.09542817286497735,-0.5761878120504139,0.13210799585351293,-0.5373862681909687,-0.4842087478462072,-0.5799499341539563,-0.665390409743409,0.24557699384530024,-0.3667340573253078,-0.7740282237300667,-0.4998449791160957,-0.36688880218506653,0.8101653156756294,-0.5672418584937243
1085,222_0.mat,Ball,1,-0.8726472445485259,1.59401964133842,-0.40137463241832205,-0.7302575863109849,-0.17166833257324673,-0.5373862681909687,-0.4842087478462072,-0.7341213828918828,-0.8777845475901627,0.44646081516084757,-0.3728733168351509,-0.645006447680584,-0.4108686548750641,-0.2742007015197257,1.4346223531560818,-0.5085520065106077
1086,222_0.mat,Ball,1,0.1347748712052486,1.590342015671209,0.3432788549196704,0.050559063870272224,0.3547745556806836,-0.23042257707659208,-0.20553904730611555,0.04632314104686172,0.12982678247029425,0.2982134442276312,-0.2140926366146879,-0.36617920744273724,-0.36999757754539914,-0.3067252721810726,0.5612552901195396,-0.36953202333241025
1087,222_0.mat,Ball,1,0.2650246141833766,1.7195517916903498,0.4351885743185833,0.16056251180242195,0.38945728387360656,-0.23042257707659208,-0.1251670555886324,0.1550946799056104,0.2586859157613651,0.24299295214867464,-0.1833276353138416,-0.32941873959459017,-0.395123390972374,-0.35549310814273327,0.43563000847737054,-0.3461994704405016
1088,222_0.mat,Ball,1,-0.5836749968847225,1.6837233766850423,-0.13779782729935994,-0.5189674216399909,0.009504772172026601,-0.307378862363146,-0.25467476276658474,-0.5237484136118868,-0.5898001045470115,0.2641706844981935,-0.343236397365098,-0.623328012284868,-0.291531524428001,-0.10036625881132293,0.8114164134871126,-0.4928883314853334
1089,222_0.mat,Ball,1,-0.950300946433344,1.5026856183248898,-0.40443881126851644,-0.7852972079512277,-0.15586642580405297,-0.7966842332420453,-0.7579648768402522,-0.7883554224053579,-0.9543661528242839,0.10480914661089032,-0.392874347381386,-0.7430935367429495,-0.6419306131499324,-0.5965315487512312,0.612084235995806,-0.585408177486094
1090,222_0.mat,Ball,1,-0.9297537653361706,1.4582508009849737,-0.47531376196070957,-0.7708053907971274,-0.2586128194272828,-0.8583393335940782,-0.7646332953670303,-0.7735096115690471,-0.9333019325038634,0.284151505538325,-0.37813039850357744,-0.6195113615077732,-0.6787109863055205,-0.6896004666718712,1.0652279626378793,-0.5121799418086503
1091,222_0.mat,Ball,1,-0.9464715370016495,1.4280336086471643,-0.5908879282758864,-0.7826002564846698,-0.41171610053574326,-0.783566126784166,-0.7246227842063622,-0.7850587315400758,-0.9496819256877056,0.23850249810350085,-0.36576071897862145,-0.47950788327101546,-0.5785314476416465,-0.5799758518023185,0.9577858493075735,-0.4355370713156625
1092,222_0.mat,Ball,1,-0.9408561980695004,1.4885438206561281,-0.5063678067731185,-0.7786422826200791,-0.2842266742521714,-0.6209016067064623,-0.6446017618850259,-0.7815877170274858,-0.9447541237678574,0.24469137755542533,-0.37235699383874227,-0.5913287053963516,-0.45417101211344724,-0.35805152486331493,0.970731446900755,-0.4748058163114496
1093,222_0.mat,Ball,1,-0.7154108086252257,1.323619370631696,-0.22553293487059384,-0.6165550349928421,-0.013928090750907392,-0.6209016067064623,-0.6930355385532031,-0.6183100145921121,-0.7175325236635748,0.2185994818169834,-0.36323819933192925,-0.6756984695803832,-0.5355815558778977,-0.45433145316853435,0.7759489547517554,-0.5295950750279489
1094,222_0.mat,Ball,1,-0.6776470834521526,1.391067783641688,-0.2594098765785749,-0.5887970917706196,-0.07159537322135849,-0.6561051316347766,-0.6158222714010366,-0.5910695751710638,-0.6804586430966829,0.2868393149481636,-0.3489331179817333,-0.5825583565633067,-0.5568897133202076,-0.5161606604307444,0.91177204523218,-0.47831798935823155
1095,222_0.mat,Ball,1,-1.0817227752290617,1.4266687166469618,-0.65046489087715,-0.8767683445414113,-0.4198269671849617,-0.6561051316347766,-0.6158222714010366,-0.8791673540847039,-1.0849356226336444,0.28622728373623163,-0.38208842196889864,-0.5793161824512433,-0.4420501896897012,-0.3437137343043894,1.1809511857145518,-0.46365382906192254
1096,222_0.mat,Ball,1,-1.2432499232868828,1.2503322529541725,-0.7440044973820432,-0.986302677464469,-0.5048195325366109,-0.8491566590735629,-0.8994055434871756,-0.9873478323457253,-1.2445540325596474,0.1537416600413544,-0.40839192228854715,-0.6693377222258249,-0.5958285092090395,-0.5484433996824153,0.9071364802315462,-0.5601860443662066
1097,222_0.mat,Ball,1,-0.33582684474304353,1.2319062109514427,0.06134937467198479,-0.3296190344224221,0.15834161077741835,-0.8045550971167729,-0.7263776311870931,-0.33087852343556146,-0.3372167429405674,0.2158344484970116,-0.3274502932218089,-0.5722792489296052,-0.7628707881688845,-0.8301736375950008,0.5964837246671637,-0.5337750431452859
1098,222_0.mat,Ball,1,-0.6369192104427022,1.3418937579677364,-0.2169424196660036,-0.558665099955621,-0.07656296695408671,-0.8045550971167729,-0.7263776311870931,-0.5605839054294998,-0.639236913055531,0.14795139820709663,-0.3548225445960277,-0.5869035915041885,-0.6970020567480772,-0.7266433557150008,0.5794991700304567,-0.5233912660453766
1099,222_0.mat,Ball,1,-1.340074263388521,1.2326265706182167,-0.7867517640310403,-1.0504329197928095,-0.5198745059840636,-1.0151007057657364,-0.9573154938513003,-1.0513240557211263,-1.3411861836719112,0.14430540441000866,-0.4196976776729955,-0.7440260083048752,-0.742492565868071,-0.7514309056284262,0.94084853407992,-0.5996052386976894
1100,222_0.mat,Ball,1,-0.7300132271918508,0.9993058659169851,-0.23907836615731032,-0.6272417238920317,-0.025343371926026,-0.45670991347501094,-0.5456283921717945,-0.6269207219825711,-0.7292994595700351,0.21796265350572047,-0.36264945238972857,-0.6765858345681717,-0.38909635546545995,-0.22998478907186162,0.7805803094571149,-0.5217740182598415
1101,222_0.mat,Ball,1,-0.11583560791456282,1.1108478732668423,0.28590051394318444,-0.1552656486912795,0.39427950968136305,-0.45670991347501094,-0.4431453284971007,-0.15583597940665092,-0.11636181629520422,0.1815384982062404,-0.2976744541345721,-0.5883561961751762,-0.5344068032507228,-0.48036347480681607,0.45410712373212625,-0.5167145196857559
1102,222_0.mat,Ball,1,0.9409684462266905,1.0085568005850218,1.202004585388702,0.7647235650197495,1.1436319273515925,0.1506584155248024,0.05242345886135007,0.7642727597839952,0.9403058682673323,-0.3028404215620008,-0.08415498507171736,-0.4802565969447465,-0.3143782733186862,-0.18581339356979779,-0.3388892390211947,-0.4219688403104562
1103,222_0.mat,Ball,1,2.9506761833862747,0.9185876695716936,3.0796931466065307,2.8907023317414473,2.7503826882547835,0.8719389082002056,0.9305488880191712,2.8896273371149905,2.948462508519144,0.25018841962645144,0.5682267915515464,-0.4538269655346552,-0.29117827222511206,-0.1605026471049501,0.007548568460877543,-0.4092294195551938
1104,222_0.mat,Ball,1,4.571682718518765,1.1350367926037583,4.788922439767111,4.964997767895751,4.2784171627484024,0.8719389082002056,0.9305488880191712,4.961626894842208,4.566787184771082,-0.04250077761332537,1.1970167935784506,-0.5808412406915907,-0.5834485094086945,-0.556815087667573,-0.1916871813611368,-0.5175077046533526
1105,222_0.mat,Ball,1,8.640273086937162,1.1533870072731427,7.5552204696262715,11.585322932193602,6.3474572770072495,4.139874589365908,4.359168918971513,11.578408693546262,8.630779891025558,-0.8510307523280077,11.45176969267544,0.07203636845877996,0.31432207435054194,0.5104913768982067,-0.3414239305419042,0.1636172585105749
1106,222_0.mat,Ball,1,10.826610830302288,1.001125721917253,9.160899985627603,15.978236904000784,7.319914275080541,4.139874589365908,4.359168918971513,15.969949708336019,10.81497765956189,0.26107174371922515,15.949593291647435,0.2563903497877565,0.054740937167387774,0.08294418277242796,-0.2108194661502899,-0.0906068108490199
1107,222_0.mat,Ball,1,8.489890844705927,0.8981522032353322,6.996543379950928,11.304631474575604,5.498335425407595,2.535530169567265,2.8103409737782803,11.299301878445792,8.481345611744631,0.023182029869331506,8.604833759061812,0.34558908829341917,-0.2025862129936075,-0.2951548650002418,-0.22033801739948908,-0.1115866755020821
1108,222_0.mat,Ball,1,4.453819840723918,0.8643332125636565,3.6913144629787706,4.80335441147008,3.0392677010043148,2.535530169567265,2.8103409737782803,4.801555002802365,4.450138218297733,-0.05251832910162114,3.434120727728067,0.20088129781714062,0.4561743156638076,0.6533532043986515,-0.19322776572900344,0.39574393939952024
1109,222_0.mat,Ball,1,0.7132140458885206,0.7577958092145409,1.0486501591945818,0.5549205484848309,1.0562844323928515,-0.13028442518177488,-0.033564043194471635,0.5557961446386306,0.7140933529957577,0.3980861973962117,-0.14671937774230365,-0.5496899327077064,-0.4749039058663634,-0.4029534582645455,0.5041627993425993,-0.45437820087185626
1110,222_0.mat,Ball,1,-0.7772399405120712,0.7260241565431678,-0.2929722147127232,-0.6616259340580469,-0.04956928071566143,-0.4009579610290234,-0.49122813576913155,-0.6599907680197263,-0.7747083989978415,-0.061219803731390285,-0.36347791566477283,-0.6661180963900966,-0.3237633638781956,-0.13386216289725644,0.1407120579576846,-0.5060886404716564
1111,222_0.mat,Ball,1,-0.7766727933164497,0.8066286118884416,-0.3103721330047791,-0.6612146293799904,-0.08052592657581494,-0.26605682702082606,-0.41155808284394113,-0.6599194057449654,-0.7746100358763551,-0.05635732313391073,-0.35477572136925956,-0.6422139658812496,-0.19952313558777363,0.04666338477377155,0.1522543644545947,-0.46293489291406836
1112,222_0.mat,Ball,1,-0.5957168004880921,0.6992191942058631,-0.21125064939349544,-0.5279758243996872,-0.038186418262342044,-0.26605682702082606,-0.3339938462956285,-0.5263047877879912,-0.5932180856804058,-0.05753340123883104,-0.3238852042285276,-0.5419701760097013,-0.2324979189765512,-0.04107620616303597,0.11440771894174213,-0.4062475646353165
1113,222_0.mat,Ball,1,-0.7453365420404066,0.6200554581941359,-0.28579314795591804,-0.6384279853463639,-0.07543496973720461,-0.6491055355909027,-0.538959973645016,-0.6364124688470554,-0.7422973018793678,-0.1389955350536738,-0.3538235074965885,-0.6344920253739632,-0.5434963949702968,-0.4795697587442315,-0.04766758034671773,-0.4733150932768767
1114,222_0.mat,Ball,1,-1.0112507970305131,0.6650210668674639,-0.412375937949582,-0.8279813925198541,-0.1273845196783204,-0.6491055355909027,-0.5775666072210994,-0.8260266876923662,-1.0081664416587754,-0.09907612384940856,-0.3933749592741372,-0.8128071651886872,-0.5075887976610731,-0.3657819684492214,0.08997459641400435,-0.566282481065382
1115,222_0.mat,Ball,1,-1.187167248336647,0.6771534402025947,-0.6386905992386699,-0.9486332809276765,-0.3654898088016997,-0.7931893441196153,-0.7548061522749362,-0.9466608950251978,-1.1839793255505406,0.00588577604014396,-0.4044267167922159,-0.7409618345922293,-0.5736962536515913,-0.49192879826915764,0.4334628112616929,-0.5599055834804612
1116,222_0.mat,Ball,1,-0.771173409088718,0.6490973268651049,-0.3912070851062725,-0.6572243456075179,-0.20435820368598373,-0.5107095124602761,-0.409101297070918,-0.6553004949289821,-0.7682469687424879,-0.05132072906328233,-0.3389103717994058,-0.525477150361956,-0.3901668667927412,-0.2836567703572712,0.16288019327205122,-0.38750476545867274
1117,222_0.mat,Ball,1,-0.4251848300525957,0.6245292708614651,-0.03658239346403166,-0.39875089228967275,0.1000022759578778,-0.5107095124602761,-0.409101297070918,-0.3968747971753393,-0.4225020569346138,-0.17120827181157028,-0.31294769597358607,-0.5567511008245266,-0.4935109642251414,-0.4286900525234949,-0.14230576479224302,-0.4418806120017701
1118,222_0.mat,Ball,1,-0.5218412867357962,0.5401334488489625,-0.08467472832237766,-0.472430952409104,0.02806349977927047,-0.7638889670973472,-0.7161995186988531,-0.4702462490637805,-0.5186990503958343,-0.07573107616802308,-0.35416353679737433,-0.6147130523192593,-0.6946324048163363,-0.7151449081584257,0.06306273876936133,-0.5688711453357227
1119,222_0.mat,Ball,1,-0.5800000530810429,0.4649885615044971,-0.1145129296433799,-0.5162146895855021,0.04938636819062769,-0.6902122084252631,-0.5982738015937262,-0.5137994131670708,-0.5765160251910868,-0.07203353626464438,-0.35923195749001946,-0.6488779868089131,-0.6246396559880409,-0.5986681517985677,0.08014668005315649,-0.5682765054267107
1120,222_0.mat,Ball,1,-1.0720398161944598,0.4465625195017677,-0.5421198108222679,-0.8701008969894256,-0.26311921609603445,-0.6902122084252631,-0.5982738015937262,-0.8674561347646925,-1.0679272370041872,-0.2584118498035605,-0.39378382814521085,-0.7182746499488467,-0.5067728369270924,-0.39623796057453126,-0.34009043398989247,-0.5431550610371423
1121,222_0.mat,Ball,1,-1.0388702192759316,0.5663697061861829,-0.44633544687505916,-0.8471743026678469,-0.17701779454452055,-1.0039503152765388,-0.9931143722582139,-0.8448754489126677,-1.0352770879245845,-0.22235397865868614,-0.40356000729064345,-0.8040169440897624,-0.8175374766287004,-0.850881926740691,-0.2405171694083513,-0.6153541841766103
1122,222_0.mat,Ball,1,0.028413392208044695,0.4848553228407737,0.4983061690591537,-0.037732096046459225,0.584098750413703,-0.19369187899452978,-0.396115429413508,-0.0356165247474982,0.031126073950056652,-0.2648318188449461,-0.29310459443125914,-0.6750543634105459,-0.38362580120928147,-0.22215680628714443,-0.315620160951195,-0.557668406126473
1123,222_0.mat,Ball,1,-0.26006769641332667,0.3774459051581952,0.20239362190595075,-0.27024381351241034,0.3341334324405863,-0.19369187899452978,-0.396115429413508,-0.267752791038211,-0.25669698163609783,-0.3106958961803309,-0.31637979995338417,-0.6567456523248456,-0.3003700241147595,-0.10157469158563352,-0.40880913106895955,-0.5252035330309598
1124,222_0.mat,Ball,1,0.2399958200541262,0.41376719783024235,0.5583194196051787,0.13926337758857443,0.6482587572990905,0.07129387145463258,0.14192065487863456,0.14146319817306335,0.24266807999155524,-0.4029498974592471,-0.16443979687918256,-0.5063034612226951,-0.19696778444490498,-0.001033045256140185,-0.5145118141548579,-0.28890851517845795
1125,222_0.mat,Ball,1,3.068350389365094,0.464230288171051,3.1310860199874324,3.0304762555899933,2.7507002019426277,0.9670451800198316,0.8863267441047491,3.031057022336523,3.0674547028642336,0.002673935114485943,0.6191349452771666,-0.4024586625676345,-0.24916550028557546,-0.11633765138381004,-0.13338371943819496,-0.4109296481417762
1126,222_0.mat,Ball,1,4.788309892947901,0.5452517938497199,5.059754159679388,5.26651782475495,4.493429185075996,0.9670451800198316,0.8863267441047491,5.265715655547901,4.785122981146157,0.3870263703194056,1.208778006443431,-0.6243389078465418,-0.5782136976033235,-0.5355270940708312,-0.05499007659776311,-0.560872801801677
1127,222_0.mat,Ball,1,4.056366718112329,0.5520383401840586,4.356890100535292,4.2707771826420675,3.8909689803563503,0.3041402610819907,0.4402446416029142,4.270470107105374,4.054063179943695,-0.027428051032428104,0.7958402947097749,-0.6281882661487981,-0.7945906405212253,-0.8632221937519996,-0.1760681248546499,-0.5694741199906576
1128,222_0.mat,Ball,1,2.5870137286340125,0.4552068355030477,2.8405263084154857,2.469434955739244,2.571495811499726,0.10715330170584135,0.22299458538840947,2.4703290680625583,2.586729603562563,-0.13286916351543862,0.2811349789659099,-0.5467032863222238,-0.67632263631482,-0.7068646628058374,-0.1970975925499127,-0.5214458181193042
1129,222_0.mat,Ball,1,2.0062468069511676,0.2342459861369811,2.134024114137011,1.8301776092209199,1.8782881863942797,0.41083746620574746,0.27213030084887896,1.8318225857333021,2.0070677487442534,0.2618431274536762,0.2011211529089085,-0.40405113801829595,-0.36197704076844245,-0.2823963112214628,0.11128045868711471,-0.4187794222796009
1130,222_0.mat,Ball,1,1.0229991034872026,0.19849339846501796,1.2863099925830572,0.8418409100136995,1.1861752812249544,0.41083746620574746,0.27213030084887896,0.8440403811324264,1.025107902957377,0.07559755029058064,-0.05986261444325991,-0.4870970122038063,-0.15613366027838846,0.052771154450807246,0.06994072398763522,-0.4121112415195262
1131,222_0.mat,Ball,1,-0.4838871563040983,0.30931504614810224,0.01105618166006887,-0.4436350685169983,0.1804368927459865,-0.7383086595044823,-0.6793477321035009,-0.4409253090795192,-0.48007804197132525,-0.1981710357026638,-0.3485739103069581,-0.689697714740314,-0.6961929450219376,-0.6959047691505118,-0.1945539652751401,-0.5605698310215672
1132,222_0.mat,Ball,1,-1.3301787125097866,0.3541669138214136,-0.829274462212486,-1.0439312857863432,-0.5499660099628736,-0.9361767045105003,-0.8615008487033842,-1.0409927258626874,-1.325463735652931,-0.16358244918105833,-0.41078416707153764,-0.6683392704438655,-0.6547418700602344,-0.6387680868245825,-0.05063397609934619,-0.5407713469764723
1133,222_0.mat,Ball,1,-0.8907964336713354,0.25449188413998053,-0.45289083732731183,-0.7431873910089066,-0.24972489073076126,-0.6390515932395334,-0.6460056394696109,-0.7402372613290756,-0.8863700651445198,-0.38793828540565534,-0.3722029423712147,-0.598575914948056,-0.48668067847923685,-0.40487531670089844,-0.6585360257403363,-0.5011028098835849
1134,222_0.mat,Ball,1,-0.5758244085998614,0.28967576681185947,-0.04416520045159175,-0.5130849031709113,0.13644097481486617,-0.6390515932395334,-0.6460056394696109,-0.510306742153198,-0.5718593776392109,-0.4217012463205421,-0.36199663598056875,-0.7334439429465889,-0.5993906114007289,-0.5339265904738785,-0.6722494106747388,-0.5820697296763472
1135,222_0.mat,Ball,1,-0.9545264642941401,0.26912655947548203,-0.39652886079451344,-0.7882710489966664,-0.15864622776255502,-0.9606605639655371,-0.941521871024721,-0.7853187216052957,-0.9500512037624059,-0.2836716128707146,-0.3975798778485699,-0.759234989691156,-0.7905407354223957,-0.8213718325399467,-0.4007457803180971,-0.6134731261777798
1136,222_0.mat,Ball,1,-1.02254642489854,0.204900808132634,-0.5602467291455698,-0.8358420585113736,-0.3190334361693011,-0.7750393575865446,-0.7232189066217777,-0.8327810396874761,-1.0178665272273595,-0.1866680243980849,-0.38549940140543065,-0.6262014742789629,-0.5794168278147741,-0.5367790473758124,-0.14443420627251838,-0.5159868776862898
1137,222_0.mat,Ball,1,-0.8177331495969808,0.18772591713008985,-0.3138209427336941,-0.6908907271260852,-0.07753742939260976,-0.7750393575865446,-0.7232189066217777,-0.6878861219526642,-0.8132841925162487,-0.28445492018247054,-0.3761723027690766,-0.6908169773200836,-0.646583895085566,-0.6195566551923474,-0.3927813324146503,-0.5534588183071721
1138,222_0.mat,Ball,1,-0.5634968226739683,0.14253282645672827,-0.013183119989739143,-0.5038325343286245,0.2151522717710782,-0.7501149553165737,-0.6793477321035009,-0.5008834725595124,-0.5593132982194536,-0.3905257350776882,-0.3592230886996519,-0.7571468015400595,-0.7002625704692994,-0.6823937991493466,-0.6030991507651946,-0.5748441267238922
1139,222_0.mat,Ball,1,-0.9506444897040719,0.14264656745674506,-0.48577082342676065,-0.7855390687926375,-0.2376936516199456,-0.7501149553165737,-0.6772419157266236,-0.7824442314267173,-0.9459697257684011,-0.47906341647068906,-0.3738595011736253,-0.6329695335687504,-0.5777161926575402,-0.5320976814920467,-0.9077918281886181,-0.48261354799866696
1140,222_0.mat,Ball,1,-1.0965692278579984,0.0595777237777723,-0.575623024001589,-0.8869690014984888,-0.3064700209774846,-0.7479318768399318,-0.7856914591358027,-0.8837749011728363,-1.0916413710581376,-0.34227702535262056,-0.3939350041402235,-0.7051299723227483,-0.5500159505225243,-0.46697863819130864,-0.5763373993563871,-0.5335865804165845
1141,222_0.mat,Ball,1,-0.5516157842097192,0.02594830143945709,-0.03202838211762973,-0.49489774875616793,0.1916841750755967,-0.5406657948054384,-0.44068854272407704,-0.4918985093329863,-0.5473745990458373,-0.20608611063822754,-0.3432225277955979,-0.7188160379991584,-0.5199078064267108,-0.4162609550013106,-0.20933214473454445,-0.5110467561457026
1142,222_0.mat,Ball,1,-0.7252270960013854,0.05040261644308001,-0.3387906788760189,-0.6237418935124335,-0.13253473792173587,-0.5406657948054384,-0.44068854272407704,-0.6206812505465256,-0.7207706188612144,-0.37274936286870813,-0.34177814066911744,-0.5371036240853313,-0.4327434987477112,-0.34368371982512486,-0.5908525634145826,-0.42548603290776965
1143,222_0.mat,Ball,1,-0.979063920125561,0.06439275944515241,-0.6804870460966705,-0.8054969435429336,-0.5039371408341555,-0.3320879021251569,-0.40664451129789436,-0.8023467039635862,-0.9742888278207633,-0.4567187578244092,-0.35173142308346567,-0.39400945760799777,-0.12777807437824082,0.05973979761178449,-0.8586261715977419,-0.3431253486910499
1144,222_0.mat,Ball,1,-0.7561539906569501,0.14056131578976952,-0.32405194791120445,-0.6463076202162591,-0.14398314909100385,-0.3320879021251569,-0.40664451129789436,-0.6432832388954461,-0.751723739386936,-0.39403415386194196,-0.35443894936854703,-0.5972588283895307,-0.2531358397212955,-0.05174210399696569,-0.6461378615852553,-0.4719586345974759
1145,222_0.mat,Ball,1,-0.5222427003880041,0.069814413779289,-0.05761477590040086,-0.47273456536721226,0.10177171176649169,-0.74596416087125,-0.6610973235038977,-0.4697586661390583,-0.5180548425788928,-0.437848069599548,-0.34861997604614403,-0.6499597027329462,-0.686062485253245,-0.6919667898899465,-0.6952836777844423,-0.5458905204661164
1146,222_0.mat,Ball,1,-0.4943858768678938,-0.03585097523636464,-0.1559098194397003,-0.451618078695476,-0.038528268680917,-0.74596416087125,-0.6610973235038977,-0.4486424597589568,-0.49021964597858203,-0.552209580366319,-0.3282464822727225,-0.48708591063516143,-0.6617599911151214,-0.7019448836465184,-0.9256614335064269,-0.47298889534955174
1147,222_0.mat,Ball,1,-0.7810681511586643,-0.08411507291018114,-0.43444857631698786,-0.6644011889323638,-0.26441033202875047,-0.7151366106952334,-0.671626405388284,-0.6613309198812147,-0.7765559180933649,-0.5864323145169296,-0.3547442188783219,-0.47864670840725676,-0.5605570100873909,-0.5534321182557875,-1.1090030649754454,-0.46186158814359163
1148,222_0.mat,Ball,1,-1.1218731042833483,-0.047225075238049315,-0.6581719278421612,-0.9042926552954577,-0.4127231978044623,-0.6910834762561169,-0.5898505360862168,-0.9010851523555519,-1.1169063828917714,-0.4029055028561137,-0.39074688126434315,-0.6236159753124579,-0.47238445086914804,-0.3749888593313464,-0.7530391496788684,-0.5020885969183612
1149,222_0.mat,Ball,1,-0.771236935366676,-0.018410688567114097,-0.37892931371317645,-0.6572704605664693,-0.19787113588848823,-0.4247859151611665,-0.4059425725056021,-0.6541858911014414,-0.7667124989647577,-0.20873851986650813,-0.3458296895781449,-0.5424100508529524,-0.31742656067907105,-0.16858093047972286,-0.21026162978717725,-0.4224684340832287
1150,222_0.mat,Ball,1,-0.48533048026101633,-0.08502500091031595,-0.05424002690388551,-0.44473334059350367,0.09514680623380684,-0.4247859151611665,-0.4059425725056021,-0.44177722944754655,-0.48119679333359117,-0.33885864072258154,-0.33285413865196034,-0.6084997618909698,-0.4162530770813034,-0.2948690064640628,-0.48390436593069114,-0.49582094768052215
1151,222_0.mat,Ball,1,-0.6314995738820428,-0.07854176390935536,-0.08604929614552341,-0.55464017436946,0.11438210458570792,-0.9138759235321053,-0.8716789611916247,-0.5516242925882762,-0.6271752087789773,-0.42625777341037824,-0.3688437865128639,-0.7496396419686605,-0.8213519823989124,-0.8716096937079335,-0.6937943384641676,-0.5915207308518017
1152,222_0.mat,Ball,1,-0.9242103656876866,-0.2596553496028525,-0.4457595535452058,-0.7668868259644911,-0.24812196559211824,-0.9138759235321053,-0.8716789611916247,-0.7639278079867147,-0.9197473873014832,-0.30361295614197603,-0.3835268431851289,-0.6527058002804159,-0.73648898845877,-0.7680616418195592,-0.44955763670417886,-0.5478180013960847
1153,222_0.mat,Ball,1,-1.0041921164902623,-0.35235426461658526,-0.43628615906727575,-0.8230613187299636,-0.17580670115612776,-0.548096115865232,-0.7246227842063622,-0.820228242873116,-0.9998523227697023,-0.20034123257782527,-0.39469055567555794,-0.7715327233695983,-0.4097375330083889,-0.22817377729784044,-0.18200714705866206,-0.5773656851886473
1154,222_0.mat,Ball,1,-0.38924375311518195,-0.2508972926015553,0.18105470275077612,-0.37106233030591274,0.38056882134675263,-0.548096115865232,-0.614769363212598,-0.36829605948354155,-0.385429097162139,-0.37813688488466957,-0.3490140244544231,-0.7846804313940224,-0.5814411097122911,-0.48988123597899214,-0.5508593331950598,-0.5974186102082212
1155,222_0.mat,Ball,1,-0.41226681520557734,-0.2137798129293901,0.01563393475226078,-0.38881718033334056,0.16194873798451498,-0.9046932490115901,-0.8095573780737455,-0.38599465274471895,-0.4083623493200856,-0.5743986575962972,-0.3369041444772068,-0.6076595831866255,-0.8358727584497949,-0.9312685083510549,-0.9439355400419309,-0.5418742486262721
1156,222_0.mat,Ball,1,-0.7575925310906507,-0.29309520360780666,-0.3307606815936394,-0.6473544034087249,-0.16166918114528517,-0.9742192132383507,-0.9113385029561469,-0.6445077633342327,-0.7534053093577489,-0.5207855017600048,-0.3672007191402945,-0.5900830404862027,-0.8180744981666365,-0.9088632752454976,-0.9446474189263748,-0.5336298605855679
1157,222_0.mat,Ball,1,-0.6252089875036856,-0.28285851360629016,-0.12962195467558255,-0.5499639329573653,0.0455701835599686,-0.5316984827928827,-0.4417414509125157,-0.5471516143491921,-0.6211629071562922,-0.45959285589613447,-0.35575552306634256,-0.6860987099999162,-0.48550235066537234,-0.3742823578331304,-0.7659095072191138,-0.5351128879475514
1158,222_0.mat,Ball,1,-0.27937933294750267,-0.19838686426044277,0.17120802896886533,-0.28544563836697456,0.29177836329900075,-0.5316984827928827,-0.4417414509125157,-0.28265933693096007,-0.27561995885349766,-0.29203640682686155,-0.31791878284747943,-0.6414593903389693,-0.5656516123720986,-0.5110923884783698,-0.3753506445525951,-0.5232169663634793
1159,222_0.mat,Ball,1,-0.6776614969635137,-0.35864793328418404,-0.35152624343087496,-0.5888077195501024,-0.21659831187624826,-0.4628284238890164,-0.4957907379190322,-0.5861081741270217,-0.6737307907727347,-0.29156821412940565,-0.3416375302029082,-0.4576857332097091,-0.359923818453201,-0.2613787947299261,-0.39956813708715005,-0.4475076200701659
1160,222_0.mat,Ball,1,-1.376027289907974,-0.4262859146275376,-0.8989859751871134,-1.0739543012389368,-0.5935983081660121,-0.4628284238890164,-0.4957907379190322,-1.0711487743211,-1.3714857751835274,-0.40545343505779846,-0.40069716371228886,-0.6311147130579607,-0.17055503590869997,0.08643513272696948,-0.836074442231627,-0.442531840973168
1161,222_0.mat,Ball,1,-0.8625289044083021,-0.40186951329058707,-0.32816355109810175,-0.723031629721005,-0.08526439004797562,-0.2527233580549873,-0.19360608783714417,-0.7203524872122495,-0.8585018397971443,-0.3970290693161088,-0.36745572703170437,-0.7299195278647131,-0.1817125864066659,0.10832208219277037,-0.6753620344385789,-0.4886436386016627
1162,222_0.mat,Ball,1,-0.3690057043147125,-0.48273936430256703,0.0326799825754913,-0.355401737227658,0.1681587344907577,-0.2527233580549873,-0.19360608783714417,-0.3531087110696147,-0.3658160171924842,-0.391517625385158,-0.3071823657598161,-0.5763651175546638,-0.298007360220432,-0.12721633129259627,-0.5741745141756383,-0.4453359675099816
1163,222_0.mat,Ball,1,-0.9393111333921796,-0.47769684663515366,-0.5261208878526192,-0.7775525673791351,-0.31349401206860156,-0.6121594750008806,-0.5094785443687345,-0.7750276987977754,-0.9354523629197996,-0.39009957586525423,-0.3674993722755955,-0.5616557220942793,-0.44014053944758624,-0.34669091612252073,-0.6744891110903511,-0.45230083264374676
1164,222_0.mat,Ball,1,-1.2507127116980024,-0.5774097899832586,-0.6252323675632033,-0.9912862868619944,-0.31645659259970244,-1.0026385046307509,-0.9903066170890441,-0.9889387899625132,-1.2469363176766262,-0.43980592229015675,-0.4190776155195357,-0.8467998751490575,-0.772593219992895,-0.7687476382133374,-0.902022005193229,-0.6330818214352004
1165,222_0.mat,Ball,1,-0.6931960170062644,-0.5519318059794843,-0.05974575649064577,-0.6002473183735442,0.21665966123155808,-0.6753417485066617,-0.7404164070329416,-0.5980235082388957,-0.6899011196366162,-0.3380236180810154,-0.378576225458456,-0.8594121202907988,-0.6259819940978382,-0.5353761538848298,-0.5065886932645127,-0.6130483292059524
1166,222_0.mat,Ball,1,-0.4846444076879635,-0.4798958393021462,-0.0030505162566603666,-0.4442113174248058,0.1947359358880856,-0.6753417485066617,-0.6014325261590419,-0.4418648140258152,-0.48131182178970733,-0.38149595890472954,-0.33950008386853,-0.6728513493283718,-0.6402077338666341,-0.6152040395924034,-0.571623540100945,-0.5229655931175998
1167,222_0.mat,Ball,1,-0.6879443665534553,-0.47439835763466515,-0.16519015456777536,-0.5963833090031737,0.06655146139041254,-0.7525232141001896,-0.7154975799065606,-0.5939436528324924,-0.6843594452292301,-0.4777937423555286,-0.36087332219159995,-0.7192767791427015,-0.6650543576407352,-0.6393679203930633,-0.8235107323795579,-0.5323409439175306
1168,222_0.mat,Ball,1,-0.9210919490478834,-0.5910966236519528,-0.3439532906024526,-0.7646808035014171,-0.07390698750741345,-0.9761869292070323,-0.9492431977399376,-0.762494438952681,-0.9177224562556,-0.4597988502443579,-0.39260043362966945,-0.7852415869263552,-0.816751873187231,-0.8548100430346488,-0.8489927976271545,-0.5983427314456156
1169,222_0.mat,Ball,1,-0.8306745246758264,-0.6356451819918852,-0.3204674164831503,-0.7002013302190011,-0.07393435931497418,-0.4785701516384714,-0.4045386949210171,-0.6981980291131719,-0.8276084133006602,-0.4822604199605589,-0.3672070471059857,-0.6987704919623421,-0.38346433594798085,-0.21352758262657903,-0.8769769592596763,-0.5013854794465358
1170,222_0.mat,Ball,1,-0.6680735192005016,-0.5578084243136878,-0.1296830262706929,-0.5817324325319045,0.11959604968725011,-0.4785701516384714,-0.4045386949210171,-0.579536066408382,-0.6648303033330291,-0.31714430768242896,-0.35426083007571924,-0.7398477535214627,-0.44014964331675316,-0.2863124878203274,-0.45649031045434635,-0.509928486916789
1171,222_0.mat,Ball,1,-0.9840717497347578,-0.6321571246580355,-0.38730034206865205,-0.8090035246036128,-0.08512981807118586,-0.884575546509837,-0.828860694861787,-0.8069317740538449,-0.9808327649012168,-0.2595860261094403,-0.39494339217123253,-0.8103235898160029,-0.7248754553300275,-0.7048928568590571,-0.3394062718581458,-0.5865269531700235
1172,222_0.mat,Ball,1,-1.63199061522748,-0.6615023026623826,-1.008522417874425,-1.236847788724722,-0.6323101415639258,-0.9683160653323047,-0.9538057998898383,-1.234658489501769,-1.6282871563855978,-0.38813805097995663,-0.43595595036190193,-0.841644253329452,-0.6340346505714048,-0.5536208569872105,-0.8630751290240019,-0.6118169386837133
1173,222_0.mat,Ball,1,-0.9696311885767236,-0.5980727383196529,-0.5150128241333931,-0.7988836383440362,-0.24516323909528084,-0.36750678956143135,-0.27046838559316455,-0.7967022830257081,-0.9662432107953427,-0.37225439087061246,-0.35753107249609206,-0.6179189093883193,-0.220298531323431,0.005784584641996807,-0.6344384684588681,-0.3805362693554431
1174,222_0.mat,Ball,1,-0.08967415012034599,-0.6506969076607821,0.2280828901907354,-0.1341380996969187,0.32015553353096576,-0.36750678956143135,-0.27046838559316455,-0.13248093589262622,-0.08745190613396998,-0.1547471667664388,-0.26475469836731774,-0.4862529434016718,-0.4477982778286741,-0.3828490895734736,-0.13054008534457656,-0.4225277475587422
1175,222_0.mat,Ball,1,-0.5716410507397012,-0.7810440936800919,-0.21805196378873795,-0.5099471992811917,-0.09202637196318977,-0.5690850861978388,-0.5568594128484728,-0.5086067414903446,-0.5695941099951751,-0.15217374875427228,-0.3374274854827994,-0.5022219485331342,-0.49275898606629936,-0.44491428010125605,-0.09306514576522824,-0.47647584865173837
1176,222_0.mat,Ball,1,-1.0003863877670585,-0.6915678403335034,-0.4716832444566794,-0.8204061066405995,-0.22637644067060061,-0.8607475923776943,-0.8562363077611915,-0.8185438794216517,-0.9974394643833188,-0.30392030885476057,-0.39251810146126975,-0.7186350160997775,-0.6818446670109526,-0.6653841347083724,-0.4584012314250552,-0.5657810451283394
1177,222_0.mat,Ball,1,-1.2110873931505484,-0.6029636013203774,-0.7245714009779339,-0.9647468663828919,-0.462149040630162,-0.8607475923776943,-0.7762152854398553,-0.9624957158014978,-1.2074748138397904,-0.3008505147578151,-0.39768539441343015,-0.652323153861247,-0.612465113765992,-0.5790637850737844,-0.473367656271694,-0.5042431585831556
1178,222_0.mat,Ball,1,-1.1367471218897374,-0.662222662329156,-0.6325655262579937,-0.9144392678238922,-0.37030643237335426,-0.7566740085455137,-0.8425485013114893,-0.9124195213554073,-1.133511465598442,-0.3472606751752941,-0.39633507146736896,-0.6803419826315605,-0.5414271515958364,-0.4617809534540769,-0.5979150864446314,-0.5298142778288321
1179,222_0.mat,Ball,1,-0.6440050349187338,-0.8012520780164188,-0.14154391855418372,-0.5639220172182672,0.06619142813218565,-0.7566740085455137,-0.7049684980221744,-0.5626412306138976,-0.6420099367939712,-0.3802112384955251,-0.35915321549569823,-0.6943667106894942,-0.6745193835519978,-0.6613166513309033,-0.59456133975538,-0.5419006119018218
1180,222_0.mat,Ball,1,-0.5760236465478552,-0.8795437996946837,-0.19593557587414756,-0.5132342871288073,-0.02022159591340016,-0.386087501110422,-0.37084563289098077,-0.5123403768618016,-0.5745703162293258,-0.42330676554156116,-0.32609097442684365,-0.5372809127577786,-0.3410742812441322,-0.20591589129211796,-0.6762581479657975,-0.42497500122758236
1181,222_0.mat,Ball,1,-0.9979388478328152,-0.9540062410390481,-0.6673257964639946,-0.8186975519641458,-0.48112829526004186,-0.386087501110422,-0.37084563289098077,-0.8180196903733444,-0.9966887693971637,-0.4749383218281476,-0.35858612657611666,-0.4394194356047976,-0.18336866640272403,-0.00559202549079686,-0.9143370408244949,-0.36985569686134845
1182,222_0.mat,Ball,1,-0.7396458229030879,-1.0086777483804807,-0.3105405617540958,-0.6342770190655365,-0.15017029082908562,-0.2605942219297149,-0.2922284881542295,-0.63398878356149,-0.7389756530147717,-0.5154823023148312,-0.35182417936703986,-0.5940309287671279,-0.19465831059218505,0.035553145520649206,-0.927273150899934,-0.46515551561619767
1183,222_0.mat,Ball,1,-0.6286567226327682,-0.8945196980302357,-0.12213724964933402,-0.5525274790345289,0.09439467740061636,-0.2605942219297149,-0.2922284881542295,-0.5516860398298916,-0.6272582528302736,-0.4507911449572976,-0.3433419393041057,-0.7000485607613045,-0.2565491201110108,-0.018350482838068442,-0.7480044114408176,-0.4767445641966399
1184,222_0.mat,Ball,1,-0.8731467138979143,-0.8318863206876236,-0.40049160340342216,-0.7306139556350972,-0.15678468236186646,-0.6786212751211315,-0.6017834955551883,-0.7293839583392182,-0.8711428044971087,-0.3646371010058916,-0.3654371807158583,-0.6468614653776985,-0.537418483799049,-0.46638147149491427,-0.5971850908699002,-0.4720984617816538
1185,222_0.mat,Ball,1,-0.9970967386864997,-0.9028607046981376,-0.4986501765357813,-0.8181095314507972,-0.2440109592661874,-0.6786212751211315,-0.6017834955551883,-0.817171665931789,-0.9954745165143085,-0.38825112443566884,-0.38394720547229083,-0.6773614326706879,-0.5090353564191487,-0.4131871745481,-0.6829147664324252,-0.5170739445296919
1186,105_0.mat,Inner,2,0.11031407518593028,0.2601741033059775,0.07779693352586868,0.030131669449226982,0.02440417915213584,0.06373492332895613,0.05110502070549287,0.03267330956349836,0.11348406794792033,0.12256989743175309,-0.16065671828181646,-0.05171917206778408,-0.05066477204573531,0.04561928993973009,0.2924339739685601,-0.21018212896397848
1187,105_0.mat,Inner,2,0.0817330491485226,0.1899992023710356,-0.09898280864141956,0.006356043125082803,-0.21658486374532604,0.06373492332895613,0.05110502070549287,0.00899724486902053,0.08504377337848336,0.137193222581713,-0.1421532079722612,0.1578347840006114,0.01144790883773187,0.05809125371638117,0.3225169031033694,-0.14072420636589594
1188,105_0.mat,Inner,2,-0.09873955247895404,0.2017850987765065,-0.24313985270834448,-0.1414686316770785,-0.3314572751706724,0.2489300961563097,0.07095657408521891,-0.13876365220014666,-0.09521649150020006,0.47722403386487827,-0.16860750637734706,0.13692725264582847,0.2259999390703853,0.36208992868954903,0.9550085700711615,-0.1098613757521553
1189,105_0.mat,Inner,2,-0.07187892614224296,0.22758854061096953,-0.20864435302699547,-0.11971919776682668,-0.26967666147897257,0.2489300961563097,0.07095657408521891,-0.11705608899378418,-0.0684274402335422,0.43867728609779305,-0.16108523650368495,0.12124740988242148,0.21202364638497487,0.3488176241017911,0.8750088787922998,-0.10292892670999518
1190,105_0.mat,Inner,2,-0.019269190740146484,0.20429570392796778,-0.15087115558733713,-0.07686495328576419,-0.20093202528069604,-0.2609522484346029,-0.19792706762717197,-0.07419624274915398,-0.015849815686392092,0.102756327761624,-0.16762641603829556,0.10500387931885671,-0.2476713585601818,-0.2828845702455215,0.29205329157219395,-0.15585841317449167
1191,105_0.mat,Inner,2,-0.07215766543807964,0.25789015000846727,-0.132627478761661,-0.11994534956625706,-0.15949924577096394,-0.2609522484346029,-0.1848540934502785,-0.1173227353545739,-0.06875584898817201,0.0712564510005287,-0.19016128073174346,0.012619322854141489,-0.25351204609963535,-0.26188688902872603,0.25182934179768285,-0.19473924906714016
1192,105_0.mat,Inner,2,-0.23084010611009115,0.2658578344127577,-0.25894418915016826,-0.24714964222944405,-0.2686897533062089,-0.26895282199445064,-0.273298412572962,-0.24447267828156433,-0.22725490213352428,0.27675227481217274,-0.2237318954200753,-0.009607992001692822,-0.21929840952403293,-0.20665024727195241,0.6649125874072476,-0.2136805446742022
1193,105_0.mat,Inner,2,-0.12941286663477738,0.21723229436119199,-0.11498417066510795,-0.1661974546611298,-0.15196130176767417,-0.26895282199445064,-0.35916041580885144,-0.16349755569565916,-0.12587334481809284,0.23004039010845595,-0.22168438931431556,-0.08383653475253279,-0.2659366772861794,-0.24844333271660704,0.5416416351026169,-0.2640228751576272
1194,105_0.mat,Inner,2,-0.011487258993534375,0.18935411632517415,-0.055646626635746765,-0.07049732775784935,-0.09809276014134281,-0.10125165572082019,-0.04008300904690852,-0.06781565527297795,-0.008057854102342487,0.008200669547475734,-0.18248091468549496,-0.018986946040165573,-0.14316929322054522,-0.09635607514540363,0.13404854918324974,-0.20585717249608318
1195,105_0.mat,Inner,2,0.18487208795930563,0.23262718567188842,-0.006419133712147336,0.0926237845800748,-0.10023606003020098,-0.03851452876953426,-0.006512902518590888,0.09517054015835963,0.18799334100223972,0.28826730826112756,-0.10933900933464806,0.15505851870444956,-0.10700395934180733,-0.10436031979773282,0.5256749765855583,-0.11110855941572986
1196,105_0.mat,Inner,2,0.09903627250545682,0.2100840435827257,0.043053107038626644,0.02073811194017726,-0.0022067866136825536,0.4009469806921182,0.17699292018668425,0.0233496562467267,0.10229844798930168,0.4582732670001725,-0.13363989928147949,-0.018398807129161,0.24087410256720557,0.44435762827391073,0.8227919098910198,-0.12669526144748164
1197,105_0.mat,Inner,2,-0.1194323739722481,0.15483329549258135,-0.06277854176654714,-0.15816379781770953,-0.03479268482479804,0.4009469806921182,0.1506855770899734,-0.15540385471353477,-0.11582576073117135,0.08700851033785428,-0.19415716722520923,-0.14315596707420375,0.2829735709122434,0.5558110842986349,0.29009533369692647,-0.17984509271560373
1198,105_0.mat,Inner,2,0.11757028959971959,0.2661542252986938,-0.00794528255115262,0.03618376282166249,-0.0516578588701483,0.40305832631067084,0.1532678929767669,0.03871358379152986,0.12072081638532631,0.41963452546803137,-0.1197920719839049,0.07437922165622109,0.26274293985689584,0.4376895697420268,0.7538360625358986,-0.09866030398021558
1199,105_0.mat,Inner,2,0.12486329250281908,0.22399698046374011,-0.022026212061023506,0.04227302137371912,-0.08848225445973534,0.40305832631067084,0.1532678929767669,0.044856731237615834,0.12807294968346336,0.5564577303814877,-0.11082342443810139,0.10295499077022092,0.26835746524647575,0.43410902190913453,0.9632075042584516,-0.07797460120269725
1200,105_0.mat,Inner,2,-0.002922353531927114,0.022520917058973324,-0.09391509898113766,-0.06348047560881585,-0.1778502552464791,-0.05088098167820104,-0.030399324471432614,-0.060704138728084445,0.0006160408261868832,-0.18643089239107644,-0.1682725244624402,0.04496164151770914,-0.08760249741258515,-0.04023779269042609,-0.187517017333042,-0.1676557199076651
1201,105_0.mat,Inner,2,-0.05231352678997941,0.2215038100702753,-0.1382204654036883,-0.1038213281338203,-0.18545766683319104,-0.2487442282168729,-0.13627427582997304,-0.10115890386353378,-0.04887734144395387,0.10009619121263406,-0.1726277814888272,0.04544638365158292,-0.2412928972696317,-0.2552227565369126,0.2957822666540107,-0.15140014978168712
1202,105_0.mat,Inner,2,0.1901782648530321,0.2133792128440185,0.0046305483962006695,0.09709713634822098,-0.09052182979373553,0.3846594573489952,0.13357773433996528,0.09966528714076615,0.19332094499577768,0.4865198974528288,-0.1069804423612484,0.14612961193156623,0.24239772531481601,0.3811751614369676,0.8232926004437008,-0.10795554289062474
1203,105_0.mat,Inner,2,0.20291341397861218,0.08608804471333271,-0.008971389884389747,0.10784748888731509,-0.1396406373258839,0.3846594573489952,0.13357773433996528,0.11051567915153944,0.2061649341374947,0.34605056224612635,-0.10652987795508619,0.18083813041853128,0.24776388924687895,0.37509738131865494,0.6063091125723932,-0.11454943864159457
1204,105_0.mat,Inner,2,-0.012986157979415784,0.16799653777975687,-0.11693610799435594,-0.071724388655103,-0.17938672283002843,0.0016010379829707478,0.05255757339181403,-0.06902096815126985,-0.00952908484289728,0.07055018314331123,-0.1616501214277888,0.06476026923504813,-0.034944285109929425,0.026405366864418963,0.2373008242766719,-0.1413954418349994
1205,105_0.mat,Inner,2,-0.09961890733006645,0.12383429577523344,-0.18097863271074405,-0.14217916785025586,-0.20835241762456796,0.0016010379829707478,0.05255757339181403,-0.13940355334692697,-0.09600783472064194,-0.074834909322582,-0.17297468126974933,0.046378387917108785,-0.011957995871318364,0.06499443597030781,0.007207701671027515,-0.12340858831872485
1206,105_0.mat,Inner,2,-0.0522136315132369,0.1421233569133089,-0.19010764979419148,-0.10374003820607584,-0.22340071093851593,0.43804633941811855,0.2252499483211404,-0.1009978182222291,-0.048679534993488836,0.5539100583417786,-0.137012055419129,0.1195344715864991,0.367617581010868,0.5650524029394339,1.0587009569641093,-0.04015814133328485
1207,105_0.mat,Inner,2,0.23100978945673173,0.0326156419388071,-0.02114940806434099,0.13163506915431508,-0.16652022119382004,0.43804633941811855,0.2252499483211404,0.13430877218054194,0.23424638232625977,0.4408371476741476,-0.07885783526548582,0.2326335448601984,0.2973271519251668,0.42293288582526173,0.7365185962957916,-0.05813948036315389
1208,105_0.mat,Inner,2,-0.0050779611999412265,0.09416033766560084,-0.06773723844071676,-0.06524731455388869,-0.13868556021807849,0.13763201997830676,-0.05154203579455592,-0.06249355248552368,-0.0015654442729782876,0.08795113104406445,-0.17401217159317853,0.0057313488197097764,0.0626101572828426,0.1842686316611055,0.26418645398035595,-0.1838090976193239
1209,105_0.mat,Inner,2,-0.06373464258949267,0.03402785733650455,-0.06749109554704663,-0.11310724020248421,-0.07669122254867497,0.2944748373565221,0.15778694577865582,-0.11030708054343366,-0.06012058946978153,0.37289435616959105,-0.16683608175353717,-0.06750597533294243,0.19496953900633768,0.3993082959927079,0.7596013081770182,-0.12631558269030926
1210,105_0.mat,Inner,2,-0.05933905001448543,0.09595611773921577,-0.08136789140374556,-0.10953530008065859,-0.09802990441476883,0.2944748373565221,0.15778694577865582,-0.10675955684085657,-0.05575837091313637,0.2563119392033788,-0.17666173306712957,-0.042871615090036445,0.20040039559521888,0.3971158632924015,0.5609733297980696,-0.15988168213449527
1211,105_0.mat,Inner,2,-0.0333813463182388,0.20359831360811756,-0.08358664819346338,-0.08839345979472028,-0.12232971724059918,0.301713736620132,0.05304175762058774,-0.0857179937342334,-0.02994321209976538,0.24651263377944996,-0.18171414871763064,-0.007452425439226684,0.20740059482732556,0.3928494144879179,0.5351907075099815,-0.19089924699456257
1212,105_0.mat,Inner,2,0.04083495217852911,0.060999427956716715,-0.04068415159506425,-0.02749217919755991,-0.13503747720113296,0.301713736620132,0.05304175762058774,-0.024743590793707592,0.04430621085120306,0.25266287191819503,-0.17067021327025086,0.025107880076967726,0.19063502441358718,0.3564518372551717,0.5192728239982648,-0.20021835828528692
1213,105_0.mat,Inner,2,0.16499936659692396,0.11476822161717877,0.10500364164639202,0.0759007291521403,0.00920567706034238,0.07549813463232187,0.0943588118092864,0.07856943040806123,0.1682803047021125,0.2911256800953993,-0.16150845411227768,-0.022157179479563607,-0.050251956085090206,0.03565152290736318,0.5367871886039092,-0.2424817468219801
1214,105_0.mat,Inner,2,0.14439763442418593,0.15624551089027844,0.08250823343847752,0.05861513998499409,0.015048636928048503,0.07549813463232187,0.0943588118092864,0.061261619960424986,0.14766767883923848,0.22078869954153554,-0.15896518663989628,-0.016738698763208628,-0.04257982633825549,0.04452944834229777,0.43559460137790695,-0.22430281993996476
1215,105_0.mat,Inner,2,-0.030507258915581367,0.10197110924792481,-0.05564755668007809,-0.08604753239532155,-0.08000362818639553,0.2676305859206354,0.03367438846963542,-0.08328726466268362,-0.026967469288311962,0.13349563142812737,-0.17690019619377287,-0.04257608693607206,0.16772958517055903,0.3508475383549175,0.3459732735551116,-0.17776991073167275
1216,105_0.mat,Inner,2,-0.06621929457166101,0.018667835541800525,-0.14898306662080235,-0.11512527028939895,-0.20900653184695672,0.2676305859206354,0.03367438846963542,-0.11232172722089032,-0.06259917936813758,0.4559033463234241,-0.17806531259053057,0.04316176377028,0.20424532775396512,0.3684180519227673,0.9011765399687549,-0.16017697647548193
1217,105_0.mat,Inner,2,-0.051148361682931485,0.08141552957033595,-0.12952123092523668,-0.10287309750287153,-0.19334455676927606,0.022111252563198545,-0.052510404252103356,-0.10009361380623864,-0.047569318825185676,0.3581737884434246,-0.1906438107020479,0.0346359383140291,-0.012964999298524967,0.06777424289715495,0.729128987380885,-0.20848763430116188
1218,105_0.mat,Inner,2,0.06772059680800091,0.10556266939515453,0.04281412210239161,-0.005264002920137878,-0.02140655517758454,0.022111252563198545,-0.052510404252103356,-0.002547637621677839,0.07113244582689865,0.1394412846046462,-0.18717655426769472,-0.05628836597802808,-0.07317419047569845,0.015407573085616034,0.329670987151461,-0.26339647206820205
1219,105_0.mat,Inner,2,0.018055180612611577,0.042780105850626714,0.025654314258166017,-0.04625664449144989,-0.035097218208620495,0.02271449416849909,-0.08349819489362749,-0.043493011351413896,0.021562081361794137,0.1097103313339506,-0.20081769320498305,-0.09375890314122522,-0.06683009792916977,0.037775289880484404,0.29428514521457266,-0.27754440373762973
1220,105_0.mat,Inner,2,0.004251261167713892,0.07696966628128989,0.006969237733138739,-0.05759655054171706,-0.032277278143593394,0.02271449416849909,-0.08349819489362749,-0.05483854399757557,0.0077618491618148214,0.39527739329039596,-0.19277443589522214,-0.08536163295750894,-0.06042923747156019,0.043852296491541216,0.7657767590371691,-0.245944361727342
1221,105_0.mat,Inner,2,-0.04200684697234404,0.1546066436386304,-0.08216849098376185,-0.09542782639169498,-0.11626841863830872,0.14818874807107144,0.010433545488492329,-0.09270017325190229,-0.03849831550292029,0.43959751439374967,-0.18610330073215892,-0.02017049080277958,0.07687635454843965,0.21403963790771252,0.8613771060177549,-0.19955040869072496
1222,105_0.mat,Inner,2,0.15113452368205227,0.103365889887626,0.10622031413730783,0.06426192507581943,0.030260380324829143,0.14818874807107144,0.010433545488492329,0.06694356694642514,0.1544413905977648,0.05031709937973748,-0.17474927856637185,-0.04054044442869289,0.00899272152517977,0.1258713880864751,0.17167212327045767,-0.2717557640633424
1223,105_0.mat,Inner,2,0.06531156443394309,0.09858876619665102,0.07493148082821433,-0.007259314342061846,0.008221526159893895,-0.31057649276020727,-0.37352454792914114,-0.004537954738966949,0.06873126883982121,0.1359221841474361,-0.21472185489719606,-0.10248595830323501,-0.35845331225767774,-0.374028083542008,0.3246803500412524,-0.34242953822216554
1224,105_0.mat,Inner,2,0.10114466171828924,0.1301979824438677,0.04733578690165122,0.022493059926242908,-0.039343932988777267,0.16477789221684397,0.09790949615362786,0.025178922511728683,0.10449447489135787,0.5577295807149106,-0.16725852916556652,-0.02165066713897647,0.04350763863516473,0.16758060678935532,0.9779193961669486,-0.2239974161696408
1225,105_0.mat,Inner,2,0.2071591066948925,0.06785128784924614,0.12716080893765,0.1114358864245001,0.03338866766207453,0.16477789221684397,0.12421683925033818,0.11411006340404345,0.21041446953854603,0.2418239343008289,-0.13705052826791378,-0.0011337214124786832,0.01527095967800619,0.12028895553799623,0.44846762845654076,-0.19902483830734102
1226,105_0.mat,Inner,2,0.03304567893276064,0.09058621227636793,0.0433277321036521,-0.033915598502245584,-0.0056636648199751664,-0.23652096341991938,-0.12336269639600447,-0.031176220052859575,0.03651171227313036,-0.16910517796213184,-0.1981690549719892,-0.09929443402986483,-0.28779595988166395,-0.2745182488486403,-0.1605659768975468,-0.27748303925483775
1227,105_0.mat,Inner,2,0.1632839895079612,0.0817816594882572,0.09043414652650242,0.07445948754232737,-0.011745102711094855,-0.06686688421867351,-0.1730722772167828,0.07714698297611015,0.1665885834100418,0.3121577708351666,-0.1693428510773802,-0.004572779928370882,-0.1624295818865132,-0.12832574829126578,0.5695110154457153,-0.2631433395849979
1228,105_0.mat,Inner,2,-0.06851577598702065,-0.02001989245189808,-0.05715483915481578,-0.11698979787196949,-0.08781618909997181,-0.06686688421867351,-0.1730722772167828,-0.11418513916279735,-0.06489253153694291,0.44261707212390106,-0.21156690294385783,-0.08765080875134876,-0.1136790935853959,-0.030955669173153587,0.8798750499037932,-0.2645727180758609
1229,105_0.mat,Inner,2,-0.010679735434202675,0.08254878884009254,0.010059733161848747,-0.0698361417001836,-0.012675033229051683,-0.08013819953529185,-0.09931487970023886,-0.06707428295901985,-0.00715307977682186,0.1556127442361056,-0.19871466306687618,-0.1078738745191807,-0.1472388498070817,-0.07163418665562234,0.3771409595757776,-0.2558843468596057
1230,105_0.mat,Inner,2,0.09417555617713383,0.1617200249011037,-0.0030067061091393716,0.01669429424375065,-0.08521098358527163,-0.08013819953529185,-0.09931487970023886,0.019357660648256617,0.09750360997873789,0.3274488905790729,-0.1703368026538072,0.03876881190463971,-0.14292864908567746,-0.1155003933760761,0.6190143366336084,-0.228963581479751
1231,105_0.mat,Inner,2,0.11631112672576953,0.03463807386637316,0.049112678969853635,0.03513308847878943,-0.046498219000802254,-0.23064698005784778,-0.35157486289139483,0.037856370769985485,0.11969427174832062,0.5186038134806016,-0.17790610040379826,-0.005576249386605114,-0.28468914769577336,-0.29992299682148443,0.9086619632431514,-0.26244099104450386
1232,105_0.mat,Inner,2,0.0533195734631452,0.03413246588448178,0.04648323845048782,-0.017181282917729083,-0.012056106395489022,-0.23064698005784778,-0.3204256775069463,-0.014430813356304384,0.05678357416352319,0.3431922303917708,-0.18281448525157143,-0.07881806002724576,-0.2838879234120823,-0.27553658938119396,0.660173167675866,-0.24294661154583969
1233,105_0.mat,Inner,2,0.17966137709517424,0.15115456155537102,0.13783312233431447,0.08823426252253906,0.035204940159821424,0.28934728371146523,0.23170573803812466,0.09086974045960074,0.18289176175997454,0.14052748836055984,-0.14623595631173278,-0.04850388439558626,0.1132655228182735,0.2761983054712656,0.3032613561567406,-0.20860502236544504
1234,105_0.mat,Inner,2,0.1531937621429432,0.11529126435706655,0.056689522892593096,0.06598906211967942,-0.05904112293711836,0.28934728371146523,0.23170573803812466,0.06866256127734653,0.1564893649015657,0.1937307783540636,-0.15085784017823026,0.029028092804470898,0.14322337056554485,0.2885166425515575,0.39140093069640786,-0.2066607304313872
1235,105_0.mat,Inner,2,0.016963138636287973,0.06990858929280488,-0.020724225794869336,-0.04715460385128795,-0.07105659737073666,0.23173771040523614,0.08661186414890537,-0.04439910352446031,0.02046098974062976,0.5247429503751594,-0.1745825431397997,-0.031916351727962915,0.12428012684383952,0.28535007421278963,0.971011003035887,-0.19825816725508805
1236,105_0.mat,Inner,2,0.23954054425963603,0.2016804902285289,0.17471768253229772,0.13887665332713817,0.06961804493272185,0.23173771040523614,0.08661186414890537,0.14143658879971377,0.24263677619386564,0.3870811427003947,-0.1389532780577419,-0.025924952357495947,0.05314348338485911,0.18275347820433388,0.6534535116686746,-0.22175755783261503
1237,105_0.mat,Inner,2,0.040576010705743557,0.15429281799469757,0.012556320285620636,-0.027705834230094355,-0.07658077708780062,-0.05811988094181099,-0.1782369089903698,-0.025012978534555048,0.04397997101096185,0.16998992683466627,-0.19601906116210432,-0.04839192018384025,-0.12971117201430668,-0.06730944660716166,0.3860425452564613,-0.2750260660246633
1238,105_0.mat,Inner,2,0.15899755363959978,-0.043888076148776024,0.07728950155158237,0.07085964113274232,-0.027067504229771885,-0.05811988094181099,-0.1782369089903698,0.07356302690442655,0.162324324082788,0.5017907518227163,-0.16073333297634404,0.008040042070136796,-0.15097018072340587,-0.11645831372926456,0.8613579783661475,-0.23715243625585752
1239,105_0.mat,Inner,2,0.18931154537161332,0.07201819501035235,0.09727242902940388,0.09636621682652984,-0.013075067891425587,0.25737547863052124,0.16069205115129864,0.09904656525608027,0.19258782102103825,0.4411744372689007,-0.14226088445217144,0.01767068930010763,0.10186402751011422,0.23487903264317692,0.7551282024162954,-0.20317007498765627
1240,105_0.mat,Inner,2,-0.002778859404342928,0.17791691507962829,0.04799707266189049,-0.06336284081982917,-0.0020022084183632894,0.25737547863052124,0.16069205115129864,-0.060673245020328684,0.0006536972958571639,0.09376532031179115,-0.2043212874332465,-0.14926039298480143,0.11999024605001384,0.32517534444718255,0.2732307444691202,-0.2771115491797005
1241,105_0.mat,Inner,2,0.06534448208144673,0.11740087007461403,0.11928066669379617,-0.00723205466346993,0.0988062189702942,-0.21767728554387997,-0.19195546213896142,-0.004522005693073273,0.06875051362193574,0.12630570654352294,-0.19808530648455905,-0.16144038949427328,-0.29519670853102853,-0.2650043107018762,0.30933466784843,-0.29393674106180584
1242,105_0.mat,Inner,2,0.3846992964711443,0.11349548428345195,0.32846977263722643,0.2634617164476158,0.24841015152286394,-0.21767728554387997,-0.24231062193143785,0.2660341072020504,0.38770080206278884,0.5041248985918169,-0.12322607856781118,-0.05637357367275447,-0.3557849044750749,-0.3844375603868284,0.7613916693399907,-0.2581222116578975
1243,105_0.mat,Inner,2,0.315172466853304,0.21100808575652735,0.28705341692460107,0.20346787839174132,0.21821265301434997,0.04503443356462997,-0.1240082753677031,0.2059837314883534,0.31816076778912433,0.6622214318468672,-0.14296037622647573,-0.08401753590639321,-0.13463208642707,-0.06197469342119675,1.0181901323984377,-0.2716146334535418
1244,105_0.mat,Inner,2,0.029211674746271888,0.14850447833993974,0.10184023838252441,-0.03707458551320303,0.08779628609002668,0.04503443356462997,0.01721212469132541,-0.03437202359634655,0.032635961820895835,0.2500188254980255,-0.20926769552965552,-0.1820130796841759,-0.07419611657855943,0.05921934711241156,0.5190238645721059,-0.30850530214589456
1245,105_0.mat,Inner,2,0.35184250048024746,0.07227971638029662,0.31779574035050706,0.23503639714522415,0.20155154026951944,-0.257792852296385,-0.1448281972049771,0.23764483763544209,0.3549106402635915,0.1575059068333823,-0.15104126820969951,-0.08090760059393204,-0.38462172412512874,-0.4178224299765809,0.2872784450159151,-0.30994952048511415
1246,105_0.mat,Inner,2,0.32945694735587694,0.1977053654053821,0.22445307245234866,0.21574557716527643,0.09949907458473835,-0.09521923966781182,-0.1027041693016549,0.21827009871461286,0.3324446742496472,0.25080143876158806,-0.1268823567734055,0.01497439698047755,-0.2275479125352744,-0.2262133463901385,0.42521003333715046,-0.23858244930976577
1247,105_0.mat,Inner,2,0.12432345412147632,0.11572713330697296,0.09019595043599284,0.0418220631604965,0.018068231726453353,0.10958128533181852,0.015436782519154939,0.044507796089000067,0.1276555553178507,-0.0028604379803119787,-0.16389847373550415,-0.051428553695893976,-0.017162809024337575,0.0928899502838526,0.0940676632378945,-0.22717426693410173
1248,105_0.mat,Inner,2,-0.038979062125182394,0.02932047267751449,0.03043898702809765,-0.09295960808359542,0.029590367810328297,0.10958128533181852,0.015436782519154939,-0.09016902638619641,-0.03539569092015676,0.09508360882243266,-0.20791825891259305,-0.16996368805647183,0.003715848302438484,0.16659608207898752,0.28406478052391504,-0.26900618612016086
1249,105_0.mat,Inner,2,0.06287925589434816,0.1796429561212582,0.09996018753162644,-0.009273185235370424,0.08728248507295791,0.09540510760724913,-0.035886745730868946,-0.006613303886541947,0.06622659934394326,0.5926539361464086,-0.1775721415075738,-0.13882457405327486,-0.03218226766221856,0.10356105088894793,1.05474419759396,-0.23275022263290052
1250,105_0.mat,Inner,2,0.29397683020349163,0.07512158193368661,0.15890865444247157,0.1852958868726682,0.04490777073133385,0.5390893083060073,0.29013063497683145,0.18792891116123134,0.29711766252712885,0.4220731697585523,-0.08545429797904794,0.060355246860793584,0.30884378742652546,0.5076224371560045,0.6829140139593439,-0.11405949653640993
1251,105_0.mat,Inner,2,0.24852377157906833,0.06896711236100708,0.19200899859174753,0.14651194272777676,0.11797616060223745,0.5390893083060073,0.29013063497683145,0.1491675300478782,0.2517256817453285,0.07257564338846502,-0.10570567090143104,-0.03816944719775427,0.2958531439712514,0.5299981196568356,0.18675342343478532,-0.13953380782240157
1252,105_0.mat,Inner,2,-0.011707361422140836,0.2645327928050423,0.0767817457537386,-0.07067752993083484,0.08543524253734174,-0.060231226560364115,-0.05364016745257571,-0.06809000265870024,-0.008392699973652783,0.1988592517333154,-0.20111579405791397,-0.1984312864494802,-0.15254628149713512,-0.04756395642943649,0.4488951961488175,-0.26254267079044863
1253,105_0.mat,Inner,2,0.002403192160821108,0.23850269911662778,-0.018369319028051775,-0.05911297046606166,-0.03539576951217644,0.40245508470536984,0.195553315623013,-0.0564952899695644,0.0057442764840702,0.47913265770592683,-0.16290186897509853,-0.053094998141692225,0.26639154386142666,0.49454801237234625,0.9042751779263175,-0.15443416770720023
1254,105_0.mat,Inner,2,0.09651349422071984,0.1573787701600354,-0.06389182296368338,0.018638954942129436,-0.1488798264390803,0.40245508470536984,0.195553315623013,0.021305150043963814,0.09984318722381114,0.3578797378457543,-0.11500224472081294,0.12656720604300112,0.2846971150486166,0.44736579482020244,0.6659939108956723,-0.07185251964164457
1255,105_0.mat,Inner,2,-0.12391380148099711,0.12864628898220093,-0.16960005155539845,-0.16177256504266008,-0.19840020543271666,0.2579787202358218,0.018664677377647078,-0.15899017680218647,-0.12027595642132215,0.09426212389935232,-0.17971018617917103,-0.0005014728881067488,0.20417528998240433,0.38555264036861786,0.3038010972751243,-0.13001965566632123
1256,105_0.mat,Inner,2,0.07219755076162407,0.08479787262160998,-0.012217042853071085,-0.001554026269711382,-0.09717565889607489,0.1753346203096086,0.024152098637083407,0.0011714262670117737,0.07561695340705112,0.5504444549848966,-0.14562372332723816,0.024437873241231804,0.07389186459812434,0.1931283281450302,0.9821730394331071,-0.14511577377908988
1257,105_0.mat,Inner,2,0.012270817061310873,-0.033601568930983636,-0.14559972740992078,-0.05101132695582935,-0.25292612868517,0.1753346203096086,0.024152098637083407,-0.04824272738089207,0.01578817547923259,0.5551753376286092,-0.15201352404597115,0.1372065459436487,0.12393159105751947,0.22086314985896832,1.0232782399098943,-0.1276805444191842
1258,105_0.mat,Inner,2,0.10168843511845974,0.1138616142013734,-0.07540655409612967,0.022945765605360963,-0.17119438370972712,0.5146580232913244,0.29222876663485176,0.025642462406179477,0.10505084017245121,0.11842724053304687,-0.10340857453958421,0.14926190710414122,0.38424943664745265,0.5757998026075738,0.2879712228270434,-0.042095399988710314
1259,105_0.mat,Inner,2,0.10641191148724596,0.0962525086251519,-0.08910728333497452,0.02687970386304992,-0.19201988108087484,0.5146580232913244,0.29222876663485176,0.029584653819748976,0.10978063151630874,0.021205720867255935,-0.08606929163473989,0.17459055461162948,0.3900521704867864,0.573378846207627,0.13453204153751538,0.004145181448659743
1260,105_0.mat,Inner,2,0.02560151902556831,0.10387149786951692,-0.052875273248342625,-0.040047493345444767,-0.10144762543135805,0.20398859656139792,0.09710252243900432,-0.03731213231791787,0.029068337181376223,0.32226478260784747,-0.15021050186845414,0.023162385755578524,0.11304877762044725,0.2484804993982262,0.6375582059289103,-0.13042579186320208
1261,105_0.mat,Inner,2,-0.016608188992844195,0.24158865128196533,-0.04572704937518556,-0.07468840051491728,-0.0734228608255055,-0.11663431665599164,-0.13417614417195325,-0.0720667454830867,-0.01324826823402984,0.4480951895925787,-0.19090718529132264,-0.03902234908699492,-0.15941470395321958,-0.1124728364234033,0.8628309524908208,-0.22868360008957084
1262,105_0.mat,Inner,2,0.019358648626827756,0.1473537843121863,-0.05534588593654236,-0.045184643947192384,-0.1262099328057951,-0.3015278686806947,-0.20696517323094923,-0.04247693944099108,0.022796606908322012,0.13442500235506594,-0.18843844851466293,0.0188533354929505,-0.3120563923351164,-0.3459610981754243,0.3342222805384635,-0.24110540144704712
1263,105_0.mat,Inner,2,0.14188911607250007,0.1299713305899165,0.026882462644831264,0.0565139446930537,-0.04155073943803637,-0.15403529618464298,-0.12804314394081828,0.059182355113009205,0.14518721604509896,0.3461367456204532,-0.14347350918529542,0.05609134056992742,-0.21419876797744455,-0.2207819085188763,0.6296853702082065,-0.17976464027142525
1264,105_0.mat,Inner,2,0.07790747118279995,0.13382441210708998,-0.068969895850429,0.003181242054463472,-0.11622282813217752,0.47031976530171304,0.17925244658762843,0.005874448360531472,0.08128368802776127,0.8009985722701308,-0.11797032785748088,0.11059987533579645,0.34408059700512345,0.5360958835774229,1.3765583234120513,-0.06847825999489446
1265,105_0.mat,Inner,2,0.2599355513281303,0.14486061391872176,0.1889033070899656,0.15622559596233573,0.13476467798396527,0.47031976530171304,0.17925244658762843,0.15883103057697492,0.2630699262321587,0.6400586255739272,-0.11290988729236699,-0.020451597892435256,0.24137220663996364,0.4458902649368128,1.0161883394701023,-0.16492434124063715
1266,105_0.mat,Inner,2,0.07914484896367607,0.10746305801674635,0.11265446464722532,0.004207931341944884,0.09609338590102406,-0.23788587932145772,-0.24021249027341807,0.006918266438357786,0.08254075656254797,0.05116935374428904,-0.18925693501931962,-0.13602952044717237,-0.3097786677988115,-0.29406829467940243,0.18676261439235717,-0.2754311228910923
1267,105_0.mat,Inner,2,0.047130814665837364,0.004789768176778135,-0.026221161725505617,-0.02229488330417997,-0.1054088803226948,-0.3048456975098494,-0.26313054376871187,-0.019538408081207367,0.05060681014747503,0.10858053763114879,-0.1819703767535407,0.012870693353837417,-0.3236886179982398,-0.3604381030102377,0.2853987610991183,-0.23709733494633506
1268,105_0.mat,Inner,2,0.21771509868589484,0.16548593262829547,0.012193126290199544,0.12036720103956337,-0.11319730342963542,0.6573246629449693,0.48735501083069765,0.12297347530213759,0.2208822736449695,0.6292859583899846,-0.0820418777497586,0.16935586438944175,0.4666655231386986,0.6810539509199236,1.0235123297054092,-0.058095757210959977
1269,105_0.mat,Inner,2,-0.05758917716425935,0.19379997961421966,-0.16812864172053144,-0.10811266403270302,-0.2131825696691063,0.6573246629449693,0.48735501083069765,-0.10541622439836189,-0.054107287169439015,0.4174941880520847,-0.13427161294473147,0.08125127960818526,0.5465807464335565,0.8299883261424071,0.8320144556531809,-0.02789796993127557
1270,105_0.mat,Inner,2,-0.19188275642114622,0.008590545419962584,-0.26065333005338065,-0.21620524620799256,-0.28622075128133784,-0.013480002149550184,-0.07607403671909577,-0.21334853413737442,-0.1881004848175885,0.22794948942796417,-0.20782993671474545,0.042866414070131774,0.004187612389224249,0.08882033358813235,0.560973861389111,-0.1821231605820166
1271,105_0.mat,Inner,2,0.1080786736519283,0.09817033200474051,-0.06767408761125275,0.02826851415239716,-0.20093563419923474,-0.013480002149550184,-0.07607403671909577,0.030971706894144805,0.11144401926409202,0.6317745026054203,-0.14521670783050375,0.1462726590159938,-0.06502753834124551,-0.04346867701302846,1.0900610454026574,-0.16514758367279095
1272,105_0.mat,Inner,2,0.14931760354438856,0.13879331813602377,-0.031229764557207176,0.06273845693061092,-0.15825826444341815,0.5620124893074389,0.23170573803812466,0.0653970687799098,0.1525984017213018,0.6684597203080485,-0.10524047151844147,0.14602419113584705,0.40546792770446444,0.6064407164997804,1.122361001115814,-0.07789025155035639
1273,105_0.mat,Inner,2,-0.08334049593526882,0.04656344833581444,-0.1174269488290729,-0.1290105762218972,-0.10726992046638033,0.5620124893074389,0.24526289644379135,-0.1262050503235986,-0.07970485305516395,0.14230438189544112,-0.16187042557283451,-0.022713379875867832,0.44245664385086997,0.7301748175203211,0.37548732060562034,-0.09820789160460949
1274,105_0.mat,Inner,2,0.11898700723857723,0.10143063175004076,0.07249790333529965,0.037366136037586165,0.047215416065519294,-0.036403183150981615,-0.07494427351862341,0.040062806988465254,0.12233624875674304,0.13359974736727642,-0.1588374348061383,-0.0340403056372807,-0.131490886914221,-0.07475435029555114,0.30748689285987824,-0.20996406368519657
1275,105_0.mat,Inner,2,0.13078391355182636,0.17047227341522592,0.046010566446788324,0.047221194933549634,-0.03543819505224,-0.036403183150981615,-0.09382745844080202,0.04986070729508711,0.1340558754519987,0.3816562228048423,-0.15779284510920924,0.01630088555847479,-0.12275538644957205,-0.07965780865065529,0.6890728648996789,-0.21353495803115813
1276,105_0.mat,Inner,2,0.13715912124421695,0.0645735533459502,0.06332576434206831,0.05255407869716613,-0.03489331250210113,0.4947510503163961,0.11614710210410732,0.05525996060938587,0.14050553994374912,0.44878422911731713,-0.1483148169459387,0.0004757796061539838,0.3105004188868742,0.5345814213197901,0.7901550121802988,-0.19060922817516168
1277,105_0.mat,Inner,2,0.07003413673760667,-0.026976360892405092,0.013007526876794033,-0.0033471169205633333,-0.04149195812007435,0.4947510503163961,0.1440683926300642,-0.0006021461275260749,0.07347872131999995,0.5305890250439163,-0.15304161561573368,-0.012882437932442854,0.3308435920008006,0.5687620776430289,0.9517374978754165,-0.16539917284262806
1278,105_0.mat,Inner,2,0.005866193744162986,0.033975553062515436,-0.08981917278599211,-0.056271087448250975,-0.14351271631522675,-0.2535701610592797,-0.23956691130171995,-0.05350034695570997,0.009391052498389502,0.48543429306011737,-0.17519077059391042,0.050184221307344255,-0.2608197822723928,-0.284006808676844,0.9127066294703805,-0.1937306659783629
1279,105_0.mat,Inner,2,0.0925986883946445,0.007457286150205707,-0.10632494413988978,0.01538305709652843,-0.23679836078492347,-0.15976609143500034,-0.1893731462521674,0.018119913033828847,0.09601624820628699,0.27750034020339787,-0.1462555642374541,0.18188297990238186,-0.17586376583115623,-0.20793599858622513,0.5408631931773423,-0.15906150716872913
1280,105_0.mat,Inner,2,0.2268051937058315,0.036329245392010275,0.09194468415639832,0.1280691442536902,-0.03820539669060196,0.5852372911115208,0.2567219231914382,0.13074396266702767,0.2300463143987003,0.29039471844521336,-0.10990418951203386,0.07028190223102464,0.3735136280351649,0.5936971567374414,0.5146979167169876,-0.13784188811975756
1281,105_0.mat,Inner,2,0.15294120431151417,0.10031480723828026,0.12048813851366078,0.0657772074024058,0.0599113610843419,0.5852372911115208,0.2567219231914382,0.06845979373082813,0.15624782365776357,0.4467165895383891,-0.1398732088013363,-0.05748188793051355,0.361883550125124,0.6314911685573916,0.7797937329994086,-0.17610530821233442
1282,105_0.mat,Inner,2,-0.007048954059992187,0.09098721171028175,-0.1084598735333439,-0.0668623375606481,-0.1921483123179509,-0.025846455058216967,-0.09883069547146463,-0.06410610245358844,-0.0035319223338671326,0.33287410181074367,-0.16386476601107872,0.060245278368863016,-0.06128770566430299,-0.008765742208034614,0.6681465526355588,-0.15178003873627754
1283,105_0.mat,Inner,2,0.23032270162410884,0.07133823944849807,0.039069216473667574,0.13105220114893967,-0.1348308541398203,0.11199425175302166,0.003654966285658734,0.13371486217783804,0.23354681260558338,0.140152865568456,-0.10362837882960191,0.14733309911208622,0.002677388054298799,0.04966786649538225,0.290541918334332,-0.1232866905764326
1284,105_0.mat,Inner,2,0.10881589136053613,0.06711902801340365,0.014292274356259247,0.028882900535507985,-0.0876294739409255,0.11199425175302166,0.003654966285658734,0.03160009968419428,0.11219746949969278,0.17103396706179974,-0.15163219415622495,0.03290774221871114,0.011438102213508257,0.10255166901647393,0.36858756130208536,-0.18381887092327456
1285,105_0.mat,Inner,2,0.19313855485012568,0.01301897395101258,0.11485537642948501,0.09959429210462602,0.03947732155269848,-0.1000451725102186,-0.13272359148563107,0.10228718925938154,0.19642677381743925,0.5589866085922801,-0.15141138884719213,-0.0014613005188945118,-0.19746351985271476,-0.1786122720101354,0.9311367679982648,-0.23005552637114687
1286,105_0.mat,Inner,2,0.2045207809886998,0.028779995179630327,0.17016762687415907,0.10920575298843248,0.1006382312363119,-0.2758901004554096,-0.22681672661067553,0.11189174530394541,0.20779212570368977,0.3081225836507081,-0.1624978313125465,-0.0617281262586188,-0.357595453588013,-0.3853595315173488,0.548775286116636,-0.26595896587950973
1287,105_0.mat,Inner,2,-0.012454915702034412,0.10448171439938606,0.007197070597184604,-0.07128952308726123,-0.0207543190051772,-0.3093700095496057,-0.18033504064838987,-0.06853833881311541,-0.008939938298455595,-0.08876440458250548,-0.2028442966141675,-0.10617714395859282,-0.33749656314766063,-0.3430537668226137,-0.02593135675648166,-0.26752634582522195
1288,105_0.mat,Inner,2,0.042521783714665015,0.014466058864701656,-0.04914932529636432,-0.026100158220398954,-0.06647903415361442,0.388580527783451,0.1931323944791439,-0.023342297603260072,0.04600298116427625,0.30885758255608153,-0.13903929572507676,0.0389530026542967,0.26705749573002585,0.4579341694659944,0.6092428177951641,-0.1077173040559565
1289,105_0.mat,Inner,2,0.21596107525522915,0.03894445909144904,0.06946168188856365,0.11888219705612393,-0.013824236780005154,0.388580527783451,0.15407486669138995,0.12156121216325039,0.21921543307810842,0.44739976663042513,-0.10905630700329337,0.08788938026742545,0.22038517165916308,0.37339576458484497,0.7528000003891276,-0.12916163064426056
1290,105_0.mat,Inner,2,0.06523527261550148,0.12106216925382829,-0.0003990133995113789,-0.0073224924199172085,-0.07829579422661877,0.0326679806559632,-0.03637092995964266,-0.004614821068587257,0.06863851796232975,0.23877842168567806,-0.17731917074334472,-0.00039674643096372224,-0.049581769254148284,0.028874331108334407,0.48879425350337236,-0.2333339246747153
1291,105_0.mat,Inner,2,-0.11361788806326299,0.10510936568725145,-0.18884910926138243,-0.15347789941000914,-0.2171277432679937,0.0326679806559632,-0.03604814047379386,-0.1506845244953592,-0.10997421637704577,0.1643565570878495,-0.18534729129499394,0.03983966120407734,0.017678437854666766,0.10877729863475578,0.4223446379549484,-0.15473697752623897
1292,105_0.mat,Inner,2,0.0531900283474605,0.0841353518177522,-0.08857341190294991,-0.017288370414808612,-0.16976817465111393,0.08967431235689126,-0.005544534061043452,-0.014554458494635356,0.0566341131563196,0.36584235733470566,-0.14799605780399103,0.10745649474456971,0.029671168337027723,0.10115162931948446,0.6965613770602886,-0.1406260199040445
1293,105_0.mat,Inner,2,0.07336258723500097,0.10324384658165182,-0.06792008930631702,-0.0005881785706074054,-0.17618364947281928,0.44950792991883476,0.30191245121032717,0.0021271123338483535,0.07676885597101421,0.4740242147208264,-0.1408437231409123,0.10347399875178537,0.3260682068785368,0.5140119929324201,0.8600643348975967,-0.13193601337848615
1294,105_0.mat,Inner,2,-0.069720660014881,0.08784895527095511,-0.15861226640862286,-0.11796779302954676,-0.23276848037552972,0.44950792991883476,0.30191245121032717,-0.11518353147126968,-0.06612160646322753,0.02291010425564902,-0.17004337142548367,0.05239216775273507,0.3640382526970893,0.5879609833405157,0.16930057772453705,-0.1327038017480236
1295,105_0.mat,Inner,2,-0.28858614818520234,-0.006490520246801251,-0.30200932506953315,-0.29267706394124127,-0.29782987111791365,0.05619440326269518,-0.03750069316011501,-0.2897805538848441,-0.2846796204950072,-0.07325942852554448,-0.22522981287666377,-0.02212459173046349,0.08085568304879046,0.22038385978968292,0.034055225790236794,-0.18474435877211548
1296,105_0.mat,Inner,2,0.030663845832752095,-0.036826999160291515,-0.08329269174200514,-0.03587829585670058,-0.15699014770616074,0.09269052038339545,-0.020070060924258077,-0.03311813112441443,0.034156901360606305,0.4420032809408263,-0.15919016465143096,0.07194064715187558,0.030303560016910796,0.1147996992229456,0.8295065772069803,-0.16025607779257736
1297,105_0.mat,Inner,2,0.28554327271659014,0.11778443475053195,0.06583489860452682,0.1780806749089328,-0.1396341912691963,0.09269052038339545,-0.020070060924258077,0.18069451981947507,0.28866811640668893,0.536841590494625,-0.12452771425690111,0.17746129936286203,-0.022654098939620795,0.004296917389019382,0.8526642588376058,-0.209231498158451
1298,105_0.mat,Inner,2,0.0931761344587287,0.0722274121063076,-0.03998536561737473,0.0158631944610324,-0.18887655054900407,-0.3160056672079146,-0.27184585988664034,0.01858514231292298,0.09657533754408311,0.15054275144508783,-0.18375214366619444,0.08888882047652034,-0.328904700930384,-0.390795145845249,0.3406138319245238,-0.26692926700341046
1299,105_0.mat,Inner,2,-0.22443324118641853,0.031308035089087784,-0.2797738108757383,-0.24207331407304125,-0.3027712500985795,-0.3030359726939473,-0.26490588594088255,-0.2392058683108627,-0.22061258487229837,0.35974432778288407,-0.2260488496402643,0.028599166457756186,-0.2421964069497451,-0.2511188751979972,0.8130162201749561,-0.22560044617457434
1300,105_0.mat,Inner,2,-0.09478525276107352,0.10467349673734481,-0.1575179428882314,-0.13827231147235267,-0.17056110207479377,-0.0650571594027709,-0.20115496248566386,-0.1354865555858577,-0.09116530648354862,0.6056453848425669,-0.19274331552918192,0.019216158057406754,-0.07758528429833494,-0.017315132122709697,1.1728801446937112,-0.18986050600862783
1301,105_0.mat,Inner,2,0.1542507476862616,0.0052605066426771084,0.004932077941130531,0.06687578468207554,-0.07205348073761554,0.3427341657805881,0.2872255296041886,0.0695860714500815,0.15758936330896797,0.0883447701881319,-0.1102267491303069,0.10159247297996951,0.20729644249718995,0.34987205591351345,0.22942060761287408,-0.09483592154271347
1302,105_0.mat,Inner,2,-0.06738000532514632,0.027385214539929623,-0.18161910070557682,-0.1160677391161063,-0.24439720960070796,0.3427341657805881,0.2872255296041886,-0.11326487626816382,-0.06375983972325458,-0.10761089053134776,-0.15486792823076584,0.08813181058252875,0.28194004455099714,0.4589020915128033,-0.052088754965695205,-0.08628296479570546
1303,105_0.mat,Inner,2,0.1293827197005525,0.04989348711309997,0.01748676729951893,0.04604975691459124,-0.07574627167317677,-0.08647223639094977,-0.06832708905871422,0.04876373089816469,0.13274474104571024,0.5631148928508127,-0.1535457824619375,0.05371850040624393,-0.15495477321476134,-0.13729252269097492,0.9710333291824504,-0.20088357403590146
1304,105_0.mat,Inner,2,0.16018163703135183,-0.03780334560808185,0.06672346089416863,0.07185383692745517,-0.0033432486867288834,-0.08647223639094977,-0.15515746075215112,0.07455802617855313,0.1635084588320841,0.7730341014387853,-0.1456323125694919,0.023845343315691925,-0.17094979086512077,-0.14975930358971645,1.2758092755996753,-0.19614489555563736
1305,105_0.mat,Inner,2,-0.07061982342780124,-0.022948931795269543,-0.09979651169476579,-0.11869752153606507,-0.15935342391423607,0.003410762798873356,-0.09027677409646057,-0.11589230182016409,-0.06699427930048202,0.23998898019955056,-0.19735739831422278,-0.03136836328358102,-0.03947582477051703,0.05413277525659552,0.5374600837961405,-0.21851453782674388
1306,105_0.mat,Inner,2,-0.042464805155360025,0.11335600621948187,-0.1927027040526594,-0.09580105156734169,-0.3416769363677185,0.003410762798873356,-0.09027677409646057,-0.09304254937119562,-0.038918103620532725,0.07269035967738013,-0.18732611653156744,0.13564145390934387,-0.006134838910369035,0.041582029126918774,0.24743857508458872,-0.20310931656735445
1307,105_0.mat,Inner,2,0.17082272784906186,-0.07912372205921529,-0.04716072648151927,0.08079613706987201,-0.21994420071579643,0.1958448348898369,0.1250238129649612,0.08348274731401965,0.17412052605779912,0.37041397395772074,-0.12730964966136138,0.19509463039422462,0.10404881251835424,0.17223875149652135,0.6555269862948004,-0.15186681597445825
1308,105_0.mat,Inner,2,0.12398297433062332,-0.20536880471012522,0.0030444539967609354,0.04153765901358171,-0.11735038260352805,0.1958448348898369,0.15020139286119968,0.044146965770802446,0.1272239051799013,-0.2378957033084095,-0.147255035805195,0.06703699808040676,0.08542570256434455,0.19341945211232875,-0.2712569429823769,-0.18005693987699575
1309,105_0.mat,Inner,2,-0.16189406526331226,0.054304480886153576,-0.16940121577099895,-0.19225848968288042,-0.23325808683264326,0.01155452447043437,0.05158920493426659,-0.18942241666060738,-0.15816053423758583,-0.3762976926068714,-0.21742424602653948,-0.04879778329818684,-0.007599616838545573,0.10545200434927102,-0.5179241378517628,-0.23196415667044862
1310,105_0.mat,Inner,2,-0.2085306377496981,-0.03377591651094613,-0.24959379962686087,-0.2294515903068488,-0.26840564784445275,0.01155452447043437,-0.048475535678988185,-0.22659062664352458,-0.2047302975687115,0.3190328655952488,-0.20280099389435896,0.005608821934890015,0.021899773012067362,0.12714003434805185,0.7316982214177042,-0.15477738419505502
1311,105_0.mat,Inner,2,0.06077922614066687,-0.14089506963996024,-0.058671928521375726,-0.011011358898834122,-0.12079021094596362,0.051368470420288866,-0.08914701089598873,-0.008314049665348213,0.06417333478959747,0.7084186165991253,-0.15114942048908822,0.07487555353441278,-0.013465143352457624,0.052777449854841195,1.2409871290184615,-0.1543822422855656
1312,105_0.mat,Inner,2,0.239896288737899,-0.021118282205662302,0.18074621467025942,0.13917883068333825,0.10843139338905056,0.051368470420288866,-0.13498311788657627,0.14185073153066743,0.24312396597187275,0.49375112394523735,-0.14956976430342928,-0.033514664784827376,-0.09524524821848811,-0.023790680202095123,0.8109280834996341,-0.24997847332279782
1313,105_0.mat,Inner,2,-0.02326489046988061,-0.05068763176731745,-0.09808184041169887,-0.08013159071530601,-0.16026285237157398,0.09842131563375282,0.008496808573396943,-0.07735173645214545,-0.01970665703000193,-0.05999694093154567,-0.1875557622905929,0.0253989613734578,0.04056399095157778,0.14607507368982964,0.022920419035637612,-0.21477749204878974
1314,105_0.mat,Inner,2,0.1411537831297653,-0.11824731900282012,-0.02617134688045275,0.0558981578431483,-0.16671448056988317,0.09842131563375282,0.008496808573396943,0.058576760416238764,0.14446460173511472,0.2169235538898508,-0.15806356563544915,0.1288491112623689,0.01451627525722215,0.07253963564627608,0.43060212202618053,-0.22003542440770923
1315,105_0.mat,Inner,2,0.3012207343316394,-0.10107408237650514,0.19152986616386214,0.19150024466878557,0.09082530802626493,-0.07199443786373035,-0.08043169477805974,0.1941188421446247,0.304339220537366,0.4077778427674908,-0.1335394198952993,0.02524376967022707,-0.19864666277449314,-0.18902927973243863,0.6594333189624861,-0.24062654044822104
1316,105_0.mat,Inner,2,0.06225308578369038,-0.02899879281997144,0.06949871708384964,-0.009791516359054071,0.05721591915892271,-0.07199443786373035,-0.08043169477805974,-0.007043504100688306,0.06570728908249765,0.1785089030491412,-0.18201613770119854,-0.09891661632227146,-0.1598905108988183,-0.09272666095250921,0.3934873778659407,-0.245444757632184
1317,105_0.mat,Inner,2,-0.09053662759829487,-0.18922421880558993,-0.1313926374397268,-0.1348359547065602,-0.16624276211638686,-0.1974686917663022,-0.3097736244739224,-0.1321179583051621,-0.08700359358559512,0.2770443866295074,-0.21546702191015873,-0.01220287507855073,-0.19971851665820217,-0.17824689385190814,0.6080700689666179,-0.26501371455003425
1318,105_0.mat,Inner,2,-0.07926889248485298,-0.18394148713272337,-0.1841793036809807,-0.1257117486361696,-0.2572038856714254,-0.04816639445434785,-0.015551008122369186,-0.12299310542295366,-0.07574348161273484,0.4722448675940774,-0.18852121420559487,0.07672815638248161,-0.053657184694277375,-0.0038462510308178936,0.935888788414085,-0.185446661947754
1319,105_0.mat,Inner,2,0.03780925332337731,-0.10001056213873355,-0.003927238236376846,-0.02998820028006124,-0.05752311467150631,-0.04816639445434785,-0.015551008122369186,-0.0272543388034304,0.04126497775927441,0.3481227539213423,-0.16848394825159943,-0.02927483081182552,-0.11590793451459228,-0.05441044496457292,0.6744750297451656,-0.192006433552973
1320,105_0.mat,Inner,2,0.0372535940675211,-0.15397113813715457,0.05087437496498227,-0.030446464464295164,0.012997642933289729,-0.16760823230391134,-0.22375022649510856,-0.027749576571544365,0.040664941353281255,0.2509217461078407,-0.19496031619329776,-0.10432112718428042,-0.23302086654101356,-0.19494730045535916,0.5177170854490445,-0.27014501725906015
1321,105_0.mat,Inner,2,0.10585964170809552,-0.050094849995444383,0.06455577281739433,0.026419606318345484,-0.004317780192645507,0.05800412807859779,-0.15047701320733833,0.029144448674608785,0.10925264188051119,0.33200240930202063,-0.18029776622964674,-0.03925518195469441,-0.050871793263766736,0.0408699122625945,0.6216293423222499,-0.26372975292682055
1322,105_0.mat,Inner,2,0.07498523238233215,-0.00579312992695072,-0.050268834406604346,0.0007573157797344594,-0.15680245079161484,0.05800412807859779,-0.05977316768371067,0.003501905966537894,0.07842557179914324,0.40501036741287627,-0.1623318187673118,0.08073876443065307,-0.010858059479329977,0.05433443580445982,0.7496224435539417,-0.19523034225463148
1323,105_0.mat,Inner,2,0.25203994972623267,-0.06908130145337017,0.1608725326896342,0.1495032011820894,0.03475839219962543,0.2787905556187006,0.17763849915838184,0.1521582447013057,0.25523853930385865,0.1931581367910297,-0.1276433596987675,0.0075032752264516086,0.09631378610583755,0.2309321681871886,0.36338329598934266,-0.19896377702991747
1324,105_0.mat,Inner,2,0.13706303756520827,-0.1509200554878092,0.058827101220434365,0.05247366750668924,-0.022579933091245483,0.2787905556187006,0.17763849915838184,0.055130150376264335,0.140350546791533,0.24032405861191927,-0.15062617176822934,0.006477716907335153,0.13369294275710455,0.2838100079456232,0.4680112172668667,-0.19698215920808437
1325,105_0.mat,Inner,2,-0.017963298895508205,-0.13093982282409683,-0.08467279239961216,-0.0757969138261403,-0.15711244047105463,0.13099636231999784,-0.09205211626863104,-0.07305870616815559,-0.014459993020807449,0.4975599263963372,-0.19175908654451448,0.013274627732573832,0.06324728081969302,0.1823567971417808,0.9453308456730624,-0.23061765615026814
1326,105_0.mat,Inner,2,0.04874999089439082,-0.20983210275716788,-0.028056928111206237,-0.02095745468762732,-0.12507507134413207,0.13099636231999784,-0.05025087785115917,-0.01832084153782379,0.05207976192184619,0.32553311101786714,-0.17371195402298426,0.017406397788980343,0.04252057176965745,0.15175391566706473,0.6337087332499897,-0.2135873969557382
1327,105_0.mat,Inner,2,0.05692699901844367,-0.17949562384367732,0.026698590422421543,-0.014198408204434177,-0.06813731049359821,-0.1558450210005451,-0.19163267265311185,-0.011533104114219726,0.0602853501131957,0.17813786296692727,-0.18801485489533531,-0.047609622033007754,-0.21564507668463262,-0.18904092230962422,0.3944566545582554,-0.26008289578230886
1328,105_0.mat,Inner,2,0.08192389183955302,-0.1744744135407548,0.08135712820032982,0.006514467996835053,0.016083910711786772,-0.1558450210005451,-0.19163267265311185,0.009173887888775925,0.08525640280058493,0.33946994303864825,-0.1995191165143687,-0.09094115466728976,-0.23281959860830156,-0.19908532505832813,0.6427966173113691,-0.30647503926845493
1329,105_0.mat,Inner,2,0.048403348553634,-0.1931819088707406,-0.016632899935247972,-0.02124380586236701,-0.08371374375016198,-0.11482459184008903,-0.2035758836295327,-0.01858875100953341,0.05175568586562354,0.43980328523534384,-0.1937247008877514,0.0012149958021294791,-0.16745957344506177,-0.13733246276314914,0.8175066347303904,-0.2723402570643435
1330,105_0.mat,Inner,2,0.07579690209404526,-0.045404900094450897,0.014549893145679749,0.001430471495072831,-0.08560983539952172,-0.10215651812877173,-0.19679730442669963,0.004169446889395012,0.07922985606964114,0.4317428445510552,-0.18082489681782912,-0.007927156285194484,-0.16705883227543442,-0.1337128132319921,0.7917123517266785,-0.24927027128769516
1331,105_0.mat,Inner,2,-0.011546398190083285,-0.0020795264737477064,-0.05306295696055202,-0.07054574675885039,-0.12675666701851146,0.16598437542744604,0.033190204240861707,-0.0677641843359448,-0.007995034773093523,0.2983233274756446,-0.18123892528437766,-0.022631482176659164,0.08110266105407433,0.22092345913087294,0.6129611384167488,-0.2021031639898544
1332,105_0.mat,Inner,2,0.17774101949817053,-0.07208007982872679,0.1427372212029498,0.08661738269769914,0.07028509874413919,0.16598437542744604,0.033190204240861707,0.08930384878404322,0.18103337263035255,0.49506041428381603,-0.15020845099187244,-0.05735111227287282,0.010830088092427324,0.1346590643208432,0.8420515286878214,-0.21842045025164708
1333,105_0.mat,Inner,2,0.20546262280388647,-0.1476597557425089,0.23135785225234862,0.1100017788216744,0.15253526559208952,-0.011368656530997062,-0.06364664151390093,0.11263112149113753,0.2086662762047113,0.5654053723720576,-0.17976395198337375,-0.14095704623472502,-0.16220299086087667,-0.08152247010131272,0.9344701898021902,-0.31279402098031983
1334,105_0.mat,Inner,2,0.16190625081809573,-0.12074048939628533,0.1696620549885354,0.07330218644005318,0.09431167190578552,0.3062380486598878,0.07176354779984194,0.07597016068076665,0.16518866981496233,0.3261470560868107,-0.16360256739121612,-0.11200277205376531,0.11544872639533729,0.30399758526892473,0.5914052514300304,-0.24659679533463458
1335,105_0.mat,Inner,2,0.35232293437439205,-0.1397792451281995,0.30891732529765,0.23545108359375472,0.18563489423430105,0.3062380486598878,0.07176354779984194,0.23802162767412938,0.3553468378742843,0.43865115602504434,-0.1191957187556792,-0.06885680362791455,0.06602260763327698,0.2171239114499441,0.6832177736269462,-0.23150644379166144
1336,105_0.mat,Inner,2,0.32477527833409864,-0.23903532240090075,0.29920118415701247,0.21171887491978988,0.17729536486646327,0.012761007681035469,-0.14143890760356057,0.2141992489162332,0.32771519410626765,0.42123042240591324,-0.15770696232688985,-0.08850883641905469,-0.1641572782359914,-0.10235671190178341,0.6695060436544406,-0.3134349897493959
1337,105_0.mat,Inner,2,0.25957547594545743,-0.12091483697624766,0.19296033800116533,0.15591885840902392,0.07493219901561086,-0.15674988340849663,-0.21842419997859663,0.1585439400359356,0.2627331692431164,0.2763642771889547,-0.1611502257637477,-0.02626684332351178,-0.2676878841614597,-0.26942815285022687,0.48333476716542345,-0.29034341658465485
1338,105_0.mat,Inner,2,0.034816519546479706,0.00034390488773229085,-0.03890507561464173,-0.03245592691588592,-0.1390504457702394,0.19041566044212957,-0.032658850872376806,-0.029694093969043812,0.03830842253379024,0.38711594932404386,-0.17742378507217088,0.015197651562320018,0.09640208248204299,0.22815167116232568,0.7387508243364309,-0.21684331123225753
1339,105_0.mat,Inner,2,0.0899129555610311,-0.2028058952846754,-0.01413905305833951,0.013150447624754428,-0.14004904657957248,0.19041566044212957,-0.04153556173323019,0.01577730521856917,0.09320031991796927,0.6133158419063329,-0.16492651616449813,0.048912885767852195,0.08722058160662637,0.20265974298667258,1.0718028138916762,-0.21105435434203634
1340,105_0.mat,Inner,2,0.16180784427434483,-0.17963510190764737,0.059179143143665354,0.07321953377349168,-0.07761089317590343,-0.09582248127311237,-0.19469917276867932,0.07583943707678235,0.16503314720160986,0.5862579086940701,-0.16867228331644957,0.03611415186238681,-0.1762484109393819,-0.16123488776150208,0.9891932773564636,-0.26048244625563843
1341,105_0.mat,Inner,2,0.132683902359804,-0.024448320982947542,0.09891660890061824,0.04881002289433065,0.03711762749820992,-0.19173789651594433,-0.18388572499273106,0.05152832478361697,0.13604857312278545,0.4149382987373575,-0.17000857127932356,-0.053029990285551,-0.2677650173178831,-0.2609695145185966,0.7397878423864942,-0.24887032751402427
1342,105_0.mat,Inner,2,-0.041326554072501936,-0.08437158421608923,-0.06666419770789511,-0.09487335633747099,-0.07254124286944841,0.2528511665907645,0.05401012607813518,-0.09209810115317986,-0.037760177715323875,0.3052361300382653,-0.16780965747732848,-0.040801149717375085,0.159501351626557,0.3385268281475605,0.6362214726037464,-0.14315017947636335
1343,105_0.mat,Inner,2,0.044617757202187545,-0.1096171137946722,-0.004719658502151387,-0.02437001744477376,-0.06868657827377113,0.2528511665907645,-0.05218761476625455,-0.02164452000941192,0.048058181161742194,0.5020435434237023,-0.1678708878047187,-0.019815992810931427,0.13592755937455403,0.2970919926338817,0.9194768624332569,-0.19408995081476313
1344,105_0.mat,Inner,2,0.1643656260128405,-0.012592685545491927,0.09913245096062268,0.07536822517297952,-0.025969192920639508,-0.12206349110369898,-0.2647444911979579,0.07807389086255848,0.16769100522447997,0.4693684926366934,-0.18131705989353433,-0.015011494522534433,-0.2105824866383142,-0.1926164197459053,0.8092225765582379,-0.29666037057391037
1345,105_0.mat,Inner,2,-0.03256839914613017,-0.14940323154213472,-0.05441763951722834,-0.08773000715476732,-0.13991764599465123,-0.4719436221781786,-0.45502889310606615,-0.08499968894340662,-0.029063712137661544,0.2553436967556137,-0.22252366928884726,-0.04682756954229592,-0.45593890937289433,-0.5289066812137966,0.549594444279057,-0.31751809239532464
1346,105_0.mat,Inner,2,0.16392108726700194,-0.200957810937072,0.04403772003965851,0.07499472834935011,-0.07415256168950209,0.016983698918141714,-0.010870560577555893,0.07759159772366964,0.1671174099227694,0.7971029614256695,-0.14215647492838668,0.05942528583377728,-0.07784060642893409,-0.03157929118004862,1.3101657639923163,-0.18860467591540464
1347,105_0.mat,Inner,2,0.09955417632217968,-0.07861811407732361,-0.01899068814753576,0.02116914629018512,-0.16172526568326911,0.016983698918141714,-0.010870560577555893,0.023886846028281335,0.10294341570319994,0.8265060602357911,-0.14960087995161647,0.06752112013812823,-0.05627132453228756,-0.004294215118245039,1.4010985037448267,-0.17269133347286225
1348,105_0.mat,Inner,2,0.04342489202386319,-0.1596374344859386,0.026297896209550205,-0.025354744886795132,-0.047353069820536726,0.18317676117851914,0.10307412792721488,-0.02266532833525236,0.04682254353576804,0.09429147659117965,-0.17901272226448145,-0.06358624397282325,0.06637085061937822,0.21561747376655033,0.26329226884776563,-0.2262891314363027
1349,105_0.mat,Inner,2,-0.07083971174314196,-0.16282799519925448,-0.10925224391299071,-0.11887595990946445,-0.11983262981996075,0.18317676117851914,0.10307412792721488,-0.11614091876802188,-0.06730041588500933,-0.015266528936763873,-0.17308387159123464,-0.018469954014243003,0.1167423196408549,0.2695490807521611,0.10480135475334437,-0.14158727561639398
1350,105_0.mat,Inner,2,0.08081779797717077,-0.0707201687050189,-0.0257735341130507,0.0055963244942004615,-0.08946550110528069,-0.045451807230494176,-0.07316893134645294,0.008325265413947904,0.08423483477020774,0.5155039168342038,-0.14797346891479146,0.05382760405110729,-0.10628449962319035,-0.06936861211366337,0.922103451018687,-0.1570518695163815
1351,105_0.mat,Inner,2,0.12585652013354212,-0.030044878299746655,0.09150811730365443,0.04310281485378417,0.02058883725309422,-0.045451807230494176,-0.14805609206346923,0.04582327722771413,0.1292289936651519,0.5994521899702551,-0.17188579473679932,-0.051336755847252814,-0.14515817107373924,-0.08813819643416383,1.0293698944996437,-0.2505061828367918
1352,105_0.mat,Inner,2,0.16026609133097336,-0.09124087886661514,0.1808536499649208,0.07192475411027892,0.12015145744780581,0.724887722738662,0.451202588415586,0.0746103832438287,0.16357076258778894,0.44291817372250225,-0.14572411838674965,-0.12868353868434107,0.4508811013910279,0.7893516091871988,0.7706710509863836,-0.19643306587390902
1353,105_0.mat,Inner,2,0.21087646306039207,-0.10442155591178692,0.1826371850822635,0.11457954997211603,0.089569017467954,0.724887722738662,0.451202588415586,0.11723611353631537,0.21410818397141876,0.4216466333394026,-0.13054039952150587,-0.07064617547234608,0.4501395434134875,0.7622423485771576,0.7164903612878958,-0.18364379511294787
1354,105_0.mat,Inner,2,0.15672923160438443,-0.06873260629344512,0.11229517345408299,0.06895556087563762,-0.011093695992288663,0.2534544081960655,0.004461940000281769,0.07165244061470688,0.1600499890296284,0.46933548404105785,-0.16861991635261644,-0.041940885120514214,0.09318042795777835,0.24529849465126147,0.8127344398825948,-0.25772059143597287
1355,105_0.mat,Inner,2,0.24792596978914952,-0.1660359906705657,0.11409343962233243,0.14600353520192033,-0.005941137834610664,0.2534544081960655,0.016243756233777974,0.14859855212628584,0.2510571661317211,0.46309211454067667,-0.12440621816432762,0.06565195609257608,0.092528526195237,0.203836898122068,0.7621189455641902,-0.18816287032247145
1356,105_0.mat,Inner,2,0.025556961515325317,-0.16751794510024784,-0.06724844031961497,-0.0400841758240593,-0.10115669359358544,0.4660970740646073,0.2066895528848111,-0.03739414974590397,0.028968787421434748,0.3567790326268061,-0.1448260011934302,0.043121948373403905,0.33979986458456035,0.5579555017492374,0.6936390372826031,-0.11429243540774314
1357,105_0.mat,Inner,2,0.033166074199682836,-0.11753249392497381,-0.05974701196781441,-0.033816371019664594,-0.11684844557561337,0.4660970740646073,0.2066895528848111,-0.03109085772341388,0.0366152059277574,0.5546031165559919,-0.13504302168102567,0.042108164307015014,0.3366937880242945,0.554033334025642,1.0105268647360737,-0.08996372413322373
1358,105_0.mat,Inner,2,0.06008065579524045,-0.11699201642708956,-0.011364818225467017,-0.011589439179319544,-0.08035720168481408,0.10113590285760699,-0.059127588712012555,-0.00887509097662073,0.06349586802381686,0.4048457824359912,-0.1568229964914614,0.008343277048549482,0.01150095751212266,0.11154160901594205,0.7560314806599998,-0.1705713532108129
1359,105_0.mat,Inner,2,0.02828178855814072,-0.04610229041430121,0.018946560040029713,-0.03784048476161021,-0.02702829466002376,-0.17846658119932649,-0.20874051540312047,-0.035081345046561546,0.0317754208642629,0.30332763909993,-0.1879177327312033,-0.07215084926658995,-0.23201632686240137,-0.20413591875590872,0.6057709551631937,-0.2444475261748229
1360,105_0.mat,Inner,2,-0.09038617253106208,-0.10039412681465107,-0.16384238287878933,-0.13471422378465137,-0.20834861210427447,0.3840562157436947,0.16343576178101707,-0.1319263440626361,-0.08676694365388042,0.3751991635924326,-0.17668734486921567,0.03371913276815395,0.31008887804475366,0.5202781984125385,0.7758658368596634,-0.14106975481210018
1361,105_0.mat,Inner,2,0.17543175848137985,-0.10337547043201133,0.025048091325627155,0.084673655229908,-0.051361798260930125,0.3840562157436947,0.16343576178101707,0.08734629259175149,0.17870945278833447,0.4721939279283723,-0.10412118785692415,0.09966864331312181,0.2338860052032044,0.3875442154762302,0.8084079116419813,-0.0911708815004807
1362,105_0.mat,Inner,2,0.3158613409826427,-0.060381357213237195,0.19026983925207935,0.2040594026671573,0.07426565434437156,0.11199425175302166,-0.002316639202551312,0.20668922311110233,0.3189817460101081,0.417893275264751,-0.1185603564368218,0.044371567044325856,-0.04928098476714045,0.013535225749786384,0.6681896759158329,-0.21050776371576932
1363,105_0.mat,Inner,2,0.011143212937140962,-0.05755692641784325,0.0203973846205733,-0.05193772890812636,-0.018477795201623747,-0.21405783591207522,-0.2965392555541051,-0.04917446215272581,0.01465494663393905,0.2259152507325637,-0.20087783533867345,-0.09511068546808003,-0.26209486471140986,-0.23932547573149185,0.485876706063945,-0.274087922534449
1364,105_0.mat,Inner,2,0.07892244172851488,-0.1302947367782352,-0.041246646397048156,0.004023379629857256,-0.12476576550857905,0.6455614516416031,0.34581182128581983,0.006720714637717506,0.08230286309983684,0.6954177851343345,-0.13452804190636056,0.07301481666710745,0.47995981230333523,0.7408501236601707,1.208401876250587,-0.11702196735695906
1365,105_0.mat,Inner,2,-0.05264112549265363,-0.1612414322215944,-0.24548337489189073,-0.10408790350324698,-0.3570283188144458,0.6455614516416031,0.34581182128581983,-0.10135912017763489,-0.04912320692794013,0.7303078329188571,-0.14874893205060608,0.1993766604594559,0.5721429450140436,0.8131517757489504,1.355589526051298,-0.07656749611034541
1366,105_0.mat,Inner,2,0.04062133428023254,-0.1476423209845124,-0.03134523796750629,-0.02766843791603003,-0.09753974090574043,0.18136703636261653,0.08160862711824225,-0.024967796655460693,0.04403468926077566,0.21681573315575225,-0.16950807517598487,0.0119137193384305,0.08599585115971299,0.21478702720636667,0.46155018214292126,-0.19662572332071507
1367,105_0.mat,Inner,2,-0.016521382290506273,-0.12337313785372032,-0.07386279276074838,-0.07461738284634925,-0.09908281597640499,0.18136703636261653,0.08160862711824225,-0.0718745611222229,-0.013013531742931518,0.23099149476484604,-0.16705091087816043,1.6539079568304374e-05,0.10184163200927157,0.24153189280699608,0.5035191763755605,-0.15579991363097878
1368,105_0.mat,Inner,2,-0.12066765253568029,-0.08839901331322521,-0.22681521332999027,-0.1591587777595164,-0.23257269671378097,0.4048680511265735,0.15827113000743004,-0.15635211554015088,-0.11700214619719401,0.4981268754536212,-0.15161624680805605,0.08526118394491389,0.3546438819067485,0.5611943013836946,1.0033162462055762,-0.040520904608840204
1369,105_0.mat,Inner,2,0.10791125202395196,-0.10590351034146891,-0.09670243728733917,0.028128996684450555,-0.16133451050594494,0.4048680511265735,0.15827113000743004,0.030829479336605396,0.1112734752097364,0.5249428624211196,-0.09301832320358526,0.1872842141955201,0.3001117493666846,0.4445543485898444,0.9229099806971733,-0.016633283485742882
1370,105_0.mat,Inner,2,0.22814556629832528,-0.11331328248987882,0.06472528769858532,0.12920568204855437,-0.02836555748339671,0.2754727267895459,0.14051770828572327,0.13184942535042035,0.2313490456373589,0.37436079823196466,-0.09577454525617944,0.10920862321848615,0.1287571531987459,0.23797417599860413,0.6390050090522988,-0.10114770798973978
1371,105_0.mat,Inner,2,-0.0194019952842042,-0.08989840250090347,-0.08272833685135952,-0.07697355741930709,-0.12191900672072188,0.10113590285760699,0.0472315468753021,-0.07421017254430272,-0.015866836661743915,0.3994398102292409,-0.16575840355714266,0.00877065657569351,0.03724825957427622,0.14753243220059525,0.7835435105387127,-0.15012117959044075
1372,105_0.mat,Inner,2,0.0898886229787703,-0.0628570928487061,-0.042900907097515435,0.013130224341701061,-0.14155456679745898,-0.016797830978704884,-0.1359514863441237,0.015858087736992845,0.09329744385451888,0.6072066335840721,-0.1601589653638001,0.08889531634041285,-0.07638203545267963,-0.03965886382482033,1.0621053839530827,-0.19740912287817966
1373,105_0.mat,Inner,2,0.26300503790908336,-0.15278557459340886,0.10439170570904042,0.15884104369830054,-0.016491129752745297,-0.016797830978704884,-0.03992161430398412,0.16144090926815577,0.26613056539924757,0.5340489962136574,-0.1173819165789293,0.09707032898986767,-0.12581481419842547,-0.11112288100229079,0.8593698817296601,-0.1782942418016417
1374,105_0.mat,Inner,2,-0.12981677399147,-0.16150295359153843,-0.1709673725632367,-0.16652231798487205,-0.1718712823377989,0.05860736968389882,0.00042707142716710876,-0.1637614363016329,-0.12620118674505487,0.35596795951950655,-0.18295170331849508,-0.006034082951739208,0.03340124385974617,0.14757628744236925,0.7610522292657935,-0.13692246381856923
1375,105_0.mat,Inner,2,0.05732324552725309,-0.15215792330554379,-0.028395492851421157,-0.013870666645653075,-0.09326009796530323,0.05860736968389882,-0.07801077363419064,-0.011180851638860666,0.060710910757592516,0.616829360410652,-0.1649517176667482,0.028459880583127258,-0.01809162861043371,0.06280102262898692,1.0966577710596008,-0.1927510257158657
1376,105_0.mat,Inner,2,0.33459721968791317,-0.0684362154075089,0.2506722447000204,0.22016980798168354,0.13493915517482533,-0.019210797399908042,-0.09818511649976651,0.22278849948430426,0.3376903943436394,0.516652611066951,-0.13694031502252657,-0.013598614966576604,-0.17456156123012798,-0.14237453278361098,0.801009532662471,-0.2664189769288008
1377,105_0.mat,Inner,2,0.18770595085748462,-0.16640212058848736,0.07983083816271962,0.09501243369286325,-0.0030921179015319647,0.18347838198116964,0.06288683693898806,0.09763352208906897,0.19091321279765527,0.1468586641447277,-0.14004088654301125,0.039414176702972446,0.04733818543451282,0.15041755260026055,0.31088358294207846,-0.19621408441508723
1378,105_0.mat,Inner,2,0.001361088004279241,-0.06491439429226464,-0.19345520767767865,-0.059967877667839675,-0.2720982037519924,0.18347838198116964,0.06288683693898806,-0.0572028705796319,0.004882405196471388,0.4508342282084155,-0.1384224248324912,0.1923587729880705,0.14946374566426485,0.2356150176839304,0.8582771707737539,-0.07979174827736263
1379,105_0.mat,Inner,2,0.15201634488517088,-0.01428385707112885,-0.06288053799383019,0.06500146811260443,-0.16693785120002905,0.15482440572938083,0.013015861375285835,0.06771238970320195,0.15535742574830474,0.8098564554323775,-0.11780276002136954,0.19406546789622864,0.07532976698861392,0.133170186204751,1.3378214959873878,-0.11443986360690057
1380,105_0.mat,Inner,2,0.06611736766785166,-0.21174992613675628,-0.08482757622989737,-0.006591976573003781,-0.17771882540265968,0.1044537316867612,-0.06009595716955999,-0.003965006606425459,0.0694225775714304,0.3986666440841065,-0.15798093105741337,0.11828416622824471,0.04082489593115274,0.11273629032545096,0.7435220674416969,-0.17740706029588316
1381,105_0.mat,Inner,2,-0.02944816132919973,-0.05741744835387335,-0.11022672619864193,-0.08518280665036906,-0.1832814400442092,0.221482603115122,0.004623334743206684,-0.08240228288544721,-0.02588438788616856,0.0643568337493562,-0.1800014317155169,0.03469819838916168,0.14969321770076072,0.29539708037780127,0.23062855980847727,-0.18797253500945565
1382,105_0.mat,Inner,2,-0.03125414289756166,-0.05358180159469621,-0.06005718584915121,-0.08665726142565523,-0.10606926188559154,0.221482603115122,0.004623334743206684,-0.0838748346192132,-0.02768666152360996,0.38275108431359295,-0.18779656776370857,-0.03741823668402519,0.13050657661039003,0.2962659962627992,0.7612825764241451,-0.21098996326407907
1383,105_0.mat,Inner,2,-0.11538561724983308,-0.11026219984053356,-0.07374007008053697,-0.15490295061309595,-0.07807345719085598,0.28452135086905844,-0.04782995670729007,-0.1521102486775743,-0.11174143813633129,0.5116215936869135,-0.2063304350940512,-0.12314516121655303,0.1889977907932403,0.4132871486439312,1.0236482109756067,-0.22181500359115044
1384,105_0.mat,Inner,2,0.22181601523857503,-0.11102932919236888,0.10889668805625721,0.12384061529708444,0.0008356524568108425,0.28452135086905844,0.362919664035828,0.12648852576644012,0.22502921251951635,0.16220577888315094,-0.11091650240368969,0.041196682576480695,0.11989942472931718,0.25123676429031844,0.3254122315573786,-0.13756969943455538
1385,105_0.mat,Inner,2,0.1357112444700449,-0.05262288990490187,0.0055683193101261595,0.05134248887357871,-0.07505437371447637,0.08983274504782802,0.11630849684703326,0.054053732733968116,0.13906517102453778,0.08369666450449022,-0.12641306565969304,0.07794624813975748,-0.003949928670505637,0.06494041497847439,0.22618540749899818,-0.12852524611906324
1386,105_0.mat,Inner,2,0.11695614105534778,-0.1735678061249493,-0.04533611216800782,0.035671279011708204,-0.12351061734080776,0.09389700359399702,0.014145624575758187,0.038316461004587125,0.12024526620966089,0.5648895823374289,-0.12985906198980837,0.12581487251072745,0.017590787949447878,0.07786965697782514,0.9805577368824716,-0.12683718585676035
1387,105_0.mat,Inner,2,0.0787469034048685,-0.14767719050050498,-0.07973500480332531,0.0038777236257911897,-0.1724186169926749,0.09389700359399702,0.006237282172452754,0.0065620025213930224,0.08211173465246376,0.6500136752988136,-0.13926706462399432,0.12682433567919546,0.030030377852009318,0.09473186588092981,1.1365217118500897,-0.1306119522101419
1388,105_0.mat,Inner,2,-0.15633635743565333,-0.10290473196611259,-0.1980815176386094,-0.18780844660352902,-0.20644405689385625,-0.31117973436550783,-0.2008321729998148,-0.1849944571039602,-0.1526346175108408,0.15012233165368674,-0.1961125803909927,-0.0012606605553853237,-0.2757482491918578,-0.2887130940833225,0.4105970127153486,-0.1641241211708616
1389,105_0.mat,Inner,2,-0.2581042650481452,-0.15578435296876558,-0.3181027851162061,-0.2686956787575228,-0.3258020693520774,-0.13593804802561785,-0.1070618273606199,-0.2658769552204701,-0.2543196538078398,0.014340171780924397,-0.21647656995174328,0.04066972314038849,-0.08223089041937565,-0.031249329454592866,0.19180202110640737,-0.17196092103106764
1390,105_0.mat,Inner,2,0.008438681869641215,-0.10712394340120693,-0.07730914160248811,-0.054159048374582304,-0.15741528990336326,-0.13593804802561785,-0.16887601390074322,-0.051416661999830464,0.011927071482595924,0.35001626292374255,-0.18525881424261648,0.03588022460577374,-0.16526001020631925,-0.1457813461786098,0.689824090570665,-0.2255493791837172
1391,105_0.mat,Inner,2,0.12662976161948772,-0.10565942372952115,-0.015654049825155624,0.04374890402215835,-0.11317963262243615,0.21062425421970685,0.016566545719626777,0.04644143870408111,0.1299682473771114,0.6455076415828384,-0.13502600064108777,0.0962497174855273,0.10469956037975874,0.20940608470288197,1.100465228190315,-0.14723983256958117
1392,105_0.mat,Inner,2,-0.17881393092031944,-0.07453838070619954,-0.23255838346677482,-0.20578295335905475,-0.22795381358553962,0.21062425421970685,0.04351946778803624,-0.20294605533324614,-0.17506646367615525,0.32432828181258816,-0.1802705320763941,0.019240902309791485,0.18843150658595492,0.3556639378621454,0.7277226064112792,-0.09687121230985075
1393,105_0.mat,Inner,2,0.04936881616076638,-0.176427106436336,-0.07239965355260218,-0.020446224604303426,-0.13152500445112633,0.37048327962442634,0.278833002972109,-0.017774710745229065,0.05274033957829518,0.30022876869240933,-0.12529835497365777,0.07993472011731058,0.26112758862704305,0.4332235642702452,0.5927931063806352,-0.07146988928522482
1394,105_0.mat,Inner,2,0.08907628552161607,-0.15111183782576804,-0.07476547988052679,0.012455116375244287,-0.1801749171600283,0.37048327962442634,0.278833002972109,0.015132162998259062,0.09242462267227317,0.4901614863496814,-0.11520467427450977,0.1326618785609696,0.26207858595431066,0.413652427822087,0.8778418701566227,-0.06767202997407913
1395,105_0.mat,Inner,2,0.0470321119257857,-0.15168718483964458,-0.057462829123932475,-0.02237640074266418,-0.15723054387316288,0.1125974933583227,0.0377092570427506,-0.01968179248016213,0.05043332964451896,0.1328719998649933,-0.1636545616074482,0.056128554639882984,0.037725657875622376,0.13088105280687873,0.32450781556362573,-0.18302276300245648
1396,105_0.mat,Inner,2,0.13408431418889288,-0.15831239287822324,-0.0476895325558526,0.04998137184055585,-0.15850567599754237,-0.005939482083289718,-0.023943534754448336,0.05263292633432482,0.13736818257660427,0.2716428954625565,-0.13584932343051528,0.1503374613170443,-0.06559486832487298,-0.04563021063207753,0.517431309784058,-0.1539233815789203
1397,105_0.mat,Inner,2,0.08915249214453433,-0.19367008209463613,-0.11402855474372527,0.012518445862432167,-0.22414566558765175,0.03628743028776793,-0.0013482707450038762,0.01515550418420059,0.09245268887125588,0.565914281735931,-0.1206763895100528,0.1885839100634333,-0.0064552877580187126,0.022741074852565574,0.9974123577069713,-0.08342082959795076
1398,105_0.mat,Inner,2,0.09047515935507594,-0.1835230529408133,-0.09799833683899356,0.013617726290993773,-0.23107458824828006,0.25677223702522023,0.0706337845993696,0.016264644659885703,0.09378622171233711,0.33914620947745966,-0.1305291250093358,0.16735434993582063,0.17494049919095678,0.279997026835997,0.6389057368363711,-0.11256960462994187
1399,105_0.mat,Inner,2,0.18818871576180274,-0.05436636570452803,0.10833200934205134,0.09541945166383298,-0.007817527277462431,0.25677223702522023,0.06756728448380185,0.09810737400875613,0.19147482366061308,0.19297049989809031,-0.1544048257482432,0.0013620819670664159,0.0973405317659423,0.2346968143294835,0.38044539885498124,-0.23550101362071124
1400,105_0.mat,Inner,2,-0.01549460077498237,-0.06095670422711367,-0.10299383619736704,-0.07377728996912221,-0.1865659506851795,-0.07923333712734029,-0.14563517091960013,-0.07100379506542008,-0.011950069911605453,0.5306082883695151,-0.1743808728482024,0.041995830700060736,-0.10855214609581097,-0.06851204619868063,0.998631010368148,-0.1788584083185844
1401,105_0.mat,Inner,2,0.11180282209911963,-0.04493416162855179,-0.024151334562656297,0.03137284411922267,-0.11383015005241985,-0.045451807230494176,-0.12691338074034542,0.03409642874147428,0.11518977436308822,0.7397709774827221,-0.13115305676197794,0.08980681365640253,-0.10683247888793684,-0.08230800192066669,1.2566278778844548,-0.1274383180102415
1402,105_0.mat,Inner,2,0.313821352674409,-0.06139257317702018,0.18021740859592608,0.2023078684275527,0.08115737736104066,-0.045451807230494176,-0.12465385433940122,0.20493826545929855,0.31694398588487205,0.36306540091274053,-0.10242607092869842,0.055414724184737627,-0.17359178796324443,-0.1638738731036095,0.5904857749694252,-0.16867559596310738
1403,105_0.mat,Inner,2,-0.0055078813306839265,-0.158312392878223,-0.19654282166091844,-0.06559962971630091,-0.2851476039235187,0.4823845974077298,0.2586586601065336,-0.06288822825941105,-0.0020466915098707695,-0.014543088404266236,-0.13102497152322748,0.18811799485339997,0.40864053124810373,0.5933790577505987,0.09555524612629641,-0.052821320886573764
1404,105_0.mat,Inner,2,0.21393205144307537,-0.16526886131873025,-0.03931668938861918,0.11716483914011806,-0.16371470769199184,0.4823845974077298,0.2630163181654976,0.11977548035596379,0.21710722666678123,0.45192020168187225,-0.07159381719141959,0.23732195125747502,0.3419636504036119,0.4820968301755178,0.7604796050162375,-0.02775764766867355
1405,105_0.mat,Inner,2,0.16277893697313633,-0.19156047637708856,-0.0683943888875942,0.07403521626906906,-0.1614342516661613,0.05800412807859779,0.03593391487057961,0.07664263649909121,0.16598866244649405,0.717874519756802,-0.09287246244467544,0.2152793559056903,-0.0044017188200808225,0.016363995302310697,1.1898420207006166,-0.05225032603033823
1406,105_0.mat,Inner,2,-0.1881636169377799,-0.14556758478295784,-0.23606523420359327,-0.21324138371429968,-0.2554747007569276,0.05800412807859779,-0.10173580084410797,-0.2104430000565678,-0.18445730627268517,0.2669357172182473,-0.20747602822316186,0.012308087800933197,0.057225996947021754,0.174266548932954,0.6293326705835447,-0.1831071753796722
1407,105_0.mat,Inner,2,-0.11999491376495028,-0.058358925285671145,-0.14811197562893164,-0.1586169299148369,-0.16768827532263708,0.22962636478668302,0.048199915332849536,-0.1557986745806892,-0.11631553751604738,0.13914252388572051,-0.19813890496903772,-0.02581046196005462,0.17136836050310178,0.3493754580755738,0.3805954807812084,-0.19252275677578978
1408,105_0.mat,Inner,2,0.2757031059708413,-0.15580178772676181,0.08471732453497895,0.16967304205772948,-0.018757534429045385,0.22962636478668302,0.14907162966072735,0.1722647668270182,0.2788095211567142,0.13209018453609517,-0.08573728821912971,0.1394168494338146,0.08360129188358367,0.1642980326442486,0.2682453992466326,-0.10376853357320572
1409,105_0.mat,Inner,2,0.2991440121259133,-0.1583995666682045,0.1673481775317579,0.18972088982965407,0.08144269165636767,0.13883850318890884,0.10049181204042137,0.192300013138813,0.302218034213844,0.23950016198426288,-0.10221639544705476,0.05517452736574723,-0.019750943579882236,0.05098424113560438,0.4177820531276639,-0.15977450694575088
1410,105_0.mat,Inner,2,-0.07247511311446979,-0.1289173908965306,0.020879024784239992,-0.12020289538736101,0.033870290490476636,0.13883850318890884,-0.05202622002332964,-0.11744026737512367,-0.06890060971650006,0.20304957911461777,-0.2221170418257041,-0.19816999969911886,0.03144242986447787,0.21721444153329786,0.47547075930575516,-0.29579726912140114
1411,105_0.mat,Inner,2,-0.0007084224735089563,-0.15025753468395117,-0.024471406648292546,-0.06166524110832469,-0.06817134375656926,-0.3500888179074115,-0.3189731248206251,-0.05894911527793107,0.0027549109467114308,0.1990515027998865,-0.20144996317861597,-0.04857429712570462,-0.3621514748821644,-0.39582450390222756,0.44570108485405946,-0.2695128203006704
1412,105_0.mat,Inner,2,0.15744510267006268,-0.17088285339352527,0.009647098031060905,0.06955641117540147,-0.0935359580495097,-0.007447586096541812,-0.1356286968582744,0.07218656601228322,0.16068588030605968,0.5052873917814754,-0.14892415584678523,0.09896831062234551,-0.08649680333246482,-0.05714795429795817,0.8675152946986118,-0.2036503194432959
1413,105_0.mat,Inner,2,0.33085957810934574,-0.11744532013499216,0.2648393267169819,0.21695250078753783,0.15067139128795512,-0.007447586096541812,0.07047238985644468,0.21954822343709293,0.33392893328507145,0.4604975473661471,-0.14473881669592303,-0.03661069505007188,-0.16956365189961917,-0.12761486147223883,0.7228772255288862,-0.28400221604823983
1414,105_0.mat,Inner,2,0.007044620483128984,-0.16551294793067783,-0.026851822828518005,-0.05530368738664953,-0.09065497218467355,-0.16473521238912137,-0.03282024561530172,-0.05260396305870528,0.010482144171694944,0.27616446648632487,-0.19498405271622374,-0.03573974190626126,-0.20597432138318664,-0.17929851585181983,0.5695273726153367,-0.25409452180215886
1415,105_0.mat,Inner,2,0.050357803152664735,-0.324570245130547,-0.03482202038174118,-0.019629095704577184,-0.07697028443446893,0.16477789221684397,-0.040889982761532065,-0.017160614262840553,0.05348304861313898,0.5090143723126082,-0.14472400381245346,0.02875710711579892,0.07334995436153284,0.19076118549426305,0.9278430459213646,-0.12909594426646406
1416,105_0.mat,Inner,2,0.2284028990177737,-0.18871861082369823,0.06389058425487912,0.129423906462919,-0.012677185331456892,0.16477789221684397,0.10888433867250052,0.1320055918298741,0.23153306011284264,0.4777901312191339,-0.09906803217407506,0.11067076205575205,0.03759123698781929,0.1109861110757751,0.7925778749471992,-0.10999140905884104
1417,105_0.mat,Inner,2,0.0449131772784376,-0.09615748062156017,-0.04141881021262444,-0.024126117046026248,-0.09208661031895703,0.07610137623762242,0.13486889228336205,-0.021393245336011647,0.048362301941611695,0.0747384521047137,-0.1408973828015497,0.03117301946724367,0.001220234125469976,0.08887234098219216,0.23146146122736572,-0.11467118999483221
1418,105_0.mat,Inner,2,-0.15609939845566354,-0.2738176646034376,-0.18980068118188423,-0.187618630252467,-0.19337102827116787,0.07610137623762242,0.13486889228336205,-0.18498018468125835,-0.15261681363655671,0.16650790590079673,-0.18805082797642364,-0.012697343377366287,0.05547085434291049,0.18109616972261772,0.43947225375154264,-0.13728886964159875
1419,105_0.mat,Inner,2,0.11241074531292042,-0.162217778669385,0.020937807789260993,0.031879750161996075,-0.021913593946460374,0.0278420478135564,-0.08963119512476245,0.03453727098213192,0.11571806758655773,0.42383427090819503,-0.1519102109677177,0.028179706851359704,-0.060950895540954377,0.002871370779406898,0.762622855298286,-0.1866231181738286
1420,105_0.mat,Inner,2,0.34009880336248505,-0.028929053787986672,0.1894675207820063,0.22490859566398902,0.0622205126070623,0.0278420478135564,-0.04766856196436515,0.2275350925501151,0.34319683114102795,0.5377748541026194,-0.1009081041911118,0.07432948156104902,-0.11715757880748043,-0.09146589136226808,0.8284414474689898,-0.1796015667550797
1421,169_0.mat,Inner,2,0.5437235316131926,2.694768561516794,-0.8110299889645641,0.4029018719739866,-1.0434090674818552,1.8541396572449016,1.9514425127814912,0.3854840185400608,0.524037611451038,-0.10872263196904208,0.9916422593776172,1.96331012238028,2.02980240578382,1.8314100968120823,-0.09934521775593802,2.180931556205836
1422,169_0.mat,Inner,2,0.2760203158948999,2.9450218763197737,-0.9830896357687502,0.16994388796112356,-1.170681123168557,1.892464680818036,2.037814840656009,0.14877048721843744,0.25125918653635737,2.359818156439666,0.8276548051281318,1.9191325134058548,2.2093815112013497,2.0570076157462123,3.5556984126930216,2.3071748128087615
1423,169_0.mat,Inner,2,-0.007782373659831994,2.6820500010477395,-1.1410397000109531,-0.06746317724317727,-1.2826423472449169,1.892464680818036,2.037814840656009,-0.08444966266716109,-0.028390332532607945,0.898044823070645,0.6138502453345533,1.8182643788972037,2.3490933673716765,2.267635831500048,1.6200557798065178,2.265624134933854
1424,169_0.mat,Inner,2,0.6055108084462671,2.6306545066932845,-0.7263243505483398,0.457913344019883,-0.9757540353346531,2.1783075572673587,2.085826274306928,0.44140474094581367,0.5869875347234559,-0.3389938389034836,1.0449614989242921,1.8862831335718055,2.2710697612808084,2.143696359888771,-0.39778438981987385,2.182706255785035
1425,169_0.mat,Inner,2,0.3633288131393714,2.590127126510132,-0.8308183535903972,0.2449585283981541,-0.9756290634486345,2.1783075572673587,2.085826274306928,0.22914130564256227,0.3450591954378869,-0.5554618713725343,0.961289373686046,1.7453485764468062,2.3592527741910607,2.316975954466298,-0.7191799863499775,2.45817227097656
1426,169_0.mat,Inner,2,0.07570426246944478,2.483895871444839,-1.2989141185251445,0.001353637045738578,-1.3446446441320432,2.930379784561336,3.151487090568785,-0.01285701639384013,0.05868567547186579,-0.007613239273754441,1.6827372026221774,2.284894056888455,3.6008700737666204,3.420192499767003,0.09727254513671586,5.227304812465177
1427,169_0.mat,Inner,2,0.1859060325035354,2.535317428423206,-1.2424378355467238,0.09349517767736852,-1.371465777772266,2.930379784561336,3.151487090568785,0.07852794283273204,0.16823096929429107,0.2663649141647982,1.6856708212303526,2.330921534963337,3.533574848523773,3.3189260881342744,0.4989959129557861,4.83755455089018
1428,169_0.mat,Inner,2,0.3308217669944149,2.5276028917452553,-0.8154222838938381,0.2169199622529602,-1.028010625263394,1.625976335183951,1.5866521224287793,0.20199609320855774,0.31351856011376933,-0.2750115374035709,0.6013869242554885,1.6696533643797975,1.8131743628408794,1.7173008553634053,-0.3232873088773632,1.6134016575202208
1429,169_0.mat,Inner,2,0.5360843934607581,2.478657284038528,-0.7370112837302345,0.3961328644524718,-0.9654495604217244,1.625976335183951,1.5866521224287793,0.3817891990351278,0.519859027796295,-0.5591707262889462,0.6990734248247873,1.8096530362109027,1.7549043825702906,1.5860101286163062,-0.6912159509947828,1.529709909843938
1430,169_0.mat,Inner,2,0.6189449302898987,2.4420653600660858,-0.945354391959211,0.46993596166172613,-1.20318411722046,2.3185487664252364,2.3970561708380123,0.45604862607538443,0.6033825136323044,0.3399040590975488,1.2826857747711031,2.342825051948786,2.598775576698715,2.286593023831424,0.46535741405303865,2.664153704207594
1431,169_0.mat,Inner,2,1.125219376427045,2.3877508518334873,-0.7238917176375746,0.9390890646114931,-1.1271494436506728,2.3185487664252364,2.3970561708380123,0.9256793189224746,1.1109462089763908,1.002927134032146,1.713795858542355,2.6068465914059633,2.4020386300891556,1.9503368276242574,1.0220489184033796,2.4717668489559452
1432,169_0.mat,Inner,2,0.047636419851419136,2.4702129938910415,-0.9304725593148631,-0.021877291231703185,-1.0898430374740629,1.4226282689312029,1.615603740710741,-0.035889736056830865,0.030794555686574982,1.3001250249156961,0.40380234756854816,1.4826128901646494,1.7013168360511737,1.6722235316788399,2.223342479294589,1.5204205059142852
1433,169_0.mat,Inner,2,-0.1729470537619647,2.336563858470329,-1.0866033028969397,-0.20109737563024954,-1.164197517732196,1.2639342942186316,1.2783173877258915,-0.21325253997195476,-0.18798008751550283,0.7160613236657424,0.3105931380415697,1.460060147202293,1.660543117328338,1.6340432163398766,1.4353485267410586,1.5819830700120994
1434,169_0.mat,Inner,2,0.5681010437296501,2.2452404242826973,-0.9044924548226881,0.42455035623962883,-1.096053268450851,2.102108392751362,2.2923478180515855,0.4132205221524718,0.5553288352777099,0.6896190634301983,1.232091807294102,2.184902026479381,2.3487905403779115,2.0864501324261653,0.9327948286088655,2.654730102052803
1435,169_0.mat,Inner,2,1.1162338200437598,2.3315598346792257,-0.6819006970692947,0.9304894023027981,-1.0468058807343685,2.102108392751362,2.327572286961304,0.9178124712077798,1.1027158122834266,0.7308077203627305,1.7956621046871537,2.5091095030500705,2.1629264600844342,1.7359866812758664,0.7426941423901805,2.6222861616164455
1436,169_0.mat,Inner,2,-0.004902672714304517,2.242295347780641,-1.09117821515378,-0.0651036609474754,-1.2055595517705042,1.943865300669063,2.24144122257247,-0.0761436548497204,-0.018229801333342868,0.32756480759692064,0.7156762491714124,1.7208672802302167,2.356368653651816,2.32636996371659,0.6654519486723974,2.5574587894062177
1437,169_0.mat,Inner,2,-0.511984480022425,2.2442239819501286,-1.354630890526937,-0.46496948832764806,-1.3132305446765609,1.7865072627040761,1.9401031289543897,-0.47582620174199297,-0.5260762211747456,0.9919826750767171,0.4040396585150345,1.480570758732671,2.438997780503555,2.5534468784723865,2.3086464243451297,2.627313204229532
1438,169_0.mat,Inner,2,0.34275995523520986,2.231349045737603,-1.1453135586308878,0.2272021050342625,-1.2997555158697438,1.7865072627040761,2.067248985909336,0.21614526431988168,0.3299764558547419,0.9212484770562043,1.186197332050101,2.358122688429395,2.2439228391106076,1.8904635364071187,1.3806247560548432,3.0528691341615937
1439,169_0.mat,Inner,2,0.866187343603026,2.1704667562791817,-0.7879384356385094,0.6951378630992218,-1.1326349730743495,1.7729640726526779,1.8988470729025946,0.684574839055103,0.8546274496304871,0.31471254971513263,1.2748594147727488,2.3737117493025375,1.9336221374382416,1.5440739376291246,0.36686990342979026,2.1655639287129618
1440,169_0.mat,Inner,2,-0.1581175474737259,2.1718220127226053,-1.2620140314202442,-0.18923505201061608,-1.4061423835505689,1.4717911867741018,1.5485324916908636,-0.19935631905077134,-0.17057465993121393,0.2849281680206583,0.4426634745073877,1.84053592267846,2.0187395145350346,1.876020838285351,0.655674574315505,1.9975225249112256
1441,169_0.mat,Inner,2,-0.5120900497694434,2.1099754061794402,-1.7211354622590893,-0.4650494660240037,-1.7007137385829425,2.577338685058228,2.6918801503426497,-0.47430052455286476,-0.5240582713442402,0.17777372399996352,1.082632945468322,2.307921949056702,3.747808074918516,3.5681745770158897,0.5962634786652103,5.4766897564389865
1442,169_0.mat,Inner,2,0.744161284987116,2.0461480402189633,-1.0151234423891273,0.5830565136388809,-1.3233773339541561,2.577338685058228,2.6918801503426497,0.5739914248450835,0.734110709366541,0.5978267833561756,1.5608396311195687,2.675052856483855,2.9238679173511546,2.4752713489078886,0.7385613088218416,2.959530932807371
1443,169_0.mat,Inner,2,0.831840968347016,2.016488774207113,-0.708814023655311,0.6634066467129125,-1.0388409041864208,2.0236548150840044,2.125152222473258,0.6546309404267383,0.8221844033842856,0.7553308405965387,1.1847328056686628,2.1678292939788593,2.110395773281012,1.828738074441425,0.8871210694911273,2.0510271209650455
1444,169_0.mat,Inner,2,-0.6066199691351096,2.047346920918916,-1.5479971641264088,-0.5361171393875384,-1.5046354792651822,2.0236548150840044,2.125152222473258,-0.5446162092286891,-0.6177573822225616,0.2259873401215947,0.66888494779146,1.7443024010776567,2.9011488514280015,2.947232714124762,0.7422498916828573,4.045103173759996
1445,169_0.mat,Inner,2,-0.41757948084647073,2.050422310540531,-1.5256067932725954,-0.3929049889980446,-1.528577262393363,1.8469255351605467,1.7577079337780337,-0.4015128298792597,-0.42853927948409465,0.9268964383183933,0.5903472721710489,2.0049886744227225,2.679089563158314,2.547730645471192,2.060328961699308,3.1341569200918076
1446,169_0.mat,Inner,2,0.7413779983662576,1.9680644189786252,-0.8592934975647656,0.5805212748848352,-1.146299374886453,1.8469255351605467,1.7577079337780337,0.5723185057730897,0.7322725143629994,0.972747410542167,1.0762184175301455,2.3417069991026986,2.061500264343018,1.697742444212741,1.1911004345190588,1.9915984591244187
1447,169_0.mat,Inner,2,-0.021004644282019074,1.9236276452086731,-1.1220811541880689,-0.07828399257179719,-1.2687171551914476,1.0060127185597176,1.003759541018626,-0.08567059012763141,-0.029885167050349173,0.07503006246041086,0.37251739690734265,1.7594126560565784,1.4236019621168226,1.224027874597829,0.24929732570991894,1.5225724412288175
1448,169_0.mat,Inner,2,-1.1478764588113954,1.85148630222027,-1.6933306943513322,-0.9220136927451453,-1.5985668344197188,1.0060127185597176,0.8286022504127596,-0.9282152791435281,-1.15673552143075,-0.03784909657165814,-0.07860556020585646,1.1564182700238277,1.8900611416003834,2.063016005531456,0.2963392722032577,1.5398778700961455
1449,169_0.mat,Inner,2,0.049936695600728415,1.9010313502769733,-1.3770266138437417,-0.019977041228749725,-1.4673815080261023,3.1977531843127345,3.368865491169178,-0.027156423983586284,0.04138360628311801,-0.11139298383129785,1.8150975110817313,2.420755685154445,3.985458938613622,3.7588788938102415,-0.06758113103450454,5.685310514948876
1450,169_0.mat,Inner,2,0.8096742393636601,1.891388179429535,-1.0822571168322326,0.643004230077486,-1.3867583692548353,3.1977531843127345,3.368865491169178,0.6355820222640052,0.8014726318852214,0.0008242596208104123,2.181174594207437,2.9212848139736,3.6227649585263997,3.084425173993051,0.01231666472864174,4.012486420659
1451,169_0.mat,Inner,2,-0.6494054299660255,1.7903955117705528,-1.7735021769122927,-0.5679244087440183,-1.8421677036772146,0.8135025465767344,0.9998993252476982,-0.5736981466595588,-0.6569351057799105,0.31244383274643045,0.18406594220982314,2.1992341891946787,1.7382858985024203,1.4008463122217136,0.9555871498170999,1.9567943219543387
1452,169_0.mat,Inner,2,-1.209037180289255,1.8671760018152914,-1.9332499067909987,-0.9633684982510994,-1.8507679830559873,0.8135025465767344,0.9062890928026898,-0.9697089485543092,-1.218211087924438,0.2241049588009119,-0.020746777805473553,1.5968009737058624,1.8884631010030264,1.8401159712565103,1.101748467474263,2.0550930119239412
1453,169_0.mat,Inner,2,0.04199495863485606,1.8070495284503176,-1.1969897811765318,-0.02653494647034727,-1.2872540209891448,1.8324972909918364,1.8549371185082861,-0.03275359821482813,0.03459900603291567,0.5639696821286464,0.7791044052567346,2.011085608481103,2.3383696606044313,2.1587857956408296,1.0268349194666162,2.6308824556548642
1454,169_0.mat,Inner,2,0.5177586181563801,1.7677210289671164,-1.1472785682586208,0.379923539183794,-1.3370132657734153,1.8324972909918364,1.9277986911845555,0.3738806498086443,0.5109068720168471,0.5797898247654817,1.3087226744669846,2.6276076309014846,2.2930392774585275,1.8246572699824453,0.8099792295652539,2.923055423070849
1455,169_0.mat,Inner,2,-0.8014127029740361,1.724066133914524,-1.7382428614994598,-0.6791198973114725,-1.6764076440083389,1.4663638840676025,1.612226051911178,-0.6841956556645256,-0.8081662439077685,0.32086653374316804,0.3485903465261729,1.8516285087436049,2.4707717267125444,2.390546532316171,1.0716429923717883,3.124764035540049
1456,169_0.mat,Inner,2,-0.4835085861002394,1.6694128115710696,-1.3078112824716606,-0.4433469600225822,-1.315451555983839,1.0317130284852314,1.1627521780837298,-0.4480352779838583,-0.48942110921869564,0.06918432085288895,0.20024449041310294,1.4286501927198574,1.590335361042795,1.5644740476054084,0.3578395758625447,1.7004460360404545
1457,169_0.mat,Inner,2,0.3075322671443989,1.6534624857369284,-0.8664103082446354,0.19691125846586752,-0.9613754058332014,2.509706290517404,2.4542356169448856,0.19203703000002337,0.30191128028842973,-0.4330600301727453,1.0754304971891622,1.7343212651515478,2.7129520884017264,2.7341384883760487,-0.5513963196482552,2.838794380686281
1458,169_0.mat,Inner,2,0.22343262525304397,1.6473117064936977,-1.2353263724760781,0.12521042411637792,-1.325937462797748,2.509706290517404,2.4542356169448856,0.12042909902856191,0.21787895294971701,-0.04532329547938277,1.3741177380715988,2.373136498383715,3.0840912699191856,2.802683332205132,0.01710333399831656,3.834755124426986
1459,169_0.mat,Inner,2,-0.7982594758981104,1.6840339435856992,-1.6761298224009484,-0.6768419378854297,-1.5878167063130688,1.6331904572683058,1.8510769027373588,-0.6815440570581767,-0.8044917422749663,0.12502945977433147,0.43289904700950294,1.712925792867341,2.59793601140598,2.612109195710379,0.5963840849971813,3.5411442094580097
1460,169_0.mat,Inner,2,0.07386206099658715,1.653306109993457,-1.1516517569561753,-0.0001740501206841869,-1.2785877811624624,1.6323054031509936,1.8532482741085052,-0.004944808675069977,0.06824032345939589,0.26327939876880263,0.8123596042957312,1.9640226325404921,2.090641443709105,1.9002707349298447,0.5280198092363264,2.6530579880257616
1461,169_0.mat,Inner,2,0.1448530604548547,1.6164274971579835,-1.333688998335936,0.058996698234644304,-1.5197563008649682,1.6323054031509936,1.8532482741085052,0.05452658623343702,0.13962984631812064,0.21779038520200977,0.9154766282658157,2.47181886438788,2.25364629590688,1.8503788498903508,0.43339894043932725,2.784703432267693
1462,169_0.mat,Inner,2,-0.9281573194839043,1.6437411270177544,-1.9651504989627795,-0.7696772666626226,-1.9275745685103678,1.447877696226444,1.2194490972192367,-0.7739629418403886,-0.9339440087349197,-0.2508854349394379,0.2126370219933014,2.184585367632144,2.7034342883235665,2.481461371607289,-0.3149341051542729,2.7584067839460236
1463,169_0.mat,Inner,2,-1.1641643513121407,1.57811544000735,-1.9451675473949817,-0.9330716587292145,-1.8352981549667586,1.447877696226444,1.2194490972192367,-0.9366918314111591,-1.1692385567746195,-0.19638808630014695,0.09603355134348944,1.7066803270123463,2.6799146153340794,2.711171649109845,-0.16345448493674092,2.706396861646225
1464,169_0.mat,Inner,2,-0.22326996138904076,1.4914050902521412,-1.2466345191635062,-0.24115107887051887,-1.2631778035040824,2.2567611349347163,2.3215406998192294,-0.24439824919122463,-0.22716098728307066,0.07540352864667048,0.7883161679247289,1.7073048181892445,2.8305025450256824,2.886457768505573,0.2975807642747943,3.3143685296223246
1465,169_0.mat,Inner,2,0.2739572444315294,1.4415212280845822,-1.1685569228788786,0.16818257905884318,-1.3426122204696471,2.2567611349347163,2.3215406998192294,0.165125451276601,0.2704491888719084,-0.10094566507939513,1.0618607568789162,2.304122265319654,2.751151380040944,2.473287025672428,-0.07027624223889765,2.876299307542679
1466,169_0.mat,Inner,2,-0.6552487642038508,1.448896950651677,-1.70175615209401,-0.5722510622355305,-1.6903250741060045,1.8446544108659535,1.858073543822166,-0.5749833762144242,-0.6586723635324605,-1.1930729378833675,0.4550914102982141,2.0161641667806327,2.8712347525826836,2.7592425261021494,-2.421063641339365,3.205413118558563
1467,169_0.mat,Inner,2,-0.2695753646525806,1.2427937207556172,-1.2652749490050512,-0.27773379834463113,-1.3063262999674363,1.8446544108659535,1.858073543822166,-0.2790941960497482,-0.2710891568487133,-2.2057708459362866,0.49289820366252424,1.6743755705845202,2.414994998919363,2.4193487962189115,-3.9380893175699065,2.379619229590248
1468,169_0.mat,Inner,2,0.054829534711201056,1.428072914145993,-1.0438484432595678,-0.015932933571196194,-1.1578337171035649,1.5885697880145935,1.6414189336788225,-0.018788691590136537,0.05151381808198759,0.33158062974927893,0.5727480042282552,1.7148087386806399,1.95556651664495,1.8624121533685947,0.6436538220024932,1.9852607394350104
1469,169_0.mat,Inner,2,-0.09633824910485603,1.5984182240347944,-1.4459857211937663,-0.1395278496765662,-1.5339221264537137,1.5885697880145935,1.813439798970809,-0.14373610129430484,-0.10136824036952691,1.6967784812246156,0.7787872920509092,2.3452037058571604,2.312655224295787,1.9716592616790825,3.0582564275980006,2.952079067119379
1470,169_0.mat,Inner,2,-0.6643505146729073,1.3362803527279445,-1.6772135713132432,-0.5789820767799607,-1.6243327348495402,1.4965730202958387,1.6271843880235253,-0.5808490517503506,-0.6666074064324767,-0.05018491312125415,0.40263675313850666,1.9428498582584461,2.4414275112675856,2.309958452410528,0.14463389673129473,2.9861865408480748
1471,169_0.mat,Inner,2,0.756300737071914,1.403626172916541,-0.8438169442893503,0.5941251574601415,-1.0866096078123313,2.0795642612377536,2.3118901603919086,0.5911437286187946,0.7529314234365059,-0.8071146587500136,1.3034549239656272,2.3313823556552093,2.2746879688346304,1.9363087295246586,-0.9479505676634092,2.4075389441407467
1472,169_0.mat,Inner,2,0.14104169155508217,1.3656008046289396,-1.2300158933251746,0.055804295257902745,-1.3629030477359778,2.0795642612377536,2.3118901603919086,0.05339094773276013,0.13827360361207705,-0.5774712016730508,0.9848135846931358,2.234381774983463,2.6277922906358695,2.3721830285338985,-0.7965393659793754,2.9818832543114566
1473,169_0.mat,Inner,2,-1.2446790596660307,1.2289284048344356,-1.9140995679897068,-0.9872575736679414,-1.7616405467187253,1.0930497773454784,1.2167951988767232,-0.9881564045598062,-1.2457646510552405,0.22304721448143655,0.0297139467634718,1.4870248204367176,2.2109022579323665,2.2778438676921797,1.1191990489536217,2.4694383295355995
1474,169_0.mat,Inner,2,-0.6092768880529449,1.2565026609333265,-1.5345936115950423,-0.5380988402479058,-1.5181080320424838,1.0930497773454784,1.2167951988767232,-0.5394185791868258,-0.6107819429585355,0.4087084148179107,0.21782096073273258,1.7101334026019066,1.8459392353757649,1.7368122509504098,1.1391724868796125,2.0136161527944583
1475,169_0.mat,Inner,2,0.5294902171320175,1.236460503145002,-0.9378868601767433,0.3902955263021538,-1.1819164914533062,1.9546697726523627,2.123704641559161,0.3886323777148245,0.5275962804850164,-1.0761483477577667,1.0706703546838154,2.197247600432221,2.232427766322349,1.9511775844671144,-1.367239447789949,2.3515934435878605
1476,169_0.mat,Inner,2,-0.059292517377759694,1.2102936287373585,-1.3397821679084614,-0.10949747416991953,-1.4362217892261813,1.9546697726523627,2.123704641559161,-0.11072588745957018,-0.0606357652297795,-1.3493458854066362,0.8658856698016524,2.163756245742762,2.6048233023116163,2.3821692552895914,-2.1513219161075234,3.1264028087481734
1477,169_0.mat,Inner,2,-0.8674799607256043,1.15689131234168,-1.7584336488733376,-0.7265689619282036,-1.6908417372521585,1.4474435247394042,1.5550466058043049,-0.7271304467953436,-0.8679860956148328,0.33049799837379684,0.2788299679795148,1.7850203878794761,2.4701665064914864,2.424809382925107,1.136924757825569,2.9342704962009654
1478,169_0.mat,Inner,2,0.04424021991539137,1.0435970861962358,-1.3182384233228395,-0.024681698733325264,-1.4809761631319445,1.4474435247394042,1.5550466058043049,-0.02492141183138405,0.044090863894907524,-0.33792199382198207,0.6358637783046206,2.2786961862318766,2.042093381200771,1.703747995394138,-0.4331571767935992,2.1858436016783735
1479,169_0.mat,Inner,2,-0.033449354352629815,1.2394837675187933,-1.2555459417833654,-0.08844895803172066,-1.3622736263376851,1.5348980438689728,1.5876171763715117,-0.08988478707078296,-0.03504736676004948,-1.361021623037413,0.6615567387607443,2.020050830870343,2.0795908480427836,1.8616831525117095,-2.1490869597943747,2.4272807428673877
1480,169_0.mat,Inner,2,-0.7119447239562582,1.214255147571982,-1.5212287667241982,-0.6140145770363526,-1.450082631590459,1.5348980438689728,1.5876171763715117,-0.6150081510234137,-0.7130265055025645,-0.9188538180814163,0.3429214946629282,1.512212182985269,2.3266659136123873,2.4022403276341975,-1.8484331782474264,2.8318504800263535
1481,169_0.mat,Inner,2,-0.2943137148903543,1.0025223909109315,-1.306908121560945,-0.29717051424056157,-1.3594193047937604,1.8739784929768775,1.8742381973629278,-0.2970381201783614,-0.2939259273907826,-0.2947887260999216,0.5120767926145742,1.723144493938649,2.4861146068284863,2.476271021734617,-0.38155702965861543,2.500049053164146
1482,169_0.mat,Inner,2,0.5766173559898936,1.0362734888769656,-0.9078341157193068,0.432130391225987,-1.131950178654946,1.9600803642156288,2.21417844869029,0.431696012591412,0.5760974888861343,-0.5804567445001428,1.1699568499454143,2.2040215231575773,2.212225999536184,1.9255946478745216,-0.7085383883858402,2.4756912454677615
1483,169_0.mat,Inner,2,-0.11803541185544729,0.999160312426284,-1.2216530921793485,-0.15703836199337526,-1.244923668717786,1.9600803642156288,1.7890721869168253,-0.15696002821680174,-0.11775641598772492,-0.7926791194030456,0.6821770670810489,1.8174791835709845,2.494611731900145,2.4359181870460564,-1.2354317312617586,2.6782247794566834
1484,169_0.mat,Inner,2,-0.7721666628701213,0.8832076986418163,-1.4802038233964419,-0.6579453114094206,-1.3656153146924213,1.0795232984373144,1.1292165535737912,-0.657007585877799,-0.7705978824269755,-0.5817483327327541,0.17955434075132426,1.326271702104447,1.783640800635125,1.846364136013736,-1.095319273035412,2.180392370329193
1485,169_0.mat,Inner,2,0.09248358290446779,0.9287391026160724,-1.2533804878460626,0.01528735355242125,-1.3512880738421613,2.529996008879651,2.767154357875749,0.015649672238659863,0.09304686535527085,-0.8833457970742626,1.2236891383597726,2.2104558264844956,3.125070189363624,2.9365041050171086,-1.2901406916114189,3.779793743561019
1486,169_0.mat,Inner,2,0.6902074361359961,0.9887352628614859,-1.0842371497708787,0.5340797026508707,-1.3580930249388998,2.529996008879651,2.767154357875749,0.5338571476826751,0.6898852899439696,-0.7227406520765389,1.728325730984727,2.746992330364373,2.946076943852076,2.463710613527666,-0.8623781619642328,3.4027306496393783
1487,169_0.mat,Inner,2,-0.4916941186715709,0.9729413127708166,-1.4745981431224724,-0.44957260503621627,-1.504711159864267,1.6593416498240916,1.8877489525611761,-0.4492006641465108,-0.4909538605862855,0.00031701570902698754,0.3828917708083853,1.7698449845699524,2.418524522094684,2.372979486365522,0.21597065936381485,2.4552779806400684
1488,169_0.mat,Inner,2,-0.7288426096569239,0.866944621320731,-1.5729701898048278,-0.6263859752131362,-1.527530261957005,1.6891166145652872,1.954337674609687,-0.6253863359416751,-0.7272009518985572,0.36570866736015745,0.3588968560297681,1.5975164081673208,2.5520482213199305,2.622295839757705,1.1225023150261701,2.946689027719969
1489,169_0.mat,Inner,2,0.47700796393869377,0.969344670670961,-0.9289555715413609,0.34402624637132806,-1.0885522900925748,2.1972446277387907,2.4199762019778976,0.34400647110681676,0.4769897749772659,0.4789100067457925,1.367408989196567,2.102786864351826,2.4640110681714793,2.2551395902610687,0.6901563226815123,3.1361502961675116
1490,169_0.mat,Inner,2,0.9789459391446413,1.008725295401986,-0.6027401213637086,0.8003241604242098,-0.9270338220690704,2.1972446277387907,2.4199762019778976,0.799853987151342,0.978248448394923,0.4436770535773215,1.4410637114549076,2.164729238656785,2.188688455546651,1.917476536916513,0.4782263142101636,2.2491716557879
1491,169_0.mat,Inner,2,-0.45617897427764525,0.7399414549975776,-1.4079899155621725,-0.42250167296357993,-1.4563320730776408,1.4808088393795449,1.5130667592954614,-0.42104643421669247,-0.4540297629961932,0.02813492979787683,0.3291184501548508,1.682259679136919,2.159091504141214,2.115928727200394,0.26412945814166744,2.1543384867258237
1492,169_0.mat,Inner,2,-0.7706753595084234,0.699049198079657,-1.5766559449451036,-0.6568627846594431,-1.53118364268926,1.9267150495754881,1.9381730210689254,-0.6551243575752153,-0.7680044548846838,-0.12784482206850842,0.34736751663596205,1.5362051510281138,2.823993938911632,2.979410868750601,-0.018523782628641544,3.0038661729039093
1493,169_0.mat,Inner,2,0.6895230864986341,0.7575076635142626,-0.7358694709002758,0.5334607657116824,-1.0024798126530403,1.9267150495754881,1.9381730210689254,0.5343486743235004,0.6904285215570516,-0.11276756687873093,0.9901380119474347,2.022074611679461,2.0398782615076527,1.815838491420186,-0.11463680400871895,1.886986299848989
1494,169_0.mat,Inner,2,1.2001928067022136,0.7114810696856785,-0.453467415647544,1.0112271895942797,-0.8626305988000712,1.918615873373822,2.0718329921373133,1.0120536624096754,1.2007483891830695,-0.07522069162733973,1.3179835863253253,2.179469549928948,1.8219008605367766,1.502112782504582,-0.10260350802525621,1.6877407183055906
1495,169_0.mat,Inner,2,-0.36254914652063946,0.7069461731249914,-1.466829557703098,-0.3503949998966369,-1.5325305357215202,1.918615873373822,2.0718329921373133,-0.3488457978440038,-0.3603217564285696,-0.10170848765299191,0.6391991393503984,1.9621052569542212,2.6963733209379486,2.5901678947714926,-0.010678992783215688,3.1373704407082386
1496,169_0.mat,Inner,2,0.28083786748483824,0.7739010539549077,-1.031929533113401,0.1740588078626973,-1.2147411878102448,1.7400663517860426,1.81512864337059,0.17506377364684478,0.28208450279134323,0.2865696692608517,0.8079416763365331,2.0257006428013247,2.0982957701851888,1.880220494657724,0.4920397097949525,2.195588608189701
1497,169_0.mat,Inner,2,1.0387196231972733,0.7851601074848897,-0.44772317816951823,0.8567137008581428,-0.7563289486428886,1.7400663517860426,1.81512864337059,0.8573169225957019,1.039132184709031,0.28454731785268506,1.0913800398900757,1.9544751443231783,1.6568586705171002,1.4109655123734473,0.29119361712210123,1.5465717766329328
1498,169_0.mat,Inner,2,0.3360352222809827,0.6952701176124175,-0.9974269298598729,0.22140807420289918,-1.1268589343563307,2.1918340361755235,2.227689203888538,0.22270623225492003,0.33759491964021093,-0.3322097935234594,1.1089826444184845,2.036388930513754,2.520892385205025,2.3525172958886476,-0.4037822270789788,2.8420184945825744
1499,169_0.mat,Inner,2,-0.5088459235404694,0.596232146746835,-1.5644446422007274,-0.46259115377872156,-1.5316661459616778,2.1918340361755235,2.227689203888538,-0.4605869633436804,-0.505949421183714,-0.2981667004634731,0.8250448455455055,1.943019622137671,3.1088384865594136,3.0704395157669313,-0.40194131373054237,4.328562700764153
1500,169_0.mat,Inner,2,0.3010377473010794,0.6177598740981431,-1.1121226658442156,0.19134343851706265,-1.236510685558877,2.8920547609882026,3.1326685386855098,0.192937123148658,0.3029611288064868,-0.0332848228532674,1.6843512338728825,2.223731494131055,3.3449614490576614,3.17305750444876,0.024617587053858116,4.385834051794803
1501,169_0.mat,Inner,2,1.262825590026199,0.6511200327054976,-0.6125572585399515,1.072017824198711,-0.9402233067025344,2.8920547609882026,3.1326685386855098,1.0730390517670765,1.2635442150899638,-0.19492755750757265,2.4309636782687005,2.5716684888173806,2.8418829998197377,2.4383856021698063,-0.22346941103548731,3.2926578481879876
1502,169_0.mat,Inner,2,0.00024909406529133505,0.6023568633661539,-1.205258859586919,-0.06087997377875138,-1.3154446762461054,1.902367387540791,2.0033141622033384,-0.05910398416432253,0.002566197654751403,-0.30286571040089455,0.7078234803980873,1.9646559287459016,2.4188130978498807,2.273165854039547,-0.3788758526198819,2.487727506541312
1503,169_0.mat,Inner,2,-0.7053795811764749,0.4272681559253684,-1.4262381129695085,-0.6091986495146547,-1.403322757759589,0.8400879106195597,1.0068959663325052,-0.6066425527375674,-0.7016252120158774,-0.5696904309058858,0.08259590346469035,1.321262774124991,1.4765205404280721,1.4763049290532242,-1.039060372363992,1.5710927710552103
1504,169_0.mat,Inner,2,0.33805406047028846,0.5040225833461952,-0.876892978782877,0.22314692513496465,-1.02847638868527,2.4732015086085894,2.6173297332666,0.2250752401802135,0.3403437384285586,0.7904756660462915,1.1272918967764742,1.7984989135552176,2.6871341874452295,2.668477581966654,1.188011604242784,2.8813798528388137
1505,169_0.mat,Inner,2,1.0271255070427103,0.5910456845883478,-0.626432267249734,0.8457418749056934,-0.9561479836042708,2.4732015086085894,2.6173297332666,0.8470855631096371,1.0283268397160135,1.2569674057805833,1.698262224241836,2.2764655082917704,2.4645547969821457,2.171014696600709,1.335753806706996,2.6029207469511517
1506,169_0.mat,Inner,2,-0.23032610807821344,0.45377384444386787,-1.2357015522733887,-0.2467425730438465,-1.2779789588266344,1.7801781947370332,1.9142879359863076,-0.24443845821214813,-0.22721172297762685,-0.015218615372775674,0.5263699548661441,1.6736971224619333,2.3194496083704688,2.3078982882259207,0.13228085952164795,2.4013086445308165
1507,169_0.mat,Inner,2,1.0235192094097856,0.46578871406729777,-0.7524394536434392,0.8423324863081386,-1.0581394562697868,2.4934745158276064,2.8306066546103823,0.8440422668608001,1.02510989669835,-0.1673594180345081,1.760678325631619,2.5229276359878963,2.593239061649066,2.19423512112942,-0.19079192795185534,2.716453255215541
1508,169_0.mat,Inner,2,0.540995037341492,0.48802013226422986,-0.9864679798536694,0.40048334646587713,-1.1880583997182268,2.4934745158276064,2.8306066546103823,0.40236353725624635,0.5430965142312303,-0.20597963813614806,1.4821660195677469,2.314813457419013,2.811629593823463,2.5343840471036745,-0.22720142783153427,3.2366219526131452
1509,169_0.mat,Inner,2,-0.5426233169376529,0.46492864747820206,-1.3261761368877718,-0.48812376241904337,-1.3006810261428663,1.886152323994225,1.901983498216474,-0.4857228778743663,-0.5391821907504931,0.5008132424007113,0.37975112583846005,1.3734892953626754,2.517958438673673,2.709098807972667,1.2859564446349767,2.556471045705617
1510,169_0.mat,Inner,2,-0.3480088379655279,0.36450935754528363,-1.337034482420405,-0.33910106946864377,-1.3723147388740882,1.886152323994225,1.901983498216474,-0.3365479472583774,-0.34449826837605024,0.8998630132658059,0.4541213066281554,1.7025464495021287,2.5286694548020945,2.537004884080574,1.9175746778241565,2.400560193163865
1511,169_0.mat,Inner,2,0.6965352467122112,0.38436907696622413,-0.9082347640205548,0.539805387830862,-1.1750568340288015,2.730187896720494,2.8347081338669926,0.5418624426450721,0.6987277184353655,0.27718200795764675,1.4876967152535088,2.378156580373821,2.968898809055532,2.674063901183783,0.36122020593697357,2.8895157129392084
1512,169_0.mat,Inner,2,0.583867661437651,0.35077435474366203,-0.9617820040180047,0.43859058599604933,-1.2065378280159873,2.730187896720494,2.8347081338669926,0.44076809802906053,0.5862739263460561,-0.09592662727363278,1.439609975024898,2.3259454779657793,3.022566845951163,2.7604294165533005,-0.08695576042845878,3.040931823744354
1513,169_0.mat,Inner,2,-0.12073182524959486,0.21384132871003803,-1.2348442307867482,-0.15921046186771257,-1.30064384415377,2.5732974525290118,2.8465300446654593,-0.15651014239907746,-0.11719821026608133,0.33443573600137483,1.1028295801443302,1.8410251135086386,3.1502447443088597,3.178158825400849,0.7195434482764572,4.047818691876208
1514,169_0.mat,Inner,2,-0.017288294421663134,0.40722599813704385,-1.2028389560743562,-0.07524477156620846,-1.275807181044234,2.5732974525290118,2.8465300446654593,-0.07291908903797636,-0.014289431111455671,0.8470991218573866,1.1969752409296825,1.9326514205715288,3.115384120668775,3.0839572320437587,1.5238760722552658,4.022890793312657
1515,169_0.mat,Inner,2,0.34524290545611175,0.4223423200060011,-1.0727591248616204,0.22934281180546892,-1.2339508271180646,1.9682129627037601,2.2679802059976013,0.23147624366789507,0.34776562068319766,0.06609195102211025,1.0754847036097395,2.2065285279855034,2.364457009449598,2.0935830690029427,0.15974401526865142,2.735877300718195
1516,169_0.mat,Inner,2,0.4414014905493696,0.4979499919746999,-0.9415983484076811,0.3128265440912148,-1.1219468825884193,1.9682129627037601,2.2679802059976013,0.31472517215660234,0.44358954373735104,-0.5866862935194611,1.0407627281734964,2.0767290664753,2.248987188766111,2.0262065530232776,-0.7426494816807669,2.4494199387208684
1517,169_0.mat,Inner,2,0.23555984133310967,0.7704607875985242,-0.8545352081965564,0.13549640922708056,-1.0172475239077035,1.6250912810666391,1.7152455602978234,0.13653595284368517,0.23686916190564036,0.3260186281491537,0.6341561477842332,1.6084387127935973,1.8420356865580154,1.7798544753823387,0.5652240586334032,1.8246318335098048
1518,169_0.mat,Inner,2,1.198715854267194,0.7397068913823696,-0.4762795703603126,1.0097994610142027,-0.8443166039054836,2.038550653026219,2.286798757880876,1.0105140196361984,1.1991565801864748,0.8847577924236814,1.559084877185864,2.2203897042679754,1.946786621092164,1.6235411447497132,0.8611023236550481,2.069042001417744
1519,169_0.mat,Inner,2,0.05167332210584902,0.680388359358668,-1.1098909918551663,-0.01854199171987182,-1.181052707921421,2.038550653026219,2.286798757880876,-0.017063279480657202,0.053600761089634505,0.41279644204648147,0.9079124623123825,1.843911472517793,2.4701467548253175,2.393854700505744,0.7732539461833073,2.967307446421095
1520,169_0.mat,Inner,2,-0.9324381905184329,0.6091070829593604,-1.5629602546947161,-0.7727016306155723,-1.484697453423976,1.3243358555318698,1.39436512433942,-0.7705795643158154,-0.929153670542,-0.22053392828107748,0.10604929709241909,1.2384148420585612,2.1312638721313966,2.3154314671328624,-0.23666329351803014,2.157334564901821
1521,169_0.mat,Inner,2,-0.12751661421668298,0.5802557582887816,-1.2453080499724598,-0.16467202942159317,-1.3450292140766074,1.4027894331992274,1.6423839876215547,-0.16277038225096116,-0.12496999830613101,-0.551208317557055,0.6618384092296304,1.852610368949505,1.9317980011205778,1.7703786485086825,-0.8183958134671119,2.6284983769906924
1522,169_0.mat,Inner,2,0.853700645938532,0.5583892168266177,-0.905982199645456,0.6835852387276599,-1.18657699259401,2.286536099675912,2.527097189621154,0.6851161771839355,0.8552126864914518,-0.6580686218073617,1.7935536658193734,2.6005334084190292,2.5311386554823,2.0914199270886673,-0.7492405650131709,3.138811854536143
1523,169_0.mat,Inner,2,-0.052103528840235454,0.4682646633389374,-1.3673686742321802,-0.10365044058232804,-1.439622929750128,2.286536099675912,2.527097189621154,-0.1014572044166064,-0.049243657616564615,-0.14559120211440668,1.035758489123506,2.2367707821966434,2.990496890913438,2.7728280219043744,-0.11729001242774842,3.628443996930959
1524,169_0.mat,Inner,2,-0.7459376706396653,0.40274322682418096,-1.4324548212889423,-0.6388662339646805,-1.398103631243799,0.7390902014385935,0.8290847773841259,-0.6362387115406312,-0.7420591067260385,0.4101282219574847,0.03983516665707404,1.2689619462606512,1.3709700193103798,1.3715244346478925,1.2367383490779793,1.438325004887197
1525,169_0.mat,Inner,2,0.18262517774527678,0.3444932623808711,-0.8984018388958297,0.09073057234130179,-1.110571171333594,1.1277510287332038,1.0370539020428813,0.09310023899833175,0.18553803565262864,-0.2504291653697104,0.3961726323054488,1.6164425759959937,1.3883814493042923,1.2421261822402614,-0.28986312388813695,1.2666957440682984
1526,169_0.mat,Inner,2,0.9508914576555547,0.3615903436671402,-0.7064366655524201,0.774008519948903,-1.0517844643704939,2.643618431708238,2.8605233268350756,0.7759911227289178,0.9528226945870054,-0.24364699170546802,1.648684671075076,2.328758126086532,2.6944600592809733,2.3985573500978616,-0.2731414381259689,2.665167114571278
1527,169_0.mat,Inner,2,0.06752899842882595,0.4495777619940368,-1.2688848132456585,-0.005422722644235981,-1.3881174967042729,2.643618431708238,2.8605233268350756,-0.003233124388562102,0.07030555060082308,0.3672015216240801,1.2630869312920328,2.205743950359903,3.2620875502954716,3.0913716503194153,0.6929708518511896,3.9612489956890555
1528,169_0.mat,Inner,2,-0.36257897471972445,0.3545534352109015,-1.1476163050838277,-0.35041814188143994,-1.1589579229825935,1.6327562857812659,1.834188458739548,-0.3478394326832645,-0.35902539597390115,0.056187383283463926,0.42013712486302324,1.2940931872180872,2.0876289668569084,2.2320712432396754,0.29553992876512186,2.304662211393065
1529,169_0.mat,Inner,2,0.7410688862157175,0.2405555182198337,-0.47008960979453474,0.5802397693508773,-0.6798290040320295,1.6327562857812659,1.834188458739548,0.5825236827573939,0.7434788503676382,-0.13335467056660605,0.9795453070645965,1.5990674629399082,1.5749226296946337,1.4693494573062784,-0.14233127262644457,1.7799291957416352
1530,169_0.mat,Inner,2,0.9777419005275372,0.2306517211332753,-0.7071921033157746,0.7991927743699014,-0.9994689549943001,2.343347311090206,2.534335094191645,0.8013762011304625,0.9798675034885852,-0.26631567461386396,1.6809626323922722,2.367611783946647,2.4113041457285993,2.069371621356678,-0.2977191491949601,2.6683590317931
1531,169_0.mat,Inner,2,-0.18440088581505493,0.15994382246003164,-1.4587594088884397,-0.21024106244205928,-1.5247574086792466,2.343347311090206,2.534335094191645,-0.207458608802419,-0.1807173698614283,-0.3882913952968803,1.0596154091758885,2.2323170549036155,3.1548626873283023,2.957406033489978,-0.542067572403844,4.107348428023641
1532,169_0.mat,Inner,2,-0.06815540762910548,0.14196061196075493,-0.9633066333134427,-0.11669725517417243,-1.0988683977630864,1.3802620128288512,1.5941312904849525,-0.11394819789448034,-0.06460087744224079,-0.4316609215490216,0.3365350213052532,1.3765937111850859,1.6840217371256578,1.7015114201926598,-0.6007461452412746,1.4655611542374114
1533,169_0.mat,Inner,2,0.7722889512671405,0.15934438211005586,-0.5530806149450114,0.6087305384227153,-0.8461429082177249,1.5732230674421068,1.8033067325721222,0.611089464734263,0.7747577024218372,-0.7864598478022049,0.9512347675073268,1.7907542116128494,1.5762502971532983,1.387769416122097,-0.9174380664055528,1.6755252902408502
1534,169_0.mat,Inner,2,0.13851167464085712,0.038570182901868845,-1.243260012827736,0.05368613285873093,-1.3899025245467322,1.5732230674421068,1.8033067325721222,0.056398988472516814,0.1418653863277457,-1.0226899285147344,0.8424701317128301,2.2594822106224353,2.109077850552668,1.786188840621253,-1.4834018112709022,2.5756598766875185
1535,169_0.mat,Inner,2,-0.8329479669411497,-0.04657640941862018,-1.708334021855301,-0.7018348331935385,-1.6634874118170868,1.3662679401471818,1.538399425292177,-0.6987319992756262,-0.8283511001313342,-0.9342247144189917,0.2328070626372714,1.7278040820923177,2.322726059468701,2.2835936417117595,-1.9816719555974158,2.5879118812564927
1536,169_0.mat,Inner,2,-0.20589173393357452,0.024939430595895564,-1.1411703705214156,-0.22735413217873798,-1.199227245436738,1.8221102793523445,1.9224908944995294,-0.22449327621565143,-0.2020935464932549,-1.4929665143373476,0.4976097263999159,1.5186659226857584,2.276848808082895,2.339537059025302,-2.5367740861350496,2.2478408440276825
1537,169_0.mat,Inner,2,0.9238882336857958,0.08149532448492569,-0.7359479251531449,0.7487697952970489,-1.0106232495989962,2.4736356800956303,2.6332531233216794,0.7511082684942992,0.9262198778828735,-1.5690325214326275,1.678715170847719,2.3500062055357196,2.55971847013297,2.2402801264860437,-1.751721980641981,2.7731545391155032
1538,169_0.mat,Inner,2,0.3062277641087612,-0.06190123227887323,-1.2812996285574194,0.1957924807728056,-1.4418520938812973,2.4736356800956303,2.6332531233216794,0.19842608313213478,0.3093599261913021,-1.2386554825383416,1.3721982666993022,2.6049663097643143,3.0961642241190974,2.6943058145236427,-1.7077504976699331,3.5742156313644853
1539,169_0.mat,Inner,2,-0.7243367744028025,-0.062161858517993336,-1.55694807360566,-0.6230905423501384,-1.5222427012796638,1.626427217814223,1.5876171763715108,-0.6200330153714451,-0.7198852324575861,-1.3038176248972357,0.2937583653342938,1.569690679797305,2.464926845513238,2.5348455346784693,-2.744392209278297,2.61496074685843
1540,169_0.mat,Inner,2,0.06936463435139673,-0.057965776068161765,-1.0239844426132565,-0.003901901078149589,-1.1615383732196343,1.7188581570200179,1.794621247087534,-0.0011636334558089334,0.07280164735031223,-1.235599885549717,0.704630813608226,1.6967254895781967,2.070299245421192,2.0049937335720136,-1.8603694280642502,2.329475667336187
1541,169_0.mat,Inner,2,1.0294456354228623,-0.21163100665328652,-0.7713740699450591,0.8479361608536643,-1.1147088483453336,1.7188581570200179,1.9876320356339423,0.8501207999574045,1.0315339304514746,-0.9501761562115825,1.5699288354650798,2.570083306233071,1.8690910927537085,1.3943598747590822,-1.028951784391682,2.3768747710018285
1542,169_0.mat,Inner,2,-0.22687857421366456,-0.24963031231697613,-1.575997557907958,-0.2440114077024325,-1.6598293455216098,1.69182191034692,1.869895454620634,-0.2413091917176168,-0.22326440619467233,-0.4610498434092907,0.68939020658855,2.4375781035197246,2.558268410172005,2.196743655260934,-0.6802277453502292,2.9595743856339127
1543,169_0.mat,Inner,2,-0.05534899603919713,-0.18444768991307584,-1.2938575840448872,-0.10629086432329217,-1.4586458949277583,1.5560895274917645,1.3704800392568015,-0.10358278514440854,-0.05185447703995849,-0.967576924845853,0.46231345041342736,2.068932306400711,2.1360159777402674,1.9027333326963296,-1.5010587112255178,1.839514781600472
1544,169_0.mat,Inner,2,-0.14003240967846134,-0.1842391889217799,-1.1852692860139469,-0.17473214312244242,-1.2954883562079595,1.5560895274917645,1.3704800392568015,-0.1719884161386861,-0.1364304948074184,-1.1881167633258072,0.40640971523819197,1.7082387919439357,2.0407279349738423,1.9648592875749606,-1.9356576789753588,1.8127926424563563
1545,169_0.mat,Inner,2,-0.18111453756051238,-0.29325914474565645,-1.583750605404272,-0.2076191836123306,-1.5996725753285026,3.032279259002848,3.1249481071436542,-0.20500049771682943,-0.17763855997518635,-1.5070176657422907,1.5306929362760608,2.532311941242799,4.081270399545932,3.793560390737601,-2.536270073293131,5.690332580755299
1546,169_0.mat,Inner,2,-0.18767766089822863,-0.34903315991732664,-1.5407456291378714,-0.21285399003682764,-1.5384904872545506,3.032279259002848,3.1249481071436542,-0.21033050588961466,-0.18431629352649737,-1.1380595209378517,1.5104194348914126,2.4182759705028123,4.022084759651046,3.8003121593152644,-1.883437698812544,5.649620587364472
1547,169_0.mat,Inner,2,-0.22294820718267394,-0.3034235680713348,-1.1707132157266391,-0.2408959665501377,-1.2417978142849329,1.405043846350588,1.5169269750663892,-0.23827662143547812,-0.21944135753222632,-0.8129824319083084,0.324282809296805,1.552128090586607,1.8719787223825275,1.8421015887749153,-1.3191665228229286,1.6831134796671583
1548,169_0.mat,Inner,2,-0.0019405918984041163,-0.2859876726742099,-1.103489886907603,-0.06267558875984221,-1.2606806446272654,1.405043846350588,1.5169269750663892,-0.060120446768175496,0.0013274696358616612,-1.073477848608679,0.3844575523069666,1.7502519867400008,1.8175374209570665,1.685297497343936,-1.6457407682043026,1.509175355738022
1549,169_0.mat,Inner,2,0.13174983861806225,-0.34090162125678414,-1.1839998660775723,0.048028875501912864,-1.3388366732365724,2.4001585225044972,2.5678707187015815,0.05043261499251825,0.13473933451042258,-0.5560798764700452,0.9523309505459034,2.1206197794568498,2.915431756663716,2.7519985401894154,-0.7642325788430739,2.8993609381392846
1550,169_0.mat,Inner,2,-0.3212944064327898,-0.4436404847178702,-1.4931002803466866,-0.31828378110145844,-1.522888866735568,2.4001585225044972,2.5678707187015815,-0.31591084511059947,-0.3180329158693705,-0.46239575107389563,0.8529845023667064,2.0884807751962606,3.2576062084175432,3.153983343278081,-0.7019730887477071,3.813236887080261
1551,169_0.mat,Inner,2,-0.5298847887240451,-0.4603466266454591,-1.552842323614525,-0.4785109753268671,-1.5708012349400633,1.396927959005689,1.5470849107767652,-0.47609640387568525,-0.5264336750531599,-0.46987822222958064,0.35761482491393687,1.881860880959799,2.2031481105951047,2.068023155250271,-0.7644172057929361,2.4326158860586604
1552,169_0.mat,Inner,2,0.27598781869560857,-0.4613891316019388,-1.0928628115052357,0.1699161400506355,-1.3190951286322519,1.396927959005689,1.5470849107767652,0.1719923310537137,0.2784906752537791,-0.5036634932316144,0.6374250079167534,2.145311532487097,1.8007991028690389,1.49294655624704,-0.6571600823750939,1.762498646481394
1553,169_0.mat,Inner,2,0.21204262084731546,-0.5156515145867134,-1.0625031463357557,0.11556608462958758,-1.230784080664345,1.8049767394020027,2.0670077224236536,0.11752529768482642,0.21444978182257055,-1.1039287450010802,0.804816552579513,1.9864828456287593,2.189950737314686,2.002472653276799,-1.566730131583532,2.320447702341035
1554,169_0.mat,Inner,2,0.5795524363235618,-0.42482327025340966,-1.2120774154472063,0.4347448440172345,-1.4222053128089862,2.1237507590044267,2.2515742889711556,0.43677258409683056,0.5817937876255247,-1.4774985080170497,1.6799354024935953,2.8687858858537316,2.6562592119150423,2.102200207986589,-1.8568653932683437,3.5743927064289855
1555,169_0.mat,Inner,2,-0.489082153021402,-0.41278233800606756,-1.495808753269608,-0.4475869197193979,-1.464408694798416,2.1237507590044267,2.2515742889711556,-0.4450747212552962,-0.4855289946498771,-0.8897926884266398,0.7722756180510274,1.8209783146587624,2.954448029285016,2.964391513677231,-1.6199813688836537,4.040276765385534
1556,169_0.mat,Inner,2,-0.7977428211531419,-0.5297253314991908,-1.4685207712059622,-0.6764685795058046,-1.4076292799585164,0.936576793497804,1.0951984020924865,-0.6741395361557678,-0.7942428949674623,-0.5452243892001453,0.0909979974198822,1.2602643924845278,1.6161557226908831,1.6747136920750278,-1.0177249878589623,1.7887449003073403
1557,169_0.mat,Inner,2,-0.08882080545085795,-0.5384302478857972,-1.3253310496022537,-0.13344754486301288,-1.426290021970052,1.061037110596155,1.2315122715033877,-0.1314251314246138,-0.08614796949262565,-0.5570201366238534,0.541183770229922,2.0853371203911624,1.6354801992622707,1.3325320770010232,-0.818487443732304,2.154453338067287
1558,169_0.mat,Inner,2,0.6115829713645536,-0.5390818134835973,-1.1025635465518926,0.463344782708447,-1.3274214277235246,2.597177520790205,2.518894231107932,0.465056259365726,0.6134490118409627,-1.7765080381364784,1.5520587563763248,2.6698065654031202,3.0334442663888797,2.594465217662865,-2.2143400559328237,3.2193996008338233
1559,169_0.mat,Inner,2,-0.3192986377342866,-0.614116107726232,-1.492667036631712,-0.31672507323071253,-1.4882610861116892,2.597177520790205,2.518894231107932,-0.3148466383534959,-0.31667113453413065,-1.6171756965107935,1.0456376224726245,2.090746872861669,3.475313429934088,3.397240592680995,-2.89803685139003,4.519067490603239
1560,169_0.mat,Inner,2,-1.0501041910102173,-0.5919368147771238,-1.7076501614604505,-0.8549541983132914,-1.5997405148342345,1.1047727257325555,1.30220247280851,-0.8527238129967688,-1.046603916974635,-0.5208170824924422,0.0772142148727763,1.3548109915067101,2.018106646592313,2.1157401710516686,-1.0575330066351503,2.2689674301408274
1561,169_0.mat,Inner,2,-0.3294154343530507,-0.5653008131390644,-1.4470575053454293,-0.32462133623179673,-1.5375223085737808,1.1047727257325555,1.30220247280851,-0.322581142184202,-0.3265749944682526,-0.5472243502315822,0.3482270149634541,1.9715232189602696,1.7831246804953684,1.5472917312044652,-0.8658630111080515,1.9679472782032823
1562,169_0.mat,Inner,2,0.39289289447929326,-0.6636090305351112,-1.2347943181493977,0.2705707695094718,-1.4769171460123656,1.6183113304693237,1.8004115707439265,0.2719718917100617,0.3945398981340665,-1.1213316721798035,1.0829223939354915,2.633431071330241,2.148894795312978,1.6682169430862763,-1.4935405669410844,2.6521192715836284
1563,169_0.mat,Inner,2,-0.20479654724297358,-0.7135189553265825,-1.4472546410792944,-0.22648340417977697,-1.4811089240048552,1.6183113304693237,1.8004115707439265,-0.22501320450607998,-0.20274709121108378,-1.01632320295922,0.8152237827872145,2.173090813807117,2.346498422436768,2.0895241404065277,-1.6777530672193897,3.339901572223578
1564,169_0.mat,Inner,2,-0.7818701170200681,-0.6324381323363648,-1.5190579748852038,-0.6649823459149912,-1.4247802163899173,1.2174933833005979,1.2689081117842544,-0.662986141778423,-0.7788385849347687,0.39710127882583773,0.21350821648604898,1.3928758266047732,1.9709310301870906,2.0392275963945155,1.2336786589067932,2.3680527761479433
1565,169_0.mat,Inner,2,0.3510931021595857,-0.6958224336903377,-1.1214365209196522,0.23438961038691666,-1.336273051466976,1.3861067758791568,1.5557703962613538,0.23568950140381703,0.3526465776999409,0.29363090009474563,0.8119972099597463,2.3190745043964274,1.812526584572554,1.433847645802399,0.4797767158446207,2.0733357173970153
1566,169_0.mat,Inner,2,-0.125029846957597,-0.7311112264671794,-1.4238943746508705,-0.1626709034040312,-1.5570478574874327,1.3861067758791568,1.4713281762723,-0.16130337486263058,-0.12314795510287226,-0.49829424968254826,0.5739625579718284,2.248329228001538,2.07050563807165,1.748462100313974,-0.7259117488219222,2.3368794613966655
1567,169_0.mat,Inner,2,-1.3008408318530333,-0.6961873104251056,-1.8780983234105928,-1.0245852264531947,-1.740073020333239,0.8973667158073577,1.053218555583643,-1.022634839308639,-1.2976391625288546,-0.45263991185068125,0.013901992705625437,1.302670002001603,1.9367570072000402,2.0441261842680136,-0.960647126398369,2.4972644817118046
1568,169_0.mat,Inner,2,-0.315165056363732,-0.8113059202443892,-1.4163084065590634,-0.31349517261374954,-1.4591189988715392,1.939807356996613,2.2105594964050437,-0.3123884823182263,-0.31352673620703175,-0.4227021197821127,0.7054861854684159,1.9262456798393315,2.6668361567551746,2.575714715138141,-0.6256452041032005,3.256643481369045
1569,169_0.mat,Inner,2,0.4565801705324581,-0.8254057997807788,-1.1604962045942515,0.32610772184630743,-1.400403168012908,1.939807356996613,2.2105594964050437,0.3268199894323393,0.4574046020006716,-0.6905369910093524,1.1588969876852386,2.5641642663053346,2.4158122686508916,1.9842158028180377,-0.8799593593140427,2.6971200628535565
1570,169_0.mat,Inner,2,-0.7611349073680264,-0.7986134223992477,-1.7722656218301336,-0.6499310077363304,-1.7429136105691985,1.3401167475913955,1.425488113992528,-0.6485941182389161,-0.7590203125972994,-0.4901895623340562,0.2436217833361948,2.0022291317617342,2.358424198212414,2.185861073005584,-0.8744217195489933,2.4691340392100174
1571,169_0.mat,Inner,2,-1.4931514785878366,-0.8678618141334196,-1.9339360805136256,-1.1494847322779613,-1.7496821924061845,0.513648886302509,0.5733454825601353,-1.1482054303178904,-1.4909304611824499,-0.37391518883681707,-0.14274411999001566,1.0859042443211493,1.52155136524449,1.6421561269749945,-0.7665308325486134,1.769242295558824
1572,169_0.mat,Inner,2,-0.11693838917855093,-0.8511556722058304,-1.322242309005754,-0.15615439952101376,-1.4124246052277707,1.9573750684339963,2.2484378636572777,-0.15531073111646646,-0.11571024557193366,-0.8005729159164999,0.8710358744778678,2.0343712277963095,2.5901429974339725,2.4317645651932827,-1.2481996331684544,3.288385967409681
1573,169_0.mat,Inner,2,0.8524855652736555,-0.9148787876706591,-0.9529722102422412,0.6824620697212224,-1.2711861599152818,1.9573750684339963,2.2484378636572777,0.6825630747145078,0.852452147916762,-0.6061300986318872,1.492730431501292,2.6992142996599955,2.2480286380797083,1.7460823680612494,-0.690132947700829,2.579228787325605
1574,169_0.mat,Inner,2,-0.5976535966708187,-0.9116470223055718,-1.738959596456059,-0.5294230765051519,-1.7489169564123046,1.397846435409466,1.4645727986731762,-0.5286783874982233,-0.5963934029511873,-0.16914934395730322,0.36924737228726,2.2043373924483487,2.391327284878709,2.1244869662346675,-0.12784343794405478,2.6514625599305024
1575,169_0.mat,Inner,2,-1.4793694971656899,-0.9368756422523835,-1.9386401242982543,-1.1406840804582048,-1.7738077027145898,0.8910376478403146,0.8804738998346072,-1.1397507099219168,-1.4776914840826676,-0.5170261833259391,-0.10831211592735322,1.1215265922529263,1.9888894341824614,2.203817917660521,-1.2596885297706757,2.0229015911710495
1576,169_0.mat,Inner,2,0.25012057584380004,-0.9350251959546316,-1.05683761798979,0.1478701776566069,-1.1693895166173336,2.3509956046615996,2.563769239444971,0.14814583893008768,0.2505252088098667,-1.4742529815938654,1.3224235517798555,2.0314811076100145,2.7372056928414223,2.5994159229153686,-2.092046884125621,3.60602751273323
1577,169_0.mat,Inner,2,0.9684885215131267,-0.824415420072123,-0.8734568353670162,0.7905036618594755,-1.1836524036898945,2.3509956046615996,2.563769239444971,0.7909799464816819,0.9688030498698731,-0.7624718523719113,1.895231346949643,2.6968586585304597,2.564718810209574,2.083302647320441,-0.8421701171302352,3.069649313212893
1578,169_0.mat,Inner,2,-0.5913618396725272,-0.9554843557255478,-1.51354093432417,-0.5247199485667352,-1.4855997517150275,1.461420886277842,1.4718107032436665,-0.5242020428178892,-0.5904064865838353,0.03441493789123595,0.39851175877014444,1.6930391755451812,2.2373546380225275,2.2019250091988445,0.3133502811719262,2.7650725897127093
1579,169_0.mat,Inner,2,0.09975307856390833,-0.9341651293655354,-1.0906273191821019,0.021334694807419532,-1.1649953565877733,1.6872963729009658,1.7369592740092945,0.021680281648063987,0.10029375159609713,-0.4951532369657779,0.8219116362794034,1.8765572611150558,2.0946535508937574,1.9461714134955128,-0.6761483213328311,2.6090115028700693
1580,169_0.mat,Inner,2,0.22419402967518834,-0.948343196773661,-1.0145643902833674,0.12585569866121804,-1.1210155058292335,1.6872963729009658,1.7369592740092945,0.126074007219338,0.22454030656137902,-0.5419873723563915,0.8662556048336789,1.9065116223504401,2.0307851386141813,1.85889220407346,-0.723714437628173,2.46374356618036
1581,169_0.mat,Inner,2,-0.3297898858641385,-1.0451397819828125,-1.4783791648346267,-0.32491335949008,-1.508630585948021,2.2847325691548233,2.3582127496430467,-0.3249905985960344,-0.3296633946708784,-0.13190629676339494,0.8398232268166522,2.041245829367875,3.1128161285831526,3.0182044836838493,-0.07198857356268107,3.8007461729966083
1582,169_0.mat,Inner,2,-0.523222379471681,-1.0383113745178698,-1.5987389047435612,-0.47347547212670454,-1.5820126447137912,2.2847325691548233,2.3582127496430467,-0.47343678615833507,-0.5229161326587412,-0.03312706556306905,0.7868890213123325,1.9978916753805116,3.25452214654571,3.2037543468334735,0.15313672589756128,4.228733983668492
1583,169_0.mat,Inner,2,-0.17162544653299064,-1.0425595822155247,-1.1592193980151324,-0.20004129453129135,-1.2168404697983046,1.6178604478390517,1.744438442065468,-0.20016842443148627,-0.17159056941115822,0.38780187482351886,0.4995166598477163,1.6069504499057952,2.0822647770836777,2.0635758679067444,0.8390072455949605,2.191022828645621
1584,169_0.mat,Inner,2,0.3987202139346341,-1.0340631668202143,-0.9146114248347069,0.2756317471416653,-1.1248807253098136,1.6178604478390517,1.744438442065468,0.2753066857434809,0.3983779999904764,0.47407157528411686,0.7564068868592696,1.9604479750469999,1.8814456948962808,1.6639534856072038,0.7152388753346925,1.8568163229590582
1585,169_0.mat,Inner,2,0.10489719608340212,-1.0861623520202928,-1.3229373840849665,0.02561787914510796,-1.4060245902294755,2.389320628234734,2.6291516440650673,0.025119447045752658,0.10442308597553941,-0.8678563136619776,1.2736512311169816,2.3845373477890774,3.0521439121427685,2.7616887647288704,-1.260639396731551,3.8894729814612243
1586,169_0.mat,Inner,2,-0.5355610230745415,-1.0451397819828123,-1.621200593232922,-0.48279684133964024,-1.5637544775465868,2.389320628234734,2.6291516440650673,-0.4827923295800684,-0.5352984211949459,-0.9659795881558567,1.003413672906991,2.0293887112077504,3.4010088338457867,3.3506804303339157,-1.8141541966293868,5.189568402779789
1587,169_0.mat,Inner,2,-0.11272644364582976,-1.0486061109631075,-1.0267433524932086,-0.15275911854841798,-1.1128980937275068,1.759437593744513,2.01465354603044,-0.1529453938536405,-0.11277684220758356,0.3737310033351897,0.5290984543194658,1.43285105324956,2.113398917851729,2.1897621502762865,0.7855926328829397,2.1690913371543323
1588,169_0.mat,Inner,2,0.7995055366012449,-1.1119904123170805,-0.7344732182025898,0.6336649680690694,-0.9936758006796154,2.0250074629748216,2.1567577390977335,0.6326960435291672,0.7983297353242051,-0.12588546545696477,1.3471615402885273,2.173140667361083,2.1321704033750875,1.8506074632417326,-0.1360391278388176,2.4065399045182634
1589,169_0.mat,Inner,2,0.377839129377469,-1.070003525194856,-1.2342385649118093,0.2575159030782048,-1.3504005333701907,2.548933079351082,2.5162403327654195,0.25699291314930095,0.3772745308746896,-1.4922802121253524,1.5916291347515632,2.6089451422286207,3.1240378471464703,2.722094781411524,-2.020321210710367,3.9303793899707062
1590,169_0.mat,Inner,2,0.9919485810656705,-1.1676080517452787,-0.7700692460701025,0.8125534972615651,-1.0775475492422997,2.548933079351082,2.523719500821592,0.811144336839307,0.9902489634753119,-1.0208874814717148,1.7109219033801701,2.5146171504711106,2.6620645146593875,2.2724519458750967,-1.118389373385979,2.7001534736549675
1591,169_0.mat,Inner,2,-0.06369218963933292,-1.2261968302994444,-1.0729965120924483,-0.11307275343572458,-1.1981572097997955,1.8636081924806165,1.7864182885743114,-0.11438717751979416,-0.06514123330852263,-0.5792358334107319,0.5257595593261716,1.5964964653335572,2.2585479067851235,2.276723776723073,-0.850789597324192,2.0639700906788154
1592,169_0.mat,Inner,2,-0.5902383192314579,-1.1906474112834824,-1.5098508510914301,-0.5238796010626118,-1.4745081312570196,2.1760531441159974,2.379202672897468,-0.5247457365415599,-0.5911333403036839,-0.7322444344969598,0.654607751421771,1.6867597977441502,3.0283188530823177,3.129558716120146,-1.3500700757990598,3.892228378459862
1593,169_0.mat,Inner,2,0.1909631435625609,-1.2550220923461113,-1.286597638043077,0.09775911731599204,-1.3962368199891582,2.1760531441159974,2.379202672897468,0.09613941550929457,0.18914209301008075,-1.034031783795674,1.1850508040650316,2.4373093825372862,2.7865817366469416,2.445109523673893,-1.4754677168160604,3.4049327762740944
1594,169_0.mat,Inner,2,0.9470742484955422,-1.1699015626495344,-0.8902341393041154,0.7704353362800158,-1.2451365977000872,2.037632176622443,2.2050104362343355,0.7690332853444956,0.9453932366629424,-1.3999226616206024,1.3685160062953585,2.7017593476499844,2.273302821152397,1.7718272951249026,-1.5532796834235136,2.1781982050626834
1595,169_0.mat,Inner,2,0.21990442346202693,-1.170996192853838,-1.1630151833052436,0.1222212703485832,-1.3480734682499131,2.037632176622443,2.2050104362343355,0.12114783412269389,0.2187274627079241,-0.9112088531154839,0.8400897597785394,2.2099216066063163,2.519223534350812,2.2638723215222263,-1.276423104076192,2.406054210504898
1596,169_0.mat,Inner,2,-0.41810118095126947,-1.2819708454711143,-1.4913489736001724,-0.393306223064233,-1.494693574890191,2.469577736423181,2.663169795546373,-0.39485912475693014,-0.4198801105481059,-0.5179308986167284,0.8426871004498708,1.926745884487639,3.3324041787496044,3.335117323042781,-0.834946351149559,4.103240590405962
1597,169_0.mat,Inner,2,-0.04184536495163258,-1.280198587045099,-1.3997733228498688,-0.09529621622295185,-1.472712728684394,2.469577736423181,2.663169795546373,-0.09699097398120901,-0.04376118866638836,-0.4877120963841457,1.0607188594623012,2.326537481324057,3.224874987517928,2.9823636925553885,-0.6915439195664079,3.690503349193598
1598,169_0.mat,Inner,2,0.5582240622407478,-1.234615057823019,-1.0125155885010737,0.41577034021828496,-1.253825391775545,1.566025656500985,1.7847294441745307,0.41412528397439136,0.5563472794302055,-1.1298466660091522,1.0209286388822425,2.395094756018012,1.907532163606022,1.506697163966595,-1.4236135451943865,2.1864723039309095
1599,169_0.mat,Inner,2,0.2729255130071281,-1.290675761857721,-1.1142354083268438,0.16730195258108482,-1.3207464022121305,1.566025656500985,1.7847294441745307,0.16539736428384805,0.2707677900302305,-1.2672311850251927,0.8400571629321868,2.185913731727297,1.990819699985018,1.6874540347115394,-1.7737314458647866,2.3006712118251857
1600,169_0.mat,Inner,2,-0.1728879100232063,-1.3268246212236587,-1.297289154196627,-0.20105011911148393,-1.3908043605157725,1.84557288726973,2.090169017049222,-0.2030234368285811,-0.17516332446591132,-0.6263284685454542,0.6246479057489805,1.8926789383071518,2.4465961374415564,2.341539979350486,-0.9652574786285818,2.620850666265386
1601,169_0.mat,Inner,2,0.9450215774305711,-1.3457460861837673,-0.6710393124014475,0.7685146238032787,-1.0178273537805655,1.84557288726973,2.090169017049222,0.765900603211252,0.9420458553319634,-0.6970283351185907,1.1426611595978595,2.2507140162131303,1.9133781793341398,1.5735576086301664,-0.7758031023980488,1.7787738388419259
1602,169_0.mat,Inner,2,0.5053109045687667,-1.312776866935093,-0.8806941213897466,0.36893681519490157,-1.1034017392244087,1.2179275547876376,1.4440654023901198,0.3667700429314578,0.5028484567967486,-1.5140298651512163,0.7888563826913962,2.04637543916469,1.4644015086178799,1.1554801809046127,-1.958443147101385,1.7593463687079853
1603,169_0.mat,Inner,2,-1.0044624558665978,-1.3619309756331164,-1.7884940494140085,-0.8232498640174905,-1.6953840871588952,1.2179275547876376,1.4440654023901198,-0.8251598548793876,-1.0069227588665584,-1.5653968219433554,0.2134384911400428,1.6173852350680438,2.2308207601377203,2.2331817489435446,-3.8412835642439793,2.9678713699972255
1604,169_0.mat,Inner,2,-0.02423458183493643,-1.353825499596486,-1.3881266795534328,-0.08092405639824725,-1.5132425260320055,2.1566819021575263,2.3681045525560496,-0.08315805448656252,-0.026809324974481633,-1.2690250100480032,0.973914097774441,2.328069909240615,2.8726801754174045,2.59465995181874,-1.9889326485018626,3.373529834083802
1605,169_0.mat,Inner,2,1.0637385701317106,-1.3269549343432185,-0.9341932231966428,0.88044576199674,-1.3158524165227738,2.1566819021575263,2.3681045525560496,0.877911505638641,1.0608365239513688,-1.5553113198502515,1.800124462374374,2.9657228300373473,2.428678323813772,1.8232418280938552,-1.6607114727969574,2.7121149998794674
1606,169_0.mat,Inner,2,-0.020970341304591737,-1.414577475935347,-1.4139990526622492,-0.07825594740358999,-1.5337058220404953,1.8554755939924854,1.9965587846042139,-0.08095254123573924,-0.02411050701935577,-1.184858439714982,0.7327387476002762,2.3925743543875364,2.572619645579105,2.233883658104359,-1.8468844895685883,2.6231435191522476
1607,169_0.mat,Inner,2,-0.9856726635835141,-1.3231237286281554,-1.7448645510663718,-0.8101238697816534,-1.661086493128605,0.34503549372394965,0.5279879472517288,-0.8117549208574557,-0.9877245808011761,-0.7531685857930002,0.0113831237814359,1.5493659217608977,1.1633816831783172,1.0037581004956655,-1.6496506668152078,1.7514354336453695
1608,169_0.mat,Inner,2,-0.13133011604664843,-1.2714676080345806,-1.4010424879070529,-0.16773932415240797,-1.4480326872533416,2.511058938408221,2.5608740776167767,-0.16933548244086977,-0.13313013489643968,-1.3390902185266338,1.0558092455844788,2.1864437809442614,3.2713788990036594,3.1127450664642864,-2.1968660128927557,3.943807120873475
1609,169_0.mat,Inner,2,0.7945289501484495,-1.3170771998805726,-1.122308865717207,0.6290989158573126,-1.3320875200885403,2.6427166664476935,2.6969466835419937,0.6267664220635778,0.7918681056306045,-2.2385768166152427,2.282455549521903,2.989598547227005,3.1007955587081155,2.5083604961321018,-2.6213791159764765,4.235814128726098
1610,169_0.mat,Inner,2,-0.380137113707589,-1.3586210223962933,-1.618422331949593,-0.3640216289251469,-1.6088849672080527,2.6427166664476935,2.6969466835419937,-0.3661447110837303,-0.3826471250091675,-1.3738113691086271,1.0287981178938945,2.2834159064321167,3.686140726558108,3.5151317474230948,-2.5041507118544355,4.695326243805954
1611,169_0.mat,Inner,2,-0.8680082296061511,-1.3613315352831408,-1.607945273607298,-0.7269462121551966,-1.5402550806030928,1.219280202678454,1.12270243946035,-0.7289015917878189,-0.8704669638301242,-1.526159113884798,0.13446356787494226,1.4426989869130002,2.0550646038718057,2.114734610674981,-3.4974160424739797,2.176315872470425
1612,169_0.mat,Inner,2,0.1284114428130995,-1.3884366641516157,-1.074491344791483,0.04523788249584199,-1.2448108054920772,1.3157857966999302,1.5678335705455042,0.04267828278320163,0.12546668355367277,-2.2982527628646,0.5934264611411596,1.8863624387094136,1.703924247962877,1.493766114040681,-3.4768192365326778,1.909458056088236
1613,169_0.mat,Inner,2,0.8583101509753837,-1.3493948535314466,-0.7210429179175681,0.6878477096044749,-1.0400342503470563,2.011948577840161,2.117431790931403,0.6852484909641139,0.8553557230995765,-1.55549865657378,1.1965896052293907,2.228763493813504,2.109042026019154,1.7998380280530182,-1.7786777260941993,2.017276639171444
1614,169_0.mat,Inner,2,-0.508258417140537,-1.3502027948727187,-1.6817528344598425,-0.46214581960665285,-1.6751263653068902,2.011948577840161,2.117431790931403,-0.4641555614441161,-0.5106566800791676,-0.7905508993811454,0.6114551630993175,2.218882252818259,3.0416262566842764,2.8392223378250323,-1.4295995176563852,3.4546232693682404
1615,169_0.mat,Inner,2,-0.46056543998086763,-1.488334701606294,-1.7591200774751548,-0.4258535370727631,-1.7870039824901023,1.847810589277858,1.9502361953530756,-0.4289573279399712,-0.4643827678016252,-1.2435955253503377,0.6349487724399612,2.490918307811015,2.941781872401016,2.586443365599312,-2.3280274075926846,3.4142643996328172
1616,169_0.mat,Inner,2,0.022219896914228782,-1.5047020294230273,-1.2125705217954754,-0.04283076300860601,-1.3273033922613757,1.847810589277858,1.9502361953530756,-0.046267229450726456,0.018190256260827552,-1.4926681581937273,0.7334353548466832,2.013909690282454,2.3687508072049424,2.191783936621872,-2.3192276303796184,2.530855981485968
1617,169_0.mat,Inner,2,0.28209652288119985,-1.4707684930896094,-0.9830056032963005,0.17513435767811794,-1.1072702177419642,2.168855733174876,2.2981381417079767,0.17186193375360834,0.2783380592861905,-0.9887370399228232,1.0342499142025319,1.9278741586219441,2.484749842223569,2.3670343554607576,-1.3633624459642089,2.7868251891170233
1618,169_0.mat,Inner,2,-0.22507355461696893,-1.5169514626616654,-1.4867995347010368,-0.24258087684953514,-1.4991621564068616,2.168855733174876,2.2981381417079767,-0.24601542448393665,-0.2292018508275095,-0.6879537570071506,0.9240906977034771,2.230781878393132,2.994306265374741,2.7802785587123138,-1.0956968901033668,3.793936911701851
1619,169_0.mat,Inner,2,-0.6837105324766027,-1.512729317587922,-1.6980859494380938,-0.5932657257332474,-1.6595883773812135,1.6386010488315714,1.8049955769719037,-0.5964836097356032,-0.6878088728966425,-0.6260254617632717,0.40287439753947357,1.9588976954525177,2.6280608218046386,2.514157994018145,-1.1619105588090717,3.0460894174967836
1620,169_0.mat,Inner,2,0.16907713718910947,-1.5531263846515146,-1.0982764487753758,0.07932827169202324,-1.252002952466901,1.6386010488315714,1.8049955769719037,0.07542245405163645,0.1645370365889073,-1.1314057919207865,0.6848077020681047,1.9962989631077164,2.0515308485381913,1.8408677497721089,-1.6375523941419745,2.0920265791154478
1621,169_0.mat,Inner,2,0.09091058967081414,-1.613695922622992,-1.087355446645891,0.013979663043146438,-1.20884290485343,2.2968896890289394,2.07159172865163,0.009581609945153361,0.08574716214480878,-2.540297243445626,0.7814877162130843,1.856610053885342,2.7120938859063157,2.6652882262899236,-3.916931717289256,2.5247567751290236
1622,169_0.mat,Inner,2,-0.7401516412829056,-1.6551615572669771,-1.6811545455201158,-0.6346461370355855,-1.6472806947343785,2.2968896890289394,2.07159172865163,-0.6390800975838997,-0.7459554159305957,-2.0769483737437704,0.5017286509172243,1.8232186998280437,3.3700851812246198,3.442332843330243,-4.589166161331858,3.6941321888359098
1623,169_0.mat,Inner,2,-0.20496468180450816,-1.6016549903756505,-1.2863174650846885,-0.22661708905655767,-1.3573422790336083,1.768021074862917,1.866759029306755,-0.23078437831265425,-0.21000581847943392,-0.8533853062186644,0.5592196299959705,1.8191862465295843,2.353863075272403,2.272666496596526,-1.387654668075465,2.477005978882253
1624,169_0.mat,Inner,2,0.7879352365966201,-1.5312598431893505,-0.6268892050218501,0.6230537986329153,-0.9102877450305097,1.768021074862917,1.866759029306755,0.6190514161930137,0.7834525550875725,-1.3369161290870697,1.001869120358186,1.9495358237323037,1.8081941005020539,1.5853954373562213,-1.5649518477534563,1.7611785033048772
1625,169_0.mat,Inner,2,-0.020637334369478975,-1.6899551601894907,-1.2192994281336,-0.07798368264674109,-1.311507445000379,1.263032528958087,1.5051050642679218,-0.08302510498361591,-0.02664660789473817,-1.7084086836886674,0.6662311404240304,1.962354014700933,1.7638449558375981,1.5293411685056368,-2.7202216671205677,2.423676057956964
1626,169_0.mat,Inner,2,0.7497379920099243,-1.6598267669472242,-1.1090507472742588,0.5881390696245923,-1.3502746519481859,2.370851151536808,2.6112981461245246,0.5830295434144411,0.7440338987150733,-1.6106121334676238,1.7365729619196435,2.8919648855163547,2.8089412842972674,2.2511103824061776,-1.91411453408547,3.287857868880342
1627,169_0.mat,Inner,2,-0.03762575920548102,-1.6461960146412506,-1.355073324454053,-0.09185604763631841,-1.4281577387462148,2.370851151536808,2.6112981461245246,-0.09648988016626636,-0.04314635848678979,-0.970050773176728,1.1150304485426965,2.232101747858746,3.0677492615307087,2.860969998826186,-1.500327909416417,3.857967510660237
1628,169_0.mat,Inner,2,-0.6740816062718821,-1.7835199800335542,-1.4374930384438813,-0.5861673132099396,-1.4585969343628737,1.3838523627277957,1.4293483297634562,-0.5918370127901214,-0.6814999898113857,-0.6940157377499465,0.21207753517548947,1.395137524995093,2.0804292009172642,2.1698853624935777,-1.3133460346233523,2.138631764790628
1629,169_0.mat,Inner,2,0.0744741106973439,-1.761966190058334,-1.1099666472907102,0.0003334599219321316,-1.2640477447872824,1.5010985577417921,1.7063188113275518,-0.005430317411953631,0.06765441974763658,-0.19013755698088264,0.6485186639332421,1.8783618642451412,1.920894626173231,1.746045317814193,-0.1954435970898206,2.176408118837523
1630,169_0.mat,Inner,2,1.1961974886453195,-1.7143237135472063,-0.7008709818962202,1.0073656420646693,-1.017636420316534,2.721170244115051,2.9442417563670804,1.001534698702091,1.1898666242364593,-0.8400482077618968,2.0733058294981084,2.6585392173952473,2.762659062801967,2.311628812762336,-0.8724066373799485,2.89643252115855
1631,169_0.mat,Inner,2,0.4268106961697566,-1.788576129072481,-1.1252913993517217,0.30008629234217415,-1.3006496816251196,2.721170244115051,2.9442417563670804,0.29390815765142697,0.4197489684250422,-1.2188149514256548,1.5878512609428421,2.4416244729107244,3.184398389715464,2.875321480967315,-1.6140712240869202,3.8010016913020674
1632,169_0.mat,Inner,2,-0.5552548492497609,-1.8509439880938865,-1.2996428328036767,-0.4976362327049573,-1.337019458433441,1.447426813596172,1.619222692995986,-0.5040239310589424,-0.5634916348041621,-0.5915026368630335,0.23257585351937043,1.2997175629600022,2.0257325501982786,2.153815319958286,-1.0340556372082463,1.9805906141273182
1633,169_0.mat,Inner,2,-0.07231887079990537,-1.786126242424754,-1.1218807195860334,-0.12007613727954097,-1.2837965150085069,1.447426813596172,1.619222692995986,-0.12601269374394566,-0.07946754819209177,-0.4155060713647628,0.3995903343946891,1.6816349953785719,1.8757077224414254,1.7848742774377124,-0.5755336454780894,1.6900752215784989
1634,169_0.mat,Inner,2,0.6624549815724883,-1.7993921179959596,-0.8537846179915798,0.5090258183942453,-1.1673395891390612,1.6110972083849688,1.7852119711458967,0.5026330509791355,0.6552944346695331,-0.2910565049122871,0.9423189837322713,2.217552452234417,1.8278610165388918,1.4927650848402032,-0.33426770355951174,1.8456327061135471
1635,169_0.mat,Inner,2,0.35719220613095287,-1.8269403114709386,-1.1389246975919793,0.23965558602389,-1.3961166419333646,1.6110972083849688,1.7852119711458967,0.23312828012000975,0.34967986758831604,-0.6113636366709877,0.8520810414942006,2.366099249264548,2.057891467983293,1.683264119961034,-0.7972066792179378,2.1781009219332925
1636,169_0.mat,Inner,2,0.07914906081094335,-1.786230492920402,-1.0613936837478655,0.0042114263568028085,-1.2272268003721654,1.7964266805700642,1.8337059317681823,-0.001790506774783179,0.07204564719658958,-0.33922636654111094,0.5836123065103405,1.786248000668905,2.180335211305968,2.088757369167281,-0.43304870384083094,1.9789034792037312
1637,169_0.mat,Inner,2,1.2433495095628884,-1.8148733165996849,-0.4854614950906384,1.0530632293711983,-0.8703883370608637,2.2919299800959454,2.529027297506619,1.0462352879558245,1.2360059386357085,-0.4833501588123281,1.7417029288536685,2.2973708956584167,2.1835196039361504,1.8514177757085857,-0.5086320012022635,2.291262367261187
1638,169_0.mat,Inner,2,0.08396572707948056,-1.9510505265398612,-1.222442678900403,0.008209741879034923,-1.3428189713193885,2.2919299800959454,2.529027297506619,0.0005161095545818378,0.0748269772962,-0.8065860261515199,1.0001312694561177,2.130021716353301,2.8424228278123174,2.6651891045250955,-1.1763842822538162,3.183719196498816
1639,169_0.mat,Inner,2,-1.1683785552083086,-1.9260825328321693,-1.725872640338425,-0.9359274340248473,-1.6286391023869045,0.5939059944909549,0.5622473622187167,-0.9428666583378214,-1.1783643348660797,-0.4690991405076361,-0.10965730415382322,1.1923317770181796,1.4393554609790555,1.4901257355249615,-0.9643251184905125,1.3780244411394948
1640,169_0.mat,Inner,2,0.4102202467283657,-1.8964753920681423,-0.9179156427592212,0.2856316002659387,-1.143251468572841,1.7657666617115564,2.049395487968793,0.2783703059976984,0.4019021730074927,-0.8481974463492158,0.8846454930494521,1.9837048541838016,2.029565313738682,1.8217473205559205,-1.1124567915397647,2.1593387334172847
1641,169_0.mat,Inner,2,1.4767672030600476,-1.9596511924308189,-0.38023930694349495,1.2832814127727035,-0.7505656599033815,2.5439733704180885,2.757745081934112,1.2748352952437927,1.4678904720480535,-1.000189456906521,2.2604519028263024,2.4067318032432183,2.3279294674464315,1.9602872341495583,-0.9569728245225007,2.629056786205071
1642,169_0.mat,Inner,2,-0.13308563596959525,-2.0128189452112895,-1.3734964976670196,-0.16915073546314263,-1.3966214702823316,2.5439733704180885,2.757745081934112,-0.17742416142666645,-0.14319797633913128,-0.5374330817840389,1.1487576541455384,2.1219228406786157,3.275103823824489,3.154151201612894,-0.7989243875149208,4.282972897101286
1643,169_0.mat,Inner,2,-1.1328240629637276,-2.0151906439872813,-1.6116073443979657,-0.9117656979346259,-1.5135229053865191,0.6809263421334837,0.6242520780392503,-0.9196808094056217,-1.1441754780839122,-0.6529438718513011,-0.12765124205902154,1.007567679923614,1.4463160499158636,1.5860964141514635,-1.4816252067409692,1.2005684430065446
1644,169_0.mat,Inner,2,0.27123617086659013,-1.9364293945252316,-0.8361410815037228,0.1658603082925192,-0.9775333855472671,1.790097612603021,1.82791560811179,0.15824096043955746,0.26237775674120006,-2.177848114046667,0.7670213266804704,1.624336252265616,1.9878273142798895,1.9438096371470115,-3.1140483934137637,2.1271670917659034
1645,169_0.mat,Inner,2,1.4387780663059024,-1.9186025597694263,-0.2926201586155916,1.2453595023507276,-0.6457672591489297,2.6391263165487486,2.9203566712844613,1.2373697094306928,1.4303396678513183,-1.2597066154565202,2.2241752443975082,2.194736005306067,2.3435041039466955,2.0758929661343575,-1.2056376123598334,2.6487295279371734
1646,169_0.mat,Inner,2,0.11333440732767702,-1.9352565764491914,-1.133162633131952,0.03265001584547218,-1.208369550621392,2.6391263165487486,2.9203566712844613,0.025112098950487854,0.1044142659413124,0.21259107619716572,1.2744000380241804,1.9850897788831083,3.108654983977298,3.0458037821794686,0.4359898980366026,3.8916368249016853
1647,169_0.mat,Inner,2,-0.9982577033399014,-1.995070298327221,-1.5613391038465168,-0.8189201769503057,-1.450790145170253,0.9798615260039326,1.0773449041519443,-0.8266620253490538,-1.009078160844233,-0.9709142946798978,0.010271415501003868,1.1260523963062754,1.7423671068865867,1.8961656850780948,-2.249810000991434,1.788891412890575
1648,169_0.mat,Inner,2,0.6475372979936341,-2.0628852457462328,-0.6265917196936039,0.4955975707951385,-0.8887185182169142,1.143081038162457,1.3181258628635886,0.4864201850422432,0.637269093705789,-1.0513313510079891,0.7196700860303865,1.7565626422826204,1.225990936250122,0.9958427433292231,-1.2870682492789662,1.405129134490579
1649,169_0.mat,Inner,2,1.3293294863957912,-1.9940017307468294,-0.42341162234735935,1.1370903124276306,-0.8155243430004082,2.1598380805694326,2.239993641658372,1.128347349514417,1.3200693258749547,-0.0707175613775726,1.6179681400178871,2.294095886751725,2.0173145146873597,1.6697427978073964,-0.10502297077631514,1.9657829062929597
1650,169_0.mat,Inner,2,-0.1927988064305234,-2.036171056236438,-1.378048485358055,-0.21693500685619088,-1.406715828777459,2.1598380805694326,2.239993641658372,-0.22544306254776253,-0.20328746815628435,-0.03479684617793582,0.8900105477149993,2.0371201959140355,2.8652996098886505,2.741062562095088,0.09268771524665441,3.598302644145043
1651,169_0.mat,Inner,2,-0.5028982673690904,-2.0494369318076435,-1.4061988864921435,-0.45808083927121374,-1.388081088823538,1.6395028140921164,1.717658195154654,-0.46661270911076946,-0.5138999311927547,-0.7731870596517882,0.42103495966908827,1.6036734066112575,2.3299454641227815,2.3571123062041845,-1.39516086632859,2.6686023566732544
1652,169_0.mat,Inner,2,0.5238575919855677,-2.034007858451742,-0.750925534127752,0.38531358533532367,-0.9620404918327441,1.6395028140921164,1.717658195154654,0.3765178423789681,0.5138933010771676,-0.7354333250546896,0.7761719507899368,1.8190488890272904,1.7780105131644008,1.6084922947708835,-0.9245803998851516,1.7128448372935476
1653,169_0.mat,Inner,2,0.6243687013585668,-2.0833965307649733,-0.8735574446943528,0.474796112520762,-1.1021901916551973,2.4001585225044972,2.396332380380962,0.46539620069276594,0.6138286426650397,-0.20657801089921926,1.193970978046487,2.203038619660842,2.61277132203762,2.3712328231350215,-0.22878146875987046,2.452609925993347
1654,169_0.mat,Inner,2,-0.33693146399458995,-2.110397409137801,-1.4529504903413424,-0.3304795786392187,-1.4497402909538049,2.4001585225044972,2.396332380380962,-0.3397731563985555,-0.3486442909391698,-0.1730854874217245,0.8379582671410205,1.9725372310485048,3.210569392753716,3.168877911866513,-0.1498453217471301,3.8532944223729158
1655,169_0.mat,Inner,2,-0.294977382431041,-2.1386753560823153,-1.3095725440678878,-0.2976909225150624,-1.3240722881791849,2.190481388284707,2.285109913481094,-0.30733109253469054,-0.30706234068299376,-0.9983340779343951,0.7594860755300187,1.7277357632215726,2.825777148443053,2.8691647823319064,-1.7144271621152445,3.436644684254774
1656,169_0.mat,Inner,2,0.5353372720225337,-2.0595752925094097,-0.9807968538730566,0.3954712260803097,-1.2201125466404998,2.190481388284707,2.285109913481094,0.38638311620812665,0.5250540627894567,-0.9564685700132395,1.1748742629786262,2.294648531675993,2.5042800081158374,2.2060755946516033,-1.2114252632138434,2.5905659641935617
1657,209_0.mat,Inner,2,0.1534002773363871,0.38323553550277695,-0.0638187044455703,0.06616230038462236,-0.17991543001360052,0.0023371008788512105,-0.02715537475999935,0.0684670010763964,0.15625640935509819,0.8778852220228975,-0.09335744801029204,0.19711667024044,-0.05301599288263226,-0.04412481456476111,1.4416161790492492,-0.0472892696364611
1658,209_0.mat,Inner,2,-0.6103941965305818,0.26149581526651,-0.8843782381547797,-0.5389319431169494,-0.8939241977438609,0.2068000287241627,0.05227052850520883,-0.5360975489224281,-0.6063291601192211,0.6043188590174087,-0.16904637331956437,0.4486525620049107,0.4784971754206159,0.5822929048690686,1.5637676642666063,0.28743612449367667
1659,209_0.mat,Inner,2,-0.11691926034507683,0.39246812893741123,-0.6002246756654793,-0.15613898452366337,-0.6991352778379739,1.0380317272036705,0.9114126934021064,-0.15373890726905742,-0.11376078244731562,0.925127569481012,0.06538331160640092,0.6652945771416561,1.112362041130319,1.3228970847615245,1.7408358888623372,0.6629974914295886
1660,209_0.mat,Inner,2,0.6527277484930109,0.36477034863350766,0.2504909445211085,0.5002667037042774,0.019782528628890086,1.0380317272036705,0.9114126934021064,0.5023846832098722,0.6550186344120369,1.3794797126904956,0.14913375091432682,0.36209410426695066,0.6733698140054348,0.8796191600980984,1.7429106271655255,0.1872931610872642
1661,209_0.mat,Inner,2,0.26164757023193796,0.3277432985239263,0.04529631670373822,0.15768423085193398,-0.1286663548529646,-0.04783785073963058,-0.04371176022936692,0.16005026548404805,0.26449990647030724,1.1209584800645427,-0.09407450881589134,0.17690531925035194,-0.13199689061366518,-0.1459827305072401,1.7196858838396303,-0.1167463525765553
1662,209_0.mat,Inner,2,-0.8179575503757783,0.3278641439877305,-0.9393714026572088,-0.6910523453824592,-0.9473662655307645,-0.08337844146938825,-0.1924954945148974,-0.6882470598081459,-0.8137849809591298,0.5863053695268774,-0.2846569738524949,0.241009065157922,0.2199427523875625,0.31397189877379195,1.7192942241343165,-0.08676288524862295
1663,209_0.mat,Inner,2,0.028889838100771753,0.38006938435110904,-0.2882535172494208,-0.037339677697239636,-0.4585960481619152,0.2582293541331061,0.14914775699488486,-0.03497472640398592,0.03190477644859341,0.9730582305565905,-0.13046956727481643,0.3677104081609757,0.25268317145938357,0.31094217942427177,1.6917485773459682,-0.07333744306859073
1664,209_0.mat,Inner,2,0.5082979567776995,0.3574471135269789,0.15137542507435514,0.37157155052668434,-0.07899737294317054,0.35356176220822083,0.20217293748461515,0.37377074139397504,0.5107823818749524,1.2272659965109791,0.006403612039406866,0.3274928941783491,0.16066075122685267,0.20151390939220606,1.6644007189775167,-0.024714114792003816
1665,209_0.mat,Inner,2,-0.30633723130056456,0.33226291887020065,-0.611680455609099,-0.306590291349215,-0.7254091527153118,0.35356176220822083,0.20217293748461515,-0.30399208158784596,-0.30279797006922493,0.8271500931612255,-0.13985306544272222,0.42530586324953235,0.48352511725624225,0.5983524054211516,1.737955344867484,0.13831118544772225
1666,209_0.mat,Inner,2,-0.514595341064923,0.30323583846445146,-0.6999203751404036,-0.4669470290262421,-0.7793137924329596,0.019480209348498527,-0.20278730169855808,-0.4642149306578932,-0.5107350229680366,0.6360425454440303,-0.24726810300905275,0.2799686536018313,0.21141309190673607,0.2877449864810158,1.5469549558497941,-0.12614013213205644
1667,209_0.mat,Inner,2,0.2737408690979779,0.3733987147491218,0.011016220441524203,0.1679978827687246,-0.141482758303217,0.3401817751099593,0.21761064826010687,0.17027035939024368,0.2764750242316853,1.1257706031797705,-0.06736439135688678,0.23972826264204547,0.20281160117749428,0.2910530835150276,1.716542889200865,-0.05488889506965858
1668,209_0.mat,Inner,2,0.2867747427334519,0.31312099740362853,-0.12303795244247266,0.1791337000645846,-0.2756491329901562,0.5333553388411121,0.4223281172394451,0.1815144627998579,0.2896262977041353,1.1568483932751537,0.061546456305922745,0.4493874131508429,0.42047515847853884,0.5046314250491357,1.7504565585500604,0.267347543847773
1669,209_0.mat,Inner,2,-0.5969504470071255,0.3448308471058286,-0.9943921894094018,-0.5288977077463566,-1.043023114026685,0.5333553388411121,0.4223281172394451,-0.5262078436274881,-0.593088432317792,0.7037320112044756,-0.10688519315695762,0.6588409974990099,0.8616149443230231,0.9993784443575445,1.7678897685865362,0.548409334132977
1670,209_0.mat,Inner,2,-0.28641155300898485,0.3693141380725423,-0.6904775824694218,-0.29096997820715725,-0.8004478447713992,0.39453797269664675,0.2601202866274006,-0.28845149299195766,-0.28298780933612966,0.8477856146767155,-0.11123750731857245,0.5812788474021536,0.5606999513383925,0.6381718635685983,1.7581829582749455,0.22562441005076694
1671,209_0.mat,Inner,2,0.38856448836678514,0.3032841766499731,-0.06098282542735013,0.26681427057937146,-0.2967156721692583,0.39453797269664675,0.2601202866274006,0.2691663520840746,0.39130932031000704,1.305961257796019,0.00527585740850317,0.4850219399271722,0.27684047584615623,0.3000382390581375,1.872265060893843,0.05103345321319959
1672,209_0.mat,Inner,2,0.22625119212664477,0.33262545526161286,-0.2293446040402356,0.1275994555945183,-0.42225607848115493,0.6533570981286471,0.5567928154433608,0.12997218077647996,0.2291366637440204,1.2419216359225203,0.030746872621844848,0.531993912059109,0.5713896909389159,0.6720762024491088,1.929960064411992,0.23608606920464267
1673,209_0.mat,Inner,2,-0.28886745143977555,0.3196949906345723,-0.5434436531417068,-0.29289784848529243,-0.6065009492564827,0.6533570981286471,0.5567928154433608,-0.2902841410061346,-0.28532077186095756,0.8121570987711451,-0.11152025782553293,0.3407051335796745,0.7260073952276788,0.9600579918482781,1.6936052936285217,0.22661954098202494
1674,209_0.mat,Inner,2,-0.06751852989582967,0.3551993879002213,-0.3703712698642448,-0.11618020669573415,-0.5563536532112127,0.19467441541636274,0.04958570923990593,-0.1137240475284769,-0.06432497963364975,0.920228413582748,-0.13692304395131225,0.36693172925062945,0.23075909885099363,0.28171998512498403,1.6882530078773894,-0.02927666662937887
1675,209_0.mat,Inner,2,0.0018090668504540097,0.34243810692250654,-0.37836623717795076,-0.05960038714686793,-0.5616725680196942,0.20052815977185276,0.09947860058678318,-0.05714898935753267,0.004948039322939715,1.129256119135606,-0.07113638296878799,0.47002214742875015,0.23931521777891762,0.2556052587715546,1.9716857119214999,0.12390400980877915
1676,209_0.mat,Inner,2,-0.34560851836093026,0.3330604989313074,-0.793487492847281,-0.33723417932132244,-0.8532402870435343,0.4183710747154258,0.33999365977015894,-0.33462156509147617,-0.3420231838927657,0.7474935851948177,-0.0543390309028792,0.6716855729148812,0.6365005374465971,0.7010245140071083,1.6217567398377462,0.49089253357090595
1677,209_0.mat,Inner,2,-0.01566664749772049,0.2756830727171131,-0.5387500294334345,-0.07391806426960676,-0.6986241290791099,0.4183710747154258,0.33999365977015894,-0.0713454785976634,-0.012367345987414085,0.7765818556383167,-0.0037863654459957207,0.7018054963699137,0.5082100261447982,0.5226656808910126,1.4057065258075783,0.34330611099529923
1678,209_0.mat,Inner,2,0.5547273512012544,0.3811328244325852,0.1445411937606252,0.41266484032634704,-0.12727843305454675,0.1691688150103017,0.13192016670919207,0.41479455254597547,0.5571005489107673,1.2597044527069674,0.00022830370151027864,0.39275020008621253,0.01280062361007248,-0.020273779297490288,1.6698613313849062,-0.06705213710526148
1679,209_0.mat,Inner,2,0.1091154678692989,0.3699425344843241,-0.33166335666413554,0.02913258215948881,-0.46342151103752205,0.31843929607528354,0.3601298042599302,0.031484040739136875,0.11205831975339059,1.2147510161490942,-0.016335057055911803,0.5378471198058814,0.32403850742603674,0.3431696531367945,2.002070758838532,0.20077136206418278
1680,209_0.mat,Inner,2,-0.6959079139953018,0.22461377971349367,-1.0274029859217058,-0.6022413329253357,-1.0203788692637057,0.31843929607528354,0.3601298042599302,-0.5993246626745081,-0.6916695546793379,0.7755938825852542,-0.15698195472805132,0.5713270790705515,0.6652628155579919,0.779666550276894,2.0330251728287725,0.42809547982815
1681,209_0.mat,Inner,2,-0.6487538669225087,0.34983384930731887,-0.8771931825060674,-0.5674417052230842,-0.9666193003115481,-0.23850266688985966,-0.32338043369840885,-0.5647414614113084,-0.6448421017921095,0.6206869677490205,-0.2546237624249071,0.38138707049746545,0.04013898627043737,0.02024586217028594,1.635175128127108,-0.06492855995968747
1682,209_0.mat,Inner,2,-0.03431074075268074,0.35548941701335185,-0.2621895918652187,-0.08915184705463146,-0.4481052712271696,-0.030276617673161928,-0.1175442900251937,-0.08671025097566894,-0.031158333084699816,0.9499750014950495,-0.1606173022691118,0.24747301043994313,-0.009903052307986734,-0.002162033925358326,1.7090128852415853,-0.12491811647690955
1683,209_0.mat,Inner,2,-0.1161631385787911,0.27761660013797906,-0.43842732072023305,-0.15552962692857752,-0.5853890517398332,0.12484760774730946,0.07978992597456205,-0.15291773478216963,-0.1127425481807729,1.0917459504226963,-0.11609426522112182,0.4076710596746148,0.19666274198996017,0.22111397012662293,2.0282863011120615,0.07203817275395122
1684,209_0.mat,Inner,2,-0.7131801425769078,0.2933748486180352,-0.9988606838663805,-0.6149202423136043,-1.0306854571460378,0.12484760774730946,0.07978992597456205,-0.6120953001722232,-0.7090541821172903,0.6076629111082188,-0.20493160368587146,0.4957775138035804,0.4558919137656412,0.5336133341646493,1.6666607841316141,0.21883773098252038
1685,209_0.mat,Inner,2,-0.033573630658622344,0.3711509891223649,-0.33716908044707433,-0.08855037276417584,-0.4854387533279692,-0.05034659832055474,-0.17840019337205765,-0.08614044641141741,-0.03046052176787929,1.1196981641638986,-0.13256473447089226,0.36069708574143794,0.00032373203949688544,-0.026389021101330894,1.9914092117141255,-0.038591889936883984
1686,209_0.mat,Inner,2,0.23647921102841724,0.2809761040317335,0.0012038476075798413,0.13627692705955882,-0.1405785813335433,0.10645012548719959,-0.03923706145386242,0.13873254717243377,0.23945495149256446,1.1173673217721993,-0.09256671725945256,0.20780579403205238,0.011465952494108114,0.04069064898264788,1.7358332605752012,-0.09762193524335748
1687,209_0.mat,Inner,2,-0.5337584163371103,0.2641060772846788,-0.9041733197067933,-0.4814362016273382,-0.9595758688923371,0.15369820492793684,0.08829185364802142,-0.47863536418054,-0.5297935096338818,0.7283612054284809,-0.14485359832955375,0.5929921886570823,0.43645508858336646,0.4704961398713004,1.758123223661075,0.3190782325184927
1688,209_0.mat,Inner,2,-0.4554083563469189,0.33117530969596337,-0.8850627930853534,-0.42191257194098175,-1.01429703952214,0.15369820492793684,0.08829185364802142,-0.4192526602127764,-0.4516846322637496,1.0721520339574933,-0.1481447570187071,0.6728111031121632,0.42692522351269946,0.42805196780402,2.3807260332588602,0.23327576489649632
1689,209_0.mat,Inner,2,0.05551803705239476,0.285809922583898,-0.4014795681029752,-0.015363626868856093,-0.5607846364875783,1.1325278860851438,1.0610913674427371,-0.012837045810367998,0.05870980861078695,1.1611952291934553,0.08491265988296329,0.5766116038953514,1.082505699857993,1.3258906591818258,1.970136968364211,0.5411861813762877
1690,209_0.mat,Inner,2,0.08032389047987092,0.2893627792197392,-0.3433741893015796,0.0051863913216201075,-0.501735755810324,1.1325278860851438,1.0610913674427371,0.007696695270521032,0.08347806561278179,0.7618958949956492,0.07503986017918872,0.5184892822026139,1.0497136104537663,1.3103890207149491,1.313001482858568,0.4879405038599469
1691,209_0.mat,Inner,2,-0.3222217772149363,0.2557677402821949,-0.7022947528527609,-0.31900789790934836,-0.8734208368952103,0.28038995776460174,0.09679378132148028,-0.31627920189593234,-0.3185043406443987,0.7477407654927675,-0.16151120582713288,0.5511426977715873,0.45886314454846633,0.5160057493999471,1.6015472134511934,0.07122333627131254
1692,209_0.mat,Inner,2,-0.2872912027608087,0.2602148533501863,-0.5871618645006473,-0.29166058438031894,-0.7130768003057951,0.28038995776460174,0.09679378132148028,-0.2889523812058309,-0.28362535624642665,1.0096973825753133,-0.1619874499104234,0.4120382993977493,0.40410028730085557,0.4973306711234972,2.062000702679361,0.04294644704125151
1693,209_0.mat,Inner,2,0.12840465324873296,0.24230555561441627,-0.1762155990794276,0.04523220761599275,-0.31307100838503793,0.259901852520389,0.17711462434178926,0.04779081095823073,0.1315816715797392,1.0548966646249234,-0.05885314127899383,0.32820985222660093,0.20847041199915167,0.26589855959560804,1.734732785344601,0.06582088377543603
1694,209_0.mat,Inner,2,-0.06877220913723836,0.24750191055799337,-0.46968644712783747,-0.1171979575568792,-0.6251376447236465,0.259901852520389,0.17711462434178926,-0.1145622752599474,-0.06535677971334881,0.6407413719337974,-0.06503847897526065,0.5196044737038928,0.3320004416118254,0.3604269882005324,1.2157248005070596,0.19846127829874544
1695,209_0.mat,Inner,2,-0.25104942250313517,0.24648680866203873,-0.4986328551741853,-0.26312916001989395,-0.6360843224639607,0.2975330662342495,0.17711462434178926,-0.2604165314557434,-0.2474044076100031,0.6838580957726642,-0.15359987100754424,0.32155240750505537,0.3791297163093401,0.49927405922748996,1.4231993246971795,0.0457673643103495
1696,209_0.mat,Inner,2,0.25077961337335886,0.3157554285145578,-0.001861499886918368,0.14843084299453413,-0.1584540718447134,0.2975330662342495,0.1153637812398245,0.15082293565129748,0.2536703205659561,1.5696907732583787,-0.04999217976550005,0.22970108695041128,0.17217595601047997,0.25291471857249875,2.3891749978859917,0.005153349922119558
1697,209_0.mat,Inner,2,-0.003883168794050117,0.20984646403663026,-0.16230702668222907,-0.06426807578645446,-0.2129387765147647,0.0433133113672771,-0.03498609761713299,-0.06161224025540865,-0.0004909424620224453,0.9067253603837491,-0.12556865150568106,0.14077142473418225,0.017079554865815343,0.07187145755297208,1.6110019986249275,-0.03727445285016345
1698,209_0.mat,Inner,2,-0.5855024317110404,0.21236004968375616,-0.8204782337471063,-0.5203356551368795,-0.8640556731141125,-0.07083470356476793,-0.022009471168169127,-0.517446603541118,-0.5813824696482309,0.22389734915649592,-0.21677113909320558,0.37708602011863795,0.1784042403388195,0.207595889012012,0.7200436792680819,0.05560275363001256
1699,209_0.mat,Inner,2,-0.009482513704108832,0.2974352562018541,-0.6508579094608626,-0.0688557310389243,-0.8886798499786353,0.6976783053916389,0.5995261887494306,-0.06632015291597516,-0.006232861308817702,1.1987224480397443,0.03139554597196415,0.8973023934975034,0.8244581478996545,0.8509734049355756,2.097446865264511,0.4450445347122644
1700,209_0.mat,Inner,2,-0.040394854122957125,0.1588013401257719,-0.5499251724656874,-0.09411388621343061,-0.7108734561861758,0.6976783053916389,0.5995261887494306,-0.09139055403388044,-0.03689283250636723,1.2663667643729917,0.014621102942433158,0.6866851362411814,0.7700847089895374,0.8684404728894374,2.24320114960885,0.4227136300463529
1701,209_0.mat,Inner,2,-0.4498135848300006,0.23623911333144962,-0.728254641683832,-0.4176334578907112,-0.7627871646574306,0.3891023529379785,0.38675426197418367,-0.41482717116314555,-0.44590263015640175,0.45837534260623863,-0.12485442962914374,0.41614543636697193,0.5747057234822437,0.7240816161337802,1.1321805392979012,0.32128947525738916
1702,209_0.mat,Inner,2,-0.5749307264290292,0.26666800111732586,-0.9118939521776083,-0.5124147814990944,-0.9757528971204856,0.3891023529379785,0.38675426197418367,-0.5096016557342634,-0.5709197414394286,0.4291603874359216,-0.15401754805096854,0.5468100909642679,0.6716832593439693,0.7983493611660781,1.156077058043151,0.31944318182564374
1703,209_0.mat,Inner,2,0.3357950169525421,0.2814111477014279,-0.24449911797383658,0.22120121545403915,-0.4990119066498904,0.9711317917123624,0.8514517298103437,0.2236121875055061,0.3386462487881266,1.4797533046608076,0.14435093781499417,0.6953376888182249,0.8549785135593801,0.9749250633199299,2.166945863930946,0.4344555165797208
1704,209_0.mat,Inner,2,0.44310612609152156,0.225483867052883,-0.09341985676305228,0.3143166784059385,-0.30565885920594027,0.9711317917123624,0.8514517298103437,0.31675768026496476,0.445913001411459,1.578071869155452,0.2006115730409635,0.6009727482764204,0.7790388584380096,0.9165268333138402,2.192784115319745,0.47288866957355113
1705,209_0.mat,Inner,2,-0.6954334360758713,0.20042051785990928,-1.0024002495867894,-0.601892521735183,-1.015185179038211,0.11230386984268914,0.1010447451582097,-0.5989476213207112,-0.6911570537815412,0.42181815016437824,-0.18398986920948254,0.5280731057407676,0.4451630091048914,0.5068459967703209,1.225787250708606,0.30078089510306066
1706,209_0.mat,Inner,2,-0.4310420691191366,0.24411823757147766,-0.689493672393864,-0.4032482821421503,-0.7720214092118216,-0.047001601545989355,-0.09807935035174867,-0.40045989316037167,-0.42716818577139765,0.4933864781733519,-0.20968976290847563,0.3791177433795857,0.14420242237368094,0.16089274664177675,1.189953701474797,-0.03162849150695526
1707,209_0.mat,Inner,2,0.5272856096609162,0.24916957795848982,0.31748591911090224,0.38834513474632826,0.09700772212929974,0.4396954291532802,0.30688088883142484,0.3907167643511785,0.5299513511949864,1.161576295726374,-0.04204108329886084,0.12437586768910766,0.16895715434994768,0.2879747701797918,1.563177362391568,-0.14521419027794907
1708,209_0.mat,Inner,2,0.12011707092339112,0.2462209486416693,-0.22222769778291832,0.038309447575773516,-0.39588042286635405,0.4396954291532802,0.30688088883142484,0.040866355116632114,0.12329815967021551,1.0372707416479525,-0.06281179609806721,0.38581130014974685,0.3828694818617731,0.47909476333692075,1.7145413178113105,0.06060874782804131
1709,209_0.mat,Inner,2,-0.6303244510314798,0.20129060519929873,-0.9369459692928511,-0.5537669889569783,-1.0142654148472279,-0.12853589792602077,-0.11195091655581282,-0.5508479736378801,-0.6261312319408878,0.3036698187187082,-0.22370982342921591,0.5096591179755634,0.17422535000214717,0.1551686704018799,0.9178815223275415,0.06063127119808232
1710,209_0.mat,Inner,2,0.48885832311687333,0.2189340429146998,-0.016322930817428898,0.3544443197714607,-0.2981063089637729,0.8486212848439036,0.802901248096118,0.35687258397865296,0.4916166864837101,1.1366961902406394,0.11051027754434672,0.5435318652357444,0.6391654775319964,0.7568224429283743,1.5593242602035922,0.22562614020130978
1711,209_0.mat,Inner,2,0.5609391847802446,0.1508980467929824,0.3176667459110352,0.41818272577463256,0.13469413650348364,0.8486212848439036,0.802901248096118,0.42064757354360066,0.5636848630345144,1.0620733490227767,0.07327683009442078,0.1634360290135119,0.49338634862769143,0.7203930152445565,1.4095049107717252,0.08958477611274372
1712,209_0.mat,Inner,2,-0.4493946472508156,0.15860798738368495,-0.48384192008997856,-0.41731288310468456,-0.5196459995467236,-0.10261217292313936,-0.23209657867811367,-0.414422031007643,-0.44537357234626895,0.4023903747467395,-0.2544780895555747,0.033752817786174255,0.009321698009353813,0.09928405385918805,1.0186387064345337,-0.1975207237044385
1713,209_0.mat,Inner,2,-0.7033583798285352,0.21567121539198875,-0.8770720146191796,-0.6077149165267108,-0.9151868130720346,-0.10261217292313936,-0.12716489239252893,-0.6047845362423268,-0.6990959007354802,0.4080540820442912,-0.2567261355283009,0.3027378933549971,0.17274658795269654,0.22685188648415164,1.2001659658394126,-0.03470080010933463
1714,209_0.mat,Inner,2,0.32010239859235756,0.24982214346303233,-0.11775324425202334,0.20770240248883767,-0.3362216646823299,1.0877885542253316,0.9778619702183512,0.21016666872044806,0.3230270355504932,1.1229483190639071,0.10397539351653282,0.48335492996423757,0.8903556207745632,1.1155752131594014,1.6735549458115961,0.3471191838899503
1715,209_0.mat,Inner,2,0.5004368303492517,0.21112742595295447,0.12671468424699672,0.36463996883928623,-0.0730437797984112,1.0877885542253316,0.9778619702183512,0.36707222905919357,0.5031911062208235,0.9388336303932625,0.1184526594108308,0.3525067689575039,0.7704456098711255,1.0147018204509755,1.2886769417954655,0.2347956044111691
1716,209_0.mat,Inner,2,-0.5123748297232451,0.19708518305891604,-0.7095839202433314,-0.46526520328264376,-0.7647955893277592,-0.34345194069185,-0.2068145305965122,-0.4623873827244948,-0.5083238673725923,0.17967345117275088,-0.24610543436643084,0.29859241813838244,-0.12755519326930742,-0.17906585589959673,0.5937438932640373,-0.12290895810080736
1717,209_0.mat,Inner,2,-0.3045585326926082,0.16300676226615532,-0.6031367810152473,-0.3051978899561743,-0.7190390547790608,0.04373143596409795,-0.0014258568008477164,-0.3023690069776467,-0.30072610951957324,0.8865449539243914,-0.17724257000297547,0.41403998289974836,0.19211441347786995,0.2127373161367095,1.8481443432284128,0.00018992665720501207
1718,209_0.mat,Inner,2,0.4029783354855811,0.2046984472785751,0.030039841843591666,0.2793325129394981,-0.15491622799925486,0.6567020949032125,0.6449443813208033,0.28181633191959043,0.4058641501869064,1.1930307156975233,0.06624503376834233,0.3710242417561936,0.45849595012838995,0.5866206729856532,1.7035034354427896,0.18748807121673836
1719,209_0.mat,Inner,2,0.03452520155062618,0.2065352983283973,-0.2705459496186441,-0.03269608134908902,-0.39601673865568365,0.6567020949032125,0.6449443813208033,-0.030052783813739787,0.0378736440014589,0.34288637449395964,-0.025462650042996356,0.3483833935967666,0.5936401740686438,0.7780692810453896,0.6674115987153596,0.23460241118803518
1720,209_0.mat,Inner,2,-0.5063369262219831,0.046946778828681625,-0.8754818891655426,-0.4606890208702344,-0.96728648302459,0.565132808199484,0.48788245430058863,-0.4577118557045844,-0.5021595303271155,0.26754152696024347,-0.1272789853021442,0.5830508224948997,0.8237005383774259,0.9828995222610762,0.7737894227610892,0.3657572010485365
1721,209_0.mat,Inner,2,0.20831701357206592,0.25136896539972475,-0.3420711156108785,0.11241491461872143,-0.5927283368094306,0.565132808199484,0.48788245430058863,0.11492638014592528,0.21137921291914802,1.3206633655532876,0.03171678330223137,0.6831671547962285,0.5468512594536605,0.5799720439904915,2.0648458778831444,0.2530923370690168
1722,209_0.mat,Inner,2,0.5822710072867944,0.13497061466359975,0.24356924407255384,0.43716737773114833,0.06700851142391148,0.9385180731603497,0.8977648621368173,0.43963501488819373,0.5850036888690643,1.1368170145560434,0.1490808803124087,0.2883862781122755,0.5965696642163305,0.8077860138325358,1.4905723662835946,0.23973072753272867
1723,209_0.mat,Inner,2,-0.3899519532498065,0.10956889817197461,-0.6898358934676053,-0.3716094431172513,-0.744621960532723,0.9385180731603497,0.8977648621368173,-0.3687057832094263,-0.3859590619408096,0.4675634432795905,-0.03881020999473371,0.4366472307754026,1.0729269772272274,1.3808712123490399,1.111084935043256,0.5971165014181065
1724,209_0.mat,Inner,2,-0.707180108676138,0.2674655811784331,-1.0686383686014473,-0.6105199688779186,-1.1666471501919957,0.5856209134436967,0.4959369120964973,-0.607657220472503,-0.7030069258907271,0.6416279913100951,-0.16378088778088676,0.6279612191550517,0.9592933809389869,1.1405373330161064,1.738756215965362,0.40797293634897924
1725,209_0.mat,Inner,2,0.26257430324638276,0.1784266434475606,-0.1987165629353492,0.15847395393312827,-0.4606704173876162,0.5856209134436967,0.4959369120964973,0.16104818185451264,0.26567009472468545,1.2154276814884728,0.005611080583527766,0.531882090870923,0.49871770793810116,0.5761203338085131,1.8569715843025167,0.14168368087372016
1726,209_0.mat,Inner,2,0.7222052456846528,0.24639013229099554,0.25340320024833074,0.5630829212063427,-0.037491343544369414,0.44763979649287305,0.4464914906271707,0.565367874975318,0.7246303236347388,1.0838084706225972,0.08992537479221925,0.44004706448617215,0.19881268860083884,0.21239120265777744,1.3298211971511211,0.01822070683652083
1727,209_0.mat,Inner,2,-0.17032828392772614,0.17429372858545955,-0.5316159166536334,-0.19900453934785384,-0.6740376104717261,0.44763979649287305,0.4464914906271707,-0.1962411787934179,-0.16667921617645964,0.4871405524143235,-0.09041865079877763,0.48184102546127694,0.5315764646464007,0.6396225352892555,1.012764283724907,0.19947489210495495
1728,209_0.mat,Inner,2,-0.1342266390531489,0.14664428646707767,-0.4881590976513572,-0.17006788270391063,-0.6607672265205995,0.15077133275019183,0.13080149201531568,-0.1672949366304757,-0.1305927389447365,0.9804456474863416,-0.11171281831685873,0.461435690420134,0.2411031263453003,0.26108673719309766,1.8527451556644896,0.099881109618336
1729,209_0.mat,Inner,2,0.485902429493811,0.0910070349316627,0.17025444518729743,0.3518440822923484,-0.03090900766814786,0.15077133275019183,0.13080149201531568,0.3543835043474376,0.4887892840903151,1.2459323296354379,-0.0046711370170503365,0.2745123937072962,-0.011049540670290058,-0.012888333390214772,1.706934087362719,-0.036132811579768664
1730,209_0.mat,Inner,2,0.4132787060941914,0.09347228239326677,-0.025610368122735712,0.2882938033755202,-0.20389634250993707,1.3411720598986623,1.361567390217877,0.2908648641560684,0.4162569619896083,0.8935278886190196,0.2555923881563945,0.4639007109055368,1.0565134317521683,1.3456951860982163,1.2837723787445887,0.6314852255423278
1731,209_0.mat,Inner,2,-0.04843830000998985,0.14326061348056252,-0.5128604408090701,-0.10066696298731988,-0.6439303029429695,1.3411720598986623,1.361567390217877,-0.09792723376740961,-0.04491010931985305,0.7415093466187213,0.18845708883184306,0.6157046365232235,1.3376070751372262,1.64117723162537,1.3713318772812597,0.9726687327465933
1732,209_0.mat,Inner,2,-0.024640250752684213,0.18074687635259928,-0.34546796769692933,-0.08125554913818761,-0.4831232186697586,0.7315463977341136,0.6729112486677067,-0.07855949633947026,-0.021183445826756932,0.8769628272196837,-0.04100706102342487,0.384946393281038,0.69581147267178,0.8998040324640745,1.5789826268150255,0.23678408766239692
1733,209_0.mat,Inner,2,0.27588716201995206,0.1230310828397534,-0.022004954203696768,0.16983019461898258,-0.19953231930555368,0.7315463977341136,0.6729112486677067,0.1724448034477189,0.27902021948266315,1.0207558904100666,-0.015267140369798277,0.28919706441164394,0.5436619268995253,0.7355755616930877,1.5615491349040909,0.07789243286300764
1734,209_0.mat,Inner,2,0.19872953574462934,0.05124887734010849,-0.32359827711554134,0.10431349038688337,-0.5003822768256527,1.3637507881269793,1.4311489561769744,0.10699690925094019,0.20200226130602467,0.8708291206783136,0.2337254218776656,0.6417260207323471,1.2426742810470683,1.5040782013325797,1.3974751646837742,0.8055488796921227
1735,209_0.mat,Inner,2,-0.15068690829683362,0.1913812771673617,-0.6421656702965369,-0.1832810789749986,-0.7446148678426717,1.3637507881269793,1.4311489561769744,-0.18054314196305832,-0.14708425002752482,0.8168395348956737,0.205554983108423,0.6884428318667029,1.4417690341451384,1.7396091176005792,1.5810656553296505,1.1655700404710028
1736,209_0.mat,Inner,2,0.37224830314788926,0.15113973772059092,0.09362102098539524,0.2526744993083905,-0.049833350751033276,0.7399088896705268,0.73331968213702,0.25522484375560495,0.3752338040129498,0.9188076175364691,0.07578562448116852,0.24401708145228818,0.5000280347799562,0.6952569229731518,1.3460164154585326,0.23427718718064997
1737,209_0.mat,Inner,2,0.9086020999745994,0.09207047501313878,0.5628999828689788,0.7345220064375547,0.33301034738755453,0.7399088896705268,0.73331968213702,0.7368627382644256,0.9109478122678214,0.8914656021628744,0.17155487618236495,0.2401867887077579,0.3126241143316562,0.4408827463674265,1.0003675451111729,0.05588213631692538
1738,209_0.mat,Inner,2,0.390800325346956,0.11266254204536008,-0.13124325646084162,0.26875440327114614,-0.35320244810294327,1.1454897485865854,1.2121124511160208,0.27132457693729867,0.3937946459644379,0.8569833584911526,0.2125334638876104,0.592191698001387,0.946510645008322,1.140040133753875,1.247795583908643,0.5502233314145065
1739,209_0.mat,Inner,2,0.23424157087653152,0.0990311737282558,-0.39956639094157503,0.1343774165673169,-0.591742782091449,1.1454897485865854,1.2121124511160208,0.13702519439528052,0.23744517128542586,1.4257142888190315,0.3123561450128689,0.8087271194081638,1.093002680645645,1.2315209476827083,2.194443577485425,0.973432285392301
1740,209_0.mat,Inner,2,0.16654830366043016,0.03343625597538154,-0.08514217691139404,0.07720243847577998,-0.18698690901944368,0.6495939767572608,0.6004211285045314,0.0799041712831438,0.16986733750805014,0.565458961704438,-0.017859908731499917,0.24390686913751775,0.50265657073802,0.6988923456793218,0.9548309675849994,0.15134855207511777
1741,209_0.mat,Inner,2,-0.10745943143443644,0.013931798117396973,-0.4204350025192836,-0.14851029071069302,-0.4797093649466398,0.9247199614652668,0.7836600433614479,-0.14568900135407634,-0.10378587233142783,0.22764706820961209,-0.011256046540723121,0.39131645659725406,0.9068905107415117,1.1803481570006922,0.5295329089837807,0.40425419959605097
1742,209_0.mat,Inner,2,0.289161366822891,0.11268671113812091,-0.44245578443008926,0.1811750203773758,-0.6388699324762042,1.3173389578798838,1.3817035347076478,0.18379052684726768,0.2922854068313387,1.2619924044522335,0.43214955068342775,0.9512282567501659,1.2725120492536608,1.3942173158461124,1.900324728870335,1.2139716229109232
1743,209_0.mat,Inner,2,0.6580054972037996,0.02401030979866073,-0.11107429311524503,0.5050177415975597,-0.39808648710043515,1.3173389578798838,1.3817035347076478,0.5074995128774261,0.6606963178801748,1.7762555625445822,0.5190396634288199,0.8964701047523733,1.0822173538849713,1.178364992841143,2.2305101012950033,0.954341972036507
1744,209_0.mat,Inner,2,0.2573228952145669,0.036554068941528024,-0.19329823309851074,0.15400031109857465,-0.3664137162194496,0.8674368917008344,0.786792332504301,0.15666165586400174,0.2605248477889443,0.8225814880888974,0.08008081832307581,0.5170397602322524,0.739361226469819,0.9004123679060865,1.2853480230888392,0.33969307402784205
1745,209_0.mat,Inner,2,-0.043215645370367484,0.07466872822534626,-0.4376491073694461,-0.09641291328720412,-0.6174927914160372,0.509522236822333,0.39794100891294437,-0.09363383268268247,-0.03964313969106568,0.2947937057684709,-0.09363560122151901,0.5030794734015489,0.5425493201343439,0.6456085824660114,0.6194933559872441,0.08866938710888121
1746,209_0.mat,Inner,2,0.4268804154993034,0.03174441948212409,-0.12058878492097266,0.30014710736483363,-0.3787703672558785,0.589384034815083,0.5429212492392961,0.30273371667503235,0.42986612583396155,1.0205082989527658,0.11882053772290191,0.6214411388001448,0.4671548713454646,0.49987289801435464,1.4482978190858198,0.2939419938028875
1747,209_0.mat,Inner,2,0.7859805129955971,0.060360625310938616,0.40286901538633463,0.6212627285536015,0.16767880126295298,0.589384034815083,0.5429212492392961,0.6236756142625702,0.7884977789301231,1.152107073008323,0.12863631951585164,0.3108999831444161,0.2556038812976564,0.33613533489700737,1.3700640705459772,0.05386780772035539
1748,209_0.mat,Inner,2,0.3627093267821388,0.019659873101712414,0.07428072513277059,0.24442299115334506,-0.1160206929387969,0.14742633597562643,-0.00321573631104931,0.24704025096157772,0.36577937090028584,0.36703028688877176,-0.07704627278885673,0.2594428857451262,0.019579579156336412,0.033955343116083996,0.5786210996130656,-0.1334903619453347
1749,209_0.mat,Inner,2,0.0911723867591054,0.02309188427374899,-0.2055744532174953,0.014197284185755978,-0.36775775172924247,0.6654827114364466,0.4807229362597812,0.016933324287720205,0.09459005677596327,0.31049261369294223,-0.0875019922948555,0.32422527933239553,0.5708442184903405,0.7575532709715329,0.5933979109788516,0.010478727930901368
1750,209_0.mat,Inner,2,0.42507218185373535,0.02023993132797166,-0.08914905727941679,0.2985700069702535,-0.35560165099980495,0.6654827114364466,0.4807229362597812,0.30115916192926667,0.4280621912236812,1.2964962412017793,0.07984455590315026,0.5720981554154405,0.5178992853764891,0.5855552652781412,1.8265915259555288,0.20301802675691097
1751,209_0.mat,Inner,2,0.35509725894502686,0.02596800631228695,-0.16543392074473673,0.23784629303491142,-0.34829520193793445,0.5806034182818484,0.4737871531577489,0.24046612021107597,0.35817609295990105,1.0638122412883684,0.11811286084509925,0.5987857749502794,0.4794859445956625,0.5247155096611096,1.5616744855252804,0.3521799191725518
1752,209_0.mat,Inner,2,-0.3888304710887696,-0.06340929871723779,-0.6142674712188834,-0.37074302516779295,-0.6157969865464606,0.5806034182818484,0.4737871531577489,-0.36781658232888004,-0.3848089649796805,0.1831334460710279,-0.11141085138216637,0.3166617098162865,0.6957322223584715,0.9298548927884058,0.5516655933661159,0.31651348970348686
1753,209_0.mat,Inner,2,0.5808969391647145,0.04402231860462215,-0.06627387328064042,0.43594282513158145,-0.33187117562916896,1.1070222856790821,1.0888344998508663,0.4384564736336098,0.5836822557898758,1.1911948127949712,0.2556993868739573,0.7317675050665666,0.880532316136898,0.9922832595876254,1.5611435710661983,0.47258151925397596
1754,209_0.mat,Inner,2,0.8224134455190497,-0.02174178279757796,0.2639809943242899,0.6547221507913729,-0.012075740756171908,1.1070222856790821,1.0888344998508663,0.6571270386090265,0.8248941716791498,1.4354839936054602,0.2925693543536754,0.5434039422489867,0.722569208245104,0.866910431371154,1.675620520872547,0.34346100593723294
1755,209_0.mat,Inner,2,-0.12938938956468696,-0.16448444464300022,-0.2651763366466779,-0.16617857140374168,-0.3404563389930516,-0.034875988238189395,-0.16408115729044234,-0.16342051304217128,-0.1257776310828431,0.35616000173852863,-0.18045001962551882,0.12970473292329052,-0.01281900343130425,0.03441009879986898,0.7611900822323922,-0.1289905868316335
1756,209_0.mat,Inner,2,-0.34751421264915566,-0.015675340514610992,-0.501226360824265,-0.33871642363997,-0.5354956020117153,-0.1527871245416202,-0.1481959766374005,-0.3357965638643538,-0.34353274957971114,0.2369298039024732,-0.20451044078243363,0.19636059295204175,-0.02961510029674454,-0.011740498492836614,0.6396599261448195,-0.07044796912495069
1757,209_0.mat,Inner,2,0.319748477487274,-0.02188679735414288,-0.020542637054699005,0.20739830595369857,-0.20280410714639102,0.8783081312181723,0.7353332965859978,0.21003479838842692,0.3228736741630736,0.6529992090979818,0.023553051518013665,0.3411972847067647,0.6659854853441893,0.8788042215147444,1.002455195535612,0.144921910217571
1758,209_0.mat,Inner,2,0.39535201107433665,-0.0508655395743702,-0.021868918581452297,0.27270598551254044,-0.2393878573236879,0.8783081312181723,0.7353332965859978,0.27530309491982485,0.39837386833335386,0.939527911361063,0.0775124776599553,0.43634682096711114,0.6666027793921326,0.8384070257806646,1.3590642238055164,0.22034553498857176
1759,209_0.mat,Inner,2,0.2046916734299316,-0.08859349337401526,-0.2337426479130552,0.10935017980826803,-0.3876144442828442,0.8226975598410213,0.8120743805859025,0.11201771712131177,0.207941067620678,0.8072125593845959,0.07930928819347494,0.5111201174083132,0.7205197323019918,0.8780212638182433,1.297741588879783,0.3838109396542543
1760,209_0.mat,Inner,2,0.516456661926652,-0.04736102112405052,0.06764856561173342,0.3787735072974987,-0.14409694836260786,0.8226975598410213,0.8120743805859025,0.38131661407672485,0.5193243926726111,0.8271767292454931,0.10806000065081596,0.4555900005970869,0.5796102409897803,0.7142603092742047,1.1315339132038278,0.1989532206748642
1761,209_0.mat,Inner,2,1.0416306240838862,-0.06079903669906807,0.6533060566289244,0.8594710390407032,0.36697314172879486,0.9121762235606465,0.8089420914430494,0.8617613565598113,1.0438212574974024,1.1072597377882067,0.18195671262384078,0.27246144104695713,0.4093994152750731,0.5599738538585176,1.1667212225414738,-0.007756308861010338
1762,209_0.mat,Inner,2,0.5115008706323965,-0.020557497252297503,0.08308783011550527,0.3743978981040312,-0.13311383127529058,0.9121762235606465,0.8089420914430494,0.37694806420408206,0.5143803787769622,1.0475737205654738,0.13583573820968436,0.42752245951308354,0.646476224166438,0.8152887578847742,1.424774113633135,0.26543311412416337
1763,209_0.mat,Inner,2,-0.6914797132882378,-0.12177765773462583,-0.9306302586561924,-0.5989848834072145,-0.9301760199520378,0.42087982229634996,0.2829412503824748,-0.5959694866246109,-0.6871105003643161,0.38499275750598455,-0.1514344482378557,0.4100148170088364,0.7133127548791169,0.9122926072704703,1.1390013404130919,0.44925372170514855
1764,209_0.mat,Inner,2,0.19960479516695598,-0.10280491991737935,-0.446211500196913,0.10505261930278974,-0.6421290691895174,0.9928742707470372,0.8487669105450408,0.1077150231747202,0.20285198739729288,0.9257299284029882,0.16544659573944515,0.8386355243273734,0.9823313176207145,1.0766734300778895,1.4794404862361774,0.6205429262027056
1765,209_0.mat,Inner,2,0.6660955076496019,0.11500694404316011,0.13842555447880384,0.5123069880132362,-0.14171024064553425,0.9928742707470372,0.8487669105450408,0.5147495690444774,0.6687367014043917,1.0205851673413233,0.16681830947614093,0.5351575482858442,0.6874456941497717,0.8240503885840043,1.287998609679567,0.2139962280945655
1766,209_0.mat,Inner,2,-0.2500962463795937,-0.017923066141367808,-0.5102862549024221,-0.26237660429596216,-0.6112434922561344,0.36861424769376533,0.18069438336219296,-0.2594964629336774,-0.2462399342735916,0.49955717089275953,-0.1611465093758058,0.3409787126723684,0.449238759590388,0.5862699562400673,1.083106933736113,0.018276445826670734
1767,209_0.mat,Inner,2,-0.34342225749226113,-0.09047868260935936,-0.815935438207709,-0.33553316454333737,-0.9358054301082099,0.4668735279466247,0.5024252253209796,-0.3326361823848747,-0.33947330108660956,0.5750267308846739,-0.04888014602573406,0.7132788998998104,0.6952001788702822,0.7603625899077229,1.287934234135226,0.5086568102245543
1768,209_0.mat,Inner,2,0.8201159191081346,-0.07387451588267387,0.15440458465220777,0.6526073486443383,-0.16795616598057295,0.6274333731257643,0.5901293213208699,0.6550000441193278,0.8225851644498473,1.0238643433771275,0.2729288237616971,0.6969648330002003,0.3825655717928285,0.36156742643660905,1.1990229214759307,0.30777246661511526
1769,209_0.mat,Inner,2,0.885992281173689,-0.004750910586719106,0.4639460080732881,0.713500348453728,0.2053588776624058,0.6274333731257643,0.5901293213208699,0.7158759079728771,0.8883926802750324,0.6661653235706825,0.15959441452267864,0.34425074650796916,0.2626465014314916,0.3331242997206202,0.7565137686463774,0.04832962751853207
1770,209_0.mat,Inner,2,-0.34614612834391073,-0.061209911276002414,-0.5236678161443976,-0.33765237596776,-0.6128561850925044,-0.2987126088320376,-0.3171158554127025,-0.3347423315428573,-0.3421783206300518,0.2728455806176544,-0.23066411849856158,0.23272534036057702,-0.15441319594417016,-0.19470769631410736,0.7082236468867286,-0.16932841911265542
1771,209_0.mat,Inner,2,-0.22389174139008286,-0.09262973186507248,-0.5104306682197288,-0.24164403966232037,-0.6105180369356163,0.6023458973165237,0.5713355864637506,-0.23879673744297777,-0.22009688823012688,0.8794908758270725,-0.0929215037808619,0.3763657555022144,0.6624224246847237,0.8586723239563214,1.7577635917191792,0.2361776137942955
1772,209_0.mat,Inner,2,0.8126778271986518,-0.08310710931730816,0.32023251652825785,0.645765238003921,0.13697011928504482,0.8448581634725174,0.7389130556064009,0.6481575678797609,0.8151523473902127,1.371829834975556,0.3221177489981186,0.4538784083877828,0.4893405110878201,0.5946612774666256,1.6089432020461885,0.40796702769323645
1773,209_0.mat,Inner,2,0.5877412625089881,-0.09782608680864965,0.1368672401224638,0.4420446888690044,-0.016887967770622323,0.8448581634725174,0.7389130556064009,0.44453530503666394,0.5904955449908054,0.8134616397705303,0.18386417423533957,0.4432182130460434,0.5672794120626,0.7029300390659088,1.073792360844297,0.3108689731958715
1774,209_0.mat,Inner,2,-0.32109687474979376,-0.004412543288067826,-0.6469167269140146,-0.3181295293158128,-0.7443492126449893,0.4217160714899912,0.29412799732123657,-0.3152197937541305,-0.3171485989570877,0.4158224943187827,-0.13667679685293802,0.4619322302096842,0.5643383248810848,0.6913043420098327,0.9689260343564705,0.16173846709814982
1775,209_0.mat,Inner,2,0.08032109493174623,0.05521260855288306,-0.40921714393572867,0.005184071158380065,-0.5622336652906331,0.589384034815083,0.4992929361781254,0.007917630020464224,0.08374407037514103,1.2241492462325625,0.06354960670648048,0.6214803265849874,0.600545588039117,0.6743062506406591,2.045350798797882,0.4544785385691454
1776,209_0.mat,Inner,2,0.531949119008569,0.06915817507587835,0.20339278684369524,0.3924715897325753,0.07863964405016068,0.8461125372629795,0.7666561880145303,0.3949997471251423,0.5347881279719597,1.3067069107215568,0.18890148403190776,0.2837819758972014,0.5394895109024792,0.7322024667544663,1.749136937126568,0.3679543091339447
1777,209_0.mat,Inner,2,-0.05010171063628962,-0.17859919481532105,-0.2305797539057213,-0.10202117416393242,-0.338252668221191,0.8461125372629795,0.7666561880145303,-0.09930952174826951,-0.0466067310788617,0.4190844363776446,-0.07021809646973887,0.18083626038032993,0.7392913864131966,1.0511951299292963,0.8310110666588815,0.1670356900322707
1778,209_0.mat,Inner,2,-0.33926927724506306,-0.18698587000332664,-0.4932609786038172,-0.33230034054253105,-0.6130698198565103,-0.2694438870545899,-0.309061397616794,-0.32947780402138244,-0.33541901187658035,0.24404512726074654,-0.24818404770064903,0.19520236308468908,-0.13868164058043853,-0.16111396481515053,0.6498929410129428,-0.23886933324897444
1779,209_0.mat,Inner,2,0.40731729979472153,-0.05635192363107702,0.0687327745252539,0.2831058183856088,-0.11676986453531885,0.724438279588162,0.5764814900555814,0.28569596977522155,0.41032201976157306,1.0764728780147033,0.024217582468320602,0.3214164003007751,0.49799305888916934,0.6601681542162903,1.539408318784808,0.0834833490980479
1780,209_0.mat,Inner,2,0.19025735182301612,-0.08040017092809638,0.01370342210618109,0.09716383632635056,-0.04519589316270849,0.724438279588162,0.5764814900555814,0.09984142223921881,0.19352963333679288,0.7140553349029498,-0.029622353379064877,0.13357713906398014,0.5219352367622228,0.7727209500414709,1.1668183675794006,0.10155753234753997
1781,209_0.mat,Inner,2,-0.5609956029067324,-0.13185616941588915,-0.5916193793148918,-0.501952998657311,-0.5937233076263895,-0.2798970019751064,-0.39363320447383215,-0.4989947846995698,-0.5568017934452965,0.3645626165047944,-0.2680619720197587,0.04644929970431151,-0.11226690040273436,-0.0752192382170379,1.0085282682478256,-0.18411633273713154
1782,209_0.mat,Inner,2,-0.014690894421158198,-0.05555434356997001,-0.29302348007233014,-0.0731196230308391,-0.4611854131796892,0.0679826625796969,0.063233540505195,-0.07034478186947361,-0.011145333080266166,0.9684225328693769,-0.1407280081891978,0.31862172981970244,0.08773141916200894,0.1059983581042867,1.7219271222056873,-0.07644768246183431
1783,209_0.mat,Inner,2,0.2261658719150704,-0.016593766039522704,-0.11660099873019811,0.12752712350853826,-0.24342481371541197,0.8678550162976543,0.733095947198245,0.13020549154377142,0.22941166502674146,1.0412838648970215,0.03996605187493942,0.3639453377234941,0.70250568997997,0.9180427775778235,1.6313789778115062,0.2603350105282193
1784,209_0.mat,Inner,2,-0.03726774638172484,-0.11496197357607327,-0.3490499106193696,-0.0915640661197692,-0.4147986987286847,0.8678550162976543,0.733095947198245,-0.08880703050922951,-0.03372678357793004,0.6330555859381953,0.02136565251013682,0.37394127974243613,0.8183706632777046,1.069473232289093,1.1820452584558976,0.4406088769253689
1785,209_0.mat,Inner,2,-0.2787183758766873,-0.01371764400098461,-0.4203072318090084,-0.2849260960760151,-0.4714915576296828,0.23857749808253412,0.2341670337294734,-0.28203394543316485,-0.27482494154142934,0.5357670714064197,-0.17607053360664648,0.16498889788887128,0.29118364218573484,0.44107873218732824,1.1685877920636565,-0.014199488568117447
1786,209_0.mat,Inner,2,-0.03623611636782466,-0.11259340248551283,-0.1852968133388726,-0.09072262070983947,-0.3240506190226235,-0.1778746003508618,-0.2913863374535506,-0.08796455926045768,-0.03269467936828858,0.7455600245417501,-0.19051314811431017,0.13287568072200268,-0.1649889289678091,-0.17719263468545812,1.369167160074008,-0.21654774022916065
1787,209_0.mat,Inner,2,-0.017041272056310373,-0.11194083698097076,-0.22634299152342066,-0.07504269753050682,-0.35798959277227604,0.41126295656947465,0.2719782383824881,-0.07229235777061374,-0.01352384454561636,0.852655831300187,-0.11347495666387926,0.21686456968845264,0.35998880744559786,0.5149268385547024,1.53246048319499,0.008531293085923018
1788,209_0.mat,Inner,2,-0.767502429594899,-0.060726529420786095,-0.9303732055245135,-0.6545586728744551,-0.9394730696364852,0.41126295656947465,0.2719782383824881,-0.651484378653965,-0.7629949849057119,0.455551881579331,-0.22395734609989332,0.2992284617907778,0.7036840047115962,0.9484182467354867,1.3599578467535087,0.17593313851647116
1789,209_0.mat,Inner,2,-0.7947638239037309,-0.13485313691823078,-0.9133564572984235,-0.6743151835627926,-0.9074347555107328,0.03829581620542926,-0.060715615576284625,-0.6712698931740108,-0.79027570339598,0.38632349113647674,-0.26467180174479316,0.23129006744545585,0.3276085282675873,0.46486398485219493,1.2165102272480963,-0.003480513384207857
1790,209_0.mat,Inner,2,0.10838681310233442,-0.1262489398953777,0.023235308406211987,0.02852530495681875,-0.054891744727638206,0.03829581620542926,-0.060715615576284625,0.03121277146284167,0.11173306832645682,0.8223912213349789,-0.15364437908392495,0.020099814132107187,-0.053041614111269286,0.016787432541804977,1.388252702032062,-0.1892722367492261
1791,209_0.mat,Inner,2,0.2923023921901544,-0.10676865113015431,0.049524400636069735,0.18386265355220655,-0.04700189501392997,1.0367773534132085,0.8315393202593481,0.18648200000972817,0.29542853126665225,1.0600958799457945,0.036269084871107034,0.208390995877945,0.7650178695972333,1.0736553305003034,1.605645291664242,0.19802008268104213
1792,209_0.mat,Inner,2,-0.19338542381312399,-0.09538500843980653,-0.6461981724764709,-0.2174022749660904,-0.7229090841999936,1.0367773534132085,0.8315393202593481,-0.2145689260401238,-0.189631312446777,0.7994512819703058,0.031228769766429874,0.6364242365017152,1.1388377887212782,1.3711225005884882,1.5861367335442562,0.6331323910994607
1793,209_0.mat,Inner,2,0.1710634389808074,-0.08564486405719465,-0.23714591485067327,0.08099858001713836,-0.41850758409632977,0.08261702346842102,0.03817522736236858,0.08368218548004157,0.17435748375445506,0.8186357843907692,-0.07758759949652681,0.47327467144712637,0.0790246194878049,0.041275601155502106,1.3380153242228765,-0.015749760286443076
1794,209_0.mat,Inner,2,0.32223304372256123,-0.0046300651229147305,0.19689655016181226,0.20953342142946096,0.0631248254800901,-0.1824739709158888,-0.21419778357609465,0.2121699333828249,0.32535636283199587,0.6421350535133574,-0.13460048895775878,0.04309460853625366,-0.28967559938677484,-0.32211968575386735,0.9856210504874909,-0.25424729105736843
1795,209_0.mat,Inner,2,-0.14171949421739863,-0.09243637912298562,-0.31235079584436604,-0.17608674686012926,-0.37370056896150133,0.7215114074104174,0.5288259480964563,-0.1732732929509177,-0.13802953158779002,0.5514871964953152,-0.10849049529808232,0.18309252463693385,0.6706129898381389,0.955700657988717,1.1088834581081675,0.11623837635139578
1796,209_0.mat,Inner,2,-0.13967333395975606,-0.12571721985463974,-0.5820578703272388,-0.17444378707614944,-0.7071533139846449,0.7215114074104174,0.5288259480964563,-0.1716508609898197,-0.13601047003247066,0.9515410686732624,-0.03184806887256144,0.6045648182293337,0.809192548596584,0.9544944111236278,1.8074091800612082,0.36731959903418104
1797,209_0.mat,Inner,2,0.07280602518255329,-0.08044850911361781,-0.30113761483506746,-0.0010496047065963127,-0.4371780349318524,0.13906384403921274,0.08359341993374134,0.0016788144028045211,0.07622854021782101,0.9248683068378556,-0.06533738478956304,0.44393791377208863,0.15333607894459256,0.15032489954220485,1.577164305956229,0.08755277037151801
1798,209_0.mat,Inner,2,-0.16618630500003914,-0.09439407563661295,-0.35775056507311886,-0.1956926930122812,-0.4201270436040308,0.13906384403921274,0.08359341993374134,-0.19287007644185614,-0.1624663096830274,0.5058397897774093,-0.15132017708571893,0.2188495914537977,0.17615204396356593,0.2623859160306879,1.0434214992595918,-0.008056635084327975
1799,209_0.mat,Inner,2,-0.19547356261230794,-0.10918556040623652,-0.707447576674131,-0.21906523375594833,-0.8774369248860583,0.8799806296054548,0.6747011281779094,-0.21623866869662853,-0.19172637714347793,0.5672628351655246,-0.0442668375386145,0.7360081686109545,1.0281734266629003,1.1810998048515227,1.1712471053208326,0.3779412106336367
1800,209_0.mat,Inner,2,0.32855918078168206,-0.10091973068203502,-0.02168835494186488,0.21497320087329921,-0.2427736163205867,0.8799806296054548,0.6747011281779094,0.2175797286436997,0.3316428318821193,1.155957798443227,-0.0023470634525299032,0.35370746239373546,0.6679204069991348,0.8759413890987607,1.7134435114489672,0.07358786745756207
1801,209_0.mat,Inner,2,0.38046477349867974,-0.06396518785073643,0.2762337434466758,0.2597909104621936,0.17954871599205188,0.8845800001704817,0.7518896820553642,0.26239067748360023,0.3835010583561968,1.1294597171692444,-0.005796237485388029,0.0067948440106925575,0.5393575069385529,0.8533279321288149,1.6336299824467848,0.02946871423425466
1802,209_0.mat,Inner,2,-0.11550189014981362,-0.0863699368400194,-0.45522705422954646,-0.15499667038829731,-0.56960129883866,0.8845800001704817,0.7518896820553642,-0.152191205243495,-0.11184180010084163,0.6497307160858641,-0.05181115322520918,0.4347122550522243,0.8895886255740868,1.1369419962439855,1.262642096065971,0.28018103449546705
1803,209_0.mat,Inner,2,-0.4368446969995766,-0.09277474642163767,-0.6556429279909461,-0.4076996068139234,-0.778478208756405,-0.3735569116629385,-0.2392560967189208,-0.40476639498809136,-0.43277784200639874,0.29243510420129065,-0.2554847561346064,0.31663216450472964,-0.1758772929916219,-0.25020598247972015,0.7900022824521525,-0.20922950194486942
1804,209_0.mat,Inner,2,0.14951826626242484,-0.13780176623505166,-0.23797080703411297,0.06290669066719724,-0.4596683897006887,0.13237385049008146,0.03146317919911183,0.06556806868086591,0.15280220965913136,0.8562716616361444,-0.08458707308060504,0.44696241420441835,0.12258717072759813,0.10825428097726662,1.410957844566017,-0.020705987795232438
1805,209_0.mat,Inner,2,0.014229924024637554,-0.04293807714882039,-0.16978521059617552,-0.0494014206058946,-0.2839424528538967,0.13237385049008146,0.029449564750134657,-0.04663554536253355,0.017742472492848025,0.7234944737222474,-0.11491756867181648,0.1744156113746054,0.09633873596229026,0.16914231370146102,1.2968363470120015,-0.017410369989686043
1806,209_0.mat,Inner,2,-0.7739297598683186,-0.09739104313895498,-0.81175392032494,-0.6592247807811944,-0.7790565874923391,-0.19334521043322667,-0.24216465092299905,-0.6561637058357743,-0.7694356198426129,0.2411518627551702,-0.273832303445568,0.09529534870034002,0.056432501550245776,0.14269504990104961,0.8567576576893784,-0.06496711275565878
1807,209_0.mat,Inner,2,0.3482621546960442,-0.1761339473537172,-0.21744456690760003,0.231946910286284,-0.4826345147172069,0.3029686859929187,0.23573317830089993,0.23448801839109462,0.3512550330513572,0.8426085434675937,0.017683223746412343,0.6694778552150177,0.2623777362509908,0.21524414377718626,1.2548858408549073,0.10950519042245065
1808,209_0.mat,Inner,2,0.6979518122109102,-0.0910104026500976,0.11569482139169554,0.5410878295816108,-0.1943001539056257,0.34603551946544836,0.2587778769947492,0.5435306431983246,0.7005690368108358,1.3699946998899046,0.12207877887117462,0.6061725710110851,0.16781426952021736,0.1135665798775489,1.694657569955234,0.0992234683933442
1809,209_0.mat,Inner,2,-0.5015757006202404,-0.12888337100630762,-0.6243390479998191,-0.45707730356569964,-0.6191022687410688,0.34603551946544836,0.23953667226007921,-0.45414022073172555,-0.49745472020296644,0.7282695355979288,-0.2016860698594591,0.17821553404135698,0.4826386099660101,0.6992829221846872,1.7266007254488893,0.05349326809175619
1810,209_0.mat,Inner,2,-0.9036569554529419,-0.13137278756067244,-0.8588520404079901,-0.7523250946841173,-0.7698151313841395,-0.1448427572020278,-0.2504428436576828,-0.7492368943529839,-0.8990269220566371,0.19430568541051227,-0.3129505401549394,-0.014214102379298252,0.12354716580105762,0.2774967994166651,0.814276531059766,-0.17515402842544656
1811,209_0.mat,Inner,2,0.5696785516266835,-0.10498013826585348,0.1852620942333722,0.42595376541810226,-0.02531149468292134,1.329882695784504,1.1069570298916604,0.42844878494369887,0.5724515134572351,1.0646031591242038,0.17643185528098987,0.3537578455825478,0.9392977950751609,1.2417671722982362,1.406744383446294,0.3092615697407752
1812,209_0.mat,Inner,2,1.2389058758069356,-0.0908412190007718,0.8217187405163578,1.048745069682151,0.5029826324679627,1.329882695784504,1.1069570298916604,1.0509251054125632,1.240831164877054,1.5122036155853318,0.376583127731975,0.2756285058738255,0.6540952403675814,0.8915660461317537,1.463569235263811,0.18163740793674557
1813,209_0.mat,Inner,2,-0.054336487307450984,-0.10669614385187168,-0.30775071777321766,-0.1054672528939533,-0.41788741708449717,0.7963557102413186,0.6147401645861462,-0.10269805167617138,-0.050767647457680906,0.8289364327471541,-0.0914442054802518,0.2894168951547474,0.7342031251995095,0.9942709376557626,1.5227593664691057,0.10390844349774439
1814,209_0.mat,Inner,2,-0.39504013438757046,-0.06065402214250338,-0.5809502656058468,-0.3755384641458369,-0.6063848837735846,0.22854250775883794,0.18874884115810114,-0.37260862085796137,-0.39100949128530044,0.698828309860174,-0.1815765397713159,0.2557002379358429,0.35332894482499183,0.49031308409004243,1.5699569097701016,0.05130930676110671
1815,209_0.mat,Inner,2,0.9352428460825113,-0.13456310780510075,0.5317344020984973,0.7593715979354008,0.2699639031229379,0.40959045818219125,0.2892058286681809,0.7616747485082812,0.9375280565214609,1.0505540191121723,0.1454834313211398,0.310771891016677,0.07062987637596531,0.08557705279698324,1.163966983236537,-0.007852283680559628
1816,209_0.mat,Inner,2,0.8666534533562621,-0.1558319094346253,0.4818536846532653,0.6955694740850823,0.21173694766340778,0.40959045818219125,0.2892058286681809,0.6978888681448551,0.8690080255011852,1.056948163862366,0.12702513829243575,0.2985097939735063,0.08752518561926047,0.11276970339823454,1.2101670078317213,2.6591309915386533e-05
1817,209_0.mat,Inner,2,-0.5945341110350998,-0.12407372154690378,-0.8750246894902992,-0.5270918458484581,-0.9041986145978248,0.3238749158339522,0.1657041424642524,-0.5241152068411301,-0.5902904052375986,0.712430408903789,-0.15810896357139664,0.4556102148929367,0.5880115865271706,0.7254466380829329,1.7839784894819866,0.3203283598489367
1818,209_0.mat,Inner,2,-0.10770949341537298,-0.2928948344812539,-0.6295450030997741,-0.14871208897714616,-0.7088234599962443,1.4063994970026885,1.2436590774833285,-0.14612332131448436,-0.10432366791282703,0.6546253756785082,0.12380881471397785,0.7264376604873594,1.4731766350967186,1.7606637670393004,1.2658952516574415,0.8415111005404748
1819,209_0.mat,Inner,2,0.7918718265087438,-0.11725803738835108,0.3420599050963399,0.6266622257046676,0.17667008086019073,1.4063994970026885,1.2436590774833285,0.6290459230143007,0.7943527835071569,1.2445458315380173,0.3355803863227704,0.3997534531656823,0.9242635261357076,1.199683717502195,1.474905862750752,0.4515665743856919
1820,209_0.mat,Inner,2,0.28432592670210566,-0.022321841023837864,-0.10775989424049168,0.1770399092276738,-0.2552524399896215,1.0225611171213058,0.7279500436064147,0.17969207151857317,0.28749648180608356,1.119506658224004,0.09589917137247694,0.42381112679882305,0.8298057931483486,1.062043645439762,1.6981423408623957,0.35727770329167235
1821,209_0.mat,Inner,2,-0.5238738345870594,-0.15856301691659855,-0.8911868100622361,-0.47396808640901184,-0.9692424936360873,0.6880614396647631,0.5489620925862276,-0.47104545097039124,-0.5197551228989461,0.608435836031832,-0.11979019882186925,0.5848384030563154,0.9530488728345925,1.1519740228382924,1.4970046807852944,0.41462050145184454
1822,209_0.mat,Inner,2,0.5488984605265796,-0.12605558715329068,-0.05631671118575342,0.40749140488087565,-0.3653771734463659,0.548407824326656,0.3502854669538194,0.40998277806865163,0.551683100593348,1.4007076175597841,0.09920693380560858,0.6770612297494263,0.4046562587415866,0.3975289142678231,1.857108158629259,0.1552638489766274
1823,209_0.mat,Inner,2,0.766609112487834,-0.09294393007096305,0.383229289199998,0.6035383768924889,0.17038123223571486,0.548407824326656,0.3502854669538194,0.6059478924194808,0.7691374681994994,1.036142406727434,0.10993052842211484,0.314823338611705,0.23073578854857546,0.30098197839547247,1.245053069715907,0.029721173933118055
1824,209_0.mat,Inner,2,0.011491344145409277,-0.13369302046571171,-0.26071429463563034,-0.05165173249042028,-0.3629515375733943,0.9230474630779844,0.7427165495655802,-0.04892800610836558,0.014954719098715478,0.43153580026837435,-0.028940059486664515,0.30410780559235373,0.821406412515658,1.105848461147282,0.8217402296165017,0.24327511031127147
1825,209_0.mat,Inner,2,0.08298208502871944,-0.22186187085719508,-0.22816688708395624,0.0073929901310871475,-0.4139241690433616,0.9230474630779844,0.7427165495655802,0.010000759555948847,0.08625163940579814,0.9419056389237347,-0.043910769190720164,0.34725925583708644,0.8048561088082233,1.0635047377765703,1.5960247067301558,0.14202290007249327
1826,209_0.mat,Inner,2,0.680245856408552,-0.17407957446904723,0.2927934047806128,0.5250759331310844,0.07713886009448628,0.7695957360447949,0.625926911524908,0.5274672206224826,0.6828195527780672,1.4128959965377268,0.1293018011134222,0.33652807953972336,0.44076090161849985,0.5766182510516165,1.761501845882641,0.1262577995967613
1827,209_0.mat,Inner,2,0.6083409838720518,-0.09137293904151027,0.00980257872914575,0.4604443237105455,-0.24757829411712035,0.7695957360447949,0.625926911524908,0.46292871517095885,0.611072620740858,1.1039691907054978,0.18604514170634023,0.6519731500825381,0.5612982001148097,0.6109536575716522,1.4303751340776854,0.2990496275809362
1828,209_0.mat,Inner,2,0.3371785421924099,-0.11090156599225547,-0.2554720764303035,0.22239276899513313,-0.5106173319873988,1.1262560171328337,0.91499245242251,0.2249897267732393,0.3402445337652818,0.8127052551034077,0.14565320254659758,0.71415692465424,0.9958842231858106,1.149210784000733,1.2195886457840228,0.4362520575879795
1829,209_0.mat,Inner,2,0.579547784116347,-0.17681068195102026,0.17697196062221354,0.43474069918337366,-0.08063029011629294,1.1262560171328337,0.91499245242251,0.43717615169634993,0.5822464299588824,1.1945996195940953,0.14559302562667986,0.37707414012625684,0.7781713011326,1.0139899125571215,1.5665801979106677,0.23426200214862494
1830,209_0.mat,Inner,2,0.49904197129795175,-0.1313727875606725,0.29851169127225247,0.3634108345803763,0.08714031630139704,0.5693140541676905,0.6433782367493763,0.36592131533725664,0.50188599578439,1.1610437933405822,0.015504610605441413,0.11649994818413906,0.2790279881229142,0.44352091297887647,1.58381815077165,0.0016107200816519033
1831,209_0.mat,Inner,2,0.042188686793729106,-0.11996497577756378,-0.28362351573574157,-0.026375066742217044,-0.4651882365842543,0.5693140541676905,0.6433782367493763,-0.023654973851584455,0.04562441089023927,0.7921447541200909,-0.05683862793896315,0.37789069873904246,0.5232835621299159,0.6709554214365108,1.388309947801902,0.13546912033506736
1832,209_0.mat,Inner,2,0.00268645173064505,-0.1428772757148241,-0.4295094259835256,-0.05888057090924337,-0.5843386452718355,1.1684866014117223,1.0004591990346492,-0.05616000437605032,0.006152633719750753,0.6720312264755113,0.029407964461124154,0.5510314422135483,1.130882656140477,1.4018864079960076,1.220482210831141,0.42720520131831774
1833,209_0.mat,Inner,2,0.5765859579352272,-0.1712517906160304,0.02184740512272303,0.43210242877752736,-0.21057634446679152,1.1684866014117223,1.0004591990346492,0.43454451635208335,0.5792942752134185,1.3075426474216512,0.224074245859039,0.5953176215639584,0.8878506130099387,1.061678115196555,1.7136621981530646,0.4075892600160725
1834,209_0.mat,Inner,2,0.5356645268435825,-0.13528818058792544,0.05916258708763263,0.3957610291367807,-0.17601146761744585,0.8051363267745532,0.801782573402242,0.39825192290382067,0.538458654881947,1.0776554835535714,0.14624851889308682,0.4911390198846217,0.5688645602872806,0.685357301937367,1.4473009659595504,0.26977193742033556
1835,209_0.mat,Inner,2,-0.13170510654338635,-0.1152278335964422,-0.42056232209719585,-0.16804084242936365,-0.5352009055951449,0.8051363267745532,0.801782573402242,-0.16524437369818218,-0.12804387356210478,0.6020340973341618,-0.07459060365241346,0.35949773121273737,0.7996587452523033,1.050893671068243,1.1907697731176048,0.21970826190740772
1836,209_0.mat,Inner,2,0.5142711944351682,-0.17509467636500148,0.11001706204168601,0.3768435260111381,-0.12501152868177937,0.5178847287587472,0.3514041416476963,0.3793106018545282,0.5170545512610152,0.931438405927242,0.027338437773190515,0.392680063964598,0.3108944700652742,0.379821195538195,1.270061603090289,0.018569268166841534
1837,209_0.mat,Inner,2,0.8512803526888796,-0.12482296342248934,0.3474145751442241,0.681348200530143,0.0329103729985699,0.5918927823960071,0.4968318518515976,0.6836986122626686,0.8536800708986835,1.105383964456045,0.19343446038310505,0.4615183923166517,0.2783615800200651,0.3106698873982919,1.2747074757588706,0.13431242606228092
1838,209_0.mat,Inner,2,-0.3244073726699728,-0.13267791856975705,-0.4962285164249341,-0.3207140558142047,-0.583235951078366,0.5918927823960071,0.4968318518515976,-0.3178502764782582,-0.3205154004941551,0.5261941196879124,-0.14958866145366834,0.21963571977061092,0.6457516316770807,0.9050975360528062,1.1811683662651074,0.11682640165026438
1839,209_0.mat,Inner,2,-0.5621165666173369,-0.182176220543923,-0.7644942179964621,-0.5027954386938688,-0.8033574600703882,0.11188574524586829,0.0055099263011846155,-0.49987978372003583,-0.5579785034018557,0.6071153326128825,-0.21025824493869444,0.3180213590015525,0.3284337148996028,0.4320433911060099,1.5271096113549247,0.06518280152426568
1840,209_0.mat,Inner,2,-0.0711724351701185,-0.2059586078205731,-0.38250292628846916,-0.1191459522342573,-0.4997092268650374,0.11188574524586829,0.0055099263011846155,-0.11645410619731959,-0.06768608198807914,0.7652576520290717,-0.12290914464548797,0.38070346541341255,0.16204723356554468,0.18431449409806583,1.4284214050505606,0.017340092664866188
1841,209_0.mat,Inner,2,0.16632244981510108,-0.2229736491241926,-0.202409107639942,0.07701261518563125,-0.3668259438053648,0.9033956070274124,0.8096132962593752,0.0795829869630503,0.1694854766113389,0.7530245715865806,0.006682714931611529,0.4150943868399646,0.7749112012778923,0.9925265834522132,1.2412785636134227,0.2190866717550558
1842,209_0.mat,Inner,2,-0.06394096844493911,-0.18841184647621512,-0.4743055441875097,-0.11327484642345358,-0.6590089952542024,0.9033956070274124,0.8096132962593752,-0.11056717824547638,-0.06044053180229752,0.5192342083587747,-0.03462520661040044,0.5333556687810941,0.9169948299111385,1.1280000569355662,1.0070893608043028,0.2902124547016381
1843,209_0.mat,Inner,2,-0.22914360881663606,-0.19534837609857147,-0.35754856846915234,-0.2458059507853039,-0.4526852478164496,-0.3288175798031261,-0.36119163835142354,-0.2430369135075081,-0.22544349009892328,0.3369565679873697,-0.2299805057446478,0.1363321279224434,-0.23911948837259991,-0.28081471934917307,0.7738748294738992,-0.23649955637946862
1844,209_0.mat,Inner,2,0.3126433887974748,-0.17850251844427717,0.09911825429018234,0.20129670003014874,-0.043878553742443205,0.11439449282679293,-0.07794320586197741,0.2038513907919338,0.31567878618572465,0.7312342389460026,-0.09693592609684952,0.16429964981884468,-0.016290668431007054,0.017596614856616732,1.11841680892949,-0.1540911402615883
1845,209_0.mat,Inner,2,0.5517406849268328,-0.13284710221908214,0.19820592592099026,0.4100135043365401,-0.010721313230500898,0.892524367510075,0.7031154654023639,0.4124987964732841,0.5545163230571213,0.784745487143942,0.06062557665206688,0.3144672366475467,0.579245551756293,0.7730809124544842,1.056460510890399,0.06796049757373412
1846,209_0.mat,Inner,2,-0.148459350640049,-0.10169314165038168,-0.3945644704778052,-0.1814948822435105,-0.5210653356311161,0.892524367510075,0.7031154654023639,-0.17868349059787314,-0.14476683286707798,0.6482996865843844,-0.09146808909552608,0.29764254702955245,0.8642033391070433,1.166934912385916,1.283121411480006,0.1779084363534147
1847,209_0.mat,Inner,2,0.48335136863447997,-0.22945096598409329,-0.09613230429598275,0.3496008258317739,-0.3624400584257456,0.33641865373857305,0.23192968434172168,0.3520220583906977,0.4861058354972942,1.3070373156188309,0.08564976026184981,0.6552851474189514,0.24179683281025002,0.19338058276360165,1.790596877503719,0.17282846635583043
1848,209_0.mat,Inner,2,0.5948999489640723,-0.24025455044818106,0.10919201948079105,0.44843293746513235,-0.099867139694913,0.33641865373857305,0.23192968434172168,0.4507891478838364,0.5974983532696743,1.002764847237924,0.09338490963529468,0.4911797791978758,0.16236322563365208,0.14586653820843726,1.3109623407903783,0.10997517156070344
1849,209_0.mat,Inner,2,-0.13870573807511977,-0.15078056904761358,-0.41919340020786666,-0.17366668000571514,-0.506031353854195,0.6926608102297905,0.5688745021372238,-0.17089298892468288,-0.13506753669743543,0.19964166028672845,-0.07618171295083147,0.348149348790882,0.6980462090252992,0.9190112369413289,0.49184518722671844,0.22038076712243257
1850,209_0.mat,Inner,2,-0.06804288703819696,-0.2263573221107075,-0.47772798049110493,-0.11660590906179437,-0.632426366481291,0.6926608102297905,0.5688745021372238,-0.1139394309049358,-0.06459008628647118,0.5042187379132481,-0.031137203492183196,0.5333121220836832,0.7278480363496329,0.8781934501130726,0.9840333538182352,0.3048549809008602
1851,209_0.mat,Inner,2,0.41324507830508245,-0.2119283737324959,0.14941371901989925,0.28826452621423215,-0.05244760513096311,0.07174578395108362,-0.009927784474306056,0.2907386155461057,0.4161120618675149,1.0279113601790804,-0.06346990929709885,0.21622097557762462,-0.06829332619245455,-0.07147863943199113,1.4683605572229292,-0.12983106270255956
1852,209_0.mat,Inner,2,0.28715040884304305,-0.22761411493427053,0.10788483213128874,0.1794549675530376,-0.008929132832013903,0.07174578395108362,-0.009927784474306056,0.18196659101295398,0.29015459631780804,0.6169600040314022,-0.11176156910888105,0.1214564742266413,-0.05430932432809462,-0.02017832466015562,0.9680042629773465,-0.17731723288652682
1853,209_0.mat,Inner,2,-0.45050760937449985,-0.21267761560808177,-0.6633785409802082,-0.4181644845023489,-0.7074816919796502,0.33767302752903466,0.22275655185193657,-0.41532547919812285,-0.446553413888482,0.08600520944310894,-0.1949196725148554,0.31016070453068595,0.4938006814656078,0.6591505491422319,0.37933456964151685,0.04153413582256127
1854,209_0.mat,Inner,2,-0.09621675285116779,-0.14855701251361791,-0.33118076074316527,-0.13942963522170296,-0.49832956650133997,0.33767302752903466,0.22275655185193657,-0.13667186163144399,-0.09263030893944423,0.5437704838602058,-0.17065577679014185,0.27019348805078225,0.34081974178170127,0.46753983397055643,1.067714896736858,-0.11808139825147722
1855,209_0.mat,Inner,2,0.571667014623432,-0.176472314652369,0.21760761796417097,0.4277232085391389,-0.03384208044054926,0.7461807586228373,0.7832125734838973,0.4301626202251854,0.5743760291842153,1.1173659723363585,0.048500485086151235,0.3114151560438698,0.4528502714925106,0.6031547934333148,1.473237838592327,0.028103164650495456
1856,209_0.mat,Inner,2,0.14308455892528923,-0.21905825609693946,-0.3062159871965675,0.057515180488132304,-0.47032286002426826,0.7461807586228373,0.7832125734838973,0.06010036905871118,0.1462824732396639,0.8666630777461762,0.030011055031474197,0.5426317679028214,0.6893078240991777,0.8233541743958525,1.4317438310860688,0.30286253855573064
1857,209_0.mat,Inner,2,-0.42638610831660034,-0.23868355941872754,-0.6442254115905547,-0.39967361675813967,-0.7118010355110507,-0.132299019297407,-0.14953838627005195,-0.39687620976759125,-0.4225038947903155,0.21697339975840396,-0.21162063512490914,0.31280309719783084,0.045377839382464605,0.05066696457921425,0.6339700538402059,-0.04258772287459346
1858,209_0.mat,Inner,2,0.37060869838921184,-0.3098131994138304,-0.07964264241384189,0.25125539957287474,-0.3254276144196606,0.33641865373857305,0.21067486515807454,0.25360920496816036,0.3733684996394371,0.8816549813487872,0.00011406178760641697,0.4901396679235444,0.23521628321812102,0.2429237773571325,1.2953471086594228,0.0507493749392736
1859,209_0.mat,Inner,2,0.40993866713357124,-0.3093056484658534,0.07601341384330956,0.2853865597805375,-0.1591777640683998,0.33641865373857305,0.21067486515807454,0.2877235510493867,0.41265068573016817,0.7198788443528217,-0.028919103740627162,0.31434248567819695,0.17483927690707582,0.22546264719221668,1.0473653741816358,-0.04520558373385741
1860,209_0.mat,Inner,2,-0.636167109430743,-0.11167497696060143,-0.6828757790983682,-0.5581067620635075,-0.6658787116816812,-0.20087145317599867,-0.21688260284139757,-0.5551061342322176,-0.6318597225765776,0.28395138056865427,-0.27291863740506606,0.0843544268087413,-0.003406727911001753,0.06342356850148434,0.8775527611553604,-0.15683870789153348
1861,209_0.mat,Inner,2,-0.3086704686909503,-0.2252938820292314,-0.6561508825632821,-0.30841621091302607,-0.7032562786178493,0.9121762235606465,0.7952942601777598,-0.3056491044679398,-0.3049138580386986,0.6007924788381802,-0.050938905352460886,0.49406250874508745,1.0282119546028565,1.2935709184496644,1.3117806242344574,0.46534354634011993
1862,209_0.mat,Inner,2,0.6335922764387811,-0.23558991554534198,0.03304126638858822,0.48306945696437836,-0.23976938946529447,0.9121762235606465,0.7952942601777598,0.4854137904155387,0.6361487320899236,1.0857065364297922,0.22047092258522785,0.6486128764980292,0.6693997413657004,0.7532227552409175,1.390261173268239,0.3519387147562489
1863,209_0.mat,Inner,2,0.35399577591806486,-0.15232739098430587,-0.017428309534783942,0.23689521656914017,-0.21085561301641598,0.5442265783584499,0.36952667168848985,0.23945504655193897,0.35700601407930305,0.6975863678958131,0.009908979104514782,0.37894090898384314,0.38474790789643787,0.484300556122385,1.0470519868975772,0.08618835947882607
1864,209_0.mat,Inner,2,-0.6471883404795812,-0.2555535861657819,-0.893259343465026,-0.566281689662322,-0.9486290737729519,-0.19209083664276458,-0.26632802431072444,-0.5634207736686652,-0.6430609974807829,0.20213325373778215,-0.24222688373834853,0.4107002780623667,0.0923824275167806,0.08035960194648976,0.7017042562519256,-0.009852448419619313
1865,209_0.mat,Inner,2,-0.01442362517897371,-0.2512273185615944,-0.4788184162843752,-0.0729009011109176,-0.6554992677513554,0.790501965885829,0.6852166703003448,-0.07028946839202958,-0.011077792868789849,0.6988722813948033,-0.009514001894896781,0.60658216159362,0.8171158526546565,0.9639993678849331,1.2762883990538814,0.32463734455949295
1866,209_0.mat,Inner,2,0.5893954114483925,-0.2385385448621624,0.25057811290102733,0.4435202574808265,0.02830478999281587,0.790501965885829,0.6852166703003448,0.4458812539656541,0.5920032537400716,1.019547399285481,0.08720297953646901,0.2872310828232099,0.4748226634411127,0.642889760637154,1.335920159113817,0.10042721330927896
1867,209_0.mat,Inner,2,-0.11635215027996733,-0.20665951151063655,-0.28969666503244135,-0.15568195777213711,-0.3940548109851452,0.27119121663454726,0.14579173291325673,-0.15297198222504807,-0.11280980885931614,0.54593464595781,-0.16262934325687547,0.18244199361062213,0.26464977075276025,0.3976988942445363,1.0836601837736528,-0.07916443301205534
1868,209_0.mat,Inner,2,-0.6942349628941534,-0.25753545177216985,-0.723902787916939,-0.6010113448656759,-0.698156789545739,-0.14275213421792451,-0.26632802431072444,-0.5981352224195636,-0.6900529330573967,0.20913343837228612,-0.2932431550446872,0.06794745499227504,0.06816786998930892,0.16902476958400062,0.7402906795708397,-0.21274117722609626
1869,209_0.mat,Inner,2,0.10378191801837351,-0.24081043958168022,0.011020785232690263,0.024688982513103128,-0.1003592361248858,0.04665830814184297,-0.020890796474292744,0.02726387447590317,0.10699658766341344,0.6086134371786142,-0.16693311179076997,0.03123480918284093,-0.04186171952690723,0.028530649295600983,1.0563719056078678,-0.22444562001564985
1870,209_0.mat,Inner,2,0.46166508479774354,-0.2824537864085786,0.32872302224916156,0.3305632598456617,0.16413969495315262,0.4133535795535775,0.31381667193345714,0.3329202731555676,0.4643624214828679,0.7423616336052179,-0.043942545782578064,0.033021748219729016,0.14402018028740038,0.2881002765076316,1.049599886679598,-0.11194884590452692
1871,209_0.mat,Inner,2,-0.32506282076700976,-0.26954749087429875,-0.4994319751682613,-0.3212256094694157,-0.5743068263609775,0.4133535795535775,0.31381667193345714,-0.31851164645388846,-0.32136217919314924,0.5552995604202177,-0.1613844810409969,0.22367820673006752,0.4848887180545744,0.6831311062935829,1.2372203459105713,0.0739000757357726
1872,209_0.mat,Inner,2,-0.3958327440045316,-0.23343886628962882,-0.6360669367822928,-0.37615022128256453,-0.7177720510843812,-0.04783785073963058,-0.15043332602515325,-0.3733582372825807,-0.3919799880085773,0.4345802617683103,-0.1991731767375174,0.3417626142717861,0.12087676545938106,0.14267125704305034,1.049996053107857,-0.015954509357214396
1873,209_0.mat,Inner,2,0.17448977184345643,-0.20603111509885544,-0.21504471776078865,0.083880962989518,-0.37905044928216514,0.08094452508113856,0.03235811895421263,0.0864676017850018,0.17766605654642978,0.7679689064575238,-0.0388232058015767,0.44438631463495626,0.06916736615036276,0.03787083081126343,1.2586688431638928,0.08807362619719533
1874,209_0.mat,Inner,2,0.20720646409034768,-0.2356624228236246,-0.21879454499713347,0.11147592462307197,-0.3761454462783084,0.5220659747269534,0.46081052670878553,0.11401257313277818,0.2102992441151197,0.8886562566618603,0.04361398316530542,0.4917239235825696,0.4527437365799791,0.5310221114118815,1.4182548736881242,0.285905649413805
1875,209_0.mat,Inner,2,-0.33978116950395343,-0.3215593784955906,-0.5591592529262259,-0.33269892909948445,-0.6178913678104138,0.5220659747269534,0.46081052670878553,-0.33006302513433755,-0.3361700428552892,0.5050466770225799,-0.13896835049481,0.2965288742828706,0.6134365709796924,0.8271576157484138,1.1512053450560922,0.169063798137671
1876,209_0.mat,Inner,2,0.09398144458425502,-0.2857166139312896,-0.17562462738033985,0.016532865246495294,-0.32022429666913865,0.29293369566922206,0.18852510621932608,0.01904741702987681,0.09713083069324326,0.6537969719081212,-0.1160639629712482,0.28377666886669467,0.23664071432848383,0.3206132905322968,1.1332735860922036,-0.07315825303580968
1877,209_0.mat,Inner,2,0.34491901274766373,-0.2779583351550653,-0.03241056233513083,0.22906352091554058,-0.19613682742757418,0.29293369566922206,0.247814864994763,0.2314799714500263,0.3477699407223629,0.7541543204900742,0.009078458563129273,0.3893523997768581,0.1800578343414045,0.20541737741127244,1.1321230057896985,0.09067456168584351
1878,209_0.mat,Inner,2,-0.259625289336984,-0.2712634964603175,-0.6314305956057716,-0.2698950235942578,-0.7121275862662043,0.10561387629355837,0.14758161242345832,-0.26721017361783067,-0.2560092089780387,0.4000653320848353,-0.10219985316881854,0.5211987196559089,0.261973801724698,0.26721802029848335,0.9052682170084654,0.23463708079530138
1879,209_0.mat,Inner,2,-0.39894970311052014,-0.30771048834363907,-0.6437535697461361,-0.37855522866794195,-0.7299594818379661,0.0679826625796969,-0.000978386923297061,-0.37587176373907655,-0.3952352346340602,0.2192027557307049,-0.21867799436416188,0.3497707274085647,0.23229330165367645,0.2901176380323262,0.6268765844609846,-0.08912984475325775
1880,209_0.mat,Inner,2,-0.15081073221467062,-0.2826713082434259,-0.3611858310798504,-0.18338035104512634,-0.4842939086308147,0.11439449282679293,-0.024694290433471516,-0.1807575574308862,-0.14735149800471165,0.5030932863154273,-0.18451807136975645,0.24408906575190895,0.1556460030866178,0.22502257218192045,1.0296233091561036,-0.12884619231785427
1881,209_0.mat,Inner,2,-0.36416485435950324,-0.32414547142099837,-0.6377185712095742,-0.3516483782020374,-0.7267742342838673,0.11439449282679293,-0.024694290433471516,-0.3490072265145163,-0.36052972723076254,0.6495294759083866,-0.17587722613293325,0.38788996195753955,0.27295834720241025,0.33069177175778636,1.4480283992078649,0.04977159578792665
1882,209_0.mat,Inner,2,-0.6445748151171989,-0.3125443068958035,-0.9016562659544438,-0.5643444662009116,-0.9527143259563374,-0.15404149833208275,-0.2193436871679254,-0.5615729944591112,-0.6405699262141406,0.38874099339307283,-0.22837350129555373,0.42868473291213216,0.13334503444291634,0.12895061218451412,1.1154465648046246,0.05113959407606179
1883,209_0.mat,Inner,2,-0.44601310572867175,-0.25540857160921765,-0.6295897942776617,-0.4147245122364015,-0.7209246150015689,-0.15404149833208275,-0.2193436871679254,-0.41194186909881375,-0.44213579387149887,0.14839706343089987,-0.23698476960940845,0.26262208620880506,0.01921589381274493,0.03236723852895298,0.5039379102749253,-0.12970791410124563
1884,209_0.mat,Inner,2,0.02086053611591223,-0.3041334626150375,-0.18639804080306147,-0.04394920152803907,-0.33573689422579767,0.39077485132526096,0.23640438311722617,-0.041433012494377724,0.024064740247071642,0.5807471907538193,-0.13311571917893508,0.20685218863080523,0.3253040329599515,0.47139076798008506,1.0601735445350116,-0.07618128948203517
1885,209_0.mat,Inner,2,-0.007858702158546808,-0.2612091538718152,-0.31785655722166795,-0.06752570409952728,-0.42597274030814525,0.39077485132526096,0.23640438311722617,-0.06493101980178052,-0.004538118686823917,0.842371208568387,-0.09019183183300866,0.36484656138677335,0.3818488126293264,0.4859140995745061,1.5083199217285768,0.07317019266670345
1886,209_0.mat,Inner,2,-0.2945730202865958,-0.31590381078955804,-0.6313327483380273,-0.29737385238243086,-0.7065547080769015,0.31885742067210393,0.24915727462741444,-0.2947463859925256,-0.2910047643036184,0.41671320063934236,-0.12128968744210424,0.4731028076066045,0.46069060449833876,0.5488881299760106,0.9556746580228828,0.19611113641371164
1887,209_0.mat,Inner,2,0.6580823064109176,-0.31409112883249607,0.07820937873138917,0.5050869104922655,-0.22798494619345244,0.9748949130837482,0.8545840189531968,0.507301989811151,0.6604771399713069,0.8852982885569923,0.18313762840167247,0.6123199799740353,0.7004029457575325,0.8087144026372798,1.1253558390413423,0.25420221702574186
1888,209_0.mat,Inner,2,0.6977412317895423,-0.2748405221889188,0.2543174492213631,0.5408971718962781,-0.05315081409900113,0.9748949130837482,0.8545840189531968,0.5431568647871835,0.7001565092974908,0.7297927473398537,0.11018648819472286,0.4099237527489064,0.6210591266752166,0.788763211687034,0.9134163444759184,0.0752351248835528
1889,209_0.mat,Inner,2,-0.3294283428887898,-0.3148162016153209,-0.685905051459312,-0.3246314034883122,-0.8148195730826598,0.14449946379788142,0.07576269707660821,-0.3219879485776144,-0.3258148785163485,0.5267135447014714,-0.14933706769847338,0.5141020808502169,0.3229788078192077,0.35052563650430846,1.1857471871864473,0.12201105792357991
1890,209_0.mat,Inner,2,-0.07944165696367703,-0.3435774220007012,-0.37503715853966096,-0.125851764176102,-0.5252212123583089,0.14449946379788142,0.07576269707660821,-0.12336299789803443,-0.07619955850513856,0.7559259998662127,-0.13276620356639773,0.3584441936961854,0.1880475770054116,0.22729781945195515,1.4190380813617793,-0.007930475661778714
1891,209_0.mat,Inner,2,0.1588622193001717,-0.2807136117297997,0.006337727629154222,0.07074602082791288,-0.14787746111898348,-0.17327522978583434,-0.23522886782096725,0.0732402424688285,0.16194013894026324,0.7005051672188601,-0.1526951018279434,0.10530185118090846,-0.2237088165060118,-0.24972206125555246,1.1658069692904574,-0.21475823394835636
1892,209_0.mat,Inner,2,-0.15439601740348796,-0.2722302601707503,-0.3520259765130014,-0.18625393237978202,-0.4748711801026673,-0.17327522978583434,-0.23522886782096725,-0.1836138261039241,-0.15091259854167166,0.38505865248676324,-0.1903017189125402,0.22566656896342677,-0.10307166845041475,-0.1222095444557094,0.8238394543751759,-0.14584098322593134
1893,209_0.mat,Inner,2,-0.31791970258026353,-0.4008340027510907,-0.6498756990682537,-0.31564783197140117,-0.7982277276070094,0.3393455259163176,0.18270799781117014,-0.313177355865628,-0.3145356705254826,0.44477565634185684,-0.1677033736853716,0.47110847632121117,0.48878085367721047,0.5870379734360566,1.0224359737793745,0.045372563192342806
1894,130@6_0.mat,Outer,3,-0.17104196299850233,0.5221682188054432,-1.1080206572679179,-0.19957497166565638,-1.4206418879595133,-0.10849264605400225,0.016490717919912502,-0.19747902712860202,-0.1682268518495592,0.15067716833254088,-0.06415271409926776,1.5052148583839402,0.27480197791145883,-0.0363091380854173,0.4163654149187124,0.28906998765175995
1895,130@6_0.mat,Outer,3,0.23497436505965477,0.48155253642015833,-0.8221306209382714,0.13499941090827952,-1.2502663516598957,0.3690206272641591,0.28394555156019363,0.13703432992280187,0.23745592655963052,0.4497894866480986,0.02739737114164823,1.5461920858777431,0.604033138801235,0.34198788813343667,0.7484067498818515,0.22055126768068617
1896,130@6_0.mat,Outer,3,0.3433485659192722,0.5400004193856246,-0.7584457775904421,0.2277095150301992,-1.2249199169622715,0.3690206272641591,0.32925306769886276,0.2295320864116457,0.34551222161679607,0.6458608861641245,0.041918363155184254,1.579901960075405,0.5710223538137678,0.29189806147541003,0.9802685618117752,0.1738416485650769
1897,130@6_0.mat,Outer,3,0.15840266428005517,0.5810334511461904,-0.7820366290079266,0.07036021688725454,-1.152256280400445,0.04739656688491706,0.15715475058298933,0.0721376811342104,0.1606276839366512,0.17073510245867352,-0.009379233171726205,1.3632273963467212,0.2748291792218979,0.005952213064605633,0.35500051612473,0.18185466396228184
1898,130@6_0.mat,Outer,3,-0.19538071302930912,0.5466969798162671,-1.2296153403451189,-0.21899130121867985,-1.5819404229903133,0.011624094863144105,0.08866664479197822,-0.2169574583630773,-0.19262846679527504,0.2833500924382023,-0.07150036348779719,1.7149706689737414,0.46149984285917994,0.12107825135094868,0.6621392073286453,0.28585431196784755
1899,130@6_0.mat,Outer,3,0.30549468391455625,0.5490872535110572,-0.8752651784184152,0.19516386227193228,-1.3721197670292224,0.18917370370515407,0.2802577304791395,0.19697605073360233,0.3076701075507245,0.24758022766817378,0.06887281182085284,1.7485636125316626,0.4566863932533887,0.10535365295503692,0.42782717682154353,0.2712940702283692
1900,130@6_0.mat,Outer,3,0.6906861367405953,0.4987207720851202,-0.41889113540931167,0.534512681269926,-0.9375474248235538,0.18917370370515407,0.2802577304791395,0.5362944073163183,0.6925785395698407,-0.024321113429816618,0.15607656370492617,1.4425386421992321,0.24625600690707977,-0.05201605474785048,-0.0064509676870891835,0.1743432511532631
1901,130@6_0.mat,Outer,3,0.08429985366230677,0.487945570032415,-0.9499974213274963,0.00848720554164475,-1.3370846888722048,0.08649046931359092,0.1961402877255645,0.010570569273563363,0.08693738701268562,0.09269307535809437,-0.006611322597593816,1.5734837273444517,0.393051761233456,0.08360067274289736,0.2516129969059267,0.24907854845731708
1902,130@6_0.mat,Outer,3,0.031561647355441654,0.543168480552529,-0.9866905996887791,-0.035138563579016936,-1.3913288802655839,0.08649046931359092,0.12378875032582946,-0.03318933521680965,0.03407054181359087,0.1085483556355607,-0.03416227619505815,1.5676267371077601,0.41140213710707746,0.10708232934200677,0.28934319538070263,0.2118665740860851
1903,130@6_0.mat,Outer,3,0.22498874265994812,0.5219216032655044,-0.8539801845837488,0.12652927706681447,-1.309418495134505,-0.020170571118300774,0.11413017130402045,0.1284570759925807,0.227350557894705,0.2686424945785919,0.011413312173177486,1.5922610449493007,0.24259265958393547,-0.09960250735129654,0.4832262651458166,0.18614823388789248
1904,130@6_0.mat,Outer,3,0.33448027031080496,0.5251845165631549,-0.7460626177241606,0.2200691138032996,-1.2316100220920374,0.13338177486385738,0.22318430898663086,0.22193907501895185,0.3367045378940733,0.562001459257212,0.031889195726152286,1.5444082776393826,0.3403248317789183,0.029930573954704054,0.8658441630287855,0.15549926645242176
1905,130@6_0.mat,Outer,3,0.23988948586956196,0.55534749414027,-0.897221632264551,0.13917305202905722,-1.4000385975465197,0.3243870841911215,0.40880463673303724,0.1409952053513515,0.24211750331212337,0.4713917567151832,0.040879477214396165,1.696759014805709,0.6002593044734279,0.28861087939991037,0.7783289338913044,0.25237094185392245
1906,130@6_0.mat,Outer,3,-0.09966742173633122,0.49348493446796043,-1.161940057058648,-0.1422183657037243,-1.5698478055704006,0.3243870841911215,0.40880463673303724,-0.14007193320041125,-0.09683449780149886,0.2640580127871074,-0.04063813430711891,1.7218434746921083,0.748559797851369,0.45332421722603594,0.5896196927321684,0.3030972490587433
1907,130@6_0.mat,Outer,3,0.3571383508174078,0.47479906471106864,-0.6466128538464443,0.23960906737720764,-1.102940274297759,0.04185692624055337,0.20281348777699656,0.24160760090287584,0.3594968541352174,0.12040960090279913,0.019811832540649138,1.3943729731566221,0.2091287649223519,-0.08251101957356514,0.2340564776064605,0.10883122568330582
1908,130@6_0.mat,Outer,3,0.3638095834395517,0.4899374647780734,-0.6842126376482078,0.24537417987401144,-1.1194608712308087,0.04185692624055337,0.20281348777699656,0.24732952332663577,0.3661137395150817,-0.0328942904584105,0.06508007187299554,1.4715526379657407,0.22559096859922603,-0.08518534188991131,0.017713038627786292,0.21520998045457695
1909,130@6_0.mat,Outer,3,0.024489032060336313,0.46998057646918945,-0.9729301991012353,-0.04096328835905598,-1.342540346347586,-0.07793162685987892,0.048100612900378925,-0.03880694350860882,0.027253758721481215,-0.16454467625197106,-0.018908149282486762,1.5305338497979994,0.240957114116851,-0.0838936454119296,-0.15276146094052181,0.2630152494006073
1910,130@6_0.mat,Outer,3,0.03972242266701786,0.5421251071143268,-0.9687718044021862,-0.028410079701086575,-1.3414981042922607,0.09564017594180298,0.17208164543487608,-0.02646121899286143,0.04222582062750419,0.1738832139527356,-0.014329530870878316,1.5447677587228448,0.41150066250177375,0.11420455272406621,0.3928279839081899,0.2639757337933359
1911,130@6_0.mat,Outer,3,0.113815045723143,0.4576308290461068,-0.857276305614537,0.03305087388486135,-1.219074352326059,0.09564017594180298,0.2086086351900822,0.035200434975720334,0.1165127079760654,0.14013182788411066,-0.007324697046479345,1.439432817394379,0.3567317640409121,0.08128018222328214,0.3191346190716802,0.22275786349696133
1912,130@6_0.mat,Outer,3,0.4493327940225384,0.441486996393198,-0.5363414781154154,0.31976283605407024,-0.982836167749028,-0.009668560983468296,0.058286023505196335,0.3218039071539018,0.4516783227414617,0.03162209189769404,0.03824153826500164,1.3247388720394502,0.11493892360133807,-0.17626154577657854,0.0952714411144896,0.08777302650659571
1913,130@6_0.mat,Outer,3,-0.02246152937370795,0.4590536110072915,-1.0301629053219632,-0.07947496893431684,-1.394103651099916,0.01129590704643053,0.15276448739125753,-0.07727073380694409,-0.019607622699314493,0.2932608639367412,-0.0432088320372718,1.573098204333586,0.35785126567091213,0.042105570488953234,0.6090986008399817,0.22870109950473091
1914,130@6_0.mat,Outer,3,-0.020181536657718643,0.43152752266490535,-1.0715102707628084,-0.07761100282070126,-1.4677785842268907,0.01129590704643053,0.15276448739125753,-0.07534023154472931,-0.017247813020399246,0.3409109812434095,-0.0586999725090755,1.6584839344248097,0.3785889640842651,0.0410966923037463,0.6871689129026753,0.1792079982680446
1915,130@6_0.mat,Outer,3,0.1276036721130166,0.5117724252757205,-0.9241014303875136,0.04456276799910036,-1.345227155323335,0.033284490766235734,0.19473540350421067,0.046561884142709474,0.1301122776740311,0.3331148973635926,-0.02133753001734341,1.5863874732560812,0.32784309753614255,0.0027106751594302442,0.6153426115857324,0.1723718324875229
1916,130@6_0.mat,Outer,3,0.010458116184585324,0.4303703266698086,-0.9506798045956638,-0.052500505698751365,-1.314790115598056,0.033284490766235734,0.19473540350421067,-0.05023998980804097,0.013358756839818967,-0.0886780232757594,-0.04501552296852116,1.467196251830722,0.3407026907954745,0.05362403343708887,-0.028073334255524093,0.19617802800565948
1917,130@6_0.mat,Outer,3,0.15423176073249703,0.434411027439573,-0.806876695874269,0.06685985501030434,-1.2104262848561205,0.006373089795727385,0.1494278873655415,0.06904894430775797,0.15694960947235798,-0.26969128615487586,-0.020796513374753387,1.403098564522299,0.24675538991568202,-0.039797213183540577,-0.3198477374855898,0.1531301243971576
1918,130@6_0.mat,Outer,3,-0.07225295734154989,0.45184484907062233,-1.016842388733187,-0.1200226613371443,-1.3687232004933054,0.006373089795727385,0.1494278873655415,-0.11777935107517822,-0.0693182668325927,-0.2622180856715395,-0.05234234965232889,1.4734613843078432,0.3463039533355814,0.058412981750876634,-0.3139414029003833,0.2419052925162837
1919,130@6_0.mat,Outer,3,-0.14211060101634423,0.40885786341669644,-1.031040504531136,-0.17640072695860426,-1.3448427980172541,-0.12125241866606314,-0.014241124422207978,-0.17402633470244785,-0.1389668775995813,-0.23646178377469848,-0.0732571140246655,1.397678691564656,0.22493543576648137,-0.06445233258463648,-0.2706959705289941,0.2333238743891015
1920,130@6_0.mat,Outer,3,-0.01370199225792421,0.4447688801169977,-0.9499922362754669,-0.07231030345264301,-1.2891439568242091,-0.12125241866606314,-0.014241124422207978,-0.0700742289514056,-0.010814982445572956,0.05635404245302469,-0.053411822670327416,1.4306760888257288,0.18735666407798995,-0.11917474208755922,0.2141211446410018,0.1902269298623592
1921,130@6_0.mat,Outer,3,-0.032886234441822766,0.38687113950985635,-1.008627699347346,-0.08798940467487726,-1.3784782896076935,-0.08978594050133183,0.03422738121450741,-0.0856125985557589,-0.029814157873256194,-0.010919298021188567,-0.06821679354303026,1.515563641034611,0.24594015739872846,-0.07365749421270801,0.10600252920794562,0.15990806502778643
1922,130@6_0.mat,Outer,3,-0.006445387043382394,0.3979498683809473,-0.9367846135406619,-0.0663678277781165,-1.3179935997293428,0.11992607437860271,0.14644250839516404,-0.064026168820767,-0.003434430987558266,-0.025557792161084825,-0.06623796681911479,1.4160890527935766,0.41952864668618134,0.16389747122285478,0.07762819162015269,0.14525195047385697
1923,130@6_0.mat,Outer,3,-0.3952753478419987,0.3919172728655243,-1.2692135398949522,-0.375720016140664,-1.5355466021519548,0.11992607437860271,0.12940828721124578,-0.37320505123334735,-0.39178165236458273,0.18371199201628943,-0.12887186778574508,1.4872462199498742,0.5974026954313578,0.35366204890072034,0.5554860256254891,0.2555761287294019
1924,130@6_0.mat,Outer,3,0.08781337977409076,0.3535970120442841,-0.8785356038042319,0.011405715445992025,-1.2402860488639977,-0.02644569187562387,0.07795440260415346,0.013798941452778686,0.09082132133956304,0.2241124821623609,-0.0397832206553103,1.442104744028514,0.24777715269361675,-0.05006643480706706,0.4583531371034281,0.1503991413457197
1925,130@6_0.mat,Outer,3,0.04975795795786629,0.3964322342890172,-0.9349580162919746,-0.02012471895301488,-1.3226249318891516,0.222977048826647,0.21141840363279085,-0.01780368344327732,0.0527052970007346,0.21270578992200354,-0.04460188208011129,1.4942730328610885,0.5203499031624722,0.25950304314740297,0.4521873847052374,0.16605842987574088
1926,130@6_0.mat,Outer,3,-0.4214019801253782,0.3859226182023999,-1.2932331224393319,-0.3958440622904435,-1.5813196557465392,0.222977048826647,0.16330111905141353,-0.39330583203074576,-0.4178603648634078,0.1415642091892634,-0.14682554531957268,1.4958456613285782,0.7205856015411171,0.4975622473443148,0.4815313775195373,0.20869085056341705
1927,130@6_0.mat,Outer,3,-0.3020350309344159,0.3810472186820736,-1.1958950271938151,-0.30322177836318753,-1.5084335942032285,-0.03169669694304011,-0.0179289455032626,-0.3007212057446999,-0.2986233712161739,0.224805871209313,-0.12738325988228844,1.482170201466147,0.3983792654886731,0.11790107012504934,0.5980821635222356,0.18037200564834333
1928,130@6_0.mat,Outer,3,-0.11307894530799036,0.36845085571905184,-1.07768149456804,-0.15304335589223036,-1.4223456589535686,-0.057295346646694154,-0.03162656666146431,-0.1505945331683705,-0.10986268571267312,0.052687318571970745,-0.07506151091451756,1.53201641012705,0.3120610920182714,8.525997198377715e-05,0.2292910388262868,0.20301606781249348
1929,130@6_0.mat,Outer,3,0.13222966985893533,0.3094338599691119,-0.8180310861771416,0.048430139859033924,-1.2184051322991392,0.06118045518688432,0.055827476117826756,0.05088490897016625,0.13527980064608164,0.0029171258752687893,-0.05432035604567124,1.3925328504401522,0.30474560943320783,0.03315758752240766,0.1018483958313774,0.07587770497665502
1930,130@6_0.mat,Outer,3,-0.5620671323525641,0.29494045439117733,-1.4282294376868783,-0.5027582905004153,-1.6922538453211167,0.06118045518688432,0.055827476117826756,-0.49999396521796385,-0.5581303375070829,0.16270483221427737,-0.17761720091713407,1.5557562357123709,0.6273399448531264,0.3664331448882974,0.5783466809441479,0.20567145354919167
1931,130@6_0.mat,Outer,3,-0.689668313281717,0.31535263292764004,-1.49413691895509,-0.5976521096020375,-1.7027475030887385,0.059539516103316446,0.05389576031346454,-0.5948730000033355,-0.685621330031008,0.18588532577163117,-0.1855384687022412,1.4902122336612345,0.6655173652669502,0.43387435592618456,0.6852283136465425,0.28816753363337017
1932,130@6_0.mat,Outer,3,0.18073981900080746,0.2752301816222327,-0.8307933309310843,0.08914247374622744,-1.2450433961360885,0.059539516103316446,0.05389576031346454,0.09163131624682477,0.18379541318910753,0.14181686764430035,-0.01397597410480265,1.4853085628339486,0.3091350091794252,0.010487072212145334,0.30499671580445664,0.15135142805259794
1933,130@6_0.mat,Outer,3,0.008576714032361708,0.2962304433693184,-1.0063925726346397,-0.054045699702586325,-1.4250661270724199,-0.12523022470639072,-0.04795834573470539,-0.051515817552332754,0.011806412587470947,0.1657303993054875,-0.06691582828086874,1.5723029879194956,0.20939737377734466,-0.1331643536057346,0.38834707487584724,0.13139105176764568
1934,130@6_0.mat,Outer,3,-0.4500583733225979,0.32939074827799575,-1.303235147546082,-0.4178207623121408,-1.6357868163649878,-0.20333892508420717,-0.15525637814062287,-0.4151597198413794,-0.4463369268354376,0.08055890867831636,-0.18556169199443623,1.4716285788124508,0.27319652238785475,-0.028348223768735203,0.36825226592246113,0.07880932567042648
1935,130@6_0.mat,Outer,3,-0.580413563906533,0.26530864874623833,-1.4974587857309425,-0.516524513982539,-1.7684252508008234,-0.081909432900207,-0.03215339824447167,-0.5137072648552237,-0.5763931218222976,-0.0326099410544907,-0.16380580624904023,1.6756210559133569,0.51072860161219,0.19063393763426176,0.16505806706474604,0.2821429670652293
1936,130@6_0.mat,Outer,3,0.09862561620216963,0.29623044336931836,-0.9716877989475278,0.020396359468531702,-1.3827200675488556,-0.081909432900207,-0.0010703348470131192,0.02288769608699587,0.10174375452922378,-0.03609980415173363,-0.01638659146055847,1.6366128285529122,0.23641938633140502,-0.11940094811492048,0.045824086985760785,0.20889796266444036
1937,130@6_0.mat,Outer,3,0.12710143412439653,0.34967013383141443,-0.9015578779903192,0.04414305027108907,-1.3481437351505774,-0.17741208756384003,-0.05217299839876789,0.046526935753273574,0.1300704862264151,-0.10412358322342075,-0.036036418752591955,1.5423764019089443,0.11037865215345775,-0.24213740429506092,-0.06353251021014188,0.13106949697041598
1938,130@6_0.mat,Outer,3,-0.4997400081475603,0.2477230637059958,-1.3851694605491967,-0.4556840647606793,-1.6827926079186666,-0.26828056055371685,-0.19792973636425265,-0.45287341924975105,-0.4957868567106255,-0.11622154935163713,-0.16253258035757168,1.564075255251145,0.2452842663987291,-0.0883854445582431,-0.024331639597007102,0.2138966851099039
1939,130@6_0.mat,Outer,3,-0.2245865630100666,0.21801537635645993,-1.2092352069002257,-0.24219485356796544,-1.5679841530905718,-0.13273899225103586,-0.10731470408691536,-0.2394565452756419,-0.22092857560962262,-0.12020769182505951,-0.1018566701163518,1.6279934884995313,0.2999864558064538,-0.04224641623499089,-0.05981159706728539,0.20586545468893416
1940,130@6_0.mat,Outer,3,-0.022204793872848783,0.23751697443776437,-1.1060750689304308,-0.07926511127694304,-1.5315448248909787,-0.0231638137084886,0.07918367629783798,-0.07663570063471122,-0.018831278106894542,-0.05756851645105632,-0.0406999277074414,1.7250500287020378,0.36099698528956337,0.001017216081981282,0.02683915660677984,0.23576120689642951
1941,130@6_0.mat,Outer,3,-0.22319393735003862,0.20099890410069152,-1.1348731295027878,-0.24109080210818154,-1.487412849371053,-0.0231638137084886,0.06829582358234393,-0.238333363799626,-0.21951286982034204,0.005863096464739147,-0.10163290063748062,1.4799329640065102,0.3756445431976939,0.09146280579274714,0.16921975519383842,0.20544859794067258
1942,130@6_0.mat,Outer,3,-0.4758329956859851,0.2409316511446077,-1.3231463907609013,-0.43750172351546285,-1.6147250603974612,-0.2610999808257858,-0.1447197464804674,-0.4346913312982365,-0.4718976272440896,-0.09038193950677945,-0.16259489614316794,1.4722662384769138,0.2216673578276877,-0.09007762910334746,0.02592714656177267,0.19268263697975938
1943,130@6_0.mat,Outer,3,-0.07102400218056068,0.25265537450476944,-1.0780695134391167,-0.11902550621599035,-1.4546831101016038,0.06712738812749336,0.18788659292510929,-0.11639599219575159,-0.06761451739429192,-0.26573061971107037,-0.0540800557609621,1.5956347336724783,0.43861006722430257,0.1306335410157102,-0.31985277292862463,0.2349694920796577
1944,130@6_0.mat,Outer,3,0.18674309274698533,0.23351421452029855,-0.8388226359347354,0.09420073527844226,-1.2665081830394618,0.1927837696890029,0.3250384150348008,0.09674553257009687,0.18986064142361125,-0.19036472760390702,0.018959257117479755,1.5089467643352121,0.4420316883607428,0.1615755534620481,-0.19894496094438077,0.2361840953696998
1945,130@6_0.mat,Outer,3,-0.12527130071284287,0.22729191474338414,-1.085325911771869,-0.16286523672659894,-1.4497067960757706,0.1927837696890029,0.3250384150348008,-0.1601794146252904,-0.12175232254049982,-0.02561725663653022,-0.05355787620196417,1.5289045750927202,0.5701736374237717,0.307500088207447,0.09584221575157206,0.2831720574338789
1946,130@6_0.mat,Outer,3,-0.08880514911438758,0.19619938628496178,-1.02551535402247,-0.13343487440474408,-1.3918192052894953,0.048748870391537004,0.1773499612649538,-0.13072791005246617,-0.08528703002557587,0.007760559626276478,-0.06525238779881265,1.4658502729886276,0.39318044143182124,0.11674779699132304,0.14711120706441042,0.2142257266624398
1947,130@6_0.mat,Outer,3,-0.0631437773199696,0.20080919983920006,-1.0952444729936093,-0.11262722943863697,-1.4420350061729683,0.18064082047060304,0.28535043578154795,-0.10993609791075912,-0.05966427589572051,-0.008595058780099595,-0.026246018861956797,1.6417470411660053,0.563221247236645,0.2628245238797221,0.11483078783311892,0.31590790872757296
1948,130@6_0.mat,Outer,3,-0.06696066415328,0.21405055729129213,-1.1086438716680989,-0.1157272633009078,-1.4554571040753577,0.18064082047060304,0.2019354351386501,-0.11304970644539392,-0.06349502904745633,0.21659326147733968,-0.011749549706999323,1.662960109361681,0.5705470621229561,0.26465211089252355,0.4966083607497378,0.3650519922748376
1949,130@6_0.mat,Outer,3,0.07534558768532927,0.15520429537669445,-0.9218020144622845,0.0010561653793353632,-1.3439996393498914,0.0834972267234031,0.1499547189485494,0.0037333470366513913,0.07870443354235006,0.1515843745174756,-0.033136405058033315,1.5062274110175176,0.3761815312409064,0.08405383649805415,0.34699743164084834,0.1790593027243895
1950,130@6_0.mat,Outer,3,-0.053608710820226654,0.19390396472091734,-1.0317014149234682,-0.10487517566299284,-1.4070841883957024,0.1274743941630135,0.16312550852374372,-0.10218052383224364,-0.05013198513495273,0.18523722603979556,-0.07093341172177824,1.5300038122007487,0.47551544626126574,0.19475188653645167,0.4393304316658196,0.16761365444423101
1951,130@6_0.mat,Outer,3,0.03438335706662006,0.23044100548413954,-0.9553020839878383,-0.03281301023364949,-1.3307221660560797,0.1274743941630135,0.16312550852374372,-0.030198508902960122,0.03769699831255428,0.17328298471619646,-0.030423060334686062,1.5109545434707146,0.43630992923535655,0.15414037142834683,0.3931659213774998,0.2200187159054445
1952,130@6_0.mat,Outer,3,0.09672256506807606,0.1800745240582025,-1.0325843786997522,0.01881288936647581,-1.4212126396117997,-0.042526894894586165,0.07180803413572874,0.02145779853684435,0.10002653440865893,0.0465679124551823,0.03233988404578082,1.7543736419985363,0.3048904268838226,-0.07260801157580031,0.1761177031635091,0.3497431424807585
1953,130@6_0.mat,Outer,3,0.26908773328188573,0.19206383338445204,-0.8486466952071807,0.16402738655609775,-1.2995259027369037,0.04181737400078724,0.19016952978481008,0.16658476626692525,0.2721589013596839,0.20337124355425173,0.04926522068863746,1.6451262147353805,0.3003337817859717,-0.04678005732805338,0.3737943741111045,0.2499004597666878
1954,130@6_0.mat,Outer,3,0.3992476156165888,0.1576704507760812,-0.6180696519208267,0.2760899957625618,-1.101619272932123,0.04181737400078724,0.19016952978481008,0.2786226302083418,0.40219235107820417,0.09060010606642566,0.024608855778563817,1.4010435114561677,0.19674671081497475,-0.09935165520249845,0.1841088595774527,0.09012861115491737
1955,130@6_0.mat,Outer,3,-0.07535311265231771,0.15829647483900253,-1.0501143723474538,-0.12253725937688104,-1.3873365524605121,0.19315150974548262,0.32170181500908474,-0.11979876650057189,-0.07180617180409042,-0.1531371724484971,-0.041468498825190554,1.5338828404056812,0.5514697224939522,0.28367302782647014,-0.12869010310903486,0.2784884389002053
1956,130@6_0.mat,Outer,3,0.028158842567566147,0.19950024043491038,-1.0789544664886817,-0.03794174112020275,-1.463405711243221,0.19315150974548262,0.32170181500908474,-0.03528783286457898,0.031524891451519765,-0.059807323026185424,0.017149280077757827,1.7456511716290404,0.5670755747751413,0.234489040708458,0.016912061057001264,0.3668726606750194
1957,130@6_0.mat,Outer,3,0.4374446393839549,0.15901735103266923,-0.7317704237145689,0.30936896799972313,-1.2251920055806729,0.15475353519000154,0.30414076224215864,0.3118831897345445,0.44033946959070336,0.1653897819199043,0.1083054070742787,1.6618430367904395,0.3539552973465631,0.011239606838068355,0.27873261110383224,0.26067316872083146
1958,130@6_0.mat,Outer,3,0.538923632793207,0.1169219754077524,-0.48628327187805764,0.3986478697757282,-0.966431976053919,0.10975225206048429,0.244081961779272,0.40114806888258864,0.5417257874170347,0.07125802959122379,0.09335935236460738,1.3578158165808178,0.20306092826861735,-0.0791392351150844,0.13397037913757162,0.14950128019554787
1959,130@6_0.mat,Outer,3,0.3568016187701184,0.13545608175545124,-0.7527576131508238,0.23931821610498238,-1.2035117492392746,0.08809185615739266,0.18244266656736227,0.24188793398930783,0.3598211784327897,-0.010196247370250646,0.05857076926623669,1.5881675717841381,0.3002807160488036,-0.030346900842432068,0.050358351243416796,0.20408391290968045
1960,130@6_0.mat,Outer,3,0.02514577377982079,0.11874313631806856,-1.1288656376888293,-0.04042267937109211,-1.5125421570434732,0.05071799729181797,0.17717435073728452,-0.03769632482793633,0.0286020056307739,-0.05114487410788827,0.009628579448395368,1.842958434171732,0.44837748789744775,0.06772731455220594,0.03133525522209028,0.3470739475484387
1961,130@6_0.mat,Outer,3,0.7109454187926946,0.14291145923205906,-0.46580821274621637,0.5528626084042281,-1.043760766735614,0.05071799729181797,0.17717435073728452,0.555264221914866,0.7135073504808871,-0.10070546668371995,0.10851854394156947,1.551378462857825,0.14106965714378858,-0.2082153643268272,-0.10130527262340032,0.06298032184524761
1962,130@6_0.mat,Outer,3,0.5154993473456532,0.13733415394421514,-0.5808166361890827,0.37792803318692797,-1.1119048465974792,-0.07797117909964554,0.05091038134308709,0.3804245593675232,0.5183151037285414,-0.13751799595978917,0.042518316974161544,1.492944378716014,0.07020340626978291,-0.276545981410919,-0.1368503538233277,0.051965487992928446
1963,130@6_0.mat,Outer,3,0.05028175726722788,0.07691334665923959,-1.0237704109005927,-0.01969193119715869,-1.434070000584442,0.2702360944333922,0.26796499354229164,-0.01695352715863245,0.053733488341263194,-0.011093587289420977,-0.002503844789164371,1.6680875906000558,0.6148109899005231,0.3148484884267512,0.09246065201642663,0.28907844574096947
1964,130@6_0.mat,Outer,3,0.21423786027586128,0.1828062654236768,-1.0048042518862184,0.11742364236493205,-1.4734168659566527,0.2702360944333922,0.281135783117486,0.12001474975428697,0.217389741563817,0.14491855083247732,0.08557723960333576,1.8721074161665048,0.6044610934145224,0.23829905600266243,0.30150195915093897,0.39214556829493497
1965,130@6_0.mat,Outer,3,0.48009880074214367,0.08639855973380384,-0.6735784641578584,0.3467418574298435,-1.188713050390762,0.11467506931118696,0.2628722882398827,0.3492862006268784,0.4829956676218342,-0.03229189771926076,0.11454648162188398,1.6129827090113489,0.28931581339126605,-0.05046677381373561,0.00538031548284357,0.2415699189517599
1966,130@6_0.mat,Outer,3,0.39480615673735237,0.012053459655368257,-0.5589245863630566,0.27223196415251144,-1.0113955522778446,0.11467506931118696,0.2628722882398827,0.27483554461744353,0.3978358771977694,0.018641518272364876,0.026276347365483222,1.2905215854805443,0.23858988859530203,-0.01603977383126454,0.08536293073614727,0.09722178257866736
1967,130@6_0.mat,Outer,3,-0.01026782551661334,0.09734449562185163,-1.0180660880521542,-0.06949884643720156,-1.4000097714685038,-0.11304772324822521,0.002968707289379573,-0.06674458100722395,-0.006750749218570274,-0.11395565517003452,-0.04576210620734505,1.5673736902296957,0.22707187035102536,-0.11087094381808665,-0.0677184454014215,0.2102752571849304
1968,130@6_0.mat,Outer,3,0.3290658835752942,0.049880489396730975,-0.8775925088770694,0.215409120821216,-1.381607281237121,0.005716714162300716,0.1051740343928881,0.21803540547340874,0.3321720959449496,-0.026177165679044195,0.06650082471613268,1.786950620397085,0.2787424807108761,-0.1120313883774459,0.031248964849774515,0.24551188700324678
1969,130@6_0.mat,Outer,3,0.5686902609227236,0.0772358439037747,-0.5978330488043305,0.42507451000503577,-1.1326627939698166,0.12255157691231132,0.21457939313083707,0.42758247845280145,0.5714785188004597,0.2808743736335343,0.11324674894642696,1.596025547620335,0.26286216964755243,-0.07676574427382435,0.3989333336128021,0.17173200717625245
1970,130@6_0.mat,Outer,3,0.19999336364055856,0.08095404742900389,-0.780939209910656,0.1053807830938961,-1.1699103582406223,0.12255157691231132,0.21457939313083707,0.10805264370719146,0.2032514491151296,0.02195205306149039,0.004186735760678364,1.419877838166642,0.3463595259517754,0.0748439284370844,0.12001251054803247,0.1855726754145975
1971,130@6_0.mat,Outer,3,0.46626345095424404,0.13300889678221361,-0.6148703310426804,0.3345951912831583,-1.0977294463560088,0.1557380986401423,0.3190676570940459,0.3371173974979334,0.46914562784823716,-0.0537933163230708,0.07973774403169119,1.4869779138340598,0.30123370612916955,0.0005664947787568877,-0.021971872597041742,0.1717907330646547
1972,130@6_0.mat,Outer,3,0.43061181289687234,0.09184307203860394,-0.7535443299271052,0.3034028102337958,-1.241411398474963,0.1557380986401423,0.3190676570940459,0.30596688883083606,0.4335688740309208,-0.1203984181533875,0.10636555296565363,1.6932079431792117,0.36514523502284657,0.015139263774847775,-0.10922762612030329,0.26149054825178314
1973,130@6_0.mat,Outer,3,0.40586375789256557,0.03698059961532335,-0.6414297100934225,0.28184151455763834,-1.0771674542690697,0.03890323589013168,0.2000037193342884,0.2844365747843637,0.40887522753115507,-0.21045530871635212,0.0849781525832169,1.4520406886333952,0.2041191387155852,-0.10522930648296487,-0.23171088406428866,0.2300963075255275
1974,130@6_0.mat,Outer,3,0.26331423468366844,0.0669728433570961,-0.7508894060709177,0.15910456786010188,-1.1504774093115484,0.03890323589013168,0.19930127722361124,0.1617543941390101,0.26649810279924724,-0.17851008018705006,0.043285870489244205,1.4535640307747748,0.25254153505868276,-0.04772598025979637,-0.1834562060025457,0.23895330653697774
1975,130@6_0.mat,Outer,3,0.34033547727520397,0.05991584482962003,-0.7749948655112437,0.2251125376360975,-1.2282922855219425,0.11569918500109333,0.2742869725383846,0.2277306971269873,0.34342365613191517,-0.39662190401676495,0.07036106416232689,1.6066526011697835,0.33699773898679236,0.0075372352548422695,-0.49461207357110926,0.24615029252484255
1976,130@6_0.mat,Outer,3,0.5756881317970728,0.08535518629560188,-0.5896536423997051,0.43130289462522636,-1.118363720169656,0.11569918500109333,0.2742869725383846,0.4338039526023952,0.5784632988177306,-0.36456617610311115,0.11594584354134752,1.590725868027605,0.2529242084255502,-0.08697452957651522,-0.43109462865388903,0.17251255592708112
1977,130@6_0.mat,Outer,3,0.20718073925751188,0.07996758526924927,-0.8575163271655108,0.11145417558968011,-1.2681989173652861,0.2075522214411109,0.16698894013246765,0.11412333469226739,0.210430154953131,0.20715579836138323,0.026942841842303934,1.5735101819642625,0.4656875024225187,0.16945487005626458,0.39649019156611937,0.24105755338786022
1978,130@6_0.mat,Outer,3,0.3865931816684727,0.07372631506618589,-0.655786976083349,0.2651041888896724,-1.118214272523193,0.2075522214411109,0.16698894013246765,0.2676964697371012,0.38961616375019564,0.18636495225896246,0.054087447657262366,1.4514473492217757,0.3682637193285013,0.091396684608295,0.31940832751319514,0.17043384500505526
1979,130@6_0.mat,Outer,3,0.25754730125430564,0.03324342566394483,-0.8591737631483225,0.15419141234205536,-1.3358892024067637,0.1786716935703221,0.26936987776364596,0.15685331760413643,0.26074973998787754,0.01525355889927813,0.035046550680309166,1.6487713873938927,0.4384224398352229,0.11417334194355538,0.1009501753798436,0.22210211720539208
1980,130@6_0.mat,Outer,3,0.18681124895963497,0.027723031654548366,-0.9111668786890421,0.09425818787981573,-1.363526877485585,0.1786716935703221,0.26936987776364596,0.09695209189496148,0.19010549923991854,0.09136585718403488,0.029285841087195397,1.6471265247474918,0.46450102064169474,0.1452733063602778,0.22715273020369678,0.2640263312614614
1981,130@6_0.mat,Outer,3,0.5575868869510492,0.10464810968926601,-0.5718447247034145,0.41520434064190115,-1.0921076995033896,0.301085749204462,0.33978969935901826,0.41770352530951405,0.560373723292907,-0.30900228398589935,0.13513563697860076,1.5340085664296763,0.4160689737857002,0.12293499815758042,-0.3605810623665868,0.22810929607563538
1982,130@6_0.mat,Outer,3,0.4184751216391923,0.06460154008845498,-0.667613494357918,0.2928195877374781,-1.1391487689784492,0.301085749204462,0.33978969935901826,0.2954010518610246,0.421461353814281,-0.3635981389142705,0.08274335200895142,1.5169012012744836,0.46154099600491605,0.18228129077427146,-0.44161405411211796,0.21497655439536148
1983,130@6_0.mat,Outer,3,0.32200541983208714,0.0413817384819212,-0.6401725375514405,0.2093377811391619,-1.0856468895305635,0.01129590704643053,0.10078377120115682,0.21196940310988222,0.32512322790602194,0.0783171408749222,0.007802095541998789,1.334561319175388,0.17780016718962538,-0.10290442246392933,0.18121937334735067,0.10367506851857484
1984,130@6_0.mat,Outer,3,0.058180935136591894,0.05084798113033623,-1.0040734434916827,-0.013161192732732124,-1.3974134504988833,0.01129590704643053,0.10078377120115682,-0.010416830972532416,0.061633841697663054,0.036285479417907975,-0.013153260731651796,1.640816264062412,0.34494044663931644,0.006834892566719812,0.16706185995469353,0.25113904045531016
1985,130@6_0.mat,Outer,3,0.17510491130850536,0.04500508987640456,-0.9195893876158012,0.08439859741463672,-1.3122145509849548,0.09760930284208394,0.1836719402610468,0.08709402520720973,0.17840991555770971,0.01819269388372119,0.021892706131814575,1.646498284349627,0.38898692545112806,0.056854571914738534,0.11838416305981006,0.25352521938858413
1986,130@6_0.mat,Outer,3,0.6301399586042886,0.015999308294386807,-0.4927037455403462,0.4799715865688925,-1.0234935589552403,0.09760930284208394,0.1836719402610468,0.48246726722097666,0.6328675521202946,0.14143540225177595,0.11121127555237546,1.4909825995858315,0.1947317024514743,-0.12757719099804773,0.20766976383159047,0.12337885175586567
1987,130@6_0.mat,Outer,3,0.18127018350656388,0.023853064720126094,-0.8787990227968293,0.08958917301029072,-1.3620714384047168,-0.0972947080459765,0.049681107649402555,0.09228607189583618,0.18457222185836045,-0.22827342488106223,-0.01612971992260839,1.576907291492666,0.17871169904728268,-0.17072006954430818,-0.25628710802123744,0.14489251387250032
1988,130@6_0.mat,Outer,3,0.10597632098657463,0.08507062990336477,-0.9209054200957026,0.026516809056957556,-1.3994765639647062,0.09334286122480842,0.207906193079405,0.029227597472321915,0.10935237511682792,-0.005151184710188657,-0.030450608687388823,1.5488928197177398,0.38543516947019946,0.0820493151688115,0.09330724742970302,0.16275613320262064
1989,130@6_0.mat,Outer,3,0.04181331448616213,0.045403468825536225,-1.0167118210348625,-0.026684849356971563,-1.4410805734559966,0.09334286122480842,0.207906193079405,-0.023932005293555436,0.04528897953224116,0.28543620160565714,-0.018099709709574544,1.6416087351835886,0.43348859547848556,0.11055976482483036,0.5717632873834088,0.25024536214676835
1990,130@6_0.mat,Outer,3,0.22182943706116262,0.04187496956179849,-0.7758772260347928,0.1238519867508832,-1.1886143479723768,0.11664419621146793,0.20035494038962698,0.12652775614580739,0.2250754811975576,0.012796768693621651,0.010648567356298686,1.4413185211673003,0.338316970204628,0.05863868487922801,0.1028323367575066,0.18588334405278575
1991,130@6_0.mat,Outer,3,0.037500788872434646,-0.006537557970778316,-0.9139175109999906,-0.0302426022298073,-1.2883323577527694,0.11664419621146793,0.20035494038962698,-0.027481980065739944,0.040989171329916745,0.09774376165864392,-0.03439890485781836,1.4364173875730541,0.4049100104206534,0.13995711101571798,0.27021657974147123,0.20554124415934216
1992,130@6_0.mat,Outer,3,-0.20423387414717237,0.010118476188156837,-1.187378799085575,-0.22603599404570315,-1.5293953268587106,0.020485165914408708,0.07251047624640591,-0.223174281761253,-0.2004358782853177,-0.026156171406764718,-0.06962052830734126,1.6144805444623462,0.448116369895899,0.13604490813800052,0.10779757126602979,0.29926083066989334
1993,130@6_0.mat,Outer,3,0.22422900915565697,0.07642011557936229,-0.8184751282375509,0.12588534475114235,-1.2346690219025382,0.1694824347023439,0.2038671509430118,0.12854858133288805,0.22745844351392858,-0.1336714371949269,0.03450133721343871,1.5240476490977477,0.4094989052186613,0.11820467295009185,-0.11550004359967453,0.24741631289345503
1994,130@6_0.mat,Outer,3,0.1336256677790871,0.0646774217930516,-0.8880765162589523,0.04959771902719888,-1.2842213541992475,0.1694824347023439,0.2038671509430118,0.05230509407889402,0.13697656517480955,0.17085122326878713,-0.00797528016348226,1.5260653931462493,0.44386499395990847,0.15840231473718847,0.36154072957647476,0.20445306214764786
1995,130@6_0.mat,Outer,3,-0.40179797860732597,0.03904837606557852,-1.3409606730243016,-0.3807518852182738,-1.6506802565084422,-0.312625468049807,-0.1986321784749298,-0.3778141864221885,-0.39775200121323623,0.15057224409797307,-0.13959506108712483,1.6260226732919816,0.17536038679184818,-0.18821960607515126,0.49229933753759064,0.21935209437868264
1996,130@6_0.mat,Outer,3,-0.0664986228922305,0.0575066007086806,-1.1362856532052659,-0.11535209311263953,-1.5334190163168009,0.018227403437180295,0.15329131897426543,-0.1125568487638517,-0.0628885062187223,0.35785099944978815,-0.051436791260131336,1.7196902581722822,0.4188986432363992,0.0700243119391709,0.7354179182900259,0.23933598079529445
1997,130@6_0.mat,Outer,3,0.3514447083259411,0.03142226475362842,-0.734169820963789,0.23469306424275144,-1.2085583976462815,0.018227403437180295,0.15329131897426543,0.23731362346467216,0.3545271820857791,0.3017747706534411,0.027422817124031773,1.546101503374657,0.22537334806801151,-0.10683548259589022,0.4906646361431963,0.13121752402958545
1998,130@6_0.mat,Outer,3,0.29403285507185833,-0.003767875753005595,-0.657897438210081,0.1853438472173299,-1.11294399777735,0.0914132865642936,0.1597889084980282,0.18799289767651234,0.29719235128920946,-0.18876916761404494,-0.017621017854335178,1.3276792053840165,0.2604628110593644,-0.0006955644031343657,-0.19921965430289046,0.05907169959895196
1999,130@6_0.mat,Outer,3,-0.38877799520676665,0.017535912812466168,-1.2962728046803544,-0.37070248037103093,-1.6042737531960116,0.0914132865642936,0.16856943488149076,-0.36776648028129694,-0.38474416896758246,-0.13499027702286168,-0.12696759215267941,1.553094228926387,0.58269179856925,0.3144308246503449,-0.0731934655416651,0.256602424884232
2000,130@6_0.mat,Outer,3,-0.04158780437796075,-0.004545663225119602,-1.0327285122808825,-0.09508629405932992,-1.389391979256902,-0.027430255325764114,0.06917387622069039,-0.09229205085026715,-0.03799795027659186,0.152946347052441,-0.03504611410240361,1.5498192772262327,0.32015396223970627,0.004414385974987651,0.381511406925758,0.2694598847849334
2001,130@6_0.mat,Outer,3,0.20283464131288578,-0.009269299336252599,-0.7621095864144467,0.1077809321879084,-1.1470211748679604,-0.027430255325764114,0.06917387622069039,0.11046998902950739,0.20611089921394068,0.05317797498498629,-0.007686168626459234,1.3892577704085287,0.1942655249522712,-0.098920871474477,0.16644601561010336,0.15140348493527686
2002,130@6_0.mat,Outer,3,-0.1911088719048933,0.04462568135342237,-1.0433008095696448,-0.2155886601692405,-1.323985005924772,0.12189520127888417,0.21686232999053684,-0.2127378050268233,-0.18733453729350488,-0.08091014071652092,-0.0979611687684341,1.3487024121010673,0.47594539357185983,0.25360146890136853,0.007548696768890195,0.19114880547754542
2003,130@6_0.mat,Outer,3,-0.16691125578575647,0.06655549398181507,-1.0884789763120077,-0.19627250097245638,-1.424660696257354,0.12189520127888417,0.21686232999053684,-0.19343850700719623,-0.16317649380040794,0.10975595947205795,-0.09288416883762758,1.4727886499667602,0.4997534091191535,0.2418724492943225,0.34233233394916796,0.188299562854009
2004,130@6_0.mat,Outer,3,-0.11746285227756668,0.02275278000347645,-1.1081981993645695,-0.1565770214320016,-1.4632569747115238,-0.13802954955821775,-0.0175777244479235,-0.15375251044436347,-0.11377765138499307,-0.07086234729530692,-0.07015543720892048,1.5861276441572372,0.24471020164163793,-0.09535856907552177,0.016221207065439603,0.22221569471210606
2005,130@6_0.mat,Outer,3,0.20475922766937416,-0.004716397060462113,-0.7427621591166499,0.10940727310068263,-1.1327183456456151,0.08940460742424648,0.10412037122687286,0.11209562805239826,0.20803318347035912,-0.1033041286401637,-0.01172448472330593,1.3566281563032074,0.29693436954132074,0.03466040747711793,-0.06874034241079138,0.13909198845436818
2006,130@6_0.mat,Outer,3,-0.08399894853605362,-0.026949736507241293,-0.9913289226821872,-0.1295438666111121,-1.3250738725260938,0.08940460742424648,0.10201304489484186,-0.12673354836235576,-0.08035688990225097,0.001462772356977824,-0.08111412778790539,1.4069194896399668,0.41664954483022854,0.1633392868610093,0.13547087456658805,0.1595839459994533
2007,130@6_0.mat,Outer,3,-0.34287844377376286,-0.02112581567945864,-1.2360646407236338,-0.3351099609565872,-1.5245749648908284,-0.12457384907296454,-0.022143598167324585,-0.3321924777983154,-0.33890357853629216,-0.010885770234089735,-0.13394384943115123,1.5007378182757884,0.3221430541472063,0.021379535328865457,0.1614118618454965,0.19012937534652008
2008,130@6_0.mat,Outer,3,0.13214051158358578,0.04921652448151151,-0.8921960731678782,0.048355578104993115,-1.3101546746959474,-0.02382018934191575,0.13555465567966998,0.051068547467118745,0.1354992262358151,-0.12566039111637112,-0.02583535459680973,1.531773227792568,0.2566710634909419,-0.06559601072407722,-0.09735047528894902,0.15556793770677446
2009,130@6_0.mat,Outer,3,0.05163794854136728,0.0030045663822335883,-0.9442590867108022,-0.018571226100465577,-1.3339623759809205,-0.02382018934191575,0.13555465567966998,-0.015816627206652677,0.055108227088609046,-0.23703775022399096,-0.03340820327808099,1.5148499916450657,0.28110609743220044,-0.031634139595992004,-0.2703782819239855,0.1970707570053368
2010,130@6_0.mat,Outer,3,-0.14927554505183266,-0.048158672941967046,-1.0032263012418552,-0.18214942895303482,-1.3590392952251846,-0.14262417899220733,-0.022319208694993875,-0.1793160836362316,-0.1455550510324351,-0.09489004583790552,-0.11971238951098133,1.3336868534081756,0.1905202360677154,-0.08724015539820557,-0.02201656819052323,0.08490172205011626
2011,130@6_0.mat,Outer,3,-0.35627366689101686,-0.02480607835238958,-1.252369060586674,-0.34552379900556063,-1.5601199350772674,-0.2951919615242247,-0.24358847355825988,-0.3426013597176425,-0.35228218865907474,-0.10421927976800309,-0.14559738164155647,1.5132913601429685,0.15096200949979366,-0.1859604300038447,-0.016465500014706584,0.157624938404235
2012,130@6_0.mat,Outer,3,-0.014602548772604942,-0.0027245023148037887,-1.035352016894828,-0.07304732562899786,-1.4136262413359237,0.15143210478310015,0.22704774059535426,-0.07026447151515476,-0.011047270796145724,0.057408554136565655,-0.05192936826187007,1.594958661440352,0.5015423252691614,0.20507233612022227,0.2159132342691298,0.19494638518608973
2013,130@6_0.mat,Outer,3,0.1671055393292205,-0.01864068985392277,-0.8430403143093579,0.07767080476829358,-1.2841291829388162,0.15143210478310015,0.22704774059535426,0.08037480559230976,0.17042684342797607,0.13510708360100693,-0.024913300630354088,1.4888640873186305,0.4040172872570715,0.1225527080968332,0.2980409205994877,0.13154831903713562
2014,130@6_0.mat,Outer,3,-0.3287458439884283,-0.026570327984258388,-1.2117405679006787,-0.32409910052347524,-1.5209620636987131,-0.037236337587403794,0.048100612900378925,-0.3211879901956959,-0.32478995849126724,-0.19405238856664067,-0.1204690007779901,1.4731807035633149,0.40090771395743285,0.12370549667568234,-0.19106153565685444,0.22813039492744894
2015,130@6_0.mat,Outer,3,0.00994911099400387,0.017668705795510227,-0.9582523345240076,-0.052918593904144044,-1.3498420233159196,0.3037112517381706,0.3308335624478864,-0.050147153733950525,0.01347169973153395,-0.1510897739961527,-0.03343086747773735,1.4809781698283604,0.6125817363820104,0.37386523070081756,-0.13012679824305715,0.23098661631721604
2016,130@6_0.mat,Outer,3,-0.0541200837094401,0.005641455616962326,-1.0265779138761797,-0.1052912060914916,-1.4059287538856051,0.3037112517381706,0.3308335624478864,-0.10249178685896404,-0.05051429192713483,0.045723621468389916,-0.059734675115374225,1.519222969777289,0.6499980921609959,0.40555180628089976,0.20470094762467078,0.20297351224025442
2017,130@6_0.mat,Outer,3,-0.10504092721184739,-0.033494533528690765,-1.011546286418703,-0.14655818051519193,-1.3485675551471683,-0.312625468049807,-0.17369548354589495,-0.14374008860546406,-0.10137317563940096,-0.010739826058858665,-0.09001171168138564,1.4148325293460342,0.023995144526799583,-0.31087502041618287,0.11821055486704353,0.14775776217741893
2018,130@6_0.mat,Outer,3,-0.10453837300282286,-0.10450083860488019,-1.0376747655541876,-0.14615245119869216,-1.3826596193336387,0.07927033734589371,0.1336229398753083,-0.14336092745469378,-0.10090388776566428,-0.2688213161558534,-0.06214840990469987,1.466213743240031,0.4300705023859967,0.1607202225190208,-0.32614645827020144,0.23729812215761503
2019,130@6_0.mat,Outer,3,-0.10393033916933452,-0.05295819075769693,-1.0724848997397987,-0.14566152330088492,-1.427181758169229,0.19081464278872196,0.30712614121253606,-0.14284836689380856,-0.1002695444381856,-0.08073933718311502,-0.04510290750167442,1.5354107504977617,0.561188549251168,0.29470991263296337,-0.002443737956451935,0.29174409003532575
2020,130@6_0.mat,Outer,3,-0.161557580610942,-0.02937795105432963,-1.0101715735159613,-0.19198917456040432,-1.3242937791553568,0.19081464278872196,0.1596132979703584,-0.18914687962030027,-0.15781653884869928,0.32590749389616847,-0.08336159478268759,1.3288528715492292,0.5278086857735926,0.32298163312606687,0.7227540960977542,0.21569752326524563
2021,130@6_0.mat,Outer,3,-0.2816410132875519,-0.06576322840835884,-1.1809256349680854,-0.2872230181115974,-1.49146348547089,-0.1964074286934574,-0.06727550377832393,-0.28434063808370147,-0.27775776954391695,0.12230981136226737,-0.11972814062034348,1.4832236065381013,0.219785353228856,-0.09548175576529776,0.3983650523100639,0.19057293002198064
2022,130@6_0.mat,Outer,3,-0.04308596671996046,-0.027367085882521833,-1.0469067854461171,-0.09630724272503886,-1.429135533765164,0.19376833313914413,0.2814870041728246,-0.09351419320527554,-0.03949643049045325,-0.07848384489811899,-0.04883633831056717,1.5755030343739405,0.5503676523575368,0.2689131791967407,-0.005540089237515717,0.22786532473380128
2023,130@6_0.mat,Outer,3,-0.06819750314855536,-0.10505098096320448,-1.1073134258300847,-0.11673142862885977,-1.487051734124204,0.19376833313914413,0.2814870041728246,-0.11395545114502387,-0.06460980537267158,-0.23951978225603848,-0.04055299487968505,1.658419617751608,0.5832281781008204,0.28096223535156745,-0.2753812077546554,0.2751477236754492
2024,130@6_0.mat,Outer,3,-0.2424244119197169,-0.08638408163246163,-1.248782324090183,-0.2563154625411028,-1.590720594291216,0.08973279524096006,0.15452059266795046,-0.2534575418969441,-0.23860205695712944,-0.294404164936684,-0.07056945977731968,1.6821392885086663,0.5540131987998684,0.2392207047716798,-0.37765114743787825,0.33071722519430957
2025,130@6_0.mat,Outer,3,0.031724504012317564,0.014424762924009071,-0.9760193981665072,-0.03500436933257127,-1.410872927582492,0.08973279524096006,0.1820914455120237,-0.03224189459405366,0.035219550052538864,-0.2973537970621046,-0.043881387827746206,1.5471149683580638,0.4092648937954363,0.11083375063574924,-0.3681707276768911,0.18202712245313918
2026,130@6_0.mat,Outer,3,-0.07352498118546676,-0.07788533071765225,-1.1217329917592522,-0.1210545673907055,-1.5377171008391177,0.014249597396851743,0.14170102414809418,-0.11826291605188545,-0.06991393033491299,-0.2136354466947221,-0.07245180277716926,1.67951741638077,0.40727065136834223,0.0684215283183169,-0.23149102570811134,0.17872240524227134
2027,130@6_0.mat,Outer,3,-0.19886192187297239,-0.12324361964021936,-1.1626007879358986,-0.22176253285850933,-1.5202945607783658,0.09108509874758002,0.21896965632256785,-0.21894343379890485,-0.19512154000817372,-0.19611023284809964,-0.0864863406939271,1.5723963024220542,0.5079358190661428,0.21974936175029583,-0.19855800292915482,0.23685122815000464
2028,130@6_0.mat,Outer,3,-0.3277758702961046,-0.14185360769251484,-1.3089140189721238,-0.3233424887620484,-1.6313087573400835,0.09108509874758002,0.1936817403381949,-0.3204841935399987,-0.32388837868593434,-0.41332327453499296,-0.08623322497903058,1.6749477774574277,0.58959628922134,0.28312704336845795,-0.6095517740514308,0.35410233763445503
2029,130@6_0.mat,Outer,3,-0.04246347477672125,-0.10740331380569688,-1.0362824435145848,-0.09579996737706904,-1.4014984588746122,0.2019730285569811,0.21668671946286755,-0.0930361820465327,-0.03891029638828101,-0.10730928328071665,-0.0355677111259491,1.5555023288927121,0.5529328137738805,0.2784011596504374,-0.05385561659265578,0.2686219088525803
2030,130@6_0.mat,Outer,3,0.36377795842970123,-0.04614780777015963,-0.6794427199660884,0.24534683750457656,-1.1925421173778554,0.2019730285569811,0.21668671946286755,0.24795933379832377,0.3668416798706444,0.12768867523974892,0.003994796782255659,1.4628293989557994,0.374063760959969,0.0948312320926979,0.24273456046664885,0.06475175284177635
2031,130@6_0.mat,Outer,3,-0.1177370367846738,-0.1213086361730082,-1.099248902552711,-0.15679795092224824,-1.489679040620568,0.18818914025501382,0.2546185934394275,-0.15401120576189084,-0.1140984608244167,-0.07903457790276161,-0.07601706598751923,1.5678490729161934,0.5731048272946542,0.2982713232071243,0.0021080755903692796,0.20341810028503735
2032,130@6_0.mat,Outer,3,-0.26499024270379407,-0.11694543815870861,-1.2044070325329208,-0.2741230933058067,-1.5130318900470079,0.18818914025501382,0.2546185934394275,-0.2712727776174422,-0.26116038134769853,-0.24153121733043653,-0.09894226710731009,1.5561517834405119,0.6319437419710116,0.3717533601950285,-0.28095124981374237,0.25070381799669617
2033,130@6_0.mat,Outer,3,0.05399939912635659,-0.10322982005288855,-1.025140118266385,-0.016619276527831288,-1.4196481249438793,-0.020210123358066906,0.05020793923241043,-0.013894108958899795,0.05743229876204051,-0.14387350251944006,-0.017558797869899466,1.676301935081686,0.3236951974246968,-0.028397624852664588,-0.12099467893997157,0.24172214109310924
2034,130@6_0.mat,Outer,3,0.2298007260905919,-0.10493715840630992,-0.7864054357739094,0.1306094391960424,-1.2049781665189467,0.1235756926022177,0.2224818668759537,0.13325741020627963,0.23300792940105547,-0.19394575372182007,0.02422365384276247,1.4720587835959034,0.34992376571688977,0.06316228911280528,-0.2053170650360049,0.21569137808052116
2035,130@6_0.mat,Outer,3,0.025874576276560608,-0.06619954820978864,-0.9810601533891065,-0.039822690550906426,-1.3981998549138162,0.1235756926022177,0.2224818668759537,-0.03706856727002155,0.029363958865764022,-0.0678703489340008,-0.03976763092686749,1.548330211684922,0.4455126569498823,0.15341844186710774,0.004085162497051423,0.1989812895779383
2036,130@6_0.mat,Outer,3,-0.32396601987502244,-0.0927771152447185,-1.2932186443737261,-0.3203695662691952,-1.6174763340263787,-0.16920739214600208,-0.03829976671289638,-0.3174815744624016,-0.3200433851917828,0.1557112588435494,-0.10457456618608192,1.6479974099249275,0.30434171733667265,-0.042904209542568954,0.475086878987023,0.28271059146261096
2037,130@6_0.mat,Outer,3,0.3854146780256311,-0.1422519866416465,-0.7133077699512561,0.26408207979246573,-1.1835834076921574,0.08809185615739266,0.20053055091729627,0.26663590338083965,0.38839424688002216,0.07834846193034674,0.06439559595161194,1.5549185879102816,0.28224290645305466,-0.041992479971795026,0.16966454280104323,0.1963396146861209
2038,130@6_0.mat,Outer,3,0.1541872692024289,-0.13401882169292448,-0.9172597589537992,0.06682252768524573,-1.3286610928698388,0.08809185615739266,0.20053055091729627,0.06948467204709503,0.1574685945047115,-0.012316029613551924,0.015212582636678983,1.6116991404263412,0.3784758086084068,0.05489421984373971,0.07501791598987995,0.2523858779303347
2039,130@6_0.mat,Outer,3,-0.4477675312500514,-0.1391218663270401,-1.2851729367386806,-0.41606759601484605,-1.5307445979367422,0.2942333572932445,0.365253225871061,-0.4131592022278116,-0.4437247771418212,-0.34016292726495057,-0.1203377589907421,1.4381700862407785,0.7912497604888965,0.6024246820172148,-0.4824668137294706,0.33726898620306067
2040,130@6_0.mat,Outer,3,0.06846357068246296,-0.21874074487493397,-0.9725087070071438,-0.004648482395115688,-1.3506309208974143,0.2942333572932445,0.4035363209029595,-0.00203072678808714,0.07175592297110009,-0.38767407441258006,0.029790688146001276,1.5940760083533003,0.6108800952388403,0.3343298314745178,-0.5102550364208692,0.3676963249177911
2041,130@6_0.mat,Outer,3,0.4161757715567846,-0.16640133912948724,-0.6973004865264004,0.2908165768154713,-1.1667940578233338,0.15602673421708924,0.2674381619592832,0.2933362800242638,0.41909290200466404,0.0606462407060129,0.0879932011332748,1.5681581760341636,0.33909817960558664,0.021403619525385734,0.13991147625401731,0.22931557433058558
2042,130@6_0.mat,Outer,3,0.1918433669887217,-0.12367993944164893,-0.7639587983369438,0.09850160327942084,-1.1978769218415593,0.03988779934027192,0.07040314991437492,0.10115457957656149,0.19508528901511954,0.10600990377608724,-0.023936742787665614,1.3771941615128953,0.25939736894230014,-0.01686718459004924,0.24820756741136066,0.11581335259821483
2043,130@6_0.mat,Outer,3,-0.21708595316023635,-0.18343678181140502,-1.1785237600004375,-0.23624569095977105,-1.5321557147574905,-0.27980668637845574,-0.15578320972363074,-0.23346930896755042,-0.21338557364553126,0.011265167689520078,-0.10576142378920592,1.5768614175697637,0.13218535370641013,-0.22568721822976037,0.1778080670969491,0.18602550598340853
2044,130@6_0.mat,Outer,3,0.2691305684982666,-0.1869652810751431,-0.8754178723454025,0.1640639255568488,-1.3540046684283735,0.011007271469482605,0.13186683459861537,0.16662946941630985,0.2722112683103699,0.19782886133582853,0.013149094639590353,1.6966354474035565,0.2828892238320188,-0.08190418156699227,0.36569023388827676,0.15632659784119282
2045,130@6_0.mat,Outer,3,0.5633486407612822,-0.21599003308331033,-0.6108352003016583,0.4203242809208351,-1.1356503730770513,0.33390453087581373,0.3471653415211275,0.4227252505359803,0.5660206962050587,0.13141651243630403,0.12760075913273955,1.612384361600235,0.4648642195481383,0.15640916732287527,0.2076582802216257,0.20725466249866728
2046,130@6_0.mat,Outer,3,0.02164712086228834,-0.20525277188290328,-1.0613241178794306,-0.04330205231669599,-1.4667266672371317,0.33390453087581373,0.31204323598727524,-0.04064868629507947,0.025017360536557925,0.039925186540194564,0.014075857220470712,1.700458189374076,0.6999778292177168,0.403812748240166,0.17992695785526008,0.363596150589428
2047,130@6_0.mat,Outer,3,0.24663731949013426,-0.15979963082959042,-0.8181074905444281,0.14490773597379206,-1.2727154775830418,0.19934752602327346,0.32574085714547796,0.14750885091580263,0.24977665177244346,-0.09930585322484252,0.05494693914541112,1.5551878209409657,0.4381470839413549,0.14256398559111988,-0.06619864718018934,0.28305816857761323
2048,130@6_0.mat,Outer,3,0.34094412982806604,-0.2115319829382648,-0.78070111292547,0.225637045127577,-1.23221332907262,0.19934752602327346,0.32574085714547796,0.22814402025171557,0.343902925671876,-0.09880193209147013,0.09738189181327032,1.6182390529338107,0.4198499195700432,0.10162726860501746,-0.0729863704237274,0.3129393380838418
2049,130@6_0.mat,Outer,3,0.14460864514635619,-0.2509525284761548,-0.9479166834923904,0.05879192269310489,-1.366141338242486,-0.022796073652008895,0.09059836059633992,0.0613355425810419,0.14775584842717723,0.004418665312519741,0.026974019737530663,1.6572973016506183,0.283855022123071,-0.06959655719872268,0.1022104875071947,0.2931511999624279
2050,130@6_0.mat,Outer,3,0.23154618641441715,-0.32463366363937135,-0.8359088101777555,0.1320901436789084,-1.2836766207749726,-0.007410798506239882,0.14644250839516404,0.1344799535174134,0.23444800462425805,-0.26820372079392873,0.021125348845386346,1.5673236018030932,0.24669373401894415,-0.08764736210249163,-0.3155196144176248,0.2063488410127442
2051,130@6_0.mat,Outer,3,0.2997862733553823,-0.20555629870128958,-0.7885602296728603,0.19027112892860304,-1.2454408781987587,-0.007410798506239882,0.12659851876853814,0.192803212557075,0.3028049484519866,-0.13633098683758055,0.02359156207885414,1.5749172945155605,0.2252164058907078,-0.11520278311232045,-0.12381282743507968,0.16004491843740248
2052,130@6_0.mat,Outer,3,0.4156412397050382,-0.13344970890845065,-0.6142521722795408,0.29035102770858207,-1.0562369062569483,0.21706966812580314,0.2467161196943114,0.29289784424011417,0.41858988108646045,0.19137931628315674,0.06396480033715739,1.416645645846923,0.3579429734228356,0.0897498686190817,0.3192905753973103,0.17244285543538654
2053,130@6_0.mat,Outer,3,0.07790109291373064,-0.21764046015828428,-1.0286481521922406,0.003175950298771032,-1.402854096156538,0.4359709418737164,0.4312827842747025,0.0057909641273931195,0.08118313802920567,0.055157826345200535,0.06103619684662586,1.7186409668375648,0.784146511752199,0.49585833410922625,0.19335617594666746,0.4496449467400547
2054,130@6_0.mat,Outer,3,0.3849621517392547,-0.19087318886186339,-0.8076517066260375,0.26368965156058743,-1.322680363276856,0.4359709418737164,0.4312827842747025,0.2661995864569466,0.3878914892172285,0.1640574497078935,0.08365625274905605,1.7316286462635087,0.6609531411710903,0.34811245159288473,0.28883527158078015,0.2434276487855647
2055,130@6_0.mat,Outer,3,0.32730216405996826,-0.27605040227145206,-0.7440379677858793,0.2138919160444705,-1.2057618156461078,0.1724361250527656,0.22142820370993793,0.21631910936064166,0.33017842767892475,0.002331196655476973,0.023234842217743527,1.5305973047860786,0.37655112936726665,0.07707035604772974,0.07208484672562714,0.13870886241102978
2056,130@6_0.mat,Outer,3,0.054278797504140934,-0.2383941063654314,-1.0206441190959064,-0.016388283772604196,-1.389732730365058,0.1724361250527656,0.268491825125299,-0.01378896214341656,0.05755938438122654,-0.10190418354086167,0.0018107932989003916,1.667798072810192,0.5149090427004553,0.19796233038597116,-0.0537173971915477,0.2984616340600658
2057,130@6_0.mat,Outer,3,0.43746833654631784,-0.2335187068451053,-0.7455846139955894,0.3093896693632368,-1.2435166553920352,0.17046699815248367,0.2725308672616922,0.31182658428994864,0.44027472091801423,0.014458632503340889,0.12106039617518286,1.6878194007933398,0.3754099734873777,0.02871305761981261,0.07363103180096728,0.29075539034809544
2058,130@6_0.mat,Outer,3,0.497624754418136,-0.24361097355644173,-0.6590212710126448,0.3621622422924679,-1.156353784637378,0.17046699815248367,0.340843362525034,0.3645586904218254,0.5003405037939913,0.12724091959527117,0.1458299344976436,1.6103761592826182,0.3350249540912361,0.004117552276448373,0.21492309936456117,0.2993399543622778
2059,130@6_0.mat,Outer,3,0.47831406183466546,-0.17969960786002664,-0.5433585729575154,0.3451736423714271,-1.0102534759463746,0.16263004279112592,0.31643349917900704,0.3476526667688178,0.48113799743778557,0.09692921542505567,0.08263644913076257,1.3761256368928467,0.27585139115790946,0.0032980099021630033,0.17821471587233018,0.16958638204854437
2060,130@6_0.mat,Outer,3,0.0778925445286623,-0.2323804812761577,-1.0049071346662906,0.003168858105711854,-1.4193996397499897,0.11077636775039067,0.2658576672102601,0.005765778880013539,0.08115280414545656,-0.18969455781703595,-0.0033626423315470024,1.671491905744441,0.4449181967263987,0.11488583814053016,-0.19510079423503948,0.26329529301438037
2061,130@6_0.mat,Outer,3,0.13633768214543265,-0.24239686628289767,-1.0320802054884628,0.05186666331671996,-1.473586566966967,0.15015890575601246,0.18138900340134703,0.05442539066416781,0.13950900384983708,-0.2967266789036366,0.033911627708893805,1.8120276560549948,0.49853963682524427,0.13473862370840725,-0.36214218209150495,0.3195751026925911
2062,130@6_0.mat,Outer,3,0.8649739623895584,-0.23359458854970191,-0.31422614057610565,0.6940144138768903,-0.8999505190620244,0.27417434823395415,0.3922972471321269,0.6962520763152636,0.867241588338203,-0.2756494145271441,0.2009980860071522,1.490592617837658,0.2775626681945117,-0.02872578720727426,-0.31027242908303604,0.13917455420099523
2063,130@6_0.mat,Outer,3,0.5355422372790928,-0.22439393186737455,-0.5557647065277667,0.39565273312908683,-1.0376595577253989,0.27417434823395415,0.3922972471321269,0.3980563821028335,0.5382380128246096,0.08187536763991182,0.09334799274125984,1.4754001376335257,0.3838493397838755,0.10265042141136489,0.14838522843110535,0.15200206851420744
2064,130@6_0.mat,Outer,3,0.1894381165117808,-0.230502409087394,-0.8453668620001991,0.0964729507346117,-1.2803415643503078,-0.15542350384403386,-0.015294787588222702,0.09902393142830238,0.1925610007051294,-0.030019544470921426,-0.010564090765704706,1.5251283161093039,0.10741540484980247,-0.24097213778343404,0.04324338302391426,0.1539438838876108
2065,130@6_0.mat,Outer,3,0.042336547460628975,-0.2608740613521492,-1.1190552090066836,-0.026253037394207354,-1.546968757347554,0.13994553119812744,0.24109658280889454,-0.02367924608128326,0.04559502259319661,-0.3369712478895049,0.018831218334505007,1.8486889308304513,0.5345960975220586,0.16520909085376034,-0.4315062662498913,0.3591434106238229
2066,130@6_0.mat,Outer,3,0.5012115085032937,-0.24161907881078312,-0.7123967622265607,0.36532270926352717,-1.224600242514954,0.13994553119812744,0.24109658280889454,0.3677201589475211,0.5039257402233707,-0.2017736737692789,0.10910174689780107,1.7144756717805625,0.33089306703966753,-0.030994812949318752,-0.22116567779219526,0.21297838334835165
2067,130@6_0.mat,Outer,3,0.48945678155262967,-0.2677792964704318,-0.5593082029499188,0.3549709010104386,-1.0471891461103522,-0.0913873273451331,0.051964044509102844,0.35733732923929457,0.4921444781126534,-0.12718488846717604,0.036390686290281464,1.419322749268675,0.04920118322436586,-0.2818092658814556,-0.12180550625801223,0.055689624405972166
2068,130@6_0.mat,Outer,3,-0.07146165372582697,-0.2685381135163971,-1.0653603904184257,-0.11938063103365897,-1.412564214961571,0.15143210478310015,0.18068656129066935,-0.11676969856485314,-0.06807473226979222,-0.11674949156514651,-0.042071304781557184,1.5697566400005876,0.517436640794644,0.23182143056900759,-0.06719013036892144,0.27334643378457246
2069,130@6_0.mat,Outer,3,0.32318889379956806,-0.23238048127615743,-0.8165509480684068,0.21035503340948442,-1.2723294830803078,0.15143210478310015,0.1956134561425566,0.21284467475874683,0.32614075507808676,-0.06907646366510709,0.06880539156575952,1.6609642305064056,0.3911438568666737,0.05507295251216187,-0.02919857588488358,0.25613180732927504
2070,130@6_0.mat,Outer,3,0.46233163171564123,-0.24962459864571568,-0.6566096291936728,0.3311475402719817,-1.1184036614910895,0.2062394701742571,0.2781504041471085,0.3335519511170937,0.46508251038440634,-0.2008122472704547,0.10670577546936298,1.5573080077698025,0.3674169528634735,0.058160839311618376,-0.2193053663274242,0.2374341500264707
2071,130@6_0.mat,Outer,3,0.031011287904703207,-0.2761262839760488,-0.9253178906736774,-0.03559203700988469,-1.2657181048280337,0.2062394701742571,0.2781504041471085,-0.03303577724204626,0.03425678249674308,-0.49825311392171084,-0.01692980157631107,1.4486655876180663,0.4988548576190901,0.24859465715884188,-0.6936537049238793,0.2629913721099126
2072,130@6_0.mat,Outer,3,0.13930491986227367,-0.23412576048187758,-0.9006147830631558,0.054350163711046326,-1.3212212002515402,0.037918672439990954,0.17629629809893857,0.056918361489287084,0.14248535830182799,-0.48082376474226246,-0.013316148960562817,1.558185548186976,0.32113411067595565,0.0031011962174916324,-0.6462944573193709,0.1851534106280456
2073,130@6_0.mat,Outer,3,0.21599938561718526,-0.24133452241854667,-0.8964435405416208,0.11891462763637571,-1.3629821809602116,0.03853549583365149,0.20351592988767322,0.12144004063193622,0.21907240021820895,-0.2772270509371168,0.028060073830111817,1.6608003490119727,0.3197469046210069,-0.028538802520778898,-0.3293948453975559,0.2370531930675876
2074,130@6_0.mat,Outer,3,0.22080012112742617,-0.2907145416847291,-0.7167767865719085,0.12297997691778988,-1.126321967023377,0.063517322143645,0.21721355104587545,0.12543154082392488,0.22378247817242766,-0.1385792809390072,0.0071437050780916965,1.3319268395824468,0.26054711115164264,-0.00187645865913915,-0.12259149914125606,0.17755582744245993
2075,130@6_0.mat,Outer,3,0.03548895400655493,-0.2429659790673716,-0.9300118778262579,-0.031901551109640075,-1.3207614279909796,0.063517322143645,0.20456959305368896,-0.02930020314574033,0.03878583689878056,-0.11253874505665239,-0.03279994209397306,1.4641016249931418,0.3605092844644497,0.07823810004418826,-0.06921560509022882,0.21207330816485861
2076,130@6_0.mat,Outer,3,0.08049697042560584,-0.23209592488392067,-0.9717630615168414,0.005330040762760323,-1.4067560425448185,-0.30343620918182834,-0.18791993628710504,0.007926203142178293,0.08375439217723703,-0.1619261208576429,-0.04864053651459972,1.6102321138331028,0.016176963901091114,-0.37135588264629055,-0.15116616365611682,0.13027384394447306
2077,130@6_0.mat,Outer,3,0.30882619979406806,-0.3335687343556111,-0.8084980661080512,0.19802117608268494,-1.2853643789246771,-0.0218510624416343,0.04616889709601723,0.2003607714287232,0.31161391231304614,-0.3994451219030868,0.018048271837137662,1.625296657025884,0.22030007483398012,-0.13517385240736535,-0.5019276526066818,0.1393871139696984
2078,130@6_0.mat,Outer,3,0.041371350708481885,-0.27969272409208523,-1.008229604694877,-0.027049565690815344,-1.3888212146659944,-0.0218510624416343,0.04616889709601723,-0.02450314352725234,0.04459738923796631,-0.2658392366265145,-0.029130072719554277,1.6242344822684696,0.31379060032978795,-0.02492535947148829,-0.3168872613368697,0.21820302610033604
2079,130@6_0.mat,Outer,3,0.23572903720812807,-0.2248681925211025,-0.8043040293976264,0.13564004379568734,-1.2530202698334558,-0.16822282869586136,-0.04813395626237469,0.13817774408657926,0.23880193866257168,-0.09571551593805025,-0.01624517938709606,1.513800994439416,0.07749824745827619,-0.273469644373024,-0.05998072101094136,0.1042650262817167
2080,130@6_0.mat,Outer,3,0.029510251378908888,-0.2545569094444891,-1.0118361838240841,-0.03682864094960311,-1.4149728861187438,0.1054858104432083,0.09832522381378724,-0.03424048366909841,0.03279553252137209,-0.2595846090448985,-0.026700539996064646,1.6138434499762542,0.4431693420994449,0.13041652184445307,-0.3070702873073786,0.23512841647939406
2081,130@6_0.mat,Outer,3,-0.07393231276871493,-0.24924519012273327,-1.0889202463313223,-0.12138496589470672,-1.4419702616821162,0.1054858104432083,0.15065716105922602,-0.11874572047564312,-0.0705087103616273,-0.24808092468133097,-0.0468788783840734,1.612917785510288,0.48328717588352915,0.17793551513652778,-0.28996927546615603,0.26022168476069946
2082,130@6_0.mat,Outer,3,0.0329599201043906,-0.22467848825961143,-1.011433751594892,-0.033986278212884996,-1.3941970654536844,0.04969388160191112,0.12080337135545254,-0.0313605140450505,0.03628826802467059,-0.4189828071584309,-0.016018504109746805,1.6181393284319092,0.3870504159878814,0.0630593993664723,-0.5649647429486279,0.26398379692300206
2083,130@6_0.mat,Outer,3,-0.0305315577283389,-0.27403953709964485,-1.0264021168302357,-0.08606737013845539,-1.3880149666454304,0.04969388160191112,0.09182763429002445,-0.08348183902278619,-0.027205621910460748,-0.46136262329098426,-0.04169448488777403,1.5537710925418144,0.3945773004201146,0.09139645507224695,-0.6444361694072143,0.2397119344890127
2084,130@6_0.mat,Outer,3,0.12585224449223908,-0.29790433319524867,-0.8460289788979974,0.04309924250470091,-1.242843371279348,0.0818562876398357,0.1717304243795375,0.04558060554776253,0.12893876292930168,-0.15604797688365155,-0.03433632847112666,1.4355730241381246,0.3379606840762582,0.05996354007361673,-0.14409889977386198,0.13670968496749816
2085,130@6_0.mat,Outer,3,-0.3076034070828095,-0.2966143442171077,-1.234353106117278,-0.30758124396470593,-1.5206312697419289,0.0818562876398357,0.1717304243795375,-0.3049162058044473,-0.3039779177375468,0.07543699660303337,-0.09469030021034558,1.551679082445868,0.5376889226151323,0.2615787919161338,0.31782194737922986,0.30441138213356655
2086,130@6_0.mat,Outer,3,-0.11612100348900804,-0.3239127874457041,-1.06476328079347,-0.15549566825735398,-1.407197007783543,0.006740829852207091,0.13450099251365424,-0.15295567078668715,-0.11278958445295927,0.07729548373515997,-0.06370694819452084,1.5020088154359292,0.37056800615500834,0.07865845790058501,0.27252961502544637,0.24234573934657672
2087,130@6_0.mat,Outer,3,-0.018578834362823895,-0.3195306190052556,-1.0012470601662744,-0.07630036291936118,-1.3992608359002237,0.006740829852207091,0.13450099251365424,-0.07379366535250051,-0.015357920503168775,-0.12388767551433441,-0.054508395381477975,1.5222744124187824,0.33899399015959336,0.034974588983296556,-0.08344049441923766,0.1905407120116634
2088,130@6_0.mat,Outer,3,-0.13051844118372918,-0.2841507742371304,-1.1340719993683956,-0.1670866226279342,-1.5277531742776627,-0.28895639300666776,-0.20249561008365322,-0.164474556513468,-0.1270872400689546,-0.2385853466147044,-0.09069351359717469,1.6184156319025749,0.10224407946270504,-0.2721715703245797,-0.2743151759174013,0.1661096831609005
2089,130@6_0.mat,Outer,3,0.14692264999019308,-0.2988907953550034,-0.9122974620792622,0.06073093010622332,-1.3641093819259822,0.04247374963421391,0.08374955001723856,0.06320155504384388,0.1499811181159612,-0.3515914161837317,-0.021661727957066973,1.5916189585765008,0.3312064567449943,0.005138567245678035,-0.44610232661398824,0.15607742156045737
2090,130@6_0.mat,Outer,3,-0.2728059274218486,-0.3201566430681768,-1.2447161978445747,-0.2802762688988429,-1.5457680789205361,0.04247374963421391,0.08374955001723856,-0.2776650486798741,-0.26927380395760364,-0.44956782795366856,-0.0833480975963355,1.626721064405964,0.5020824808960697,0.19574100652489235,-0.6680410450270384,0.3136380564253187
2091,130@6_0.mat,Outer,3,0.015751839612435266,-0.2634350688822814,-0.9279676294778346,-0.048150454932035014,-1.2896132705348051,0.06942470284448839,0.21510622471384444,-0.045568991771051275,0.0190390638316709,-0.17277735076670522,-0.05091217255763521,1.4315694077128245,0.365335585186335,0.09401557187103218,-0.16580973985317934,0.17389183212691153
2092,130@6_0.mat,Outer,3,-0.14731289230731545,-0.3049044204442772,-1.0572482247824968,-0.1805753430983452,-1.3928249542773112,0.11040862769391145,0.2588332461034905,-0.17798969314217666,-0.143902462241902,0.01846233862720337,-0.08719556435323843,1.4408346350709729,0.47163286806401755,0.21851764737464474,0.1768023671494349,0.19135518718824965
2093,130@6_0.mat,Outer,3,-0.31552039174403684,-0.31158201044877065,-1.2479655740922102,-0.3137729068227408,-1.5508027552899795,0.11040862769391145,0.08462760265558554,-0.311129537784982,-0.3119169319423419,0.07719860531558012,-0.10805283389812945,1.567348376226588,0.5752930084080013,0.30102233322185595,0.32330620205593985,0.2626007498477324
2094,130@6_0.mat,Outer,3,-0.1257954877688904,-0.29788536276909966,-1.1373784257957487,-0.16328710257327286,-1.503454975325782,-0.05298935278965203,0.10183743436717257,-0.16069884336984638,-0.12239726556115675,0.2674908572189503,-0.055770270557251235,1.6322329404104448,0.3462730932750826,0.010921931585568822,0.6054816066031085,0.2765052588079505
2095,130@6_0.mat,Outer,3,-0.12555954518503337,-0.31412404755275397,-1.1526759499642507,-0.16309722008927674,-1.5126619734452649,-0.05298935278965203,0.10183743436717257,-0.16053621662931808,-0.12219533504832399,-0.0588467936820695,-0.04872978623217049,1.6636076411600629,0.3540362254658911,0.010816975725438526,0.038152725816518865,0.2993434017901391
2096,130@6_0.mat,Outer,3,-0.2655408044247317,-0.3439455574591846,-1.1871364793312553,-0.2745567869205254,-1.5228632792245445,-0.17474703279036577,-0.05182177734342931,-0.2719917142892071,-0.2620723851312795,-0.2810946142427941,-0.11239634612490011,1.5203153811675691,0.24528740144836725,-0.07580594481245322,-0.3543120386706701,0.20357561935898155
2097,130@6_0.mat,Outer,3,-0.5143268193945981,-0.330021264665724,-1.4234290630454127,-0.46674368146644213,-1.7114708029245753,0.024462971954737258,0.12431558190883786,-0.4640534408933228,-0.5105219253679165,-0.35235288243494256,-0.14389561566847967,1.6221894975100501,0.5844092117129843,0.2940012328681096,-0.5153134948878642,0.3047359560831963
2098,130@6_0.mat,Outer,3,-0.11415747653645664,-0.27495011755480264,-1.1042169877320114,-0.15391292801414225,-1.4504786675609997,0.23610456149518666,0.30203343591012816,-0.1512936323086927,-0.11072916318182933,-0.5463667258185414,-0.039171795822684013,1.5831372097675465,0.624745454793316,0.3542941539997315,-0.8063850247846199,0.3202382962133384
2099,130@6_0.mat,Outer,3,0.13401351440759368,-0.26260037013171966,-0.8569526907635681,0.049922146903859335,-1.2750108530370052,0.23610456149518666,0.3315360045585631,0.05245402777033403,0.13715447914056964,-0.24790327718255928,-0.015165168699190025,1.4677312829387006,0.4931704359955366,0.23563840331385494,-0.2866802752542046,0.18417589715642274
2100,130@6_0.mat,Outer,3,-0.38902122541508605,-0.31351699391598187,-1.34079910982139,-0.3708904061430662,-1.6643334119582103,0.07959852516260729,0.1734865296562299,-0.3682207676734771,-0.3853317144060228,-0.17087919884875652,-0.11784929474590605,1.6458387123208515,0.5957493291854706,0.2996918802078035,-0.14365242168217052,0.29222307937271036
2101,130@6_0.mat,Outer,3,-0.3213148498019559,-0.29310481537951927,-1.2519402146521912,-0.31829974498321373,-1.563910375017736,0.15143210478310015,0.1757694665159302,-0.31562350230065894,-0.3176651973394852,-0.08670735550102306,-0.1151640946353722,1.5665472519683232,0.6207066542120939,0.35500393479618203,0.012983449263683233,0.24150651351824
2102,130@6_0.mat,Outer,3,-0.10862417704227975,-0.27109912104652967,-1.1049297632520338,-0.1494501671773748,-1.434452023688684,0.15143210478310015,0.12817901351756075,-0.14682743915692162,-0.1051956332013034,0.026986051361738917,-0.07853285002750568,1.5928757373885352,0.5386889627261945,0.24955324796184591,0.18393176809614606,0.18793050875202558
2103,130@6_0.mat,Outer,3,-0.004275756003225323,-0.2919665898105715,-0.9828732995625741,-0.06458985520007623,-1.3154352908979905,0.23315087114476496,0.17945728759698482,-0.06204316217699017,-0.0010163038435109166,-0.03834761232156021,-0.03479857418162787,1.5076378438397302,0.5556328776561534,0.297171735158253,0.05622018983384578,0.23890412281589868
2104,130@6_0.mat,Outer,3,-0.19702747519056202,-0.3253735102591874,-1.2054356954259617,-0.22030239802285542,-1.5450672639536012,0.23315087114476496,0.17945728759698482,-0.21773143648994908,-0.19359995844972577,0.001444602691982883,-0.06410241191926944,1.6624756507685219,0.6793891799740619,0.39232261413314,0.15622589420286842,0.31198021655837405
2105,130@6_0.mat,Outer,3,-0.27729727471311594,-0.23729382164878193,-1.266272811987534,-0.28380886525080784,-1.578897877011834,-0.1373731739247911,-0.05252421945410648,-0.2810696469074117,-0.2735992876834829,-0.015522869198873506,-0.08848393900585483,1.664462581995533,0.32417592162192943,-0.02441013817189339,0.14017835927964953,0.29918276987827547
2106,130@6_0.mat,Outer,3,0.197136314102919,-0.20955905861875554,-0.7460403620805107,0.10296830530541883,-1.1060297093948042,0.13440589055376376,0.27937967784079304,0.10554106290596463,0.2002792739963986,-0.03886313525206003,0.0067486986383514195,1.3519156160857022,0.3412895637186414,0.08973002322548956,0.028924534522412133,0.19480857758424075
2107,130@6_0.mat,Outer,3,-0.0661634438571215,-0.29079042338932565,-1.0811528594921331,-0.11507991672074853,-1.4313539047661306,0.13440589055376376,0.27937967784079304,-0.11250520776299358,-0.06282495873582103,-0.07977476937864379,-0.04576719544155443,1.6090426967083011,0.5085764799973288,0.20893047995469557,-0.0050759542637632575,0.2571614654960369
2108,130@6_0.mat,Outer,3,-0.4196057483672456,-0.26508549595725606,-1.3838639129809411,-0.3944631838220528,-1.712902873979477,-0.2728751899877055,-0.23059329451073485,-0.39170478448003043,-0.4157792028854732,-0.019167187122551655,-0.14499732181358785,1.6888979135404352,0.2396463882259875,-0.1302413739795945,0.16040321275546326,0.21405203973264852
2109,130@6_0.mat,Outer,3,-0.1066975899788703,-0.3288830390967762,-1.1461383596788566,-0.14789544290373527,-1.5306011603755993,0.12091063782874392,0.13414977145831616,-0.1453682494432062,-0.1033887302392342,-0.1464914736343968,-0.06290399741086607,1.678907350392089,0.5297601320845632,0.21187304426219214,-0.11540181990412313,0.23696300283705987
2110,130@6_0.mat,Outer,3,0.08095690748927858,-0.25929951598177137,-0.9968553945039077,0.005711787937608688,-1.397915590856902,0.12091063782874392,0.13414977145831616,0.008271264431538366,0.08416982341831526,-0.19598050457428004,-0.014983540609400554,1.6601122241045203,0.4509280493465237,0.12538453749747225,-0.20514128651606553,0.22719229841666938
2111,130@6_0.mat,Outer,3,-0.056794080589828475,-0.21980308873928528,-1.0164594902066446,-0.10746613172083648,-1.3843334200559931,0.254483079231144,0.2988724464120814,-0.10479640871678243,-0.05334561281525332,-0.0649119049289762,-0.06064201859615631,1.4955394629759307,0.5950093639994911,0.3480480561484068,0.018893369982701254,0.20245260897492376
2112,130@6_0.mat,Outer,3,-0.38038865112769255,-0.2615949375458162,-1.2886928562041273,-0.3642162384640825,-1.5749022665107004,0.254483079231144,0.2988724464120814,-0.3614684807788689,-0.3766043743150221,-0.08800522292712873,-0.10793907273899002,1.5505040072330631,0.7512667015070106,0.5150137165929412,0.018030712245932282,0.3221527936004945
2113,130@6_0.mat,Outer,3,0.19765262748175558,-0.218911478710276,-0.8491694398382253,0.10340420381688888,-1.2830946643973435,-0.17019195559614234,-0.03548999827018771,0.10596580674744512,0.20078200077691455,0.28150959306113643,-0.008360837747929761,1.5440497191826272,0.09471866463158897,-0.26115786687036585,0.5111652310503125,0.15363875856106882
2114,130@6_0.mat,Outer,3,0.1706610749341706,-0.33294271029268985,-0.9669246965605577,0.080660187660668,-1.4457869254360844,-0.030383945676185808,0.09182763429002497,0.08306169224953859,0.17362023270903423,0.24442192579424168,-0.004039956449051587,1.732613724686317,0.2853792084554926,-0.08915186318390136,0.4637950058039257,0.18637445598810093
2115,130@6_0.mat,Outer,3,-0.3415857758602532,-0.2730910157921884,-1.393972081354005,-0.3341038433501444,-1.7514938881845372,-0.030383945676185808,0.09182763429002497,-0.33138846346427253,-0.3378713434731553,-0.13843042114277773,-0.10032559509832992,1.8350578301625378,0.5077217023353179,0.1383944344378228,-0.08380919880809107,0.3148216077316705
2116,130@6_0.mat,Outer,3,0.1596563240425957,-0.30353854976154004,-0.9563770032188869,0.07141274553292833,-1.4296574862378328,0.04378650090106821,0.08216905526821544,0.07387018887167868,0.16268989505131423,-0.13964940312144894,-0.00838504778643184,1.6957869472774767,0.3538879645711864,0.0012395856232812104,-0.12063908901196785,0.18298530422639422
2117,130@6_0.mat,Outer,3,0.24540660717365767,-0.3265876175327317,-0.8201255047026391,0.1438613935029142,-1.253465142018634,0.1875327646215867,0.25690153029912777,0.1462416301844518,0.24828723642765035,-0.2275630775325415,0.04911181526624972,1.5572416184815134,0.42773301818423476,0.12959734801384148,-0.2552278849238671,0.2689753672994178
2118,130@6_0.mat,Outer,3,-0.02058308981441398,-0.22957285820608678,-1.0086700919463787,-0.07793933129445088,-1.366913673190628,0.1875327646215867,0.25690153029912777,-0.07529687435818602,-0.017194823576653254,-0.31986929866519814,-0.019274193847887377,1.5337809425880422,0.5237273384522506,0.2507799561887956,-0.40815512844967117,0.3001342325984912
2119,130@6_0.mat,Outer,3,-0.27768547684259165,-0.30475265703508436,-1.3086587365877305,-0.2841140836292497,-1.6313988471567427,0.21116228742495977,0.30800419385088307,-0.2814745692733584,-0.27411392832129494,-0.15827351092049288,-0.070696615959732,1.752899093403072,0.7173039320737052,0.4066468790195092,-0.12587509030614308,0.3634907802184194
2120,130@6_0.mat,Outer,3,0.0638716031178639,-0.30513206555806693,-1.0097875331914452,-0.008451641894615176,-1.4087279680989293,0.21116228742495977,0.30800419385088307,-0.005955495759878277,0.06702058631485094,0.015523292304087923,-0.0032427563783771914,1.6604741495144308,0.5479905644089906,0.23901253939112488,0.13290645733796103,0.2755732851355438
2121,130@6_0.mat,Outer,3,0.16650966443019236,-0.30545456280260214,-0.8837519118502022,0.07716996293567786,-1.3346501260523689,-0.1603067688549709,-0.033733892993495815,0.07962123677312913,0.16953095350240463,0.07415167634071654,-0.01808888053080769,1.5651431187689637,0.11934187005214462,-0.2376924655001164,0.20523483132397538,0.15097622807197614
2122,130@6_0.mat,Outer,3,-0.20933647910018358,-0.31806989619177267,-1.2841986667918495,-0.2300919209678931,-1.6954909048549094,0.02118109378760151,0.16698894013246765,-0.2275030457900287,-0.205877708562117,-0.09331105076594771,-0.08504232487263144,1.8078740027919527,0.5014004582136042,0.13929344686577808,-0.012588366699880655,0.25109787985830867
2123,130@6_0.mat,Outer,3,0.23413806701494658,-0.31399125456970983,-0.9052490628025099,0.1342895679693922,-1.386734256598866,0.20656765799097018,0.2844723831432015,0.13669681476605477,0.23705855824264147,-0.10463447910038626,0.034768237126513654,1.704047566381736,0.488887477301926,0.1563414772395661,-0.07305050016378573,0.24034611654365365
2124,130@6_0.mat,Outer,3,0.20074758945865162,-0.3458995113525447,-0.8813660157762965,0.10601781383309379,-1.2803582927421082,0.22757167826063515,0.28394555156019363,0.10838214257367325,0.20364127925664363,0.0924832395325886,0.04225725814527599,1.6098170549271693,0.49726615530807805,0.19536575977357443,0.2259976834810289,0.28783685293533917
2125,130@6_0.mat,Outer,3,-0.28149605266914546,-0.34745508629677346,-1.251942562955632,-0.28710911710121584,-1.51866596979778,0.22757167826063515,0.29799439377373443,-0.2845441791082462,-0.27801662463250587,-0.2693586168965329,-0.046211363070867054,1.6282103885165555,0.700824066817996,0.4289158988479315,-0.3331261797883959,0.45529156937101806
2126,130@6_0.mat,Outer,3,0.3622097394667299,-0.3542085580058633,-0.7821725612733604,0.2439911390948988,-1.2444526059780021,0.14880660224939252,0.2558478671331125,0.24626812092017966,0.36488679180368677,-0.36566561080224796,0.0926681371675186,1.6510113280052001,0.37211189054796834,0.035715934702795854,-0.4490122862038623,0.2839364630107004
2127,130@6_0.mat,Outer,3,0.48512208237616394,-0.3561814823253726,-0.6345152538088225,0.35115780543315567,-1.1161908375086913,0.12751394640277963,0.29746756219072656,0.3533754648703314,0.4876439126495613,-0.25348384673945024,0.0931200289949072,1.5483673513933969,0.2837665916418874,-0.03827863634605514,-0.28982368592322016,0.18881701952559715
2128,130@6_0.mat,Outer,3,0.15161626766488542,-0.36160702420402363,-0.7540851074326632,0.06466592990698013,-1.1279959989246149,0.12751394640277963,0.29746756219072656,0.0670212836346318,0.15453399385779445,-0.2775162979950271,-0.026485936237368588,1.3026976271311947,0.3384859494208982,0.10169654720314424,-0.33193553116968966,0.13921022631829716
2129,130@6_0.mat,Outer,3,-0.20198679020048374,-0.39937714266693947,-1.2236823283326592,-0.22424883709028448,-1.590586308501775,-0.18426447947505753,-0.09660246189909008,-0.22182249760715533,-0.19873743956675968,-0.08178702037834028,-0.08342597002736908,1.6924937245086378,0.2533873447833864,-0.1151916978227159,0.0073582549611420555,0.2504452006225288
2130,130@6_0.mat,Outer,3,0.3366101034202386,-0.3600135084074968,-0.9020597529982607,0.22190317591157027,-1.4246080240227061,0.05822676483646263,0.1297595082665849,0.2241802578369205,0.3393053943077906,0.10614666882320391,0.06097112299630503,1.845775785841528,0.34174581718254643,-0.055775998295681264,0.2180544190172757,0.22604042848497477
2131,197@6_0.mat,Outer,3,0.12392694964489114,1.500764992377762,0.6830953626700911,0.04149086272383698,0.8219156276339581,-0.6117165876221121,-0.6076709156984951,0.038020393005294535,0.11989070645904852,0.4206543702967842,-0.3006819379873978,-0.7791566247656635,-0.7456699303175394,-0.7462713910237485,0.7557953427813818,-0.6098697981926401
2132,197@6_0.mat,Outer,3,0.013300013694162097,1.4955054578777016,0.621635803190949,-0.050165637724182706,0.7730191703121589,-0.754259919188871,-0.7512588692173835,-0.053545349562611096,0.009336269985901657,0.36810215738400054,-0.3196503929172964,-0.8330762223063264,-0.8407605254581173,-0.8791277055111552,0.7205446545532699,-0.6299710227538163
2133,197@6_0.mat,Outer,3,0.03554131153775491,1.6590349554933752,0.6738400920751602,-0.03185838362042133,0.8428758475255765,-0.754259919188871,-0.7512588692173835,-0.036664869168574254,0.029853909904281155,0.41604537291479626,-0.31885099712015896,-0.8665473049243381,-0.8508805398639447,-0.885851981902119,0.789457981998257,-0.63402370651071
2134,197@6_0.mat,Outer,3,0.18625165252550085,1.6763544879875203,0.7801868378317252,0.09378649022120503,0.9252381990950522,-0.4109723255879563,-0.46313985575255273,0.08875624195794676,0.1803833582904162,0.17563275938566886,-0.2913196642294517,-0.8183826198873473,-0.6170120411391031,-0.534417442907513,0.3571933795554274,-0.6034066441040075
2135,197@6_0.mat,Outer,3,0.46796605229303356,1.5243246505499448,1.0593488548908896,0.33608871855009564,1.1527030877573676,-0.4109723255879563,-0.3579834891360926,0.3322698908603515,0.4636209347312806,0.48949973724783935,-0.25330540681218017,-0.8179575933033327,-0.6769665155364615,-0.6279831494097998,0.7097131352099458,-0.5980506530537661
2136,197@6_0.mat,Outer,3,0.21897290484677387,1.6113680362833867,0.8774148015208231,0.1214323253800561,1.0461732479976518,-0.5619255629944655,-0.5640522434472729,0.11697475193918835,0.21379943690218298,0.6899687555542323,-0.2950703372960908,-0.8884419720186307,-0.7485704498619703,-0.7189233512345178,1.1182872761684137,-0.6241404630230855
2137,197@6_0.mat,Outer,3,0.014776070160359235,1.4743654402745539,0.6950207459251149,-0.04895253859700277,0.8933483913875376,-0.5493296860577015,-0.6029553835632276,-0.05216037644976853,0.011022018718199472,0.11906170124898305,-0.3221989565270421,-0.9128254760341556,-0.7013991654852477,-0.6372401415673421,0.3121869887704078,-0.638192655881215
2138,197@6_0.mat,Outer,3,0.5934189838455454,1.398312316704676,1.2063915182472995,0.4471108443273659,1.2819820585247725,-0.5369920870349213,-0.5339907260849439,0.44424644975950034,0.5901719336625116,0.1677361015154531,-0.2473934932984548,-0.8412560393932957,-0.7944764736288672,-0.8045476960934662,0.24944385806274208,-0.6232758203329595
2139,197@6_0.mat,Outer,3,0.4202540853016574,1.592316550539827,1.0107125663318721,0.2943697225741966,1.084657364302179,-0.5369920870349213,-0.5339907260849439,0.28999029093919226,0.415253121920689,0.3695312380592661,-0.26980818897518294,-0.816587099458856,-0.757069192501744,-0.7532072836273292,0.5647721229009817,-0.6220104914703474
2140,197@6_0.mat,Outer,3,0.42823803390558896,1.685358097894403,1.0372730945966242,0.3013314539041151,1.137679163798487,-0.23802562500077676,-0.19918794448096774,0.2961105867227101,0.42227506296800094,0.6737259724302803,-0.2568896116033009,-0.836303813059646,-0.5490606010715798,-0.4225621857530452,0.9788914454594563,-0.593405669027779
2141,197@6_0.mat,Outer,3,0.7664920977910582,1.4341229971263938,1.4133764199786116,0.6034314506416959,1.5011179952139215,-0.23802562500077676,-0.1726630762200892,0.6002074101316656,0.7628575674984219,0.6638571791355324,-0.2172251808122401,-0.87600926865157,-0.6294284056264399,-0.5354809938387083,0.8057118449105378,-0.6117583018584689
2142,197@6_0.mat,Outer,3,0.8194426324951988,1.208816255298149,1.4114771890815245,0.651987731279714,1.4914879960125473,-0.38853823387075703,-0.2967994596810003,0.6503748485070805,0.8175617306657892,0.16248213166394285,-0.19264622078560958,-0.8213262397215956,-0.7310092512448044,-0.7112111757937306,0.19885122925426899,-0.5804519308427608
2143,197@6_0.mat,Outer,3,1.0146517008448905,1.3146691627182467,1.5924503265044805,0.8339559130869821,1.6378420572354795,-0.4700165494826887,-0.3588087072597645,0.8315147569607083,1.011853452835786,0.038783909419036706,-0.1659307200615573,-0.8087536441060522,-0.8183712883321828,-0.8508771431590434,0.031912177958698454,-0.5904869836130607
2144,197@6_0.mat,Outer,3,0.4257583613282993,1.27527996124443,1.0816582091057423,0.2991684301222321,1.2035982296704384,-0.7234159216319217,-0.6207565173738615,0.297284519104697,0.423621148657427,0.1694253598545348,-0.2818032320152426,-0.8854265749255201,-0.9029903337371572,-0.9626372441414836,0.28802772076022215,-0.6530416642628135
2145,197@6_0.mat,Outer,3,-0.06539720656196955,1.2557318124367003,0.5369849866949583,-0.11445765530348812,0.6862754160964534,-0.5793303901873155,-0.6138011074743426,-0.11599143067598662,-0.06711634076325086,0.39273430628278183,-0.3262454764191614,-0.8258083317000511,-0.6898089877031974,-0.6456203168624332,0.7964517563406381,-0.6259467418291815
2146,197@6_0.mat,Outer,3,0.2697091657349502,1.3577514997974325,0.7600761179373478,0.16455749854326834,0.8216352715625689,-0.4123321748432609,-0.44168418453708697,0.16214657797401724,0.26695788150967564,0.5146956585636625,-0.26759404891297256,-0.7051077566915758,-0.6135127504350001,-0.5644724940444888,0.8306595912971346,-0.568945927916504
2147,197@6_0.mat,Outer,3,0.17246612294406394,1.293299916008559,0.7416466877355893,0.08217840650833572,0.8631332028735925,-0.4123321748432609,-0.44168418453708697,0.08027965879544226,0.17031373338505487,0.05575322275453835,-0.2858735887437795,-0.7909506719231025,-0.6093605670359762,-0.5312135971129642,0.17700935744432428,-0.5851753700823858
2148,197@6_0.mat,Outer,3,0.38349510510703605,1.3274041130815888,1.026731666828068,0.26241760905188455,1.1790057675998382,-0.6409804216554935,-0.5872762392134638,0.26017993326362815,0.38095154231313044,-0.187068522560551,-0.2686342608486998,-0.8721923240046362,-0.8344782210867518,-0.8585662774982519,-0.1988359332577105,-0.608646802936749
2149,197@6_0.mat,Outer,3,0.4972439644017172,1.4023620309202192,1.085338378974845,0.36182680160337033,1.1714021834194708,-0.516540823732097,-0.45677388736994234,0.3589754017656819,0.4940044594034367,0.3037334665565508,-0.25361604941282306,-0.8147395195436058,-0.7570898877960333,-0.7537720119544965,0.4506887084212885,-0.6081986031458392
2150,197@6_0.mat,Outer,3,0.08274756923112093,1.2598324664536966,0.6230949559931236,0.007198281067430887,0.721934736349339,-0.3063230481625928,-0.27770155453316764,0.005573165788532331,0.08092081054879775,0.3611487898340339,-0.2909544883537926,-0.7573155706679945,-0.5018230365327702,-0.37557936153483273,0.6789186515407771,-0.5689512889514317
2151,197@6_0.mat,Outer,3,0.1824176064860784,1.1575708150360609,0.7221801001204785,0.09055570708886244,0.8573188921735588,-0.3063230481625928,-0.28807572523075553,0.08956679906234663,0.18134547521238073,0.04469764288080199,-0.2694211964700377,-0.758401088517357,-0.5258412721743425,-0.41234943892927595,0.15814619174002606,-0.5439517858043283
2152,197@6_0.mat,Outer,3,0.1430821377684876,1.1581311528520482,0.7470424331171902,0.05751315248673052,0.9290997910980855,-0.5467238784842545,-0.5159538156675464,0.056537787504486466,0.14203107527079845,0.10269569783056012,-0.29049620593074754,-0.8290730985741915,-0.7105019747202438,-0.6769257057319645,0.25490388860652785,-0.5885159058699635
2153,197@6_0.mat,Outer,3,-0.11361428687165202,1.1651099056511596,0.5373514906481182,-0.15347499592723948,0.7402335403859803,-0.4918656256865374,-0.5308077418936384,-0.15438567191838232,-0.11456286597689418,0.27272614556835223,-0.3294112479583671,-0.8806582620774842,-0.6227928328827413,-0.5235657423647784,0.6114801618816633,-0.6206813684949045
2154,197@6_0.mat,Outer,3,0.12810747552769142,1.0534371259150144,0.6748218624072354,0.04498382490607334,0.794450778327558,-0.4918656256865374,-0.4791726650124619,0.04465132137731404,0.12782724259172137,0.09981462373285362,-0.28530020334041684,-0.7652652009988242,-0.6538829292420697,-0.6082204073882884,0.25361986681406257,-0.569112411453632
2155,197@6_0.mat,Outer,3,0.12152057203460374,1.1462367092126866,0.622615836452771,0.03948122600542696,0.7131665673355669,-0.6222916724987805,-0.5489625406144175,0.03859052715869033,0.1205734609638353,0.004082910119314689,-0.28196560306307317,-0.7135592729691054,-0.7410052802984443,-0.7578162369487207,0.10598455335589539,-0.5571639738864465
2156,197@6_0.mat,Outer,3,-0.15537912154936945,1.0552836937176986,0.5001497618971966,-0.1870416092259009,0.6786383873487016,-0.6222916724987805,-0.6145084372946326,-0.18726467463601368,-0.1554671755814603,0.1284683275048245,-0.34021286419841823,-0.8858669472482102,-0.714776411825864,-0.6665407435552355,0.37324608657738895,-0.6430969311293248
2157,197@6_0.mat,Outer,3,-0.3596559413064046,0.6662436950679669,0.27393081277890774,-0.34814981171985526,0.4927243809712974,-0.837060120410386,-0.8663178533179047,-0.3464480372446376,-0.35723349082584727,-0.08076412812704545,-0.3572982084109434,-0.8604296549180694,-0.8352628203768505,-0.8630408831518456,0.029567533049158767,-0.638682198123982
2158,197@6_0.mat,Outer,3,-0.29242484749244047,0.2554141963465569,0.30993838289294995,-0.29568908322143506,0.5119256218715316,-0.837060120410386,-0.8107924624251326,-0.2929719627316797,-0.28874390659138327,-0.32144068124907116,-0.34962322840147336,-0.8240097703999112,-0.842672433531781,-0.8845737455888162,-0.4312841367473617,-0.6328172271688841
2159,197@6_0.mat,Outer,3,0.2233058580160092,-0.3284960127630329,0.8558817776142567,0.1251029983749353,0.9729800770171281,-0.9069377070957704,-0.8140933349198197,0.127489530779752,0.22620971057717146,-0.1262625117986745,-0.30674948826731235,-0.86062454051427,-0.9967106403682257,-1.1160183663188685,-0.10439278313002698,-0.659030188618098
2160,197@6_0.mat,Outer,3,0.3163244254457696,-0.8731825747535299,0.9438851780334109,0.20445707785519965,1.0575080387447175,-0.7436468706664823,-0.662135311860832,0.20500993036878676,0.3170274009397973,-0.5137412173855392,-0.2883343218901272,-0.8554803354062503,-0.8931540613775596,-0.9550707262266357,-0.6650155665033239,-0.6379967243894292
2161,197@6_0.mat,Outer,3,0.0010598731180358025,-1.3104370954788747,0.654426907594637,-0.06021495951360916,0.8441449014505717,-0.7436468706664823,-0.662135311860832,-0.06214268979008914,-0.0011376494637425213,-1.0125399223323395,-0.32159470016599623,-0.8832354660535702,-0.8391357843417215,-0.8628322658788866,-1.5469900148618914,-0.6325552875739096
2162,197@6_0.mat,Outer,3,-0.2531744522885297,-1.7078566914676854,0.3635107467549076,-0.2648065231316621,0.5449435798797864,-0.8383820060199697,-0.7891010146029032,-0.2699180434001054,-0.25944219043456435,-0.7034547811912878,-0.34782750200810447,-0.8410459391471374,-0.8545844143332169,-0.8985657006633105,-1.136284037937187,-0.6359642073627384
2163,197@6_0.mat,Outer,3,-0.30373927058686023,-2.0452055265926123,0.3545821127678454,-0.30455642492938056,0.5364946186929063,-0.9402051616036229,-0.9049852168270963,-0.31312026002657983,-0.3144626421262493,-0.7788606467794438,-0.3586573262969001,-0.889339737159472,-0.933121904507133,-1.0090145593279118,-1.3025057724472067,-0.6575195709537045
2164,197@6_0.mat,Outer,3,-0.345120849089007,-2.2940209867915864,0.3673396880814689,-0.3368548000683145,0.5908687955394474,-0.7031470089516412,-0.7781374023884071,-0.3483637396494063,-0.3597007547446444,-0.9444250892605911,-0.3661363502725401,-0.9520466876155748,-0.7488693263806975,-0.700429417315479,-1.6464172643372548,-0.6713382957691917
2165,197@6_0.mat,Outer,3,-0.3204486898584147,-2.459180558053768,0.4033911691628102,-0.31762333056430964,0.648749676533385,-0.7031470089516412,-0.8176299840212703,-0.3312959235808387,-0.33775254674421684,-0.861371311901195,-0.365580901926739,-0.9647336313751205,-0.7566622149484148,-0.7089936753460079,-1.47253741650054,-0.6759758703292098
2166,197@6_0.mat,Outer,3,-0.40105563043952913,-2.6858626745212537,0.3119668028056659,-0.38017946447761003,0.5748556548978179,-1.1265530689091825,-1.0543496972116877,-0.39701944462347616,-0.4226902535513485,-0.9169451468202389,-0.3726850944285252,-0.9533662341166623,-1.0730138793141804,-1.2144382687728217,-1.6337337704511812,-0.6772251559366774
2167,197@6_0.mat,Outer,3,-0.38425196445569687,-2.930832179710499,0.3139401868679225,-0.36720423670621094,0.568980064630049,-1.1265530689091825,-1.0754517035170086,-0.387826014501216,-0.4107401407726989,-0.9045498529856821,-0.3698341313545561,-0.9360137323456788,-1.0733461740221732,-1.2189652719948338,-1.6012467464582816,-0.6697353073851767
2168,197@6_0.mat,Outer,3,-0.3979690863490348,-3.129853983988806,0.27780955966133136,-0.37779872477934867,0.49524398391982394,-1.0150740491676373,-0.9851492631266404,-0.40172458508288467,-0.42881505516802576,-0.8186072362995195,-0.3708606129514153,-0.9100189651940668,-0.9782117931449554,-1.0748289621251659,-1.4405263470143095,-0.6681166952940869
2169,197@6_0.mat,Outer,3,-0.37184407887691917,-3.375714935703485,0.22946943771971295,-0.3576011430458161,0.38270293538255457,-1.0150740491676373,-0.9698237836870219,-0.38592617560278425,-0.4082734578439366,-1.0779916241735106,-0.3647819773444562,-0.82210615904267,-0.9692347996829853,-1.082428580250466,-1.9441618779162786,-0.6507749554932263
2170,197@6_0.mat,Outer,3,-0.39852105058847054,-3.4843185924020648,0.17250217351549163,-0.37822455603407645,0.334637209181362,-0.9745741874527953,-0.9402338195382194,-0.40858320078305554,-0.43775381917130163,-1.04255911391973,-0.3598928444101875,-0.7854217204357054,-0.9255915512930205,-1.0236410348516451,-1.8967382687467729,-0.6216582755627481
2171,197@6_0.mat,Outer,3,-0.16692642066036398,-3.5809131909080127,0.39621448480919375,-0.1962846289929552,0.5445174604871685,-0.7929972667576012,-0.703631994651184,-0.22861012966609384,-0.20727019206093528,-0.8784078726596377,-0.33129094032524514,-0.7794537897088192,-0.8255501261869296,-0.8700334342206942,-1.431451827787758,-0.595669434411563
2172,197@6_0.mat,Outer,3,0.2738670244275046,-3.608433418643195,0.7860760453589902,0.1681055672747451,0.8571692754610954,-0.643183564338133,-0.6234679483516404,0.1350484860992924,0.23511759658094855,-1.2152461990895687,-0.2797672299762381,-0.7295180384958599,-0.7899983680092424,-0.8287386908453411,-1.7201525647774043,-0.5902166549496185
2173,197@6_0.mat,Outer,3,0.5291490066123544,-3.4766012124818797,1.0028398367582205,0.3899936223361917,1.032594954998867,-0.643183564338133,-0.6700338281874049,0.35938460466327043,0.49446902173315904,-1.6406006929253356,-0.24898587914734355,-0.6933793432454909,-0.8316198213582604,-0.9024346823258381,-2.1325511933880352,-0.5977645231075727
2174,197@6_0.mat,Outer,3,0.41355523509036207,-3.275261647237444,0.9283911963459406,0.28853456140373124,0.9757535958700264,-0.6524367636052176,-0.6772250146936871,0.2617081909393528,0.3827140862954563,-1.491310174407102,-0.26857421598040787,-0.7352919402974443,-0.8243171629134117,-0.8800484799792081,-2.014908887810124,-0.6090496730439827
2175,197@6_0.mat,Outer,3,0.05244951650126533,-3.1620352035569717,0.6848444076445303,-0.017900469615865697,0.8465453119420864,-0.6524367636052176,-0.6772250146936871,-0.04256825371527817,0.022685669499043545,-1.1154585487765454,-0.3146871749515929,-0.8600427840149156,-0.7765884095292437,-0.7711963225882631,-1.7008935205233668,-0.6193002984090796
2176,197@6_0.mat,Outer,3,0.12862407443706575,-3.0726485869566744,0.827945741879788,0.0454156079289788,1.026787454072872,-0.7465109561539135,-0.6457488376907783,0.022244158486393783,0.10097095860298329,-0.9526479960094616,-0.3157195567163648,-0.9327383975962522,-0.8741666785282993,-0.904508741302889,-1.3955212151060852,-0.6467352551426271
2177,197@6_0.mat,Outer,3,0.26845036745611145,-2.9569897677568027,0.9039471663468591,0.16348373163895535,1.0667643845952823,-0.44159600887664197,-0.4825914258105305,0.1421646007979556,0.24349317315165916,-1.1218579351513476,-0.28646834670719334,-0.8638525068657975,-0.6664410013721255,-0.5973957383288439,-1.5768482323544202,-0.6106052293666625
2178,197@6_0.mat,Outer,3,0.2746054773998884,-2.870073731526994,0.8080017622526623,0.16873593987957758,0.9080576158327917,-0.44159600887664197,-0.5133602729931495,0.14880369202329785,0.2512982008629067,-1.3294281857714683,-0.2708336137326659,-0.7529613912057874,-0.6457716752637099,-0.5994411273060288,-1.878127127942293,-0.5720904607388981
2179,197@6_0.mat,Outer,3,0.16594508705818684,-2.532915920657518,0.7136456397724209,0.07669546716646662,0.8018394170883356,-0.625338108608755,-0.5499056470414708,0.061808829453980044,0.14832032409126455,-0.695848071901989,-0.2956398816098779,-0.7669818986717676,-0.7621637248268099,-0.775299364948254,-0.9764996444794779,-0.604924393204729
2180,197@6_0.mat,Outer,3,0.11226090002810431,-2.4203262244952115,0.7366342284443541,0.03175480012295317,0.8852132044773965,-0.5781908552002756,-0.5246775501177912,0.01842143699378892,0.09637860990237658,-0.5834340668963717,-0.31061423756825424,-0.8513714888843322,-0.7317358789623898,-0.7034781315301682,-0.8159951255094708,-0.630702321732911
2181,197@6_0.mat,Outer,3,0.12457690750483495,-2.4929536464173507,0.7408954832268763,0.04203378299239443,0.8941841831250256,-0.5781908552002756,-0.6732168123787101,0.027716115497320632,0.10753919249757608,-1.3099967196616737,-0.30527982463226133,-0.84256540188571,-0.7326220494588473,-0.7074695580281803,-1.9526007014746143,-0.618966102483876
2182,197@6_0.mat,Outer,3,0.08859595008518917,-2.3515702274835286,0.7229970855062399,0.01205596271524613,0.8619286434082033,-0.7738299254186399,-0.765523353926567,-0.00036708775142513424,0.07376214824273597,-1.244608849071453,-0.3150128398257157,-0.8623337215253358,-0.8748698557238286,-0.9246054465037346,-1.8740268028676432,-0.6363799204239858
2183,197@6_0.mat,Outer,3,0.2691259413126155,-2.0457658644085996,0.9242279772107774,0.1640599784960699,1.0459701766967389,-0.32593101803808244,-0.5258564331516081,0.15524720914152806,0.25886493851159487,-0.9391792431881998,-0.2962829495469402,-0.8847948420259375,-0.5869174638646777,-0.46582611683581787,-1.2999304282447366,-0.641058776963715
2184,197@6_0.mat,Outer,3,0.26480792903018324,-1.9871596228365,0.9047882715493276,0.16037778752234005,1.0486127350324235,-0.32593101803808244,-0.24445705297953335,0.15221528031906148,0.25530551541831914,-0.8929743456216475,-0.28411307522886264,-0.8686487366280561,-0.5825659970542721,-0.46430777822073227,-1.233597915688454,-0.608170748808464
2185,197@6_0.mat,Outer,3,0.07853699403577853,-1.7376437403675418,0.6959603328182259,0.003703552585959888,0.8687404632358696,-0.4348042302061811,-0.5203156828926688,-0.0018284999734379996,0.07199982523651474,-0.8458335535610312,-0.3071760247648933,-0.8435631894823175,-0.6158044754140761,-0.5245081523871352,-1.2400572187700387,-0.613030762765634
2186,197@6_0.mat,Outer,3,0.2374130975035134,-1.5068354999823335,0.8418559948529639,0.1370698749315657,0.9828487417637227,-0.6815182470160559,-0.7428887996772843,0.13352263661550315,0.23332037398512448,-0.8169008848995112,-0.29572332044197497,-0.8302337944810653,-0.8290699839662555,-0.8616529836289665,-1.1300074564214992,-0.631882377421027
2187,197@6_0.mat,Outer,3,0.5674436305160812,-1.6609920741305872,1.2313861631693308,0.42396558695902764,1.3443013058631967,-0.6174447585969742,-0.5324581781409822,0.41893045473054685,0.5617538212304306,-0.6733872701843041,-0.260502883577587,-0.8934430847384149,-0.8549586333810074,-0.8849176318825105,-0.8312869242828397,-0.6436715728062863
2188,197@6_0.mat,Outer,3,0.2294641907237426,-1.591484715047467,0.8944366310884411,0.13032399316527576,1.0256320931164384,-0.6174447585969742,-0.5692393287960669,0.12606095046687793,0.22452490614917772,-0.4946328928486119,-0.3050923054240872,-0.8954051015682752,-0.7923968310750305,-0.7858713671877866,-0.6531587799880705,-0.6541310630240453
2189,197@6_0.mat,Outer,3,0.03220145738868216,-1.476577257919033,0.6291659774803416,-0.03461134005222096,0.756751993335728,-0.48856091166257826,-0.5497877587380892,-0.037822111264028346,0.028449319464072993,-0.5323785477006289,-0.31650077039580077,-0.8204628887206188,-0.64119865807657,-0.5714609107464093,-0.7502108088962621,-0.6265666838544411
2190,197@6_0.mat,Outer,3,-0.029753339162223662,-1.465204947244569,0.4951266523918374,-0.08543199050010455,0.5961037109149696,-0.48856091166257826,-0.5497877587380892,-0.08852469891299979,-0.03338088379274094,-0.6688178855134317,-0.3143745175512679,-0.7374329761858205,-0.6104303417412746,-0.5496948857611346,-0.9919026303214794,-0.599902313301247
2191,197@6_0.mat,Outer,3,-0.3092569877653138,-1.5374630556061706,0.18809290936526954,-0.30887509803070134,0.3087568950172663,-0.8875500514885447,-0.8092599144811706,-0.3124471419077477,-0.313601753738687,-0.40227852224143523,-0.34475181055301835,-0.6978309131304792,-0.858150317965827,-0.941951843456757,-0.5868692708048122,-0.6066366856054455
2192,197@6_0.mat,Outer,3,-0.3361137441190217,-1.3707498203996618,0.17174265397016178,-0.3298425552675283,0.31282358854709313,-0.8059958085851727,-0.7435961294975739,-0.33207411443996004,-0.33875160704055685,-0.5094146834169895,-0.3422737509053907,-0.7099209126269277,-0.7885417139637492,-0.831877061786305,-0.7967082049065273,-0.5885682766196596
2193,197@6_0.mat,Outer,3,0.09116517871547335,-1.2228715767805354,0.6458450716806883,0.014191292323708408,0.7711338373612805,-0.6947750667576116,-0.6404438640386027,0.01283330153939029,0.08965982877862602,-0.3155407844502582,-0.29598197474501675,-0.7736355800619806,-0.8005779764092472,-0.832923818254324,-0.3942368852955055,-0.5864671879161794
2194,197@6_0.mat,Outer,3,0.3201951131425141,-1.207958949905062,0.9103818062120657,0.20778206733020915,1.0317758188371657,-0.6947750667576116,-0.6763997965700156,0.20642323101341178,0.31867222317961985,-0.5252086854940133,-0.2796754416199002,-0.8154466503818544,-0.8516444427307567,-0.900869247615154,-0.6811363784413867,-0.6166496707317418
2195,197@6_0.mat,Outer,3,0.21030699443544887,-0.9983798717755441,0.7891116369055435,0.11409785689880438,0.9127785932955753,-0.8731916604056698,-0.8012435098512165,0.11405524686034645,0.210349681161928,-0.6079731570333322,-0.29804173563131314,-0.8020032740548121,-0.9605664500425882,-1.0738537964158172,-0.8255280590537566,-0.6310434551393859
2196,197@6_0.mat,Outer,3,0.20567730902776654,-0.7759894335805044,0.8414979580003902,0.11018324248370351,0.9989113317661983,-0.8148083793157298,-0.7424172464637575,0.11122416721131126,0.207002765708217,-0.10915218569726386,-0.3001929988657942,-0.864094932303261,-0.9267509495992557,-1.0054840089021395,-0.07743675030923071,-0.6358014807034217
2197,197@6_0.mat,Outer,3,0.19674337355023333,-0.8545895472230506,0.7480799226775251,0.10263658635172607,0.8863535212624681,-0.41361609680712413,-0.47516446269748486,0.10333020231890079,0.1976619079252986,-0.5856900979909062,-0.2793337877048582,-0.7715090677039204,-0.6117670188150971,-0.541082827179033,-0.7950855586078993,-0.5765615336356321
2198,197@6_0.mat,Outer,3,0.11996754443168763,-0.7704369952220875,0.6142609783253767,0.03818462258796441,0.7260610307984067,-0.41361609680712413,-0.3741341866993835,0.03928635552079637,0.1214066458579741,-0.6095549304556924,-0.2810799300005801,-0.7057661571122065,-0.581007532760644,-0.5143595441288562,-0.8505651866234172,-0.5549552897826994
2199,197@6_0.mat,Outer,3,-0.08453615960943257,-0.5899827485735327,0.5128558798552499,-0.12997892247862047,0.6711981858236999,-0.34976292265630643,-0.5001567830144011,-0.12811759889978827,-0.08206477288734017,-0.20796049117679571,-0.32148617839182503,-0.8199708933447843,-0.5076991319431203,-0.36351834838024616,-0.2216705318179752,-0.6059189228459807
2200,197@6_0.mat,Outer,3,-0.241778806739715,-0.6369110406624472,0.38828073952597314,-0.2558050734071178,0.589516675026659,-0.34976292265630643,-0.42730181152452174,-0.2540362895933497,-0.23933365151365904,-0.7302909478505553,-0.33882812827708564,-0.8566262224691162,-0.47605348651035007,-0.3014131227898082,-1.1773206066485897,-0.6108515625123134
2201,197@6_0.mat,Outer,3,-0.201551907876854,-0.5318477001648764,0.3898150991857712,-0.22390289404524363,0.5639882575370815,-0.6958386744532106,-0.6953798134144663,-0.22181435433550178,-0.19872720936055746,-0.8322736119488874,-0.33351361289889164,-0.8119516676855272,-0.7480032532020238,-0.740426035779797,-1.3437673410713955,-0.6062450563292922
2202,197@6_0.mat,Outer,3,-0.1679062414694029,-0.37299192933254965,0.35237989041056145,-0.19706817544969654,0.4745629611134561,-0.6958386744532106,-0.6953798134144663,-0.19460016895971935,-0.1646280875899151,-0.4846057196469492,-0.3264419406080368,-0.7290226449647369,-0.7398419003297576,-0.7516274047576355,-0.7106573340721013,-0.593995063723273
2203,197@6_0.mat,Outer,3,-0.01829760823271609,-0.1842472299974591,0.5030594960465742,-0.07607035260682322,0.6122317536121501,-0.7628142120054437,-0.7058718724154359,-0.07337772001998984,-0.014849729519335893,-0.4209438809052363,-0.3115602095901739,-0.7336021002605903,-0.8237730090809633,-0.8796635221647828,-0.5753587494182006,-0.597466954665917
2204,197@6_0.mat,Outer,3,-0.0179897640646068,-0.031618849892806555,0.5530022266826813,-0.07581856075351165,0.685693266488663,-0.8602310822238185,-0.7674095667806738,-0.07303677626796234,-0.014433202283480145,-0.4182653164590442,-0.3185564865998558,-0.7905756869823192,-0.9083144530203904,-0.9955190078661555,-0.5708645877292718,-0.6190381846317642
2205,197@6_0.mat,Outer,3,-0.09326939217519052,0.08156938893657617,0.535733238779427,-0.1370465119479198,0.7345124484361306,-0.6674560974928848,-0.5951747555400367,-0.13424940352216921,-0.08963657015278369,-0.5278309579731741,-0.3209581641404563,-0.8558586831205577,-0.7571532857529361,-0.7419582647120657,-0.7693869834015373,-0.6016823644819952
2206,197@6_0.mat,Outer,3,0.36364119537506806,0.13252192534030743,1.0819621403620914,0.24522859622987597,1.2882007065039387,-0.6425605851790618,-0.5792598345835097,0.2477974344342617,0.36665456235371324,-0.3673025409713494,-0.2801300389783092,-0.950526178368834,-0.8457419951666549,-0.8545608620533197,-0.45116222839210296,-0.6323805163546388
2207,197@6_0.mat,Outer,3,0.26992885217893225,0.1065171566983634,0.9837994402179082,0.16474491300978467,1.1596894307132322,-0.6425605851790618,-0.5792598345835097,0.16737268606731118,0.2730818426385595,-0.3957916653510826,-0.30457913523342467,-0.946862044535611,-0.8276187038372831,-0.8268498272501336,-0.500698025404593,-0.6667545373956347
2208,197@6_0.mat,Outer,3,0.04900030742753643,0.11124182328316304,0.6330096412687866,-0.020750666338494168,0.7769244545948054,-0.132274776234093,-0.2883115018375189,-0.01802970515318713,0.05243191672593507,-0.5161060882335076,-0.30178630921886196,-0.8060779851083214,-0.3726466842127606,-0.15810891687670922,-0.7188155851057291,-0.5907941171652096
2209,197@6_0.mat,Outer,3,-0.0751287585203471,0.1415637400982802,0.4751648369350528,-0.12235532066016129,0.6386120125184647,-0.132274776234093,-0.2883115018375189,-0.11960302178480599,-0.07156497488757685,-0.7023524533394895,-0.3073059184691375,-0.765973820199824,-0.3298234833990504,-0.10647210807378998,-1.061659720502078,-0.5644693335457659
2210,197@6_0.mat,Outer,3,-0.0667345494500903,0.15059281990588982,0.49319254710953664,-0.1155436650007215,0.6426886584056917,-0.8111010004009637,-0.7056360958086727,-0.11280220284375499,-0.06319043807843079,-0.676173756199984,-0.3208994499567325,-0.7772240647684792,-0.8590737518322912,-0.9225986228301488,-1.0143118553261512,-0.6103474996331718
2211,197@6_0.mat,Outer,3,0.07378216644597899,0.11693434609557724,0.6178484567380166,-0.00024029510030861522,0.7230507606192138,-0.6524367636052176,-0.5974146333042883,0.002466437227867559,0.07717780219707822,-0.5435276774199338,-0.3003477529647132,-0.7613704545304616,-0.762849006020356,-0.7779487939643481,-0.7573450538788786,-0.5948930092684465
2212,197@6_0.mat,Outer,3,-0.2926783965756295,0.15382749729817863,0.2969473370969558,-0.29588796606390744,0.47795336091566026,-0.6524367636052176,-0.5974146333042883,-0.2930558505995051,-0.2888507732460699,-0.42533990872321525,-0.33902905835228514,-0.8089813471917984,-0.6930276894124986,-0.6557169041577762,-0.6263444401484392,-0.5944077768801326
2213,197@6_0.mat,Outer,3,-0.48793566808854416,0.2887797662985125,0.07397299804390124,-0.4467150683613624,0.26839097194391015,-0.870145224295695,-0.8251748354376981,-0.4439698435954272,-0.48407708463448285,-0.1359974673935011,-0.3581635953779865,-0.7729070685131165,-0.819830387376784,-0.8629483347906398,-0.06637154538238514,-0.5983339182146319
2214,197@6_0.mat,Outer,3,-0.2676101429896707,0.2952745909838169,0.24651041322779474,-0.2761865344327114,0.395798404977023,-0.27970298534837834,-0.5092341823747907,-0.2735400701730637,-0.2640369836251302,0.05809861978004228,-0.329404871278743,-0.7192818019179307,-0.38229911721031457,-0.20444358826000522,0.27503448591701535,-0.5687577611653208
2215,197@6_0.mat,Outer,3,-0.2722952990471758,0.34411312562723323,0.3525999294580172,-0.2798744864158825,0.5400151485919376,-0.27970298534837834,-0.4019558262974599,-0.27731220184095795,-0.2688256844451502,-0.12249184211684894,-0.34263649501341065,-0.8505222962499078,-0.41147116463711464,-0.20246863882382013,-0.05964741861950338,-0.6143276523413964
2216,197@6_0.mat,Outer,3,-0.04094965419285445,0.3342944788970967,0.6388142922931951,-0.09456614123253175,0.835295773805815,-0.7753721252964871,-0.6681476153332976,-0.09208144857688025,-0.03773976289093292,-0.30174797205665144,-0.32982250787828277,-0.9126021970369991,-0.860058828832659,-0.8877124482435913,-0.3792517863609409,-0.646420159424621
2217,197@6_0.mat,Outer,3,-0.08917995952122813,0.09519578582535247,0.48034493812202256,-0.13373819510100163,0.6474478204132097,-0.777172603088319,-0.72508766586665,-0.13094951505277708,-0.08556065907610678,-0.13564917873858273,-0.32180204328949985,-0.7879603530412839,-0.8302913168486011,-0.8750813175555541,-0.09799931507531949,-0.605755882444987
2218,197@6_0.mat,Outer,3,-0.33324354189807187,-0.0018954757447664204,0.2237744123529414,-0.3276059523992091,0.4081731663168592,-0.8617353184559456,-0.8290651494492934,-0.3246912855472472,-0.3292796588723639,0.10923682917269661,-0.344979155225473,-0.7695584915817117,-0.8446730618791302,-0.9023251480879064,0.3893517272526904,-0.602011319295136
2219,197@6_0.mat,Outer,3,0.18223806248356023,0.05325959427886711,0.7220420832315255,0.09040445721844066,0.8163224314012235,-0.4759650347258144,-0.4261229284907048,0.09309448597257498,0.18553121154398847,0.12939236816683689,-0.29245804744779813,-0.7584443093145822,-0.6524056421293903,-0.6080181826974342,0.28574379938665956,-0.6081694898513925
2220,197@6_0.mat,Outer,3,0.2773207041964883,0.12554317254119585,0.7940633649246055,0.17105433746553006,0.8286415704516928,-0.4759650347258144,-0.4261229284907048,0.17366657925684867,0.28044990568078815,-0.127441459937786,-0.2819342803174265,-0.7346148471803194,-0.6680999038032162,-0.6394580978150226,-0.10961054285529238,-0.6104669511099592
2221,197@6_0.mat,Outer,3,0.15322346001335238,0.09154085507107321,0.7452858322125633,0.06601397428819634,0.8458678680760682,-0.7158872728652281,-0.6464561675110684,0.06870112544748057,0.156535302442033,-0.39090902586373927,-0.30391732168544816,-0.8160392385685852,-0.8359408522911,-0.8762444388584983,-0.5059009416143517,-0.6305009843909245
2222,197@6_0.mat,Outer,3,-0.0451310123758244,0.08386168000197824,0.5437150907159276,-0.09797343909194753,0.7022856030881258,-0.5603833631166176,-0.5603977060424404,-0.0951976207732736,-0.041561048931667684,-0.20846960305412013,-0.3180221450126102,-0.8105926225556436,-0.6767721309645128,-0.6299246490417593,-0.2231437916176012,-0.6085000722279219
2223,197@6_0.mat,Outer,3,-0.2549806452803586,0.07753240967139734,0.2935277569984033,-0.26623178306223566,0.48001655750263755,-0.5603833631166176,-0.522437672353539,-0.26336598972238734,-0.2511387701784597,-0.1356822600449891,-0.33221088597607107,-0.7607476337078759,-0.6189213744341515,-0.5555286251604905,-0.08558791541723859,-0.5834041511537154
2224,197@6_0.mat,Outer,3,-0.1252298881365229,0.15326715948219152,0.3302299674092089,-0.16283190644618972,0.44541856946154157,-0.6480304782399392,-0.5799671644037999,-0.16006820978595093,-0.12161425448405763,-0.2932414020339094,-0.3109627398872924,-0.652961227038825,-0.6971052391358256,-0.7079348151856163,-0.3692487321723684,-0.558079296289626
2225,197@6_0.mat,Outer,3,-0.11009734124629274,0.39267149136265594,0.40488312713296054,-0.150638680679892,0.5282277428888529,-0.6480304782399392,-0.5799671644037999,-0.14824189127831083,-0.10694761054962162,-0.1934978882870546,-0.32016848766736145,-0.724100327983562,-0.7138356837244597,-0.7130031219522789,-0.19631668888332995,-0.5932350149824575
2226,197@6_0.mat,Outer,3,-0.30577981533050985,0.40102561880100807,0.26477878904209873,-0.30615397639144065,0.44390259728991216,-0.7220560723766178,-0.7564459545661775,-0.30369492712063945,-0.3024186011598958,-0.14614008135062923,-0.3462633661008428,-0.786190347343002,-0.741344647414053,-0.7375334282621031,-0.1012189704119952,-0.6160193687480784
2227,197@6_0.mat,Outer,3,-0.1168172277091903,0.22583090665251346,0.41568897958530887,-0.15605676062542606,0.5520403582049902,-0.7220560723766178,-0.7564459545661775,-0.153372635552155,-0.11330659482444977,-0.36099698153143805,-0.32637290174983946,-0.7445095999603153,-0.7740786875258665,-0.800038778585468,-0.4861189160805119,-0.6112144002690691
2228,197@6_0.mat,Outer,3,0.4861153879026014,0.19240166194874092,1.101489212372941,0.35203138164636166,1.2171028451227612,-0.7105997304268937,-0.6429195184096176,0.35449105521971686,0.48891147656549977,-0.3037094847767352,-0.2683939769408477,-0.8432495224331741,-0.8973751935555098,-0.9648797336261112,-0.35668676091626683,-0.6404940530107053
2229,197@6_0.mat,Outer,3,0.38907950766735105,0.2597695493708196,1.0039789786284774,0.2672611210210947,1.1104965710149644,-0.6865854751861259,-0.6300696933410144,0.26968055778597017,0.39190153811046446,-0.18921372772484057,-0.27585316129636794,-0.8423018627628879,-0.8629294888099139,-0.911273699238241,-0.20207502865549054,-0.6295106225953736
2230,197@6_0.mat,Outer,3,-0.2984756893526656,0.27503875485646656,0.3269223290619635,-0.3004331955741487,0.5176660097813189,-0.6865854751861259,-0.7038677712579473,-0.2977423431516044,-0.29482383401222745,-0.3488400477890337,-0.35001991840824764,-0.8510074803738282,-0.7269051728200797,-0.6960247201022641,-0.4833653208956865,-0.6322539420278057
2231,197@6_0.mat,Outer,3,-0.24466027006023838,0.34999667269509716,0.35846981096180797,-0.25808264729301605,0.5599298995170742,-0.7696439543216255,-0.7786089556019336,-0.2555429012767644,-0.24123854687963328,-0.43122065213713223,-0.3372420262777215,-0.8252900112975564,-0.799370803319489,-0.8166811152921355,-0.6290103291063761,-0.6046254374831482
2232,197@6_0.mat,Outer,3,0.46757704835479535,0.5315333901245362,1.103564106223066,0.33574745185424393,1.2289867968466008,-0.5390128790950172,-0.5134781612965315,0.3375390511716662,0.469625984424838,-0.053095229219777836,-0.26456965729896925,-0.8646920336118762,-0.7765016589014777,-0.7697225632090953,-0.021081772375364346,-0.6260211847101673
2233,197@6_0.mat,Outer,3,0.35546638905361155,0.5917569703927799,0.9648218250831729,0.23816505190368803,1.0840501525525514,-0.5390128790950172,-0.5134781612965315,0.23982102393836854,0.35742956883474597,-0.003626648610858599,-0.27579577742170736,-0.836237592466312,-0.7494509898164935,-0.7356266919280158,0.05991591288528014,-0.6189226615110508
2234,197@6_0.mat,Outer,3,-0.16391763039926324,0.4535445540994301,0.4317218627472363,-0.19387781623742295,0.6016443820158716,-0.6813358963935123,-0.635492555296572,-0.1916005015589916,-0.16088041039697765,-0.19668670194825383,-0.3308190587625892,-0.8172644709621446,-0.745721516993113,-0.735329836651893,-0.2004732555752346,-0.6099419699929712
2235,197@6_0.mat,Outer,3,-0.056013225717694175,0.6040971372948581,0.6391084845058222,-0.10683110487116489,0.8203900027355495,-0.8481137974693023,-0.787568466658941,-0.10503709868347487,-0.05364137969549604,0.11841131908558014,-0.3407109591413851,-0.9296752266569861,-0.9150710097085418,-0.9700485892986636,0.3278302162221287,-0.6756321865932137
2236,197@6_0.mat,Outer,3,0.25659980772682384,0.7383107791741186,0.8973235555319192,0.15338458111733375,0.989290583544054,-0.4638857136170191,-0.548019434187364,0.1545482597607089,0.2580445475523221,0.10074287781499998,-0.2977113191484376,-0.869437047060028,-0.681247671454183,-0.6188911507069094,0.22691482015898967,-0.644543181226962
2237,197@6_0.mat,Outer,3,0.15691622924527499,0.6629962827253146,0.772875060331999,0.06911250710423998,0.8765995850150802,-0.4638857136170191,-0.548019434187364,0.0706101001580975,0.15880888370380453,-0.08528655243437991,-0.3015707396196984,-0.8423281807403317,-0.6545697071480833,-0.5855099831304286,-0.03705779481748748,-0.6247141174341725
2238,197@6_0.mat,Outer,3,-0.008895493499125773,0.6192389932768719,0.6594105105274393,-0.06837495337703009,0.8204172058044316,-0.9038533073400756,-0.9088755308386922,-0.06665182226704397,-0.006637561418035574,-0.04001452480363466,-0.33311384732349847,-0.8997887838944825,-0.9607743886967288,-1.0498953691863842,0.05425700966394645,-0.665940001503201
2239,197@6_0.mat,Outer,3,0.3346820271814546,0.795197802447167,0.953948891184887,0.22024282883333282,1.0500778105811948,-0.6676764117611488,-0.5903413351013879,0.22113198928888084,0.33576769253520283,0.17736629408241045,-0.2889178847754879,-0.8467017575164901,-0.8401309063210604,-0.8744282171225107,0.3199340557174262,-0.6449965338780119
2240,197@6_0.mat,Outer,3,0.42908408015014643,0.7596036161816262,1.0721103694721394,0.30206963375673235,1.188242447427343,-0.6676764117611488,-0.5903413351013879,0.3030686103897691,0.43024974774500346,-0.04848309877056279,-0.27551408659083954,-0.8719950068819458,-0.8617694741175335,-0.9014585579641826,-0.010876786102320542,-0.6400344921719571
2241,197@6_0.mat,Outer,3,0.08063585485982691,0.7139870239801357,0.7878809807094962,0.005445311941909292,1.0009434366697554,-0.7672204973707222,-0.7236730062260697,0.006782746248225999,0.08237756296126142,0.039349628037216165,-0.3201438464635102,-0.941689847254997,-0.8820307336975044,-0.9145280577728865,0.1680524950524649,-0.6538758825252533
2242,197@6_0.mat,Outer,3,-0.039573035799879384,1.0166203844145927,0.6025328053280733,-0.09344389747000915,0.7816598324052024,-0.7705631750404012,-0.8114997922454228,-0.09349523821534758,-0.03947318702594887,0.3151963945586034,-0.3316163834353908,-0.8707053436156019,-0.8494022548679243,-0.8823985411512649,0.6535860609627079,-0.6514631010258884
2243,197@6_0.mat,Outer,3,0.21455198166217618,1.11176319857912,0.8774862969034213,0.11768949232309371,1.047382747415532,-0.7705631750404012,-0.7059897607188176,0.11697223603846311,0.21379646479575135,0.38478912695227446,-0.30722683033205644,-0.8932650215091503,-0.9007978034161448,-0.9571236340878085,0.6614476968304057,-0.6566991147583977
2244,197@6_0.mat,Outer,3,0.4367830700170988,0.9408856346037987,1.1949975091622986,0.30879106202488715,1.4062218819491954,-0.7939164874763774,-0.7184859208772759,0.30893897633494644,0.436970924075226,0.240888969211465,-0.28985989037637205,-0.9903193379018495,-0.9715986783887484,-1.0441026430736564,0.3822360975117779,-0.6758302015773274
2245,197@6_0.mat,Outer,3,0.10158151681704292,0.9322640732078161,0.8415239192417341,0.022856750449995918,1.0595624208962686,-0.9465563117375564,-0.8682040661720118,0.023197115643069557,0.10211529157848546,0.03609392569568049,-0.3265366601967464,-0.9764648225674151,-1.0233734842563293,-1.1300582835203499,0.15925588965384774,-0.6780027505669577
2246,197@6_0.mat,Outer,3,-0.2012985147645479,1.054213957887178,0.4649271030883279,-0.22370131257582893,0.6853859896336147,-0.7751518110282234,-0.6874812970878936,-0.2238991932970149,-0.20134687058268882,0.02158762370955366,-0.3443992090525976,-0.8981314870672374,-0.8256147910184147,-0.8374127315395421,0.19400911587116512,-0.6427002165229264
2247,197@6_0.mat,Outer,3,-0.17124942187422298,0.9218978236120556,0.504367561297619,-0.19974077856868444,0.70219760325126,-0.7751518110282234,-0.6874812970878936,-0.19923231392838847,-0.17041954867657313,0.009011510499985628,-0.3468618531570446,-0.9086521878257219,-0.833548584551518,-0.846976344691747,0.1652998864991073,-0.6607273105333877
2248,197@6_0.mat,Outer,3,-0.1646633449838144,0.9233241380527499,0.5234440093538145,-0.1944744366009124,0.7163146919961149,-0.8015895232198943,-0.8003004034241632,-0.1939759342179776,-0.1638480139929402,0.21625106293644086,-0.3513989184730023,-0.9226872271027787,-0.8576759295617546,-0.8811806745644905,0.5311906067826114,-0.6779460900265687
2249,197@6_0.mat,Outer,3,-0.28140355120173804,1.0076804492595266,0.4478780307943127,-0.28703643387720307,0.7049133645640432,-0.8015895232198943,-0.8003004034241632,-0.2869377888510855,-0.2810615019464359,0.2622919804366145,-0.3591324856309331,-0.9703532757076373,-0.8427152597956301,-0.8441842873384103,0.6612107733299635,-0.6696154531984417
2250,197@6_0.mat,Outer,3,-0.10060131382917364,0.9794852691550878,0.5506559694096663,-0.14297286007686597,0.7262822938474809,-0.5980191393440286,-0.6515253645564807,-0.14279479603673068,-0.10020324883372077,-0.07072516014588495,-0.3325976585972329,-0.880976714376352,-0.7071282773207448,-0.6560001970187168,0.014782153042523387,-0.6356400776640376
2251,197@6_0.mat,Outer,3,-0.16149059053106857,1.0625044105737136,0.30479119122833853,-0.19193555548153518,0.36088950829214855,-0.5980191393440286,-0.6515253645564807,-0.1921981185403317,-0.16162688036151376,-0.46333521312072,-0.32605357735148605,-0.6647349793695976,-0.651548939198578,-0.6349640630612775,-0.6723855657016421,-0.5937336474017557
2252,197@6_0.mat,Outer,3,-0.08308024393004035,1.193279615854871,0.511196507781967,-0.12879977971255385,0.6429047736366762,-0.8723104033326142,-0.8056053770763392,-0.12990581276802657,-0.08427203581206455,-0.09644602551842885,-0.3330618959222281,-0.8164259286983525,-0.9097424865468253,-0.9911255239502995,-0.03111245456595596,-0.6421583779658089
2253,197@6_0.mat,Outer,3,0.24348691443198237,1.2360053743238837,0.8866346187071225,0.1422296544176744,1.0444991145630464,-0.7663772039433867,-0.6985627976057714,0.1406980448640333,0.24176788205023952,0.4393385434601562,-0.29388788296070273,-0.8720264233981813,-0.8993880933141474,-0.9604984372817332,0.7310804453876762,-0.6296125051394946
2254,197@6_0.mat,Outer,3,0.122552144607016,1.1232883286579445,0.7262614014515196,0.04034263597073247,0.8804121110113212,-0.7663772039433867,-0.6985627976057714,0.03959463182748284,0.12177574338937384,0.2708563882394966,-0.30155994923099655,-0.8286549405528963,-0.8699231550693223,-0.9258408562900025,0.5215195068006334,-0.6129590094663929
2255,197@6_0.mat,Outer,3,-0.1854066007596641,1.1278983806894742,0.4608249378304058,-0.21104316738867562,0.6806168437187865,-0.8340136843004119,-0.7823813813101478,-0.21168952905114527,-0.18602004914781875,0.025149968609848517,-0.3417423795675546,-0.8753091660178589,-0.870468336162833,-0.9142217764051205,0.19721750513777062,-0.6385240659677864
2256,197@6_0.mat,Outer,3,-0.31665971144857713,1.2218695794205745,0.2783702839426577,-0.3146633081521722,0.49200848905817474,-0.8630572040655291,-0.8228170693700643,-0.31586286127844865,-0.3179715084947152,-0.09668034251904158,-0.34609126971658183,-0.815136035270113,-0.8569381396166127,-0.9091990718086498,-0.005957696038024333,-0.6100597912616921
2257,197@6_0.mat,Outer,3,0.4529431768940825,0.9985749597497375,1.0374982309585419,0.32292282834628894,1.1290638836302884,-0.40638368960013466,-0.41020800753417785,0.322755856298598,0.45276540504838186,-0.1918322012509213,-0.25987531973984285,-0.8106146547598446,-0.6691714532350396,-0.6180848985176812,-0.2069761114179258,-0.6099904043233229
2258,197@6_0.mat,Outer,3,0.5077240632391942,1.014391768101008,1.1273601976553906,0.37106526199619116,1.221048728016103,-0.40638368960013466,-0.41020800753417785,0.3707858438263138,0.507400651061077,0.06856335245920937,-0.2614075903447107,-0.8477833958093554,-0.68763674145067,-0.6355443382219355,0.13600513192826594,-0.6299625101539618
2259,197@6_0.mat,Outer,3,-0.19480989961303052,1.0871338045764167,0.42196753893930616,-0.2185367613986028,0.6064944748281795,-0.9816242440372408,-0.913355286367196,-0.21893107126661815,-0.19510601787932821,0.041717875345376736,-0.34364773554395067,-0.8414641068276929,-0.9780716660077767,-1.0914946960503602,0.22889636716728662,-0.642115166095993
2260,197@6_0.mat,Outer,3,-0.23768534607057684,1.1188310960307748,0.3675366800885048,-0.2525677653077958,0.563631053090059,-0.7743085176008883,-0.7435961294975741,-0.2531366359587762,-0.23819643567750448,0.04147393106949022,-0.342819520232201,-0.8277850220729863,-0.8049432333824124,-0.8246771215454005,0.2382101511553141,-0.6252479160696548
2261,197@6_0.mat,Outer,3,0.11128098472796247,1.1875106833402775,0.6098370555233653,0.03093775524934485,0.7145161606993305,-0.4508871717894476,-0.5329297313545086,0.029786757068474144,0.11002302392578762,0.1787426707108547,-0.2910213138799026,-0.7104135035888192,-0.6082510253053129,-0.5547488969700676,0.3812609688022199,-0.5791846810819006
2262,197@6_0.mat,Outer,3,0.31708682958984674,1.1125272956009202,0.8348533789041849,0.20511185179971578,0.9258995208089573,-0.4508871717894476,-0.33157650917859627,0.20434465769843863,0.3162530123477754,0.06962041783140557,-0.2665555408176598,-0.7365547626225517,-0.6584344801459672,-0.623974911990495,0.1704222705339144,-0.5827673238282641
2263,197@6_0.mat,Outer,3,-0.1266607387569303,1.0098326558709312,0.43126429051156684,-0.16398338330378026,0.5786400891341948,-0.47266032070185576,-0.47669701064144665,-0.1639603897650494,-0.1264483748205966,0.27371940454143884,-0.32163223663132395,-0.7739884726854458,-0.5829274521104131,-0.495621495719391,0.6179224783144044,-0.5912736927560831
2264,197@6_0.mat,Outer,3,-0.2342069943834752,0.966877668295379,0.3021536273178696,-0.24981530655246068,0.44444883684663933,-0.7220940360223382,-0.7141240536521538,-0.24951446435428656,-0.23361981808939428,0.21220626960635708,-0.33497840813596214,-0.7466829492224966,-0.7496263730340594,-0.7616839783263148,0.5495386486991033,-0.5993166944010685
2265,197@6_0.mat,Outer,3,0.2221596466492505,1.0450702635262983,0.7904333804679363,0.1241317591946305,0.917872096181458,-0.6493903274952431,-0.6707411580076948,0.1238065340366679,0.22186531305348367,0.12707719458775632,-0.2867451294423538,-0.7905676759673868,-0.7954466221917885,-0.8202710006898192,0.27380717029256196,-0.6044408904533864
2266,197@6_0.mat,Outer,3,0.13129590055531773,1.1350808926943994,0.7016296533620062,0.04764929050282199,0.8225759066567667,-0.6118989382446557,-0.5122992782627145,0.046824307927042744,0.13042607709589146,0.3237957988756256,-0.29563448310365853,-0.7917198685382938,-0.7496450167424275,-0.7488230997557602,0.6007552505576711,-0.5990667119335013
2267,197@6_0.mat,Outer,3,-0.20572667197832412,0.9917362914046229,0.3046901465675887,-0.22722290907641327,0.40897477307846586,-0.6118989382446557,-0.6179271980927014,-0.22706760509042115,-0.20533009564103705,0.1223478334819511,-0.33390937384373864,-0.71637619912311,-0.6625616806122817,-0.636403788736276,0.3767927085958439,-0.6053497987477945
2268,197@6_0.mat,Outer,3,-0.09316891644496834,0.8329569302744756,0.43484793401096283,-0.13696525240388638,0.5328039242729044,-0.6610669837132311,-0.7459538955652077,-0.13606017722574848,-0.09187424494701592,0.06835580674448412,-0.32892839683004604,-0.7397481482079746,-0.7306014050670577,-0.7343128292018198,0.2522027087109689,-0.6265043276978896
2269,197@6_0.mat,Outer,3,0.336384505637859,1.0307179744668118,0.9698342652905739,0.22170888076606687,1.089549640438924,-0.478206141054174,-0.5561537271207,0.22141502071234448,0.3360962426830875,0.4779802198621431,-0.2877525671135749,-0.8617945091236138,-0.7066671026835885,-0.6610902811714418,0.746803127705165,-0.6421830038903308
2270,197@6_0.mat,Outer,3,0.12992798687636492,1.015474238881892,0.821974018441148,0.04650558731495728,1.0175629996572026,-0.478206141054174,-0.5561537271207,0.04638818388001007,0.12990456356451197,0.38886019149877465,-0.3151792887500934,-0.9249135808402361,-0.6757419126232759,-0.5929544094071322,0.7019829568079551,-0.6538628431652322
2271,197@6_0.mat,Outer,3,-0.12570222298444642,0.9036995795428402,0.42870378442527485,-0.1632120455112233,0.5740060959636721,-0.7168064935840041,-0.7201363571246197,-0.16263115974296605,-0.12479706036936222,0.09327202718932465,-0.32959432875944,-0.7699092185282167,-0.7727360076372253,-0.790839985679383,0.30323312457487284,-0.6179134662194363
2272,197@6_0.mat,Outer,3,0.13356863953384032,1.0310745530769854,0.6731820632338629,0.04955001730673487,0.7681028916824999,-0.7168064935840041,-0.7201363571246197,0.04934327897270428,0.13343746315218366,0.18966665055413365,-0.3028947654255614,-0.757383446922121,-0.8226012680151419,-0.8714470830932614,0.39167152632989266,-0.6204318564693302
2273,197@6_0.mat,Outer,3,-0.09381342544729097,0.9672597168062794,0.49257287633587815,-0.13748647634050348,0.6660226387417696,-0.8252011135698546,-0.7294495330917724,-0.1372458284542772,-0.09333983131211128,0.3040573991159056,-0.32663969007717,-0.8072891084436887,-0.8698425332715956,-0.9313769070287111,0.6569001122300033,-0.6186788433032263
2274,197@6_0.mat,Outer,3,-0.21982052905160554,0.8855140704239878,0.30426432580744295,-0.23841543559726935,0.4614630581805603,-0.7246998435957849,-0.6738062538956185,-0.2377061548423301,-0.21872244346113454,-0.04176151140241757,-0.3291500082205714,-0.7323602571355694,-0.7521616054733442,-0.7696574995890925,0.08252834303011596,-0.5842435907984681
2275,197@6_0.mat,Outer,3,0.3536885967342325,0.8841259608343836,0.9744499688888613,0.2366300088708797,1.0961130467647509,-0.4376683156936121,-0.45936743004433933,0.23710006829238703,0.35427993077634023,-0.1792874127858158,-0.2761415793374875,-0.8483686308889163,-0.6784442184455278,-0.6209822067149527,-0.18722079298866884,-0.6188097715522205
2276,197@6_0.mat,Outer,3,0.5678338727228228,0.7140761686326792,1.2227612326460184,0.42431270116801917,1.3538225664993537,-0.4376683156936121,-0.4451029453351558,0.4254328989966131,0.5690636499360968,0.09775010342176738,-0.25259941095276983,-0.8842436136737046,-0.7284847956945472,-0.6885846445705364,0.16371239475860144,-0.6284222828426623
2277,197@6_0.mat,Outer,3,-0.07441635322001462,0.7022199298444077,0.45685104087579453,-0.12177755883904127,0.5885415372659026,-0.6980418171358498,-0.6536473540173506,-0.12032841519478923,-0.07245884967902612,-0.05423104814895872,-0.31646493009528726,-0.7439215962321073,-0.7640948509491666,-0.7847964246692612,0.03942795262308937,-0.5931990813340174
2278,197@6_0.mat,Outer,3,-0.15245877217903292,0.8792484748452237,0.26760023612975853,-0.1847014387236126,0.3697205667607441,-0.3915846699807314,-0.28359596970225176,-0.18398957049405026,-0.1513812082261572,-0.03326853988326991,-0.2976085472323756,-0.6090920806016391,-0.4776593096371208,-0.38777249076122755,0.08715862016510603,-0.5026187642551311
2279,197@6_0.mat,Outer,3,0.6169808927251862,0.9157595775369248,1.1668475853872893,0.46817690666242057,1.2515499055139576,-0.3915846699807314,-0.28359596970225176,0.46837053914587795,0.6171494069513707,-0.20355336293317927,-0.2235782252665003,-0.7760259437308381,-0.6852408932039611,-0.6535242774246797,-0.22499870391869425,-0.5803078044931357
2280,197@6_0.mat,Outer,3,0.4495324731559942,0.7863470119446443,1.056553017813756,0.3199375638734609,1.1650770055377628,-0.5724626842254132,-0.5229092255670658,0.3208135950872087,0.4505472563689275,-0.27276885817007546,-0.26888660665429037,-0.8343019715085995,-0.7912439666564601,-0.8014611364440051,-0.31645059228480316,-0.6304020462815619
2281,197@6_0.mat,Outer,3,-0.046085534648586134,0.5937563575998245,0.564123363067139,-0.09875095908171572,0.7207276759107253,-0.6960969523671949,-0.641740635375801,-0.09692705622948941,-0.04368275994743453,0.026910194282705534,-0.32247164513620424,-0.8348125977786105,-0.784988482162687,-0.7915466330100164,0.17172593109862183,-0.6216670407871657
2282,197@6_0.mat,Outer,3,0.32393779685252844,0.7522046100205246,0.9828606601408151,0.21099883966936347,1.1229834540101933,-0.6960969523671949,-0.5825607070781966,0.21207573383045975,0.32524684813302474,0.19820683057578312,-0.2887216954474769,-0.8887600012805194,-0.8659169240168737,-0.9034373364192837,0.3522607395119782,-0.6414099571670022
2283,197@6_0.mat,Outer,3,0.5210697836048351,0.9174405909848858,1.156649130320521,0.3828492601493045,1.2678947871494488,-0.4795280266637577,-0.4666765048540035,0.3830786026939076,0.5213175282030916,0.49058059803132187,-0.26571116357294533,-0.8643521036157975,-0.744856470973504,-0.7201993541674562,0.6881766324692097,-0.6437240844075546
2284,197@6_0.mat,Outer,3,0.7229077512143595,0.6617482575897072,1.1872012774732414,0.5637210843248976,1.247314154222992,0.09663174849212465,0.1031955536930465,0.56496712069702,0.7241894560844638,0.08745421150536142,-0.15262137754615523,-0.6883547068668867,-0.3483700461190003,-0.16345317866048445,0.12551332285517483,-0.4700994036881591
2285,197@6_0.mat,Outer,3,0.6402893806420971,0.6241801540178487,1.0870680883838915,0.48908312542689536,1.141668793999174,0.09663174849212465,0.1031955536930465,0.49050070617741304,0.6418099529679793,-0.33328650067195464,-0.16135081591021982,-0.667478913651968,-0.3231878692992266,-0.1324883017147783,-0.38749419240062083,-0.4569856588121255
2286,197@6_0.mat,Outer,3,0.30124324680023784,0.7852008664119435,0.8996538279418307,0.19151953644737213,1.0150876526084127,-0.5011188249536224,-0.5168969220946,0.19246701465306632,0.3024128244042737,0.38783868216460254,-0.28032672064470743,-0.8241551539653748,-0.7088153440566325,-0.675764308046601,0.6314594735483798,-0.6132406351702757
2287,197@6_0.mat,Outer,3,0.5070344958791747,0.5015553169692291,1.0537138392508227,0.3704569793098808,1.1292246505909225,-0.5011188249536224,-0.5177221402182718,0.3723158475649967,0.5091342623808813,0.3469725390516706,-0.24558044661281583,-0.7711049416621356,-0.7399420380456689,-0.7397151508106111,0.5033446799176876,-0.5946118640259774
2288,197@6_0.mat,Outer,3,0.12592841499802734,0.455900519916648,0.6621661385703796,0.04316288420134861,0.7866776335824714,-0.6672357832246208,-0.6066099209680597,0.04531156155661813,0.12861697699149247,-0.12108787414654013,-0.29361373764508386,-0.7534495319968695,-0.7831104426517104,-0.8114932167034111,-0.08976661109353931,-0.5927843490456762
2289,197@6_0.mat,Outer,3,-0.2597394140706657,0.6769028485220837,0.42219650067255116,-0.26998500083718807,0.6592278954975739,-0.7806596677348215,-0.7407668102164139,-0.2683630805165023,-0.257470616976644,-0.10139345111148224,-0.35461734363036823,-0.9163297002088922,-0.8212105444963638,-0.8253481595416637,-0.02165046695624749,-0.6607243270526604
2290,197@6_0.mat,Outer,3,0.0022749500041990564,0.5232811422890905,0.7139556176813042,-0.05921818317709915,0.9503563890565556,-0.645607021289036,-0.5624018071999293,-0.05719811662556107,0.004888196138153854,-0.5674170834505742,-0.32589798575731416,-0.9472863000810626,-0.7773710077310894,-0.7470539635106097,-0.8129473937865924,-0.6474803931977895
2291,197@6_0.mat,Outer,3,-0.15012302031422978,0.6201431747526692,0.47882971486077064,-0.18282897520155242,0.6402068038320718,-0.645607021289036,-0.5624018071999293,-0.18104966368979802,-0.14771559751629823,-0.4805686040261632,-0.33808163557846355,-0.8556293782846897,-0.7281558105845869,-0.6966087688296666,-0.700045515987613,-0.6384640595079181
2292,197@6_0.mat,Outer,3,-0.2228848104977273,0.7725932655522352,0.3797393499807353,-0.24084569912555825,0.549701111642501,-0.4482434005702802,-0.5330476196578904,-0.23962033722430953,-0.22113505180176415,0.17477127019244554,-0.3389250044655982,-0.8248712201741679,-0.5512336152794036,-0.4297546885118532,0.4767953387487113,-0.6173351741868889
2293,197@6_0.mat,Outer,3,-0.14653848047171708,0.6426076271936045,0.43487342058327055,-0.17995412019772064,0.6501080800957119,-0.4226489818059447,-0.30340120467037407,-0.17825433614957667,-0.14423215545903795,0.2313345241498386,-0.3150467779321146,-0.8009777574293533,-0.544825901028584,-0.4276917608294033,0.5506316274301579,-0.5632564999661857
2294,197@6_0.mat,Outer,3,0.04225645115190023,0.48531825525596856,0.6517165859003499,-0.026319141176637265,0.8426151540209903,-0.4226489818059447,-0.5600440411322953,-0.02421071579555768,0.044951498327440845,-0.38448660962181147,-0.3013155884358553,-0.8345147498455082,-0.5965519894343606,-0.49733031957266305,-0.5081607085121246,-0.586871812999444
2295,197@6_0.mat,Outer,3,0.26588291828700467,0.6029637267125207,0.8991962557061612,0.16129427315190523,1.0383079165748381,-0.5317045445965873,-0.510295177105226,0.1629532101300254,0.26790344545702977,-0.3023281404355486,-0.2901515700602836,-0.8615075115981871,-0.7309653133026307,-0.6992632325294685,-0.3645667646264989,-0.6278296111301827
2296,197@6_0.mat,Outer,3,-0.014441564983517272,0.6136992898688177,0.5732129375453555,-0.07291558256653703,0.7173672416775392,-0.7258393785828251,-0.7114126226743749,-0.07117130941897709,-0.012154641142330008,0.2771031060220675,-0.32381572128447217,-0.8095438962367496,-0.8095467327081937,-0.8369233337315853,0.5794880970887695,-0.6358635502819536
2297,197@6_0.mat,Outer,3,0.19460977635471807,0.3989625568421467,0.8740348609749625,0.10083574081331606,1.0646185760234064,-0.8366574555195786,-0.7430066879806655,0.1030886000394171,0.19737582263940762,0.015418535265677137,-0.3109463911856758,-0.9109874927456814,-0.948421381152981,-1.0275818835892203,0.11112335066194842,-0.6619439658222968
2298,197@6_0.mat,Outer,3,0.3002652952043692,0.3716970281142318,0.992837225193573,0.1906815501260167,1.1723439522007726,-0.6995840170136974,-0.659423880883053,0.19294577471711713,0.3029712190388908,-0.5172854934318766,-0.2977426637106837,-0.9242777714408777,-0.8702304197231019,-0.9005882441810978,-0.6725894425268604,-0.6577307920021799
2299,197@6_0.mat,Outer,3,-0.13529700826018562,0.3903919352476176,0.43634660292761185,-0.17092810929439214,0.5871900170840634,-0.6995840170136974,-0.7536166352850171,-0.16851589688942778,-0.1321108716301491,-0.38530393663764106,-0.3320345114763703,-0.7897957463909272,-0.7609345278450703,-0.7669043823373828,-0.5305446802363526,-0.6235185541861722
2300,197@6_0.mat,Outer,3,-0.10021100005886147,0.5357359237444389,0.5259214395891488,-0.1426575373083521,0.6995453500102135,-0.570700170079302,-0.6450415078704881,-0.140630567548469,-0.09752550524850397,-0.19560774226202973,-0.33266602632317005,-0.8525833113272911,-0.6807308256756488,-0.6232666875899423,-0.20019766483402954,-0.6367108264101414
2301,197@6_0.mat,Outer,3,0.21431294524697456,0.5728710390039441,0.954159998004639,0.11748718783784164,1.141762313383618,-0.570700170079302,-0.47987999483275207,0.11926616654677898,0.21650582117145964,-0.10016343646517754,-0.31226620822552265,-0.9747469295517991,-0.7701932146098921,-0.7275204058733177,-0.06473109648362511,-0.6709638945131788
2302,197@6_0.mat,Outer,3,0.06216555008332707,0.5474775479794406,0.7530902841257726,-0.009863972848999212,0.930338467339475,-0.6300026718880178,-0.602955383563228,-0.007940764929827867,0.06462404476769545,0.027262864205862387,-0.32590912647320586,-0.9241848841203709,-0.773641108726702,-0.7479337048706933,0.15208162942268766,-0.6653878524912704
2303,197@6_0.mat,Outer,3,-0.17545146930605832,0.4997469540176349,0.3708531176833208,-0.20309803990994846,0.529408288021294,-0.45639502849604546,-0.33039762614477963,-0.20093720502187865,-0.17255242707344176,0.06662231007919966,-0.32207383608560636,-0.7595761049254482,-0.5554453573176783,-0.4577385147173651,0.2681887894206243,-0.5765156962545195
2304,197@6_0.mat,Outer,3,-0.04276709285562379,0.3614581280221049,0.48335317304587966,-0.09604739491355324,0.6081537919435562,-0.45639502849604546,-0.33039762614477963,-0.09361402037697276,-0.03961884441409544,-0.45338722664919806,-0.30751205251222136,-0.7385961645317306,-0.5827886957215421,-0.506706390003749,-0.6332586219914391,-0.5764592333518233
2305,197@6_0.mat,Outer,3,0.23589557080692972,0.4436240277663867,0.8940717693930705,0.13578142170731497,1.036413531868696,-0.8088598940726038,-0.8554721294067903,0.1379125485025739,0.2384897771660304,-0.8045295555597316,-0.30471122322888483,-0.8881268936845463,-0.9316412371619152,-1.0069967058692226,-1.109733014508678,-0.657187417060607
2306,197@6_0.mat,Outer,3,0.31266541074857956,0.535404815034992,0.980008505728169,0.20131560219663,1.1490093334759692,-0.6337480144485047,-0.6093213519458386,0.20316544136020973,0.31488017464405094,-0.15014583202630274,-0.2892927044051635,-0.897673946902295,-0.8205729472581947,-0.8295996096637502,-0.14429266781010747,-0.6397790877599406
2307,197@6_0.mat,Outer,3,0.18662742217152772,0.3194327918230767,0.81771937025074,0.09410323151937099,0.9969344314865769,-0.5806522757968986,-0.5974146333042887,0.09651701478340537,0.18958974365465092,0.10157290053887721,-0.2927698131890418,-0.8589339211885831,-0.75022150680642,-0.7302006179937889,0.2427023193966834,-0.61031610466074
2308,197@6_0.mat,Outer,3,0.21278437351187304,0.2645324208067098,0.8343676432298004,0.11619367167578953,0.9895995172498201,-0.5806522757968986,-0.4654976218201866,0.1186844390047609,0.21581884446693972,-0.24274988952832294,-0.2921186951447111,-0.8487018049418867,-0.7535921910848169,-0.7384687950477332,-0.2779330265817978,-0.6168700501088877
2309,197@6_0.mat,Outer,3,0.0011623986677044406,0.30185856032166486,0.6369178426168978,-0.06013086065795362,0.8338334983775645,-0.5931722254422218,-0.6200491875535715,-0.05760711048463972,0.004389969500695687,-0.5216627458065791,-0.3193883960919055,-0.8636683189407807,-0.7219992036354996,-0.6845627993901877,-0.7379597833390825,-0.6276107384331532
2310,197@6_0.mat,Outer,3,-0.11401878660533821,0.24684357475202784,0.5707166273298278,-0.15380111640673574,0.8003102189773018,-0.8178927790714248,-0.8955541525565619,-0.15114558291600805,-0.11054565829288485,-0.42838667957872334,-0.34161230089698713,-0.9185650268059782,-0.8793057083204114,-0.9164787308520899,-0.6023482939335998,-0.6615986061667853
2311,197@6_0.mat,Outer,3,-0.23042765418944877,0.4150977389525011,0.3933850643738191,-0.24682299671328187,0.5771035167262634,-0.8178927790714248,-0.7688242264212541,-0.24442630097228146,-0.22719638294495395,-0.0922849110912497,-0.34810755009080807,-0.8494319349165236,-0.8444949295173946,-0.8805112774696134,-0.008305238485609549,-0.6473106257405535
2312,197@6_0.mat,Outer,3,-0.06280052034425002,0.5071968999801898,0.5909956915815752,-0.11234835263799088,0.7470363867866209,-0.9228003344107731,-0.9186602600193716,-0.11025515615399042,-0.06005671989279504,0.1829759455460889,-0.33849902051208874,-0.883787888840277,-0.9629979141792733,-1.0574079815914421,0.43863061104943923,-0.6667927114760576
2313,197@6_0.mat,Outer,3,0.06085196389747169,0.2822212668613916,0.6967068860557606,-0.010951163591162329,0.8329625733669763,-0.786646116623668,-0.7135346121352454,-0.008421244363028577,0.0640439006423569,0.2707895310322974,-0.3218061700914576,-0.8638843179078595,-0.8795232756324486,-0.9314875141808052,0.5414850552741657,-0.6532229856972174
2314,197@6_0.mat,Outer,3,0.000987324601165847,0.06375319337826119,0.6048048998940003,-0.06027446826750752,0.7218499406481886,-0.786646116623668,-0.7135346121352454,-0.057509869381822946,0.004508429664687993,0.137070258514419,-0.32647884038169195,-0.8279195483246403,-0.8620573237858546,-0.9137621680051786,0.34340582593231056,-0.6491234502881573
2315,197@6_0.mat,Outer,3,-0.12072302737726605,0.06328200021481738,0.5061345750818493,-0.15920337617275176,0.6457634550476544,-0.6687779831024683,-0.8019508396715064,-0.15638738476080272,-0.11704590424549358,0.24930204652544244,-0.33896483891130935,-0.8533362684742152,-0.7519114335158097,-0.7344854455576004,0.5718408559700233,-0.6509988094955222
2316,197@6_0.mat,Outer,3,-0.14268474793784314,0.14008648585613231,0.42994868841417144,-0.17686161760892743,0.5718565534740879,-0.6687779831024683,-0.7252055541700316,-0.17407994244763833,-0.1390336107527603,0.3066148039395097,-0.32723407284728867,-0.7908470594883222,-0.7355460884560778,-0.7271821242697033,0.6805806655087435,-0.6053957771613867
2317,197@6_0.mat,Outer,3,-0.07196394688742111,0.23916439968293254,0.5332619500090902,-0.11978817933931273,0.6923760902959802,-0.8084572291817961,-0.7815561631864754,-0.1171399543351057,-0.06853072926701945,-0.05143041476802037,-0.3256823234306001,-0.8289925024747282,-0.8648662574801866,-0.917859081456463,0.043654532956394564,-0.623708716914098
2318,197@6_0.mat,Outer,3,0.05824835382726915,0.14731993766251075,0.6894180607839895,-0.013105420726886953,0.8513230242930926,-0.8467539482139986,-0.7489011031497496,-0.010414298963183138,0.06163690013558486,-0.20409800585106935,-0.3149392878668093,-0.8587013746595882,-0.9232281705217659,-1.0013458395163795,-0.21762299712443603,-0.6323965548839229
2319,197@6_0.mat,Outer,3,0.1472585581676534,0.12081850595639612,0.75766554135535,0.06101245685706041,0.8634049386790432,-0.8467539482139986,-0.7489011031497496,0.06368490852705523,0.1505574122007679,0.04167599464124516,-0.3093937152608282,-0.8361885394481611,-0.9354709755064119,-1.0262326161824515,0.15910273813211057,-0.6438662698523778
2320,197@6_0.mat,Outer,3,-0.20511665522882633,0.11944313131715531,0.4316719146693213,-0.2267379211370427,0.595544289903561,-0.8802796806358357,-0.7841497058608726,-0.2239155569718117,-0.2013674361955132,-0.0940780139309122,-0.34865658354277057,-0.8644736644181136,-0.9008089133961185,-0.964707980776225,-0.014476925775393334,-0.6573011166783791
2321,197@6_0.mat,Outer,3,-0.533325767530544,0.07576225157089271,0.055793260522133674,-0.48110957151906086,0.28461343494845215,-0.658643526762328,-0.6655540726589009,-0.47813175777316386,-0.5291269362255763,-0.021807459493013288,-0.3639972630290676,-0.8057364374501775,-0.6408766377271055,-0.5755548011188926,0.17820292612175415,-0.606362573619097
2322,197@6_0.mat,Outer,3,-0.3283442299873409,0.21681456179526748,0.28872214265422674,-0.3237858421797965,0.47273165160037184,-0.658643526762328,-0.7030425531342755,-0.3210038442576045,-0.3245540509691052,0.20244628101282464,-0.35332182229057746,-0.8410853122769508,-0.6960930622324062,-0.6508055088663162,0.5658575540727253,-0.6345660326117339
2323,197@6_0.mat,Outer,3,-0.22661104059780499,0.15210827899912718,0.5435880943557514,-0.24379940460844,0.785660911452436,-0.9890769655124936,-0.906281988164295,-0.24099280334456177,-0.22286544171637024,-0.15326013170748803,-0.3629151968490518,-1.01513195128821,-1.0052983213882185,-1.0916737484783787,-0.11980868334879194,-0.7001654377873838
2324,197@6_0.mat,Outer,3,-0.32515935160047776,-0.08213839798418371,0.4360193777544078,-0.32130094387748087,0.7035688162970838,-0.9569110823459608,-0.910761743692799,-0.3184074424362985,-0.3212287551205507,-0.21439703412867545,-0.36731169849769146,-1.0070964905218027,-0.9613448764635814,-1.023414869145123,-0.22994774733479267,-0.687372192179401
2325,197@6_0.mat,Outer,3,-0.21874656335432893,-0.019329622792181422,0.503552407794576,-0.23756340826275688,0.7512023232024279,-0.792153973330266,-0.7733039819497579,-0.23469624813751375,-0.21493061470320865,-0.25507602633365817,-0.3519827892574559,-0.9616277902548187,-0.846495579032988,-0.8526474241772668,-0.30498692023491053,-0.6645883785444191
2326,197@6_0.mat,Outer,3,1.505305227341055,0.07839838629610432,1.7749096125795718,1.3118849073647825,1.756488547231703,0.5566479406271985,0.6907508577473489,1.3139331866463912,1.506894113290973,-0.600891992164686,0.174063590164732,-0.5172940976293385,-0.18600705369469187,0.019495517251295277,-0.5896292566569498,-0.25731870939765705
2327,197@6_0.mat,Outer,3,1.5831636513743828,-0.07652228487395013,1.8671610641389353,1.390427963280316,1.8196890876436405,0.5566479406271985,0.6907508577473489,1.3924375478471176,1.584654807447879,-0.7035507493287819,0.17945986863182772,-0.5349866439070546,-0.20881382637214133,-0.008085879385094249,-0.6696430818924605,-0.2837334828854848
2328,197@6_0.mat,Outer,3,-0.04824660206060965,-0.07016754464264259,0.5758389114455483,-0.1005108766695776,0.7444897362535788,-0.8062540864991571,-0.7703567743652157,-0.09772678472260216,-0.04466411384809689,-0.5322241697841941,-0.32885819657486254,-0.8504595799571566,-0.8714069256777314,-0.9223520253523966,-0.7664211620089705,-0.641270395265558
2329,197@6_0.mat,Outer,3,-0.03315033088911602,0.05296669042051057,0.5062013243808052,-0.0882049344811975,0.6300869091904326,-0.7416640422521075,-0.6656719609622828,-0.08542233550973108,-0.029581191011097192,-0.43949864748765555,-0.3165469860431567,-0.754080774175825,-0.8081038458558782,-0.8499380165820027,-0.6084077052940802,-0.6078933935047489
2330,197@6_0.mat,Outer,3,0.10027783448933601,0.0007533939308087605,0.7155307463148763,0.021771478115746586,0.834474825909668,-0.7416640422521075,-0.7393521505758338,0.02450522818185814,0.10368578995895947,-0.05447089779349587,-0.31589031239072835,-0.8412700424960833,-0.8494417068630951,-0.8904660871885064,0.016708353662243828,-0.6480421076055973
2331,197@6_0.mat,Outer,3,-0.08873828038906054,-0.03239568186497055,0.6107263526496602,-0.13338075812582773,0.7925725025815307,-0.9439505041641096,-0.9653440281585173,-0.13056929897966685,-0.08509119032292162,0.06239630116672582,-0.34581719712411585,-0.9347536133315609,-0.9825444268079881,-1.0755185089414974,0.2404559428909287,-0.6826697942103471
2332,197@6_0.mat,Outer,3,-0.2209604185971296,-0.061456838594116686,0.5003417514022375,-0.23931960926183266,0.7285014382443264,-0.8406231123483293,-0.7609257100946815,-0.2364605620665023,-0.21715299812572192,-0.1942772188429084,-0.35680666300630637,-0.9605381481540769,-0.8832513350034009,-0.9113398021804275,-0.1946436426227437,-0.6806212523603451
2333,197@6_0.mat,Outer,3,-0.026977592881345543,-0.10399157280767839,0.6580964081657805,-0.08316511883703209,0.8639393164049014,-0.8406231123483293,-0.7609257100946815,-0.08040592185974944,-0.023441794561832298,-0.3675128282702324,-0.33129054672026736,-0.9183833879663369,-0.9129075211324108,-0.9696010219796591,-0.48777815309008815,-0.6553290081808419
2334,197@6_0.mat,Outer,3,0.1421544067914063,-0.09982724403886563,0.8330791604205854,0.05673612222676329,1.038244879038939,-0.8932782224634073,-0.7994751853004914,0.05942517767814928,0.1454769380135237,-0.4385353261920017,-0.31368506870680507,-0.9236227847783237,-0.9828781709227126,-1.078816871524817,-0.580564763469435,-0.6542910202911251
2335,197@6_0.mat,Outer,3,-0.16557854034031208,-0.09794247138509117,0.5111362511788272,-0.1952065597976343,0.7229114497271024,-0.8932782224634073,-0.805841153683102,-0.1923860414425975,-0.16186162825355324,-0.2614667013563582,-0.34524821737860145,-0.9098625577413048,-0.9258803470750099,-0.9923065539826001,-0.31511237759768973,-0.6579337358658722
2336,197@6_0.mat,Outer,3,-0.44152725910952634,-0.10726445505105747,0.07341032798355651,-0.4112887050783264,0.24372973436924267,-0.7059731307933511,-0.7072865320560162,-0.40836148130928007,-0.43746465491231257,-0.2630415794133947,-0.3505641953640066,-0.7158641526803387,-0.6842507839203086,-0.6699036443349224,-0.32645499553830615,-0.5846445519106742
2337,197@6_0.mat,Outer,3,-0.3446361252855918,-0.15126370855640342,0.14691856514478896,-0.33647768343248213,0.31239549939149164,-0.7059731307933511,-0.7072865320560162,-0.3336200869648351,-0.34073682961630375,-0.1475535066576167,-0.3343127847782211,-0.6896988205408304,-0.7015606557703127,-0.7041288816974957,-0.10112603654447931,-0.5580652424617626
2338,197@6_0.mat,Outer,3,-0.04494319292065572,-0.1781217188726914,0.5450071615619503,-0.0978204349192035,0.7138839043459655,-0.9306936844225541,-0.85335013994592,-0.09511049369113843,-0.04145417731752029,-0.009235205649880222,-0.3218970165001339,-0.8118505178373918,-0.9608076161883261,-1.0718122533549281,0.11072546476346247,-0.6205988134652874
2339,197@6_0.mat,Outer,3,0.01486360323621364,-0.18610653275050706,0.6278411205501773,-0.0488805910525185,0.7945560398467064,-0.9866535085615906,-0.9151236109179212,-0.04620391322536107,0.0182672305916817,-0.09475544613902705,-0.3240398151219385,-0.8382850543744305,-1.0178385597844046,-1.154409625106588,-0.038487375873657546,-0.6459711022467273
2340,197@6_0.mat,Outer,3,0.16384903270124246,-0.16738615571639479,0.7162362837022008,0.07493419112750406,0.8306560927969769,-0.7690209751625541,-0.6613100937371602,0.07756478172653865,0.16708551602518212,0.02015863933073146,-0.2993691024163917,-0.7721748080150961,-0.8700096295347387,-0.94087135973355,0.12324182373025369,-0.6212325730153189
2341,197@6_0.mat,Outer,3,0.252644500662751,-0.20621501937422404,0.7800375917052312,0.15001765269450906,0.876611363457396,-0.7690209751625541,-0.6613100937371602,0.15256983970059737,0.2557218549921542,-0.36701518452027593,-0.2809874509673143,-0.7459231659715756,-0.8819133696331747,-0.9660933814268389,-0.4602324534992647,-0.6001313400247047
2342,197@6_0.mat,Outer,3,-0.21046118015099838,-0.1409101939110065,0.4578281790205265,-0.23098548852579442,0.6741802383203886,-0.8070973799264924,-0.7618688165217348,-0.22817428994656752,-0.2067219598261987,-0.5703195145572572,-0.3447193981469703,-0.9005140999678574,-0.8489817721060239,-0.873563907943936,-0.8744421195169848,-0.6420865296963122
2343,197@6_0.mat,Outer,3,-0.42835059154771593,-0.2565435432101513,0.23465500653579735,-0.401182193453489,0.4655023019001096,-0.8802417169901151,-0.8277683781120948,-0.39840814880968844,-0.4244973436038613,-0.4165944206296424,-0.36828787944563024,-0.895141528133691,-0.8618014041157693,-0.8952271152172392,-0.6333820505968685,-0.6593187118628148
2344,197@6_0.mat,Outer,3,-0.14745004879741544,-0.383651082786667,0.4049785998102132,-0.1806853605778747,0.5624475628825945,-0.8619556327242096,-0.7755438597140101,-0.17824789518871742,-0.1442241310898422,-0.363370316580406,-0.33018390459994196,-0.7672434434326497,-0.8813225095003101,-0.9596727128161838,-0.4935586601996359,-0.613409309105176
2345,197@6_0.mat,Outer,3,-0.08080119672683049,-0.3807602490541883,0.5183784981588085,-0.126953464656328,0.6896970811727082,-0.8086775434500603,-0.7313357459458791,-0.1245377772565978,-0.07764826803453924,-0.2008495716367827,-0.32413918811879144,-0.8220415711296596,-0.8621369050981321,-0.9154563113513607,-0.20962620002186763,-0.6158376769718985
2346,197@6_0.mat,Outer,3,-0.3013803946098877,-0.5062249800338328,0.33388742238487523,-0.30270901663002026,0.5314553958062008,-0.8086775434500603,-0.7843854824676361,-0.3005068532906899,-0.298349889521,-0.6052022378674843,-0.35130824043325054,-0.8625307985565125,-0.825089146518048,-0.8465134486233562,-0.9671591274429461,-0.635783963199984
2347,197@6_0.mat,Outer,3,0.1949694113909145,-0.4498346198249549,0.726195354614201,0.10113924890024595,0.8230868358194284,-0.6240541866448921,-0.5411819125912266,0.10327986603796231,0.19760230487448982,-0.5330562395099793,-0.284545105540124,-0.749101227109714,-0.763765439487124,-0.782829425787374,-0.7157526382700412,-0.5906307132107285
2348,197@6_0.mat,Outer,3,0.3644878585068554,-0.39665346710763894,0.885444275899649,0.24596063273926771,0.9488415480390617,-0.6240541866448921,-0.5411819125912266,0.24814943223407332,0.3670613825469278,-0.12012762896254164,-0.2652022869611314,-0.7409881322689698,-0.7954605601010223,-0.8340049114779805,-0.10466973156046461,-0.5958767585363904
2349,197@6_0.mat,Outer,3,0.11052922333671159,-0.6045515317891956,0.7781051000549662,0.030311022645032597,0.9348302353692303,-0.6771499252964974,-0.7733039819497579,0.03204168842284062,0.11272688966795451,-0.3348142357794843,-0.3192650156399197,-0.8985757502075089,-0.8135577722662943,-0.8182952764284787,-0.42299085896410765,-0.6603428925622522
2350,197@6_0.mat,Outer,3,0.08506829451211248,-0.6536829702909687,0.7798568314377313,0.0091253819576359,0.9549160491115136,-0.7287034640702559,-0.7189574740908027,0.010697695913194265,0.08709037036906836,-0.6652990802125511,-0.3230176007976076,-0.928202756527801,-0.8520466115576937,-0.870758867250452,-0.9478374780172408,-0.6635689176812681
2351,197@6_0.mat,Outer,3,0.2472960686185265,-0.34223702420507895,0.8430799401025145,0.14546787562060617,0.9252645459428595,-0.835077291996011,-0.7327504055864592,0.14781866788306564,0.25014074352880983,-0.37819148288965243,-0.29951192732670573,-0.8208989942037016,-0.9418913763922486,-1.0400962213940932,-0.47719452323774997,-0.6469157710701907
2352,197@6_0.mat,Outer,3,0.3562425030104921,-0.44658720748230263,0.9744864569061107,0.238835312179898,1.0649392031298675,-0.5762080267859,-0.5942316491129832,0.24091259760786873,0.3586927233338769,-0.135506197225629,-0.2863955476646526,-0.8457032391873602,-0.7781319846927751,-0.7777261252059562,-0.1257639179752686,-0.6454401764390085
2353,197@6_0.mat,Outer,3,0.4457591504995885,-0.6681498739037252,1.1346959524497702,0.3166365681499285,1.2742890404566098,-0.5762080267859,-0.6154515437216861,0.31799727226685387,0.4473296678424076,-0.3232535393582385,-0.28273156973673236,-0.9195574115518531,-0.8085950165016464,-0.8045070989660673,-0.38493842135729783,-0.6619156885249965
2354,197@6_0.mat,Outer,3,0.4159679417824018,-0.6767332304486177,1.1314076687517536,0.2906355638739276,1.2951440234763947,-0.8921766511220875,-0.8077273665372091,0.2919781087296585,0.4175345456096489,-0.5186582563417295,-0.2933247500969215,-0.9470279252921646,-1.0303685202915913,-1.1482832905562872,-0.6546749948488816,-0.6787792026202675
2355,197@6_0.mat,Outer,3,0.16961282716154666,-0.7275074775472617,0.8228400311925064,0.07977869324432224,0.9777825167278238,-0.802691094561214,-0.7443034593178641,0.08103508510347138,0.17121172916790134,-0.39749236694195866,-0.3113629263045677,-0.8828998855127446,-0.9145347724318812,-0.9814483581883046,-0.514341723892849,-0.6554537690529487
2356,197@6_0.mat,Outer,3,-0.11108843886878902,-0.8107685830227911,0.4441203475158329,-0.15143812525344444,0.546419755531646,-0.802691094561214,-0.8107924624251328,-0.15041295837307478,-0.10963765691041684,-0.44390260953755806,-0.332954826907967,-0.7710789665086407,-0.8428193956770872,-0.8990486827514288,-0.6290215058193677,-0.6337881254850537
2357,197@6_0.mat,Outer,3,-0.08635749856788462,-0.8709284885392182,0.4752435083912674,-0.1314536561079292,0.5677257064289373,-0.8948204223412546,-0.8197519734821407,-0.1307160969407964,-0.08527244398232185,-0.5626862322506144,-0.33584505695804523,-0.778861537614606,-0.9203724895120948,-1.01719676835694,-0.8279490866232952,-0.6507412963007111
2358,197@6_0.mat,Outer,3,-0.2730283870499573,-0.8124623314211153,0.3355381091068904,-0.280451298919516,0.5153332029562337,-0.8177104284488813,-0.7821456047033839,-0.2793668641725029,-0.2714355676431394,-0.33941626685308585,-0.349732046174893,-0.8314402202407334,-0.832577942008872,-0.8667984469681799,-0.4633435929669252,-0.638864763620379
2359,197@6_0.mat,Outer,3,-0.5740496109551124,-0.7788675323626195,0.03624092973157543,-0.5117539873582584,0.2531914881020823,-0.8177104284488813,-0.7215510167651997,-0.5104032905085573,-0.5719880543994802,-0.30024212694421987,-0.3727743982495941,-0.8313758606484026,-0.7680949698546893,-0.7661484523365156,-0.4111758404735833,-0.6287897662881252
2360,197@6_0.mat,Outer,3,-0.25353213635525607,-0.8409249454831844,0.30559648224944125,-0.2650888018988387,0.46713447276789954,-0.8346366634594832,-0.7936986584347893,-0.2641412859697992,-0.25212074573000687,-0.4862820872255587,-0.34353901241729645,-0.7733908127004043,-0.8398566724303896,-0.8938408730838893,-0.7325140001259824,-0.6231586192896522
2361,197@6_0.mat,Outer,3,-0.045917067695434,-0.9199325775373575,0.5623635158146054,-0.0986137399656661,0.694587346939256,-0.8454320626044152,-0.7994751853004914,-0.09813371546780478,-0.045163517705463334,-0.6142387704881278,-0.3317091163335524,-0.8326330378240668,-0.8987543255243553,-0.969800514840728,-0.9042035356913009,-0.6500099197595786
2362,197@6_0.mat,Outer,3,-0.32800287789688326,-0.9927000839134933,0.3339861414100354,-0.3235195725480387,0.5263211681585521,-0.812863514547075,-0.7247340009565052,-0.3233045874358752,-0.32750213706136566,-0.372607730897232,-0.3605190072779992,-0.8936556720693952,-0.828422764496034,-0.8430860967806894,-0.5323187987526838,-0.6603003903389767
2363,197@6_0.mat,Outer,3,-0.035439718236419226,-1.0043016236944977,0.5351942043248366,-0.09007295243269686,0.7176389546002104,-0.6356928792171596,-0.6125043361371441,-0.09004235377809512,-0.035240456346666074,-0.5463436115758341,-0.30980840732851106,-0.7899417103608448,-0.7326652165426798,-0.7229725586844377,-0.7878536412155696,-0.5851142803449266
2364,197@6_0.mat,Outer,3,0.570906613444854,-0.969000341287314,1.148305169283686,0.4270465049433697,1.2403964523722373,-0.6356928792171596,-0.5730117545042805,0.4270002940726235,0.5708245635750948,-0.5940623708668485,-0.24613204131668712,-0.8042192022347647,-0.8528889902941573,-0.9058162442542721,-0.7270358656061983,-0.6147747632325292
2365,197@6_0.mat,Outer,3,1.0980012202722558,-0.9038610701788204,1.44735856010949,0.9130701340537573,1.432046151257782,0.5857294240380367,0.5607200591173537,0.9131066541927091,1.0977883744588786,-1.0633446312433412,-0.006789903720533678,-0.5808013588474882,-0.08089684040450397,0.20236570264225995,-1.1274997477635733,-0.35176480904967705
2366,197@6_0.mat,Outer,3,0.5356277142170901,-1.0847101002886388,0.7683500737854027,0.39572842877546954,0.7841639954143249,0.5857294240380367,0.5607200591173537,0.3950469993508222,0.5348414719266269,-1.2180359052955734,-0.06522209987216812,-0.42428332594393,0.12439939444511806,0.44456411463458445,-1.5492683298012149,-0.19973590302383964
2367,246_0.mat,Outer,3,0.8250136797897996,0.21109797798363464,0.6935794676774603,0.6571163641081936,0.5620987771048387,0.5060408707970199,0.6060526564894346,0.6593972166306136,0.8273578337424329,-0.16792850567967357,0.08786776161211253,-0.017686144473990844,0.08980787526400738,0.23131531485098142,-0.18618857280473763,-0.04872555315840867
2368,246_0.mat,Outer,3,-0.29280047807207094,0.03995584341578968,-0.3432374422384639,-0.2959837234789412,-0.31032225197588537,0.32268966270254396,0.39499518470390427,-0.29309012068469614,-0.2888944311961592,0.0015203335925979195,-0.14418933936134481,0.032238979511392596,0.3327986991390444,0.5526793992826822,0.17501530797426423,0.11137672613524839
2369,246_0.mat,Outer,3,-0.6545843555844706,0.271870043669164,-0.5787597232489504,-0.5717593159880373,-0.4827446054485808,-0.2737011296859962,-0.1720538501710816,-0.5689231917752852,-0.6504851202712642,-0.07614004319708959,-0.27890154212399,-0.10032426265759617,-0.1113161587752802,-0.02314673872137943,0.08344547502437819,-0.17176067795787534
2370,246_0.mat,Outer,3,0.17900856363325002,0.09110176868893881,0.07818937553232874,0.0876845638711809,0.027810805085092014,0.2616824357491429,0.2905112877803741,0.09036071763859867,0.1822877121282354,-0.07132419983163368,-0.09825840599258895,0.031097809492831373,0.11240023953687787,0.24456615648852129,-0.018099756827323427,-0.07740020645761167
2371,246_0.mat,Outer,3,0.2525238643786319,0.04969485314623807,-0.07052912624972965,0.14991499190801286,-0.17242814260709435,0.625348226660245,0.6372485628566023,0.15257524107281242,0.2557281973336804,-0.2664841593073183,0.03009519409817081,0.3299085679886168,0.475712704160604,0.6265390824766516,-0.3124459647838609,0.2131533088585618
2372,246_0.mat,Outer,3,-0.5182878785446263,0.19756978400375722,-0.6403707204392967,-0.46974244057322595,-0.5820489596021944,0.625348226660245,0.5478401996320391,-0.4668628304032125,-0.5142301679308899,-0.1592854350195237,-0.14283942886484005,0.180394326087077,0.751184672979105,1.0677613852457704,-0.11226036116134015,0.31266612439872776
2373,246_0.mat,Outer,3,-0.4129145120795223,0.12341464203300903,-0.45503794434300476,-0.389315732586743,-0.42914820688046845,0.17596302247973133,0.24707583920216322,-0.38641186464246796,-0.4089039671283981,-0.06587318921438742,-0.19927305685039767,0.03928294924792591,0.2497483043607028,0.433589571011579,0.06624304946294376,-0.003982470209651108
2374,246_0.mat,Outer,3,0.5364138495833023,0.19395796582557726,0.3061931330993944,0.3964246470039529,0.16108940956760404,0.5924323644049376,0.5578408011947198,0.39885967169637937,0.5391443764780428,0.3313619479091848,0.02907698936327615,0.15003803885903463,0.2944813582723148,0.4515553799566682,0.47358557431326787,0.008121530174823446
2375,246_0.mat,Outer,3,0.6399640548412951,0.2132424950269284,0.3235557765349018,0.48879087232041474,0.18655895641915937,1.0443281004523812,0.8798004664290817,0.4911563682239999,0.6425393207572604,0.845034960953512,0.1746137373205418,0.247805549081822,0.6461086785958184,0.8930262830639986,1.0851820140644337,0.2501265930523059
2376,246_0.mat,Outer,3,-0.4109023466532097,0.15008404947367351,-0.65886921204704,-0.3877667391107562,-0.6476761151940535,1.0443281004523812,0.8798004664290817,-0.38488389813148627,-0.40692061267581836,0.47009188142305375,-0.0606000840013506,0.3575568203629081,1.1536116954919768,1.5287410787361613,1.1298065529594874,0.5356272283135702
2377,246_0.mat,Outer,3,-0.07285218098875354,0.3219356483265179,-0.2613970440325268,-0.12050879517619517,-0.346763891878433,0.48587423405300945,0.22901505130538244,-0.11798831291297816,-0.0695756629874037,0.5977399092918027,-0.14529036140940596,0.19680480554461555,0.44024159573134203,0.6331866461247495,1.1455540734496084,-0.052184069829684855
2378,246_0.mat,Outer,3,0.5306639438311349,0.2023264195509127,0.2729029898117381,0.3913341513904194,0.07524914505419107,0.48587423405300945,0.22901505130538244,0.39376264504351033,0.5333913994681865,0.8022345944688857,-0.02821662331857123,0.1878121849460788,0.22215025003639882,0.3371974768485875,1.0908520709704046,-0.11623869813885265
2379,246_0.mat,Outer,3,0.12092993712427567,0.1382811436414085,-0.08473199915129688,0.038988077547856506,-0.18442547973485354,0.533016443554255,0.33797682952563507,0.04165938060083125,0.1242473412286592,0.23972438860782302,-0.05693999671697014,0.18646351171632036,0.4037441333918178,0.5873308586050453,0.4722134480130726,0.0764982876060417
2380,246_0.mat,Outer,3,-0.5569374802621382,0.1664823489701405,-0.6844148568221503,-0.4989019060267914,-0.6498725754221152,0.533016443554255,0.33797682952563507,-0.4959758944967975,-0.5527895193907824,0.008679184506451778,-0.16947488705176114,0.19650915652176676,0.6879954951233603,0.9734694501202378,0.24815886205096205,0.23582426810529386
2381,246_0.mat,Outer,3,0.3492552188287523,0.13663647643527307,0.17455753368659907,0.23280367017816428,0.07881467728510921,0.21956128998175783,0.15304033197098715,0.23537587064146712,0.3522833604170744,-0.7470401281412486,-0.057675278161475295,0.10534754016272713,0.04331604178987058,0.12084322749738402,-0.9879795834240109,-0.07768202545373654
2382,246_0.mat,Outer,3,0.5140014182160451,0.13207333114766212,0.33292636411517723,0.37660532771623406,0.21444416000922706,0.21956128998175783,0.15304033197098715,0.37910646927914793,0.5168235313110937,-0.7119118227690564,-0.029017480579563514,0.0884991389950955,-0.010898133936982598,0.05153771211932328,-0.8928067532735623,-0.10842576450495185
2383,246_0.mat,Outer,3,-0.4551976775463419,0.012576971690125394,-0.464223670224959,-0.4217515053168712,-0.39320368063450006,0.39549508684352025,0.43708726889309696,-0.4187886248629489,-0.4510781084890634,0.14506305627250707,-0.1974835251843908,-0.003261241890901475,0.4521968055101272,0.7353436843443791,0.5004447794264101,0.034729177999092996
2384,246_0.mat,Outer,3,-0.11681420615483665,-0.06749574738505029,-0.2731921401391107,-0.156054325659849,-0.2926316337477752,0.39549508684352025,0.43708726889309696,-0.15324048438163454,-0.11314273120165119,-0.02674698885971379,-0.10751946634668469,0.1575937329555221,0.36647696592354934,0.5478560848587816,0.09250946060252303,0.10021394720576528
2385,246_0.mat,Outer,3,0.16797105432149947,0.23686443087975462,-0.06116248356738853,0.07839836042556492,-0.18902621449329338,0.4063740582668849,0.3494700581872229,0.08094698881379227,0.1711070127583802,0.38961951002422435,-0.08453312557441688,0.21143330551162967,0.28689776181676746,0.4169336431470315,0.6860154924633188,-0.03265189739242497
2386,246_0.mat,Outer,3,-0.06048394421872168,0.3007645890945999,-0.20027503124622204,-0.1104658897013617,-0.2661008466294418,0.4063740582668849,0.2325973563427606,-0.10791425845767127,-0.057177937311319156,0.6239364565567552,-0.1567801792963042,0.12367032526206127,0.34462469633113757,0.5315072476268091,1.181935158853665,-0.09654270478236168
2387,246_0.mat,Outer,3,-0.1931826689787249,0.14971319314287881,-0.282087102914748,-0.21724077603652642,-0.24771337899259152,0.5565304561208391,0.4599244635063831,-0.2144459240899591,-0.18947700571459086,-0.3108239087965695,-0.1416126381274157,0.07221953837456928,0.5113782586162755,0.784971260911979,-0.40435059133036116,0.04424709506165012
2388,246_0.mat,Outer,3,0.6599630641257961,0.10301754383927213,0.2960655258143473,0.5067808116689289,0.15638712144921932,0.5823902369372167,0.7720327898879559,0.509233520620662,0.6626201482861255,-0.38935344788927795,0.14192807224912019,0.30830455017558583,0.29037241967641575,0.38423196260117987,-0.45588071218673676,0.16672989924246895
2389,246_0.mat,Outer,3,0.45434962822055297,0.17788215009501926,0.2677573477856182,0.3241542577009437,0.14510535403678831,0.5823902369372167,0.6720267742611487,0.32664323431378745,0.4572028990500997,0.04869797179611923,0.014296109553704016,0.10491261309136478,0.3012669129466286,0.4790052101329246,0.11750102568642083,0.028078011692934193
2390,246_0.mat,Outer,3,-0.328149771134046,0.17398009652752186,-0.23287023121217434,-0.3236341574733098,-0.22833203631897084,-0.06114276495256853,-0.0787646564893578,-0.32080596243003967,-0.3243005562643448,-0.08630039930104227,-0.2534347674324557,-0.17116017325364308,-0.04745055133809379,0.09363312004186905,0.014600367278507836,-0.26472504931165036
2391,246_0.mat,Outer,3,0.31423961703180747,0.09045680115712121,0.033489071639243445,0.20266694882781588,-0.09314303067098004,0.6565904010042659,0.8469626702531154,0.2052838919304035,0.3173462719732562,-0.6575284119325578,0.049453609501627534,0.2576497498633053,0.45692969810830386,0.6307676600885029,-0.8708159934151783,0.2144056486994406
2392,246_0.mat,Outer,3,0.6011257559636223,0.13181534413493554,0.11804937010118086,0.453993795809673,-0.07648006012912385,0.8208907642955895,0.9348784063787714,0.45645505505306117,0.6038370179712028,0.4047269349693824,0.19160456517041807,0.48604997420573903,0.5559066741571813,0.6702313292039843,0.547531337955193,0.3167962367263425
2393,246_0.mat,Outer,3,-0.12543520726140595,-0.1812841441860008,-0.2518173008262424,-0.16299715235656048,-0.2671535781054212,0.8208907642955895,0.3517089988355843,-0.16025655909079503,-0.12184810412493563,0.6970877263469962,-0.1312196531299726,0.11533655859351795,0.7278602859949336,1.066141383794742,1.3518854467118324,0.029442140480101037
2394,246_0.mat,Outer,3,-0.3493478036409769,0.07488083526372202,-0.3493075967061947,-0.3401421673791729,-0.3196415283582272,0.10575051201425303,-0.07234635996405633,-0.337236974305973,-0.3453837889265169,-0.6161742502556999,-0.22563519449391117,-0.032619373843256944,0.14320169412772388,0.31231770153500965,-1.0042203338049964,-0.14845498003836813
2395,246_0.mat,Outer,3,0.2995593481272988,0.04919500330907932,0.1281411119000988,0.19007671141602367,-0.018552044491708816,0.6343569439956769,0.27737616930998765,0.19271630463092804,0.30270358559402494,-1.0187834727109664,-0.06230453569174565,0.10875159743477174,0.39895397228335233,0.6129757393503609,-1.395130831202347,-0.05847878697088313
2396,246_0.mat,Outer,3,0.6589656848247379,-0.06697977335959679,0.3584890270046199,0.5058824699107202,0.1581840784578162,0.7215852815592374,0.8881591781829649,0.5083537519011381,0.6616441336836636,0.22997669255544725,0.1186477713401302,0.22321076926421324,0.3764413987705214,0.5348973984998129,0.3120534583118619,0.11892258409939371
2397,246_0.mat,Outer,3,-0.23308451296684224,0.1243982175190309,-0.353884014298851,-0.2489267589403799,-0.34039630361336115,0.7215852815592374,0.47276105655698764,-0.24609625988855335,-0.22930388141367314,0.5746076198963844,-0.08669892193892104,0.1257574588889594,0.6911665283142664,1.0104290343406124,1.2096622841793236,0.2658630349834585
2398,246_0.mat,Outer,3,-0.4041599345868614,-0.0022895299182740894,-0.3916341600329623,-0.3825727290811275,-0.3701255585189037,-0.17905538088972217,-0.07264488538383776,-0.37962960238494164,-0.40010511600228116,-0.4365887344863089,-0.2422886138243821,-0.042733920044664794,-0.09396319804074996,-0.018758712175124297,-0.6685738084804111,-0.17753893300702725
2399,246_0.mat,Outer,3,0.3100013124112189,-0.016865796137355723,0.24396465649849883,0.1990293487413611,0.1378291075527585,-0.17905538088972217,-0.06831626679700525,0.20167067054892074,0.31313958384539226,-0.5409442859571144,-0.13056024121765894,-0.033815698228222744,-0.3007874035931858,-0.3137234109241866,-0.7047123085873501,-0.23769685290472384
2400,246_0.mat,Outer,3,0.3913738418315174,0.127735924496188,0.2061028352009939,0.26925216681162806,0.07796353985539885,0.6819746676587828,0.4339527519853917,0.27181202133248483,0.39435584697527226,0.21918679349486928,-0.008227504446299251,0.11298068665842133,0.4057638371356996,0.6206488038302782,0.363732919011519,0.01633055754960703
2401,246_0.mat,Outer,3,-0.31460587271948653,-0.07426790646913725,-0.45091830418319073,-0.3130580770259719,-0.44895516093486026,0.6819746676587828,0.4339527519853917,-0.3101655243286406,-0.3106845282995734,0.336388086588213,-0.11455350520088814,0.16365673048260487,0.7044809101196916,1.0112466469772923,0.8145559071050701,0.23763313083817156
2402,246_0.mat,Outer,3,-0.14834762898115053,-0.1434729226331838,-0.21644775088172527,-0.18140528078126963,-0.21201889472144358,0.14472084813571087,0.1557270607490205,-0.17862173556467342,-0.1446898904659268,-0.11174330937236286,-0.16623057352111,0.03507102318550704,0.12492789514162367,0.26059554390028006,-0.05170652544343009,-0.06991577781174364
2403,246_0.mat,Outer,3,0.5478064092029736,-0.05994962726278288,0.32309163557691783,0.4065226157441511,0.16073673455695983,0.18385594787430565,0.33842461765530696,0.4090477416041359,0.5506298983779785,0.0002324434072077253,-0.01807035122260813,0.140901100964897,-0.03591888119401911,-0.001417415860671459,0.04035203208066888,-0.10366424484533565
2404,246_0.mat,Outer,3,0.5499250699540259,-0.1310895460222828,0.3029008994133683,0.4084022715498745,0.11066362881916064,1.3626077515820931,0.9901056090383521,0.41088965799835353,0.5527044418945918,0.5092242733134248,0.09267449957697523,0.17023628390923376,0.9083173402734497,1.2889314623323906,0.7001518697576112,0.14007450130525054
2405,246_0.mat,Outer,3,-0.26690704152443334,-0.036714671929047475,-0.4507649424829835,-0.2756328519860275,-0.5005258044102239,1.3626077515820931,0.975030075339385,-0.27274852234596847,-0.2630325700668333,0.5309108564161918,-0.060333828798016235,0.22674783376467827,1.3184096537039751,1.8221976349077058,1.151767280577135,0.38996380655360235
2406,246_0.mat,Outer,3,-0.05725099552650273,-0.2754816522079858,-0.2178071720996094,-0.10783768127161696,-0.28183360362793247,0.5740217973807821,0.44738639587555956,-0.1052430420652592,-0.05389445940222324,0.360147826140069,-0.11752822424077282,0.15313492217170838,0.49730786976500096,0.7302240611488897,0.7352701386150338,0.024474127599592863
2407,246_0.mat,Outer,3,0.39650502572802515,-0.09224637641855775,0.21764063166391495,0.2737073861618031,0.08836442789931223,0.5740217973807821,0.44738639587555956,0.2762880349724097,0.3995070654502667,0.4114140901744206,-0.04366620069653867,0.10356494420980716,0.31404889053102736,0.4972909197741404,0.6281487565731876,-0.07245094447859927
2408,246_0.mat,Outer,3,0.0737146083242518,0.15005180109708263,-0.12011168873922512,-0.0002963106576590914,-0.19284847131680424,0.3567213168987093,0.4523120653019549,0.0023859278958675793,0.07708077651311897,0.21971238260061826,-0.07994295061907407,0.17794421212028444,0.26872827881004097,0.4050642321968528,0.45571208010457215,0.04455322945576174
2409,246_0.mat,Outer,3,-0.31102075944134155,0.036086038224882856,-0.4512403918640473,-0.31025480351558177,-0.44615989808967366,0.3567213168987093,0.4523120653019549,-0.3073529741052793,-0.3070902958015998,0.28237204594663323,-0.1416300704654791,0.16890383109897084,0.4112050058457376,0.6048522888248424,0.7104763798650425,0.1352915121366988
2410,246_0.mat,Outer,3,0.2508199624831963,-0.06610906719164246,0.10613785884839662,0.1484651710598114,-0.007582924412845229,0.16962960062836738,0.34126060914323125,0.15112183249349165,0.25402138284992654,-0.14803938351862111,-0.08979735169135881,0.07996917924577072,0.0266185195310113,0.10677383014373891,-0.13823932021965965,-0.09924979155619656
2411,246_0.mat,Outer,3,0.30656708132868365,-0.03534411592393486,0.0733004371362174,0.196083468550609,-0.0773072611436438,0.16962960062836738,0.34126060914323125,0.19872380776234835,0.3097068339908611,-0.1508475193478401,-0.05945175710098011,0.19264385038621604,0.03824574059109801,0.0827408321764793,-0.14505337484013117,-0.05564383711048295
2412,246_0.mat,Outer,3,-0.2658123207739033,0.026089041481707636,-0.29604118522981804,-0.27477065467745326,-0.24655799880827675,0.35373527086991846,0.5167935559747614,-0.2718854165612271,-0.2619375335035804,-0.18310172182390985,-0.16452300079731172,-0.0012950324395580816,0.339769086635707,0.5764550989384162,-0.17263946507664743,0.01778479367866152
2413,246_0.mat,Outer,3,0.3505224888368168,0.16619211358082253,0.10972625570134506,0.2338971744532576,0.0357461058684949,0.8775172052941272,0.8214387468617964,0.23644401544284643,0.3535203073982251,0.39504604544561533,0.06271511145188675,0.19543199254758334,0.6059972399335306,0.8613655679474809,0.6224745834122258,0.21921159733397544
2414,246_0.mat,Outer,3,0.379014464995835,-0.059772261191533047,0.16222085595851937,0.2585341765737482,0.0409297729715444,0.8775172052941272,0.7130740194811072,0.26113598666418397,0.3820542128208108,0.387588618128891,0.033623855240765395,0.15767575573951104,0.5827922273924334,0.8461764530278816,0.6015155990401129,0.12634225676697886
2415,246_0.mat,Outer,3,-0.1130982299278984,-0.1334759258900085,-0.035173596382414594,-0.15305890547779577,-0.020557397737485873,0.07060306587723011,0.17707162826339906,-0.15028251366747272,-0.10947599925966016,-0.1732195787318961,-0.19530329823851494,-0.17280124165822255,-0.00562288523129266,0.15426720325886373,-0.16120345386486346,-0.18733556533734766
2416,246_0.mat,Outer,3,-0.20837612517215712,0.022751334504550764,-0.1799468936765637,-0.22932880379920556,-0.1566896458637619,0.03127139996198941,0.06855763817281885,-0.22646662230071005,-0.20457437178196153,-0.11010893943140992,-0.2066495568925292,-0.0928293254868973,0.013202304473333365,0.1511832373199115,-0.04305824862575534,-0.16810479787139893
2417,246_0.mat,Outer,3,0.5180185477302726,-0.005272504752931353,0.23293266388273348,0.3801531625601939,0.07429553931426225,0.687553627363072,0.5472431487924757,0.3827013163251473,0.5208907937107067,0.5950289296381611,0.01699976494978727,0.22689859027979595,0.39937637283759575,0.5647861253443088,0.8255891099131634,-0.007206531811863291
2418,246_0.mat,Outer,3,0.23515332975008735,0.02781432962932027,0.16402660533518273,0.1351513257722493,0.10939295775339929,0.687553627363072,0.39663707451270236,0.13782404101991935,0.23838559195811054,0.8105876423930072,-0.07715182320521878,-0.016923840729444386,0.4275420945760119,0.7066304145078824,1.2823821125688164,-0.056262021740475864
2419,246_0.mat,Outer,3,-0.4304924032222457,-0.01726890084474179,-0.30239233725524706,-0.40282640794523056,-0.2544245185036156,-0.1765448490227917,-0.08742189366302232,-0.3998734845166366,-0.42640471687389403,-0.48904980120701613,-0.2608393335248965,-0.2051124169146625,-0.12354853813020303,-0.003421770163227647,-0.7788912447020693,-0.23424077194211299
2420,246_0.mat,Outer,3,0.03272499449031777,0.17722105837490623,0.002863519736009979,-0.03417989186276865,-0.04031963178143784,0.445788105990694,0.20080439913602902,-0.03150472312189864,0.036113418910537445,-0.9453037193699901,-0.144828594062581,-0.04480839197862101,0.2941168082461542,0.530308479318806,-1.4168661519956212,-0.11873044048158415
2421,246_0.mat,Outer,3,0.5277512794252803,-0.10230786991491514,0.3128936415228544,0.3887570581108564,0.21273031868045014,0.4738794706887873,0.6547122999138212,0.39127283806807794,0.5305795085470354,-0.6357363321108885,0.06727330876438893,0.13100671306120026,0.19777094885820848,0.325328227930841,-0.7894860254749859,0.09918883982931904
2422,246_0.mat,Outer,3,-0.02955351945176743,0.056886241126005925,-0.12485740507854043,-0.08526883496630613,-0.13962732710442716,0.4738794706887873,0.5257493185682073,-0.08248896798849532,-0.02599046933830892,-0.3412457700023987,-0.06935976158051516,0.055165465666797336,0.37055059887595077,0.595893060764505,-0.4443315977229089,0.1533600350730484
2423,246_0.mat,Outer,3,-0.4876887999739329,0.16232230838991596,-0.4276921489230536,-0.4465273150084007,-0.4031442342276008,-0.2925872108720116,-0.2414610102702834,-0.4436246362878782,-0.4836235202640245,-0.22106701934090925,-0.26005756284281123,-0.10017011765647929,-0.18283158978710304,-0.12492898749083839,-0.24159945343800443,-0.19647133507140674
2424,246_0.mat,Outer,3,0.42293016723086724,-0.09387491943639739,0.2078106427084613,0.29670230723769814,0.03774857851937517,0.3123685872496081,0.2951384317869875,0.29927022978341483,0.42589747851219206,0.08345412118698761,-0.05352904268615944,0.14817808433898821,0.10664033232401904,0.19292398840883795,0.1699629193143863,-0.11188469262093963
2425,246_0.mat,Outer,3,0.8177836985090369,0.1309123895903906,0.38141959186384516,0.6504612711309034,0.15949207301595367,1.518539675316983,1.1077246244322687,0.6528214590743318,0.8202194170594306,1.2031707215145027,0.2656677659233002,0.37641919535363555,0.9936201936354225,1.3039796563605677,1.4089793609972645,0.29572624634349476
2426,246_0.mat,Outer,3,-0.2046131729878617,0.0634004131973655,-0.44885465914920925,-0.2263375981867668,-0.44380112584043246,1.518539675316983,1.1077246244322687,-0.22348688726248203,-0.20082871222358903,0.8752643441052308,0.04335580629709511,0.30650855528266246,1.4578511922799344,1.9674235586509143,1.7322934109455843,0.68711763643013
2427,246_0.mat,Outer,3,-0.3332490246918334,-0.005127387058272424,-0.310117392382341,-0.3276102258214518,-0.26839230841284073,-0.0025636880575300226,0.1266208323203233,-0.32469559451872865,-0.32928518304695203,-0.26543614206659794,-0.21223141229280182,-0.06826534166793366,0.03228301896632294,0.1690914092379072,-0.327501518195841,-0.10884738466965956
2428,246_0.mat,Outer,3,0.3835739497479047,0.1672079374434356,0.2028804155179726,0.2624859667469756,0.104709641786559,0.7330221489530313,0.5799316822585516,0.26501706728823515,0.3865287210643641,-0.0008309785943298954,-0.018726098646860083,0.10804554824647856,0.44832547698276404,0.6817676379997895,0.05992884510696824,-0.003939431574487928
2429,246_0.mat,Outer,3,0.3440562700787949,0.0809435300628089,0.015945908745784398,0.2283196452226683,-0.09069350334426357,1.3299708373119996,0.8993538814247712,0.23092785378255684,0.34713007567779397,0.8865903902224759,0.11291750891942483,0.31896732829766894,1.0252945241143796,1.3749035352008399,1.3197126241511346,0.34879255594832864
2430,246_0.mat,Outer,3,-0.5918294417162409,0.1535507499571943,-0.7818593229961367,-0.5250696503922399,-0.7391131929070952,1.3299708373119996,0.8426340516662839,-0.522118630784942,-0.5876220130299015,0.676281972173991,-0.09391558203522174,0.30452439029961026,1.5042613065505344,2.031469261464491,1.703002851460468,0.5991635458924838
2431,246_0.mat,Outer,3,-0.18765642011213451,0.18931419959648943,-0.37670404912670474,-0.21283705668202954,-0.40622212621441744,0.36034764070649733,0.5153009288758537,-0.21008163997381368,-0.1840043480489737,-0.012312388209421129,-0.10870902768713633,0.21919813014491926,0.38091628275360534,0.5426461391053703,0.12980864920207943,0.15190296378866303
2432,246_0.mat,Outer,3,0.3646675447128232,0.06549655767577323,0.11722225001039913,0.24611600315272011,-0.020857516111488207,0.36034764070649733,0.5153009288758537,0.2487213236087576,0.3677222940283095,-0.06444371630396473,-0.02201146212066094,0.20214983407030102,0.1789676227431682,0.27247610592197125,-0.02668330499220118,0.0003587690378868629
2433,246_0.mat,Outer,3,-0.08361987709841821,0.2572937774500823,-0.14036498634006575,-0.12923685758017542,-0.14285193610493513,-0.1366552871371222,-0.038463724818854225,-0.1266085843801392,-0.08020270922694388,-0.23887710033117082,-0.16604215776600598,0.00909336900208297,-0.14478268345450998,-0.108126150664919,-0.27442344535174357,-0.11118260801577048
2434,246_0.mat,Outer,3,-0.5485182411885434,0.11991569317289752,-0.5059018036614301,-0.49256549850683234,-0.41291297910773406,-0.1366552871371222,-0.046673173862845814,-0.48960580492883615,-0.5443318935358434,-0.08292711972634181,-0.23793448628552044,-0.06596044312094974,-0.013137436581752704,0.10388862576300761,0.051801034267543095,-0.06360079283691931
2435,246_0.mat,Outer,3,0.19409406443166544,0.1540989723592395,0.0530896848212071,0.10040054177413867,-0.020113286378069167,0.5851797167893615,0.49529972575049286,0.10302723053404067,0.19730315209564958,0.4706017190090619,-0.05669309333564161,0.08377292706216281,0.38947185904003406,0.6102684358183229,0.7974245961878343,0.02559728529678099
2436,246_0.mat,Outer,3,0.5150417401479314,0.1964572150113714,0.2948366507792974,0.37752392654982014,0.1392793926295104,0.5851797167893615,0.49529972575049286,0.3799660404632545,0.517796271154658,0.18856304803725618,0.008732590209982212,0.14013126553196803,0.29306482205147427,0.4535398932995995,0.292197102203905,-0.023869677265822665
2437,246_0.mat,Outer,3,-0.18430748951954318,0.010158343445808718,-0.3594449695398605,-0.21016656823538513,-0.41577813425171445,0.3955774686520887,0.4321615994667021,-0.2073130755406423,-0.18053504743975313,-0.5772468583710053,-0.12108972813543792,0.19771595230673225,0.40454297569456094,0.5838007685481805,-0.879386566751614,0.10717330368037531
2438,246_0.mat,Outer,3,-0.5413219266025335,0.11985119641971595,-0.632189460645372,-0.48714261245632523,-0.5875435712372145,0.3955774686520887,0.4321615994667021,-0.48418568386802086,-0.5371446875443341,-0.43810915459290317,-0.18202969921719225,0.13598075283908556,0.5326223073508177,0.7864507717891679,-0.6999308760824603,0.1684448528760363
2439,246_0.mat,Outer,3,0.31521533516992145,0.2432012368798642,0.10436429319528967,0.2035046869806172,-0.0039579990093500635,0.7876959540550673,0.4835079716691226,0.20598013753356378,0.3181565852702331,0.6608304369825504,-0.020822119999493044,0.16018486348371733,0.5346501753761931,0.7786831853048135,1.0162016502334665,0.03649340347830523
2440,246_0.mat,Outer,3,0.4960739832056419,0.1514223571021957,0.2545658839071443,0.36079626750611177,0.10350996975919646,0.7876959540550673,0.4835079716691226,0.3632903904509929,0.49890169725579,0.6981997372208963,0.016363044327993247,0.1717282664961156,0.47091951040075963,0.6859069820089299,0.9723402439539157,0.005494508070804203
2441,246_0.mat,Outer,3,-0.008246033168262236,0.13879711766686312,-0.04406498835491192,-0.06784298733554832,-0.05270096464066131,0.21481917423311173,0.31215438071453405,-0.06511676433211026,-0.004764702201958782,-0.21903731024955703,-0.1452100919786234,-0.030959132308375187,0.11885255186540411,0.27732432939400903,-0.24109972024929718,-0.09422345765443212
2442,246_0.mat,Outer,3,0.5048542213066034,0.05549956093259827,0.27901568956530115,0.3685340928837568,0.144730168975386,0.5254848479534645,0.5587363774540646,0.3710794224831328,0.5077333304691325,0.40213083883773704,0.0178715999574967,0.1492825857097153,0.25149130120924207,0.39250275309773414,0.5766629933458413,0.0032124179085054826
2443,246_0.mat,Outer,3,0.132939192188256,0.20335836760182163,-0.05633379229688135,0.04902353756038803,-0.1616021727485834,0.5254848479534645,0.3287225415124082,0.05162812001312293,0.13616780370738188,0.6167269541049709,-0.08540660117498859,0.1611153705872012,0.3853415345744933,0.5724267129295241,1.052211331539761,-0.011871057274254077
2444,246_0.mat,Outer,3,-0.25111660918994794,0.238476849709299,-0.22179743485625691,-0.26318220135501064,-0.21781750505607061,0.13057688269834153,0.17438489948536517,-0.2604588213220436,-0.24745793630665808,-0.44144686312008213,-0.2073153080640388,-0.08835890828072686,0.11474817399131096,0.29375605698500773,-0.6489209758778286,-0.14381707429326548
2445,246_0.mat,Outer,3,0.11438869493310111,0.17681795366752037,0.08168408504466265,0.03352934097385261,0.03530275630112812,0.5813568268049272,0.501270234146123,0.03616984520675236,0.11767414320023688,-0.8196507819327153,-0.09509598807640923,-0.05201279778966317,0.3745232603606533,0.6470203395081398,-1.1795361897616927,-0.026806907997197302
2446,246_0.mat,Outer,3,0.678698634772956,0.27546573765904814,0.38088583557407263,0.5236785652334408,0.2421869391517988,1.4415500313977885,1.2450463175317645,0.5259420503789209,0.6811320780679815,0.7328238747501853,0.2166745876789241,0.2163131781784057,0.9333856963863064,1.300583284914698,0.9262087769423217,0.3075858110955175
2447,246_0.mat,Outer,3,0.030131989328202838,0.10891899675540465,-0.11767287375270839,-0.03631646589043317,-0.12326018912065752,1.4415500313977885,1.0350336847154695,-0.03358602341739398,0.033589400133415194,0.9524572174448197,0.036799923212289073,0.11983693065797205,1.1915778373520824,1.7064673277457303,1.6569060925386312,0.42349601478068366
2448,246_0.mat,Outer,3,-0.628903442217891,0.15548565255264754,-0.5483140303258689,-0.5527108704605093,-0.45473106199376834,-0.14502372669355634,-0.189666849938191,-0.5497471945387954,-0.6246512356311443,-0.5048556465038255,-0.2700278617234507,-0.1110395461984924,-0.004416523329123515,0.1328905924081468,-0.8666414219944024,-0.14860752417094594
2449,246_0.mat,Outer,3,0.10838679934034207,0.009545624290581653,0.039004197174286985,0.028525293487878054,-0.003556186665164441,-0.13805002706319464,-0.009506759100046964,0.03125523114654532,0.11178397844409735,-0.3759849127404088,-0.14273894647801966,-0.001468665055881831,-0.20477316242777002,-0.1888843322243601,-0.4875012508787995,-0.15830335448475316
2450,246_0.mat,Outer,3,0.9027990238118606,0.21096898447727083,0.3825520679041564,0.7291205928466241,0.1258595806734193,1.8926089234895889,1.3272900706815716,0.7313643125570182,0.9050449670223306,2.103374148949921,0.40893386108340357,0.47316969409592635,1.2869171905178274,1.6476026806409243,2.3664376538427248,0.493967231284936
2451,246_0.mat,Outer,3,0.17584000695429924,0.19750528725057517,-0.2665545904953799,0.08501723453535845,-0.33854856013500145,1.8926089234895889,1.3272900706815716,0.08760966480297266,0.1790221617525996,1.887191304255907,0.2825449741868014,0.5240561527106778,1.6712687920051186,2.1295426794886185,2.958736739010737,0.9653666371996281
2452,246_0.mat,Outer,3,-0.5247559271317533,-0.00599809322622644,-0.5828780192055243,-0.47463502039335254,-0.5422000514389731,0.08028386355116773,-0.009357496390156506,-0.4716442807498974,-0.5205465401538918,-0.1533571762625348,-0.22954764457429777,0.08236451139514235,0.21724010817407782,0.37118144014315474,-0.09939127242142652,-0.04519000450207403
2453,246_0.mat,Outer,3,0.07586824069658576,0.1606615169954852,-0.0742969847403939,0.0014896397879378465,-0.1710961600311029,0.08028386355116773,0.014076749062692023,0.004161823808549385,0.07922067196673993,-0.10476329306081467,-0.1366214226294706,0.11556729342981009,0.01654530276976754,0.08005691975634463,-0.06018853149949236,-0.12118895500086156
2454,246_0.mat,Outer,3,0.8457896592418389,0.11406261282165153,0.21982582876933968,0.6762758940248643,-0.01869265656831689,2.077272489701569,1.5102861530076392,0.6786341741736013,0.8482020575801849,1.9889747449349626,0.5538013097779115,0.6334601173447417,1.5246330534318604,1.8764098179567166,2.294515809922183,0.8174795857486546
2455,246_0.mat,Outer,3,0.14537602609198924,0.10909636282665458,-0.5096241188291346,0.0594348727655146,-0.6238201795111182,2.077272489701569,1.5102861530076392,0.06211562843081235,0.14868620957137774,2.0598226007029186,0.4402572161360636,0.870519696588835,2.0066552997665257,2.3661804228469174,3.267498186778943,1.441978264321047
2456,246_0.mat,Outer,3,-0.40609758885840963,0.24710329044736173,-0.49081707456351326,-0.38406596769922824,-0.4938810841640123,-0.10122889301488441,-0.02831386054628259,-0.3812915589411924,-0.40226008978536687,-0.14696714290579835,-0.21463062212688927,0.1021093285465783,0.013276566475385729,0.08030558003132567,-0.09538614659801184,-0.06859785292005119
2457,246_0.mat,Outer,3,0.3757800696768046,0.08924748703496267,0.16909211829131046,0.2557324058812216,0.023660934429673795,0.24542107079813497,0.23976196641751693,0.25832247782439965,0.37880874285215127,-0.16593810113767418,-0.06399027514115278,0.14445478550858462,0.06624560317142549,0.1384897381572525,-0.16931335481051113,-0.10920784456114942
2458,246_0.mat,Outer,3,0.6988634726145657,0.11957708521869323,0.264711105320178,0.5419133014918865,0.08354845643913682,2.0552355988696256,1.3763975022356305,0.54433757499614,0.7014595437482127,1.5924030873453587,0.3779834513855943,0.3968957934669065,1.4809671050343487,1.94782322337512,1.9653295973957958,0.6204873567783898
2459,246_0.mat,Outer,3,0.13521734657431142,0.15858149670537283,-0.2580357677807246,0.05092925146602787,-0.35290427787342965,2.0552355988696256,1.3763975022356305,0.05357767461522575,0.1384966217226412,1.6759745261387273,0.25347065146255104,0.4589296047942788,1.8075078334923242,2.34842013682868,2.6894762033446717,0.9348395166870548
2460,246_0.mat,Outer,3,0.07930757241969673,0.048840271166579255,-0.051163569960067386,0.004342961768402393,-0.13237664079225303,0.09766102044303376,0.07318478217943226,0.007078824661269187,0.08273409591683324,-0.21362692466746264,-0.126392495433009,0.08734691891355569,0.022858144074334945,0.09889182277384553,-0.2330858866554906,-0.09376387174928245
2461,246_0.mat,Outer,3,0.38993355149255515,0.16798189848161654,0.18937665275490545,0.26800219352831584,0.05362007799671505,0.09766102044303376,0.21662624638444933,0.27052971980553053,0.3928794214851519,-0.4394826082875241,-0.05188599685725941,0.13384052516470185,-0.060588512102202986,-0.033104968505249285,-0.5490765689078297,-0.08825493901351932
2462,246_0.mat,Outer,3,0.3643068872392241,0.05437086775191661,-0.009797074930389886,0.24580415515026688,-0.10994386055462549,1.2485180256293749,1.0910072009245035,0.2484133823599024,0.36736642659532076,0.7801146037357957,0.16701680805469427,0.3806588083174382,0.9706496504451768,1.2710529772381525,1.156993929989699,0.46429415114459066
2463,246_0.mat,Outer,3,-0.03976740423826368,0.12207633440448705,-0.37916944910495437,-0.09360236410962015,-0.4177352519511477,1.2485180256293749,1.0910072009245035,-0.09085070227543025,-0.03623113223393552,1.0194828576852089,0.08704625201468012,0.4167646278059426,1.1731544040877113,1.5247901989524855,1.8297083856181,0.6468543035702543
2464,246_0.mat,Outer,3,0.085969214389802,0.12305990989050898,-0.15261503062202741,0.009873671711034877,-0.2842789081318132,0.5101427087666682,0.24871772901096184,0.012571085117814875,0.0893443948992602,0.5590901624025314,-0.1036448238400497,0.24015836637761642,0.4134330996056784,0.578597143789573,0.988346746924638,-0.03239349739335843
2465,246_0.mat,Outer,3,0.13804367533514642,0.13587863958538712,-0.13706375854264966,0.053294403582012595,-0.25587398755457563,0.5101427087666682,0.24871772901096184,0.055960125241712025,0.14134147454007984,0.5591993299010121,-0.08024553082938783,0.28315337841641613,0.406716787136783,0.5520090211715954,0.9603651071303863,-0.0009225894249397784
2466,246_0.mat,Outer,3,0.08747216638655524,0.22188505995328678,-0.06731695716955136,0.011122220480274418,-0.06273676248611262,0.9274488946475177,1.1511600730104785,0.013724660935247372,0.09073198217955032,0.11235769072441448,0.019067730974520265,0.12016013353319673,0.7294176909472666,1.0660241581280456,0.2818293516735802,0.31983140400151544
2467,246_0.mat,Outer,3,0.10863147274700104,0.16446682543320987,0.013417462276018362,0.02872920255115543,0.0016407582695137687,0.9274488946475177,1.1511600730104785,0.03138385704735216,0.11193820147606921,0.06513598506043271,-0.0056220024356961025,0.0338850407699366,0.6912170825559573,1.0536622182986917,0.20291693049341628,0.23131568694779794
2468,246_0.mat,Outer,3,0.2049742683701114,0.10567803490802043,0.007962870249584282,0.10958901791010965,-0.07008518039678752,0.8030380932418631,0.6114261140455013,0.11224584541616321,0.20821078537828133,0.5518725727459842,-0.023196875498385897,0.15963853428380367,0.590009036820885,0.8552574692101604,0.914398406976965,0.10813160353141155
2469,246_0.mat,Outer,3,0.2059011751268299,0.17728555512808827,-0.04442942265037982,0.11037247143791679,-0.09048110686022028,0.8030380932418631,0.6114261140455013,0.11297272881140694,0.2090701147386754,0.2571733921789359,0.009349164958300297,0.23465427225766108,0.6138244569415224,0.8547517889464114,0.4719034770525358,0.19490977023494008
2470,246_0.mat,Outer,3,-0.17746957199133098,0.2060833554237516,-0.2853135784551345,-0.20470965333689095,-0.24566898250693794,0.9333891841455899,0.6756090792985269,-0.2019767731573878,-0.17385330523006834,-0.8451126422423445,-0.09026456387021001,0.09717242319417746,0.8431011420320877,1.2348185682208415,-1.3542284447998294,0.20598302572424496
2471,246_0.mat,Outer,3,0.5741383360855645,0.18162296177956277,0.23071828109088266,0.42992299877359214,0.08745566585063438,1.1595336183459586,1.282511257714345,0.43235348910060906,0.5768354787765666,0.6762178759167776,0.17457798878693476,0.296347792991071,0.77997329184598,1.0532408112734661,0.9050820157343357,0.30167744730830076
2472,246_0.mat,Outer,3,0.4639668988300422,0.08273331496360334,0.19825728582269167,0.33258120952712156,0.05723290693387918,1.1595336183459586,1.2577336478724788,0.33513461450433296,0.46688636889605756,0.5155937558949303,0.10779082066682676,0.20994305473948482,0.7951414451933463,1.1142235317640203,0.7434624805712371,0.23854455165315758
2473,246_0.mat,Outer,3,-0.03574933441889313,0.051758749248054896,-0.14543561297379456,-0.09032553356747208,-0.19448889936417066,0.8870838185999874,0.513808301776946,-0.08754148014067763,-0.03217642906340587,-0.971016135730598,-0.11704935476453387,0.07650948671410941,0.7328361871087365,1.0914767628971882,-1.4958077131511536,0.010597601999925512
2474,246_0.mat,Outer,3,0.5651729203958863,0.12346301459789542,0.18051601259093716,0.4219461956669751,0.022302906128822873,1.5160291434500526,1.3625160702157904,0.4244299652091223,0.5679366650358635,0.12864239928452187,0.1871679837021949,0.35497884976819133,1.0925985138993592,1.4478200964365242,0.20371698459245693,0.33646408531956445
2475,246_0.mat,Outer,3,0.9084454300667101,0.12770367611959715,0.4205805872536281,0.7343761264725396,0.22105924550572723,1.5160291434500526,1.3625160702157904,0.7366951662034438,0.9107679825952866,0.7235899842952556,0.35853936068710973,0.42804750405682596,0.9726981385248903,1.2511193836871959,0.8120572952473903,0.3970734695008177
2476,246_0.mat,Outer,3,-0.2306036885296794,0.26958040893121105,-0.310633733215345,-0.2469624114512832,-0.2834338491851701,0.6850430954961415,0.5470938860825848,-0.24429104413756328,-0.22702571801772542,0.17812365335324867,-0.11088133758064182,0.06542626472118677,0.6376748010378931,0.9640773469725057,0.48491197664194885,0.17956122349044018
2477,246_0.mat,Outer,3,-0.6561890801305191,-0.03382844222416284,-0.7150167108113493,-0.5729469225455613,-0.7204151492139197,0.1852506878003781,0.09139483278610451,-0.569908108961588,-0.651814978567067,-0.6670170234671504,-0.24815004788693254,0.10700348046360676,0.3749947569161505,0.5804632503778472,-1.237487132191656,-0.030264815516991526
2478,246_0.mat,Outer,3,0.15641673337604012,0.12994493829266407,-0.022319695424670355,0.0686932921369738,-0.17066109383812664,0.35253709712049197,0.4503716500733749,0.07135541521424349,0.15969634645334285,-0.3185773053314812,-0.10042428201896178,0.14228431845026585,0.22612962509969098,0.36019442477391655,-0.3946961540006328,-0.06905164835242457
2479,246_0.mat,Outer,3,0.5255875047730105,0.2081150031489778,0.29038650159324825,0.38684324517568014,0.17137382140966198,0.8128012727243697,0.5433623183353161,0.38926749838027414,0.5283139609036136,0.7248515344028958,0.06858774366663413,0.15842932418975122,0.4761728548184404,0.6987999616453114,0.9923231634233411,0.10371518361300142
2480,246_0.mat,Outer,3,-0.20898474493756528,-0.055257488468808125,-0.45297615181413153,-0.22981243877653504,-0.5143495850898853,0.8128012727243697,0.5433623183353161,-0.22695637522383552,-0.20519021967422507,0.6397966467984232,-0.07207877813771206,0.307044401033303,0.8235929797146483,1.1074436973143535,1.3111144222828257,0.29508438911870793
2481,246_0.mat,Outer,3,-0.27017586202207333,0.1016953603990458,-0.40277174442607344,-0.27820648952937593,-0.4626319807560719,0.30400014769317396,0.23782155118893689,-0.27534656709382893,-0.266329877051641,0.17925831301779954,-0.1746464416517977,0.1499293211222873,0.34215198072522357,0.5174085855197592,0.5006771963248952,-0.015153623021996606
2482,246_0.mat,Outer,3,0.35304183184417476,-0.0009350981014570865,0.2406140281919768,0.23607165251087361,0.1626617427331728,0.39549508684352025,0.286779720033105,0.23869445155734328,0.35612567721174626,0.15659043896731567,-0.05109966077474875,0.02146758125374705,0.1616862887067137,0.3173007943486619,0.2857087916826488,-0.06380444837760826
2483,246_0.mat,Outer,3,0.3824060051799994,0.01875253580728023,0.2639028326011922,0.26147344552078633,0.20406070038920665,0.863290858048189,0.5770956907706273,0.264081979296266,0.3854509139655151,0.493808667608391,0.00013585655172106595,0.025321950550430523,0.5275539347823506,0.8284251470712918,0.7480131647976442,0.04256365050868671
2484,246_0.mat,Outer,3,-0.3609997207313092,0.1291709772544825,-0.4754561107383486,-0.3491927400361366,-0.4671106199781831,0.863290858048189,0.5770956907706273,-0.3463136823700082,-0.35706048903176274,0.36403684208767567,-0.1369061163864972,0.13907479689336505,0.8812867301012085,1.2670502099966245,0.8918007537828365,0.19445778343215006
2485,246_0.mat,Outer,3,-0.2834205294758416,0.07134963802701956,-0.4313381922069131,-0.2886210417233701,-0.47291319710517793,0.418451203439676,0.4802241920515259,-0.2857410816338982,-0.2795390070398867,-0.39299229778213673,-0.14262143094286264,0.1753989450618122,0.4576638596406831,0.6661063650268934,-0.5642722182002937,0.10962818252379854
2486,246_0.mat,Outer,3,0.3781417375330096,0.09934122890791061,0.08669069507842735,0.2577780570527583,-0.09521254705636106,0.418451203439676,0.4802241920515259,0.26036176777663034,0.38116127557156737,-0.46047008436134873,-0.02272465266643888,0.26081553101275207,0.2383483988576608,0.33159927820322377,-0.5797766980106739,-0.01016231027457732
2487,246_0.mat,Outer,3,0.3902363351329426,0.08300742616462559,0.19890291634707502,0.2682649469116125,0.07783215574673862,0.915454131283295,0.8209909587321239,0.2708515275680842,0.39324997568507153,-0.2614720408624642,0.013559065634227322,0.12133051565850367,0.5974825771107684,0.8827176674450385,-0.3022708044371499,0.06973293449512633
2488,246_0.mat,Outer,3,-0.2786400811614474,0.061014033329639616,-0.4062602591929296,-0.28486454933666744,-0.4063465429116134,0.915454131283295,0.8209909587321239,-0.2819827004806685,-0.27475980170831077,-0.06677253834419193,-0.09273903429551536,0.1440078133840499,0.8909487356762854,1.2779612417708939,0.04481271936551789,0.2849592690730594
2489,246_0.mat,Outer,3,0.1067468289029918,0.21261365168340635,-0.22628519107411066,0.027158742677611487,-0.3583764863802106,0.5327374955690406,0.5166442932648709,0.029764008070982468,0.10999574036021234,-0.2288226605107261,-0.035498995622967086,0.374799682084415,0.4653355257319493,0.5942984353988078,-0.2571616126918402,0.14789152762407096
2490,246_0.mat,Outer,3,0.41192638811113225,0.037295352347041295,0.07675491567440977,0.28711655177356277,-0.09447232840023057,0.5327374955690406,0.5166442932648709,0.2897088140611109,0.4149300110504526,-0.1637357970578813,0.01167119636812064,0.3157112153057196,0.3364529295342139,0.4437972033169588,-0.16759961387896088,0.050301997593480814
2491,246_0.mat,Outer,3,0.09332565746233219,-0.010674107831905257,-0.03976762810305753,0.01598752713807398,-0.09928246590025117,0.5233356458803169,0.4993298189175429,0.018724047667654353,0.09674225815528203,-0.07097408949814686,-0.1001057481217319,0.08876958854052573,0.37657302675965126,0.5902373632740955,-0.00845845614358645,-0.027146750882826434
2492,246_0.mat,Outer,3,-0.10848709424812883,0.07297818104485948,-0.1814031112316217,-0.14933955858745895,-0.1992048102890097,0.5233356458803169,0.4993298189175429,-0.1465323749601768,-0.10483021763979923,-0.2924084041283639,-0.1424524302882685,0.03574841533417111,0.43731658996864264,0.6974805793179539,-0.366948847938897,-0.01912250708279604
2493,246_0.mat,Outer,3,0.016078923068809006,-0.06601232206186991,-0.07331632752582966,-0.04788156590635828,-0.12334009969213179,0.07582069578773604,0.06199007893762536,-0.04512320327374315,0.019580927313912973,0.14660773179183725,-0.15640810309788267,0.039810142003521724,0.01241851764942221,0.10143105646304679,0.3549339674010256,-0.1432007345652071
2494,246_0.mat,Outer,3,0.10119298951918804,-0.035763344819616634,-0.11229563467799707,0.0225332926309,-0.18061623140153635,0.07582069578773604,0.12288926457305417,0.025263416156524648,0.10459589205582545,-0.05393461665735487,-0.10444473374581904,0.20118023882385383,0.026557735104808557,0.06369860183446859,0.017441075799576503,-0.04475402191279578
2495,246_0.mat,Outer,3,-0.1668934312994022,-0.02547611268712302,-0.2455531795893685,-0.19625824590697252,-0.2266163124353175,0.4937671594475828,0.370366837571929,-0.1934131825807524,-0.16314485240066215,-0.8676236288980627,-0.15343683775493908,0.0531492491786397,0.4400676991950358,0.6938155978338966,-1.3887093053185666,-0.0146722972029944
2496,246_0.mat,Outer,3,0.058132003181201715,-0.13228273595614537,-0.012285886439669639,-0.01320167126811278,0.008502484826426114,0.4937671594475828,0.3869349983698026,-0.010496835079688387,0.06153720327138612,-0.7978471726303202,-0.10576953590906524,0.007212389779672027,0.34037388631849347,0.5737374602842931,-1.167836643668419,-0.019947120635516083
2497,246_0.mat,Outer,3,0.38318221378907413,0.12197958927471456,0.2933700949096092,0.26214634218133065,0.26191132672531975,0.3464002414457739,0.2982729486946933,0.2647138655905799,0.38617926074280345,-0.14280415834230153,-0.06108229861191845,-0.01248526041173159,0.103425121514634,0.24851123243995565,-0.13741854313184737,-0.10651565562276179
2498,246_0.mat,Outer,3,0.23607277323897707,0.12414023050630414,0.19452443366913888,0.13593186059519985,0.1772739166771751,0.3464002414457739,0.30021336392327336,0.13856326075194497,0.2392557049606961,-0.304698274105251,-0.10216760692125518,-0.05632702930523333,0.13895975539330924,0.31557501582770875,-0.36942755367283525,-0.1228393655399357
2499,246_0.mat,Outer,3,-0.16925419528113636,-0.025734099699849956,-0.2645078758639426,-0.19814592009938622,-0.2562952159879239,0.41315119172060066,0.3664860071147694,-0.19529991365687438,-0.1655026327240995,-0.8072537231889794,-0.14779042971008297,0.07750594594839111,0.37813074626568327,0.5971077740518244,-1.2828991703390857,0.005933473091860732
2500,246_0.mat,Outer,3,0.4898635087793712,-0.09024697706992264,0.1958663517184654,0.3553288036813175,0.02861626235374789,0.41315119172060066,0.5933653261487195,0.3578681759585615,0.492747291009453,-0.42086307406965634,0.011538847293584018,0.24403337543741227,0.19246889841782117,0.2753196744614673,-0.5122792057828154,-0.0015411595886024216
2501,246_0.mat,Outer,3,0.005682077874659816,0.0006611965397917949,-0.06489119215178893,-0.056422217458678744,-0.11230217419194297,0.39186876303573265,0.3008104147628367,-0.05364797823384906,0.009211336517842615,-0.0319174739981887,-0.13549157601068898,0.015144179083397774,0.2761660716127691,0.48034638101013016,0.06532853854377779,-0.07372554898036282
2502,246_0.mat,Outer,3,-0.603710109687687,0.09110176868893861,-0.7376388107244838,-0.5339457897503223,-0.7037115696223188,0.21007705848446565,0.23140325466363437,-0.5309477605159442,-0.5994308346748626,-0.45600440002412984,-0.1930002442000324,0.21624362405024092,0.40930454654600634,0.5827292333093621,-0.7526603234087486,0.17507266050180287
2503,246_0.mat,Outer,3,0.029833360017720384,0.03495734504420187,-0.3394527410570417,-0.03656247652797813,-0.45118168459494196,0.21007705848446565,0.23140325466363437,-0.03380213423733447,0.033327265638530626,-0.40779406861843953,-0.05790903687159973,0.4467034285170598,0.23154508386511885,0.25367599797856333,-0.5472406168444541,0.14177313664489277
2504,246_0.mat,Outer,3,0.681418354144303,-0.0030312425798646927,0.19817433413914357,0.5261350652171324,0.010194116755530858,1.1665073179763197,0.853082441358637,0.5286076647312697,0.684081107889967,1.1081186018595053,0.23185086735728777,0.468832996647259,0.8008197962897569,1.0031079369677893,1.3859566879170635,0.3364840266624693
2505,246_0.mat,Outer,3,0.021425573058741747,-0.23320403049733113,-0.25345035607668015,-0.04348433464771326,-0.2718640792989775,1.1665073179763197,0.853082441358637,-0.040864303483137424,0.024755491481427184,1.0180736470504705,0.08496616871928693,0.3060581972598177,1.0298696675573724,1.3875238659999831,1.7711954290256926,0.5759676215019421
2506,246_0.mat,Outer,3,-0.6202540095022765,-0.08095944461174676,-0.5968856688464954,-0.5462771407803048,-0.5223083692812306,0.22226838802533375,0.2033418652041719,-0.5432666295015861,-0.6159454206129522,0.22922381221777813,-0.23883034048454974,-0.026255490713193892,0.35480346114429706,0.6081578107616343,0.7484678190131654,-0.015053432599933882
2507,246_0.mat,Outer,3,0.2179332282196735,-0.01318948120599434,0.07121000843928489,0.12055190171818392,-0.04670371796747989,0.27722114111258517,0.23274661905265157,0.12323413393893111,0.221189875261837,0.411242478672738,-0.09440883999670664,0.08788677953482976,0.12779544945999718,0.2446333454943238,0.6979844088809183,-0.0912736709346325
2508,246_0.mat,Outer,3,0.4127201408822501,-0.021509562366443656,0.26196479549601825,0.2878075209900708,0.13241173417877522,0.44710046410819754,0.24767289004172657,0.2904024202182991,0.4157261838715158,0.5486547180564185,-0.040855446746634105,0.06359251088427206,0.19520683893874854,0.34780990661084765,0.8105658778645108,-0.0756249971819262
2509,246_0.mat,Outer,3,-0.5457981727669032,-0.0010157190429340626,-0.6582441936877726,-0.49051649568575256,-0.6184350596908196,0.44710046410819754,0.24767289004172657,-0.4875174746444456,-0.5415617261053994,0.4698618253102173,-0.18693636505021008,0.17060024072627059,0.5937959824412758,0.8556056795692549,1.2221891709978452,0.15138638063032636
2510,246_0.mat,Outer,3,-0.15269709617579974,-0.0946650046628742,-0.48749391364538375,-0.18489245450292713,-0.572843588256289,0.38944061297737065,0.3064823977386854,-0.18207556876125192,-0.14899451008211514,-0.4466937568020514,-0.08395340135469613,0.43570530449971956,0.4575419733149799,0.5594785925005344,-0.6406979481762805,0.2063348720511447
2511,246_0.mat,Outer,3,0.5832213736383474,-0.07755724088140767,0.26712002764718246,0.4380144674664505,0.06691441338219173,0.38944061297737065,0.3064823977386854,0.4405167746158088,0.5859922005360676,-0.5265647259832513,0.027525466868042237,0.2574551088842442,0.1471801367208617,0.20858793372412945,-0.6377637919925707,-0.025007740230993763
2512,246_0.mat,Outer,3,0.28675678397323356,0.11846451622630792,0.19874298580659755,0.1791183422683159,0.11736563285149014,0.19158410965174205,0.16677250128093643,0.18173120367812257,0.2898795580729097,0.28206880014550534,-0.0868640296512016,-0.0015877931877449857,0.012237232213112651,0.11619037657923302,0.48302068137677584,-0.11333364853529491
2513,246_0.mat,Outer,3,-0.304908955740876,-0.13366941614955397,-0.33558374398883306,-0.30547223880764907,-0.3164899619610684,0.19158410965174205,0.16677250128093643,-0.3026170689544232,-0.30104271809952293,0.15727960194204468,-0.18595820980915384,0.005318233281101022,0.2135916395657841,0.3964702679108112,0.4715570555869837,-0.031391511180683375
2514,246_0.mat,Outer,3,-0.00721639299475487,-0.17188374240975676,-0.15052751225043712,-0.06699951442643708,-0.20520320732351208,0.40581616229645606,0.31304995697387783,-0.06429958611096982,-0.0037679112561939715,0.3058909020002361,-0.1024753742003945,0.11970264196928442,0.32319160934765295,0.5034329880228143,0.6237856716558293,0.035215029223795956
2515,246_0.mat,Outer,3,0.5277576081080596,-0.010674107831905146,0.3056850149405517,0.3887626565359036,0.10883068045857228,0.40581616229645606,0.31304995697387783,0.391306156940023,0.5306171447997102,0.2683875019771289,-0.01789629076115213,0.1405868008587275,0.14631213385349684,0.2505408639151228,0.393754020522286,-0.09152874700465892
2516,246_0.mat,Outer,3,0.2942785938418692,-0.19220021966201628,0.2343863684548855,0.18555421754440185,0.14674622840126547,0.5751375893216402,0.4649993956426684,0.18810322501442958,0.2973211298680809,0.18954982453839833,-0.07885686651556409,-0.03980604993689648,0.30840430095917326,0.5484025767875812,0.34706896493743444,-0.09733941070288353
2517,246_0.mat,Outer,3,-0.26923202562586473,-0.13910326760511846,-0.29192956907294537,-0.27746351370022176,-0.2655849702437339,0.5751375893216402,0.4649993956426684,-0.27462687398904956,-0.26541630979213904,0.31815817608993907,-0.1584646814830859,-0.01164089183570726,0.5322339794134445,0.8516633336422655,0.7582755861745936,0.04196084760978954
2518,246_0.mat,Outer,3,0.07659936686335389,-0.2426528048384614,-0.13521198078880223,0.002096072242063191,-0.1861521309593986,0.20246308107510622,0.19468462803050793,0.004680231590341432,0.07984520874755205,-0.009996622383220046,-0.07876135681507239,0.20323262039987317,0.14312463323190416,0.22289840731644048,0.09019354090948531,0.04601187165748179
2519,246_0.mat,Outer,3,0.4416631626817237,-0.0928590955737848,0.17175979542465078,0.31305526588985794,0.08837175839287054,0.30212989360524123,0.43260938759637446,0.3156152339857043,0.44460710915912977,-0.49332868279321535,0.03380815968254177,0.2195662201377518,0.1113516128546681,0.17338985271246063,-0.6157987604868979,0.08230812860748628
2520,246_0.mat,Outer,3,0.14011128999902375,-0.014930893541902673,0.0716597319776316,0.05502526030880916,0.051120200539348196,0.5102250905752367,0.2748387032418448,0.05774130052807076,0.14346757995089027,-1.1323364078208142,-0.07365548517566069,-0.007250394279962051,0.3199345010709279,0.5510573177074126,-1.6517880358440762,0.016024747260470276
2521,246_0.mat,Outer,3,-0.4427282903970637,-0.1988756336163302,-0.435119895351205,-0.41220884196185065,-0.38481479274696395,0.5102250905752367,0.2748387032418448,-0.40935743279377385,-0.4387636693228019,-0.4429457836862895,-0.20403761789917924,-0.029791855628734605,0.5419734878940202,0.8736457011982486,-0.6890764026755765,-0.0007399879569857567
2522,246_0.mat,Outer,3,0.048722006648066085,-0.17183536984487005,-0.07912153244174867,-0.020980572205852165,-0.11149433397689153,0.36174238063256975,0.46395455667343366,-0.01830442687537726,0.05209961737366741,0.025381728868477706,-0.07179034315118975,0.08857199337563597,0.2564357441900297,0.4232598237626405,0.15133242932224186,0.08648460987623346
2523,246_0.mat,Outer,3,0.3071190628140125,-0.11857717590501776,0.05440027829599398,0.19655686056735147,-0.04314538837840776,0.36174238063256975,0.46395455667343366,0.199162419202547,0.3102178713866156,-0.3572127151511771,-0.0022046664224356677,0.2196352828063404,0.20399857882838476,0.3002227068563708,-0.44142707938271486,0.08910077591730337
2524,246_0.mat,Outer,3,-0.5269921004308397,-0.16885239501021315,-0.5135764881709703,-0.4763253240456143,-0.46603076539262334,-0.30578014798566033,-0.21116068016245945,-0.4734106376468322,-0.5228815592478456,-0.44103512394028543,-0.2523573523041049,-0.025636971034936274,-0.16448285346427294,-0.12414129971622681,-0.7030035053054614,-0.13937308847500923
2525,246_0.mat,Outer,3,-0.09066306286080987,0.11873862742733012,-0.24415266824832701,-0.1349382494288685,-0.26935256648276135,0.9070856917268609,0.6187399868301486,-0.1321629524691685,-0.08705916409498198,1.2170381167861806,-0.06291363107227128,0.14874181158315752,0.7990734073114784,1.1487649419076456,2.216113962663068,0.22318349955661712
2526,246_0.mat,Outer,3,0.059100582823283135,-0.15329255330510955,-0.10309628606127796,-0.012400367755264131,-0.1596036869719257,0.9070856917268609,0.6187399868301486,-0.009712256796008565,0.06248485012331182,0.784187599375772,-0.04465666901440574,0.13539591192476694,0.7293790263847946,1.0587985698046436,1.3633155186673314,0.1582431082738855
2527,246_0.mat,Outer,3,-0.06917704835528653,-0.42266324296880076,-0.15802253645104253,-0.1175265695580756,-0.20804832479700244,0.05462064891143653,0.07885676515528042,-0.1152078589096183,-0.06615155769698558,-0.9305616747357945,-0.16068659522371878,0.052241344256252376,0.02520509332081172,0.1148092256753523,-1.4464014119104482,-0.10311941316169372
2528,246_0.mat,Outer,3,-0.16622385969825204,-0.37009838912565246,-0.3735834517466712,-0.19572273043904248,-0.43207981750241387,0.2769421931273703,0.3861886848203493,-0.1932495403240412,-0.16294039459863915,-0.4226081548254134,-0.12472664880793938,0.2425786255098391,0.30530947053643925,0.4299564332486602,-0.6005119006531491,0.08139621190965926
2529,246_0.mat,Outer,3,0.3582947976371384,-0.3113257227887582,0.09318793299070716,0.24060805024717083,-0.05423036289070973,0.6314850823349635,0.5759015890915016,0.24296480132401854,0.3610668944481522,0.3765499414796571,-0.013956922253148867,0.22773167846250122,0.4110412250335944,0.5804040883956468,0.5936702120191518,0.024569488615593563
2530,246_0.mat,Outer,3,0.062410852317007624,-0.12726811339626212,-0.016137204915748184,-0.009660924884706455,-0.04609717611531061,0.6314850823349635,0.42305657416336623,-0.006954387355071782,0.06581486840695287,0.4089336957849459,-0.11493299236880328,0.01779235678895228,0.45726988343190444,0.7332414598078423,0.7615212605373647,-0.0495895172098503
2531,246_0.mat,Outer,3,-0.38664311675526203,-0.19811779676644434,-0.5051940090421909,-0.36905270950047264,-0.4954028571234025,0.18767883785873962,0.2599124322527692,-0.3662228261447427,-0.3827481164707376,-0.291405016223854,-0.18467263896882172,0.1499898922924892,0.282039852306699,0.43439895878807866,-0.3802932885461359,0.033088138645276786
2532,246_0.mat,Outer,3,0.04064731038945388,-0.11914152249535875,-0.1784024120891403,-0.02764700501103131,-0.2600244582996374,0.18767883785873962,0.2599124322527692,-0.02492571929627261,0.04408564733205662,-0.35464233150388946,-0.10397221363662354,0.2203115778053313,0.14720589890265035,0.2222102465987678,-0.46012446538120416,-0.002781958733149064
2533,246_0.mat,Outer,3,0.20494561171405568,-0.2550361814493626,0.051613164731680226,0.10956479798971774,-0.037321130606375465,0.505679541003237,0.3669337952444418,0.11207648707206282,0.20801055277173428,0.0690576878166839,-0.07438785339006898,0.09902686592889304,0.32425502177295984,0.5133050290599372,0.18992881646269932,-0.029289525367112046
2534,246_0.mat,Outer,3,-0.23217250902429545,-0.24012130727607656,-0.2894473496515824,-0.24820471033035663,-0.30722584397297187,0.505679541003237,0.3669337952444418,-0.24548761154972634,-0.22853568397489307,0.10209653887468897,-0.15707894987360924,0.032609526197861026,0.47017341176766597,0.7448336249338688,0.34665675452953093,0.01962551092001076
2535,246_0.mat,Outer,3,-0.1848943186583874,-0.021703052625988987,-0.3016420850619647,-0.21063461377140066,-0.3289771526580684,0.28865800850637763,0.32424466021568527,-0.2077816464810297,-0.18112208602420463,0.1367642779261446,-0.14354624679703243,0.11144248329881237,0.28499716726085894,0.4538136236275621,0.39551650463214144,0.03153201390741318
2536,246_0.mat,Outer,3,0.3248593696841073,-0.25685821472674786,0.08110072957456517,0.21179117825075158,-0.049528028975723046,0.28865800850637763,0.32424466021568527,0.21424738886887254,0.3277711413051184,-0.12555768443674675,-0.05170030569972555,0.20401203523090072,0.13355968678575345,0.20949057000374152,-0.1098596213579671,-0.04750975943314493
2537,246_0.mat,Outer,3,0.16320939305648002,-0.2640979752714023,0.15702850182977296,0.07439682055245735,0.1285036335001691,0.3559668547516341,0.32200571956732377,0.07691387474976961,0.1663113073051874,-0.622290881809977,-0.1283485736204328,-0.09375758483300206,0.16052203243862595,0.3609229000600847,-0.8584386101003161,-0.1501321273120456
2538,246_0.mat,Outer,3,-0.3757918152280011,-0.05841782937471542,-0.3185521823455704,-0.36065853709178175,-0.2700047483755776,0.3559668547516341,0.32200571956732377,-0.35773568458555854,-0.371784895308321,-0.3107713937560599,-0.21097982331191398,-0.11131941843551742,0.3514764850098282,0.6399255973493859,-0.41745257736951386,-0.07554293182914976
2539,246_0.mat,Outer,3,0.0008483473707057021,-0.3120190628854625,-0.23359746921686564,-0.060388464140690774,-0.3142820419227949,0.27164218140829494,0.3990252778709538,-0.05787704046844775,0.004061126904598263,0.14725252842379113,-0.09093767128362107,0.2503609180303125,0.24184318628680393,0.34032817055349,0.36024376973727695,0.0645948147178715
2540,246_0.mat,Outer,3,0.19435821848295676,-0.16553081222135177,-0.07297151203938726,0.10062345206741825,-0.18764668833341222,0.27164218140829494,0.3990252778709538,0.1032424224109704,0.19755796764549302,-0.0635974768751573,-0.06187378785189552,0.26108675656677294,0.17781209348880936,0.2490065686336606,-0.008026687001581954,0.011415148293309335
2541,246_0.mat,Outer,3,-0.15742227539267203,-0.06894692433164067,-0.21402141309795228,-0.1886782350836858,-0.2465319559401463,0.7021413044027932,0.314542584072786,-0.18584803389614873,-0.15369948439497402,-0.9485764966857326,-0.16216398016557473,0.020042807256273058,0.6064998615019263,0.9414754846556297,-1.5265691918938717,-0.050350316107736784
2542,246_0.mat,Outer,3,-0.336423270747529,-0.1066936491312755,-0.24744615842580703,-0.3300836935344152,-0.17992195345866366,0.7021413044027932,0.314542584072786,-0.3271981861904668,-0.33249435760895724,-0.7242244834647218,-0.19668758646821094,-0.16132091093871143,0.6223181915072047,1.0498562334641117,-1.206728851758358,-0.048864026266240826
2543,246_0.mat,Outer,3,-0.10382802760478103,-0.153566664506132,-0.07932846146785792,-0.14557891227195405,-0.024210392004126696,0.4892216098755826,0.2467773137823823,-0.14282207128842558,-0.10023700272416465,0.33708451190434896,-0.1490915946142131,-0.10109254181721776,0.36438486748582266,0.6538662745086733,0.7166020010216876,-0.04371108019126668
2544,246_0.mat,Outer,3,0.19864958011565714,-0.23247844202403617,0.06711686555941565,0.10424597505085052,0.00839631428276078,0.4892216098755826,0.2467773137823823,0.10679043460402178,0.2017579257035022,-0.1602107632971142,-0.08848124978315575,0.07006617040269054,0.30441422732314216,0.4974878083483551,-0.15386291957834528,-0.06319713693246765
2545,246_0.mat,Outer,3,-0.04267143023647787,-0.11035383987434118,-0.1398942765418096,-0.09596943777304745,-0.16156981642369875,0.33365101593447655,0.3805167018445001,-0.09320730596313002,-0.03912012146990697,-1.3936072986689185,-0.13131194811412916,0.05994111155473592,0.2570727626923157,0.4355544438047952,-2.207110051663392,-0.028853172298066377
2546,246_0.mat,Outer,3,-0.6344148362106431,-0.05379018733392279,-0.6259814197173071,-0.5568056573873817,-0.5262122518859366,0.33365101593447655,0.3805167018445001,-0.55377985115602,-0.6300748983388061,-0.8615314078148788,-0.2160901417650051,-0.0012472156963432392,0.47190055180853563,0.7621549832044053,-1.6572430875097353,0.09815524671873745
2547,246_0.mat,Outer,3,-0.08565454677565329,-0.1491163885365891,-0.2193105635638726,-0.13088452581109056,-0.22427362949330104,1.0878439861458389,0.7511360105032497,-0.12813162964439662,-0.08208208872390005,0.8550719454482121,-0.06361246824214338,0.11910143826696545,0.9431646934876582,1.362680874533465,1.5927317173100835,0.21679725719447687
2548,246_0.mat,Outer,3,0.39676757256912243,-0.12891278060239747,0.07952229947026711,0.27393543248548263,-0.042540309245975856,1.0878439861458389,0.7511360105032497,0.2764939818985808,0.39974398946031015,0.42141951987382137,0.06114193362792002,0.2934299560290997,0.7928958921375825,1.0721278714967994,0.6418918681529243,0.17984937647764052
2549,246_0.mat,Outer,3,-0.03225759333336053,-0.1518413763585194,-0.15749942810655015,-0.08747633472909563,-0.17881166154710618,0.005329237337043331,-0.019955148792400543,-0.08474814551685186,-0.028755747120495306,-0.8616948830783085,-0.13843225565734005,0.09807952884078948,-0.017246721686803995,0.039342673149545246,-1.3117484380797193,-0.05786611005672199
2550,246_0.mat,Outer,3,-0.5351180609038397,-0.2006170459522383,-0.4772235693577659,-0.4824625223828938,-0.40152910679901455,-0.03483927253384007,-0.1972792481426192,-0.4795766328364632,-0.5310395658492036,-0.3256844476174431,-0.26049204182533847,-0.09049364561506604,0.06819600278541164,0.2284475027438002,-0.4617153955936634,-0.16833409373898284
2551,246_0.mat,Outer,3,0.1680775759517889,-0.0216385558728072,0.05194367375791627,0.07848790929494097,0.020469734476639887,1.3754393589019593,0.9460731096205783,0.08119117832653482,0.17139726679667858,0.8448972054690104,0.010089044790416586,0.05364831220474602,1.0442757459824914,1.5372967294484587,1.3801202216722688,0.22690300535250632
2552,246_0.mat,Outer,3,0.5355011221398307,-0.16572430248089673,0.23634122500317273,0.3956163231928003,0.10457163931720985,1.3754393589019593,0.9460731096205783,0.39808237399996727,0.5382673416470726,0.27252584077406283,0.11811300861915357,0.24294959480740952,0.9508999391848407,1.3113893537230354,0.3970954448868768,0.20719468315484263
2553,246_0.mat,Outer,3,-0.30390362923596154,-0.12701012638353545,-0.4560150307544281,-0.3046851208756492,-0.46734957481163647,0.13197162262441398,0.05378062989363378,-0.30182564394604,-0.3000326544965831,-0.6125673816509919,-0.16428144097528516,0.1855946107721898,0.210443510324483,0.32195180955318753,-0.9816195384005049,0.046963904533862066
2554,246_0.mat,Outer,3,0.5199206220856045,-0.103871916179573,-0.010710740755504369,0.3818337178831421,-0.21588851468944092,1.8979089352086638,1.5668567200562362,0.3843522093674772,0.5227578708686508,0.9758266861507688,0.38258900583310484,0.573548051157264,1.514373587190984,1.8951881075019514,1.3247312028323786,0.8137096190291482
2555,246_0.mat,Outer,3,0.6970934553401478,-0.05437065811255911,0.1967135756724979,0.5403107146870079,-0.05235000659261468,1.8979089352086638,1.5668567200562362,0.5427682744725987,0.6997276099709513,1.203931325360866,0.39728022284625797,0.48954376200863403,1.3931044236892653,1.7800734156659213,1.4925552242894113,0.6615439862912817
2556,246_0.mat,Outer,3,-0.0048388468345750895,0.023622040672504712,-0.2499581595472513,-0.06505135299818321,-0.373761478985652,0.35058446122399073,0.3575302445213235,-0.06227435056340928,-0.001298175711482978,0.2236078919741675,-0.09696720893172721,0.26720876667707993,0.3173197392284821,0.4367159855849502,0.4873904412837745,0.05019376968433489
2557,246_0.mat,Outer,3,0.0960125613709518,0.062062105568843826,-0.28793939402808594,0.018222230536038588,-0.43939136683270646,0.2540684583397835,0.3896217271478365,0.02094678131591457,0.099412728583857,0.562881385185918,-0.03117949032480693,0.4538361775681375,0.24890487878790046,0.2742359819712437,0.9887951343309237,0.16842176365380088
2558,246_0.mat,Outer,3,0.5761767275193165,0.025202211125458084,0.2669252017290245,0.43173798777325323,0.0625198287987551,0.6577061929451234,0.6056048683597617,0.43425753268710904,0.5789722660474433,0.024182137268571744,0.036072032867253224,0.24942686320554952,0.36183290377031163,0.5044097696578113,0.06762851380826204,-0.001990166385561988
2559,246_0.mat,Outer,3,0.0014238154753405327,-0.17746271155998022,-0.025861602093855084,-0.05991642191288342,-0.06645008397167522,0.6577061929451234,0.5105245221593498,-0.057225468848240583,0.0048548774629703015,-0.41127094597547753,-0.14622270997561804,-0.04403662792798529,0.48345344076607694,0.7974871150084477,-0.5566744665829586,-0.10339410890478247
2560,246_0.mat,Outer,3,-0.4512626630905215,-0.12567181875501313,-0.5152502594497731,-0.4187421401990986,-0.5046489015958459,0.3567213168987093,0.31484110949256744,-0.4158226872992587,-0.4472028286192394,-0.24435747134422475,-0.20287793825610625,0.07857042008425202,0.44070732066866936,0.683783562993766,-0.2889768401861337,0.010174530365752835
2561,246_0.mat,Outer,3,0.3180806190196658,-0.08463575954310781,0.017718504290444564,0.20596545249116796,-0.14797853538643505,0.3567213168987093,0.31484110949256744,0.20858481507657953,0.32118716456637,-0.19886928255783762,-0.04177447046251148,0.2846182377692994,0.2139943018401732,0.2895218441280131,-0.21423464453200497,-0.01833457372659087
2562,246_0.mat,Outer,3,0.6878421721457497,-0.03384456641245853,0.38887883829011044,0.5319407622993798,0.1874386635089341,0.7900099197453518,0.7311348073778884,0.5344074705746573,0.6904935000660668,0.007315944082427504,0.06344457006351509,0.2162898152623739,0.418258058896159,0.5949747964500564,0.03253478932704901,-0.014179336014997584
2563,246_0.mat,Outer,3,-0.11010516454831917,-0.08239449737004116,-0.2117529779259751,-0.15064499162435882,-0.20920809423439235,0.7900099197453518,0.7311348073778884,-0.14783996825862858,-0.10644973085916185,-0.11101650372525612,-0.09597665198417127,0.07705918260374622,0.6814641839066596,1.0196800981379848,-0.05398315923224291,0.13247725698720225
2564,246_0.mat,Outer,3,-0.11152410483358345,-0.22888274803415207,-0.29822124540999984,-0.15178950654226775,-0.3675251653553736,0.5787639131294282,0.4755970480449125,-0.14910794730168872,-0.10802055996247346,0.6857715826024027,-0.10519677889849915,0.20126337489770055,0.5383415706821645,0.7659438478896347,1.322247369508312,0.1038286172702716
2565,246_0.mat,Outer,3,0.4923275917949577,0.04964648058135154,0.27369144505048126,0.35749752409978175,0.06905087167756269,0.5787639131294282,0.4755970480449125,0.36005030216725203,0.49522471472450746,0.7431063189643142,-0.022381638442952368,0.1416742442362039,0.2960775432578617,0.45708878521971863,1.0338647620277506,-0.08058786634083391
2566,246_0.mat,Outer,3,0.5358626415621955,0.18373523044626583,0.30744784493659133,0.39593647752725136,0.15836678997807566,1.366513023375096,1.1380249545400916,0.39838243134091894,0.5386059127342513,0.14035913721857474,0.0904862433193664,0.14772384452886925,0.9092414336216094,1.3013815129059194,0.22460853136909012,0.1453562159537589
2567,246_0.mat,Outer,3,0.04413141671701684,-0.18808855164667793,-0.18824864772169667,-0.024771519532331247,-0.26674507198221314,1.366513023375096,1.1380249545400916,-0.022109346031790624,0.04749556047219148,0.2956975990635151,0.019852443121960658,0.23905392288521873,1.166997388610447,1.6085358200141906,0.5874764217623931,0.3604473843514738
2568,246_0.mat,Outer,3,0.09648444953262285,-0.1116760233145677,-0.006636842589869103,0.018614791923493128,-0.06940103128920841,0.3037211997079596,0.3340959990684749,0.021316797088972238,0.09985717674616257,0.7266609217256346,-0.10407182838887856,0.046623190911564534,0.1791770926374651,0.33202576901948605,1.2462524897196259,-0.04057403448838539
2569,246_0.mat,Outer,3,0.5528910607008078,-0.055031749832672096,0.36254359274423587,0.4110345917376818,0.20307864315071483,0.33895102765355145,0.5064944289922992,0.41355889620188646,0.5557097423872481,-0.17283379030430077,-0.002340480964292114,0.09480981774669182,0.07333749636547872,0.1663617654437013,-0.18442089224080352,-0.0718860037545949
2570,246_0.mat,Outer,3,0.29592853361844096,-0.21475795908734288,0.21895702254174343,0.18696687750220453,0.16150398077341346,0.6943307608167878,0.4767911497240387,0.18949012527339848,0.2989397744625847,-1.5263546340610596,-0.03726128495442107,-0.017496254632914838,0.4105013795435862,0.6828813605580623,-2.129392799390916,0.007763684651687774
2571,246_0.mat,Outer,3,-0.496541831443786,-0.12167302005774341,-0.573795769460447,-0.4532557554495587,-0.5180270397773806,0.6943307608167878,0.4767911497240387,-0.4503157469679089,-0.4924208057194583,-0.6029871329871429,-0.1634841515161042,0.1067479469236817,0.7796761199379741,1.1420968430994654,-1.031387055141224,0.20699727330405043
2572,246_0.mat,Outer,3,-0.20065589905587305,-0.14656876678590905,-0.38808085722891245,-0.22319005822521112,-0.4216996380820079,0.6671904244424157,0.7096409771536194,-0.22038731848773152,-0.1969347052985072,0.16869347031471035,-0.09594543081350237,0.21926132572443585,0.6597324162507463,0.9244091777399218,0.4577145277010858,0.2060432587370125
2573,246_0.mat,Outer,3,0.32125040650617154,-0.10206600709048308,0.11185497515552553,0.20868890060934792,0.0009152011314996018,0.6671904244424157,0.7096409771536194,0.21129805233973542,0.32434266444751125,-0.11706125859157386,-0.010972667739863573,0.157172526961985,0.43258836270809037,0.6392180126950567,-0.09751796994286031,0.057042313895580135
2574,246_0.mat,Outer,3,-0.10500859947715788,-0.0431965956238163,-0.16728986981330285,-0.1465320821504574,-0.20531506255856444,0.005329237337043331,-0.04458349592437581,-0.14371597255118748,-0.10134332619782373,-0.49107694795333373,-0.19247520688895206,0.020128054254428304,-0.013711497121630218,0.07191721940649105,-0.7088413385036423,-0.1829944417444451
2575,246_0.mat,Outer,3,-0.67127983464109,-0.2207561571332478,-0.6325538072290527,-0.5840997289969988,-0.5590779589443006,0.005329237337043331,-0.04458349592437581,-0.5811843540975017,-0.6670613162942969,-0.25146481416113475,-0.28021010508591154,-0.041750205990054905,0.16897744855939864,0.35228423676351756,-0.3087425226783981,-0.16689727222398335
2576,246_0.mat,Outer,3,-0.11719759041122191,-0.044954132148019264,-0.2561784790068418,-0.1563632727919675,-0.2564578255429629,0.8208907642955895,0.7683012221406867,-0.15354248461290634,-0.1135172087250521,0.6632016519105673,-0.06948668717195093,0.13224594135652445,0.7300184152374697,1.0611637855856235,1.2871241538896943,0.2241716340959706
2577,246_0.mat,Outer,3,0.36417643890863927,-0.033280219822117645,-0.01719686891592531,0.2456913649187216,-0.13816494283899475,0.8208907642955895,0.7683012221406867,0.24830639065451118,0.36724277912947845,0.4243459215411648,0.062213438782446305,0.39115445308912944,0.6163449711004308,0.7904150152683427,0.6584345740031317,0.20729871764775484
2578,246_0.mat,Outer,3,-0.3700973116852649,-0.15766220833317426,-0.5271358694362668,-0.3562477207818279,-0.505285671965514,0.3542107850317793,0.21483509386576075,-0.3533852649484131,-0.3661726185850253,0.131835613476159,-0.16895888950849788,0.20585179349188698,0.4439644819134982,0.6345275300709624,0.44468787345880606,0.08039487911653741
2579,246_0.mat,Outer,3,-0.7802506242030712,0.0048696096849033905,-0.7220941307330219,-0.6638086744875246,-0.6426624003001545,0.3542107850317793,0.039600672454012095,-0.6607200310282464,-0.775713681775507,0.4756014051511593,-0.2745688365577327,-0.0548831344538696,0.5384939254384888,0.880223072387984,1.4180858914343464,-0.06397614278781538
2580,246_0.mat,Outer,3,-0.022956878595855486,-0.1883949112242915,-0.17155784570751303,-0.07987984860449546,-0.2433024048900219,1.0931439978649138,0.810094780910099,-0.07718945471397064,-0.01950825185731105,0.8107493327151347,-0.05230069331454598,0.1299436839632117,0.9226841346278979,1.3288530414468998,1.467734116578868,0.2006835759013867
2581,246_0.mat,Outer,3,0.4822582955681461,-0.19202285359076662,0.11598098548439174,0.3486398834489797,-0.04944833023967138,1.0931439978649138,0.9126382626050491,0.35110463212397947,0.4850630403169068,-0.009650429403344993,0.10238001363347024,0.34566161569872406,0.7798997206486913,1.0305626617964903,0.03535301310329015,0.2120197604095411
2582,246_0.mat,Outer,3,-0.2757834991208417,-0.10791908744172946,-0.5415279695241685,-0.2826185049453536,-0.5899318003682001,0.3085456972651741,0.2287165258856005,-0.2797582873374392,-0.27193288322650283,-0.7709285277476405,-0.1400508282868084,0.35535349039214303,0.4088430096760367,0.5260203284340745,-1.2670976850971583,0.1128424869962817
2583,246_0.mat,Outer,3,-0.028988419340960248,-0.1025497327393466,-0.20983244398935685,-0.08480739657231944,-0.28848454550616776,0.36704239235164465,0.17796720452274334,-0.08204654271648903,-0.025449066221480972,0.5375456149431646,-0.13260857279291002,0.17755940641645132,0.31466946238786286,0.46843111025869105,1.0177986668440646,-0.04209178464718092
2584,246_0.mat,Outer,3,-0.05123385577347477,-0.18668574726497433,-0.07930196418791217,-0.10294267964587445,-0.10738297451251176,0.36704239235164465,0.16632471315126454,-0.10023859720750153,-0.04774732242368258,0.3790995726699998,-0.16560636856114636,-0.03563891282692294,0.2609927503341022,0.4797439991346543,0.7643744290676506,-0.13014343086560023
2585,246_0.mat,Outer,3,-0.25634030248497447,-0.32915907504351943,-0.39316579032284854,-0.2673044203881619,-0.42072531723134454,0.22366312795140714,0.31021396548595453,-0.2647158943878539,-0.2528486303640711,-0.2864168126087527,-0.15321061215603107,0.15375083027172198,0.26619962576844575,0.4110545139957238,-0.363715172110461,0.0512246292226836
2586,246_0.mat,Outer,3,0.05552529029857873,-0.23055966361687824,-0.2533161513789179,-0.015357629018655896,-0.40637728705938186,0.22366312795140714,0.31021396548595453,-0.012748815329949478,0.05881642832226982,0.14932221720861322,-0.09361249567318118,0.3495906539427681,0.20813525829462742,0.25760077507475865,0.3487094375286991,0.01754137838323099
2587,246_0.mat,Outer,3,0.21383958249731452,-0.11532008986933823,0.006013898816124886,0.11708658576469108,-0.175391756001792,0.016404774937053872,0.09333524801468406,0.11973535999833977,0.2170598538350425,0.13120023278519563,-0.12223199197647934,0.1732475386225312,-0.06536482494906053,-0.05305549956657228,0.2810749861758674,-0.1630986082725639
2588,246_0.mat,Outer,3,-0.026052764286658623,-0.05756324739505715,-0.006357013811837588,-0.08240962903178663,-0.0503584691653638,0.016404774937053872,0.09333524801468406,-0.07963058610785148,-0.022493394407507042,-0.03714251831444915,-0.18155800616411893,-0.10450990141136939,-0.06111466848999693,0.04977431002386105,0.061243005175066055,-0.19473708762443181
2589,246_0.mat,Outer,3,-0.2548811782354393,-0.13178288611898684,-0.27184636490363706,-0.26615330437018525,-0.23953344169291516,0.3837792714645129,0.22662684794712998,-0.26331713322147055,-0.251076894466576,0.4254374265431157,-0.17648203804861595,-0.022010592207250483,0.35565049771265966,0.6075491617565689,0.9494059176266456,-0.03244261133018154
2590,246_0.mat,Outer,3,0.051222749493610324,-0.2403792942888035,-0.18581457231798665,-0.01891435473144183,-0.2629532335541497,0.3837792714645129,0.22662684794712998,-0.016316319075068288,0.05450403443588764,0.4538115243899389,-0.11295088754164213,0.24449675585958203,0.31903223286252813,0.4479428111890485,0.8386855186899111,-0.036304213084402966
2591,246_0.mat,Outer,3,0.1216613451575215,-0.1129014616250216,0.03186635470343677,0.03959877029879017,-0.02911264957982806,-0.09341834942887906,-0.0312991147440979,0.04228916397730737,0.125001042352687,-0.16972296434175824,-0.15691738081438142,0.024508654501273094,-0.16542308296137814,-0.1422349534254472,-0.1651855828749314,-0.20603181530355624
2592,246_0.mat,Outer,3,-0.42721503083369095,-0.05635393327289866,-0.387218444418014,-0.40031022496421903,-0.3373976576261804,-0.09341834942887906,-0.0312991147440979,-0.3973662065541321,-0.4231414384572547,-0.03515539784651435,-0.24015320759495265,-0.07944266115081873,-0.01917004824084009,0.10026887885683024,0.12988687063013157,-0.1546154737628202
2593,246_0.mat,Outer,3,-0.17193009149447275,-0.011835049389177033,-0.40123209013324485,-0.2002847517322166,-0.4386716048422793,0.4543531117237741,0.3161844738815841,-0.19743630997890063,-0.16817343808032187,0.8979902616150134,-0.09741426148585777,0.27691133921592626,0.47592459458015585,0.6486593432393875,1.7429708120126477,0.1772009636018274
2594,246_0.mat,Outer,3,0.271075906164079,-0.08842494379253713,-0.03981616946314759,0.16572356032503574,-0.16176348045132774,0.4543531117237741,0.46440234480310555,0.16836198855244514,0.27424050351629153,-0.09541068023115164,-0.006305123465138456,0.30872117811929894,0.31860673597733313,0.42233415495334314,-0.0625065866740766,0.10447224013811335
2595,246_0.mat,Outer,3,0.14612730190853176,-0.34634745976646325,0.03180302182891509,0.060064398849505395,-0.012251322237296075,0.7152518597078734,0.8893532798620906,0.062451674111301175,0.1490869519597983,-1.564196098401732,-0.042394013430117554,0.05450530683470264,0.5063813700428191,0.7858200384337374,-2.313326107697256,0.09910807198840625
2596,246_0.mat,Outer,3,-0.33673614157414783,-0.07538047546152295,-0.34994809030533514,-0.33032742522061476,-0.30536874389012597,0.7152518597078734,0.8893532798620906,-0.3274263791690014,-0.3327870591526966,-0.5420213912224039,-0.13695775926144058,-0.015242142272743248,0.6835994628656066,1.0664092240755334,-0.8576787274235699,0.1737269936939316
2597,246_0.mat,Outer,3,-0.14250646752231352,-0.17173862471509757,-0.2231994013599695,-0.17671850911455414,-0.21077366574521614,0.6217219028524569,0.5578408011947198,-0.17396163335769715,-0.13888633557561286,0.4484070266554079,-0.0905987756237278,0.05219001957044871,0.5411033984722242,0.8353365017112385,0.9288704537985953,0.17598856587217404
2598,246_0.mat,Outer,3,0.17867092445367858,-0.235671031306534,0.013788377699970291,0.08740027674000056,-0.047615878513322246,0.6217219028524569,0.5578408011947198,0.089949380364487,0.18179954571920373,0.09871908650889248,-0.029319010444681978,0.11925238049431873,0.4363159023346861,0.6603520558831861,0.24006520883024665,0.11100974250518861
2599,246_0.mat,Outer,3,-0.2151152861471242,-0.04098758182734025,-0.2410235618111268,-0.23468150213386293,-0.24315266572757213,2.9225617968935723e-05,-0.08801894450258517,-0.2318192557337703,-0.21130830001117623,-0.785449511158278,-0.19165290059938944,-0.015082376600680882,0.008685626558353358,0.11611613024283486,-1.2653166309225488,-0.11220907385646545
2600,246_0.mat,Outer,3,-0.6568987427960212,-0.15613041044510773,-0.626760395790436,-0.5734720214108023,-0.5537219761398324,2.9225617968935723e-05,-0.08801894450258517,-0.5704957806745128,-0.6526086059840407,-0.5281897190678787,-0.25693310794370094,-0.030868847144156986,0.16157460043100588,0.33755266507091575,-0.9273439849863648,-0.0698574893973073
2601,246_0.mat,Outer,3,-0.23531153687107603,-0.1337661612793266,-0.3924147666923375,-0.25068950358931513,-0.3976139171207481,0.5246480039978209,0.5330631913528541,-0.24786277010727845,-0.231533975449239,0.16198762761490748,-0.11589933641713725,0.18025767291257944,0.5346097583587426,0.7699059369020389,0.4569673044808519,0.16575941264801675
2602,246_0.mat,Outer,3,0.36667359707148495,-0.12859029683648893,0.029310353133490098,0.24785085702883927,-0.07673971277024536,0.5246480039978209,0.5330631913528541,0.2504231383365965,0.3696886462968452,-0.40586661299491633,0.0319634193453392,0.3276645506791367,0.3490620906971947,0.45620401810894673,-0.5049049654549078,0.1312990200818791
