sample_id,source,class,label,F1_RMS,F2_Mean,F3_AbsMean,F4_MeanSquare,F5_RootAmplitude,F6_Peak,F7_PeakToPeak,F8_Variance,F9_Std,F10_ThirdMoment,F11_FourthMoment,F12_ShapeFactor,F13_ImpulseFactor,F14_CrestFactor,F15_SkewnessCoeff,F16_KurtosisCoeff
0,97_Normal_0.mat,Normal,0,1.031270741311455,-0.001888134942676964,0.8329757089417318,1.0635193418850781,0.7097458867473403,2.9050555212256435,5.728613677409523,1.0645553816964541,1.0317729312675605,-0.18477164308591937,3.1189698507464105,1.2380562004868216,3.4875633107151867,2.8169668786767876,-0.16822205387224665,2.75216620146538
1,97_Normal_0.mat,Normal,0,0.9984901482484453,0.0018507738542451503,0.8015149097320907,0.9969825761492023,0.6816204625956364,3.926792229220528,6.67285911822502,0.9979537149601085,0.998976333533537,-0.1502998584858109,3.002504977471271,1.2457536798422733,4.899212954788544,3.932730068599062,-0.15076237586428035,3.0148307596739263
2,97_Normal_0.mat,Normal,0,0.9557695971652255,-0.013334689310465513,0.7584595927343942,0.9134955228653774,0.6388144655582245,3.926792229220528,6.67285911822502,0.9142104926105609,0.9561435523029796,-0.1302691945880078,2.66258635854175,1.2601457036336374,5.177325551462144,4.10851343342907,-0.14902956226419004,3.1857471235597785
3,97_Normal_0.mat,Normal,0,0.9914366582445282,-0.015602138498404038,0.7964489427253055,0.9829466473110775,0.6732667266959932,2.737456748206782,5.312456872186887,0.9836638297941376,0.9917982807981357,0.03340037649607779,2.5992060864795006,1.2448213627489602,3.437077509119742,2.7611009996857048,0.03423586529077459,2.686255456970608
4,97_Normal_0.mat,Normal,0,1.0596743796327912,0.02868739434189828,0.8613435815372605,1.122909790850141,0.7361423555779717,3.0370776801238586,5.786014616060921,1.1231836833217572,1.059803606014698,0.15641396091397297,3.3159995636343007,1.2302574748863104,3.5259770261479018,2.8660480412609677,0.13140120118410314,2.6285297283568787
5,97_Normal_0.mat,Normal,0,1.1246643200643338,0.00800007362969276,0.894443831858137,1.2648698328257701,0.7543570796124843,3.29251185712258,6.187821186620707,1.2660422009845886,1.1251854073816407,-0.09552163626007748,4.633271379239357,1.2573895419756815,3.681071678116404,2.92755073525522,-0.06705473952145208,2.890622466989236
6,97_Normal_0.mat,Normal,0,1.0861706414052597,-0.02230358597474646,0.8626492100567301,1.1797666622507132,0.7258913959555013,3.29251185712258,6.187821186620707,1.1804219681316337,1.0864722583350361,-0.2884101220777952,4.1461701452177655,1.259110457346354,3.8167447656994193,3.0313025703399434,-0.2248819370240994,2.975586320914528
7,97_Normal_0.mat,Normal,0,1.0123859404586617,-0.005691507684373598,0.8109564837001868,1.0249252924383687,0.6853742242154707,3.1518795574266547,5.745833959004942,1.0258947495199755,1.0128646254658,-0.08478309806407108,2.942343978234289,1.248385037675703,3.8866198381466153,3.113318183770491,-0.08159340767318969,2.795682377024677
8,97_Normal_0.mat,Normal,0,1.0308043855664935,0.011015865133057242,0.8289362018583935,1.0625576813031161,0.7044313658476161,2.744332893001729,5.166084478625822,1.0634748817076543,1.0312491850700558,0.0039589085401244145,3.0226913839103373,1.243526803696458,3.310668404692537,2.6623217085857456,0.00360981224319978,2.672633049968449
9,97_Normal_0.mat,Normal,0,0.9602994720497089,-0.024130998670093693,0.7729309893136398,0.9221750760189495,0.6569006952455889,2.69554209514804,4.968051240278498,0.9224936436209822,0.9604653266104832,-0.0700545946543393,2.294346754976077,1.242412951900414,3.4874291914963655,2.8069807113313723,-0.07906632458185453,2.696076994913434
10,97_Normal_0.mat,Normal,0,0.987577404592675,-0.027508348820237,0.7875620859279834,0.975309130062004,0.6648739313169163,2.953846319079332,5.797494803791201,0.9755050624697563,0.9876765981179043,-0.0009745778622420667,2.744487340928054,1.2539676836115845,3.7506202645535787,2.991002330895421,-0.0010115148214204757,2.8840459588693017
11,97_Normal_0.mat,Normal,0,1.0519113219410225,-0.010461839597688039,0.8430023047322751,1.1065174292277096,0.7132603689554188,3.602476925840129,6.446125410551998,1.107489511866374,1.0523732759179958,-0.11550158033132077,3.489144970310016,1.2478154757522828,4.273389177719921,3.4246964080482476,-0.09910110416451318,2.844721598643108
12,97_Normal_0.mat,Normal,0,0.999520150508678,-0.02250538614969278,0.8083235052237914,0.9990405312728905,0.6874571336010437,3.602476925840129,6.170600905025287,0.9995101229716081,0.9997550314810164,-0.19008251252825262,2.7572648359536576,1.236534808214832,4.456726672618898,3.6042064024453575,-0.19022227369099637,2.759968263709778
13,97_Normal_0.mat,Normal,0,0.9752717104856249,-0.03266266162199094,0.7764547264020474,0.9511549092735566,0.6558398504578291,3.2311048206088056,5.995528042138524,0.9510167871405159,0.975200895785333,-0.1301186160381681,2.69840045141279,1.2560574072407336,4.1613563685509485,3.313030395392688,-0.14029983516779101,2.983527427647964
14,97_Normal_0.mat,Normal,0,1.0091353321310894,-0.04005079024919237,0.7935383141347648,1.0183541185553242,0.6652429562781899,3.2311048206088056,6.368634143372611,1.017743943325393,1.0088329610621338,-0.29758982639540144,3.2446889245849277,1.271690747824986,4.071769142146302,3.2018548134492173,-0.2898413142175325,3.132535585701821
15,97_Normal_0.mat,Normal,0,1.0047372532085193,-0.004001431219198173,0.8110132401085428,1.0094969479850002,0.6922480581000656,3.1375293227638053,5.6941731142186836,1.0104677214173952,1.0052202352805057,-0.24275054038614935,2.845950925770731,1.2388666467058052,3.8686536391687296,3.122736131004721,-0.23898824389774243,2.7872923143338135
16,97_Normal_0.mat,Normal,0,0.9818131486953293,-0.008152348706635695,0.7850193803489659,0.9639570589510368,0.6659891776292312,2.9739366476073203,5.837675460847178,0.9648328177101473,0.9822590379885274,-0.10652554136464872,2.713604382659561,1.2506865094943664,3.7883607998079274,3.0290250762644315,-0.11240241682558853,2.9150257657290055
17,97_Normal_0.mat,Normal,0,0.9574200480282018,-0.05017443235899948,0.7638308290368685,0.9166531483663243,0.6492825000572992,2.9739366476073203,5.837675460847178,0.9150292579635065,0.9565716167457127,-0.21054548994301936,2.525276775577841,1.2534451499348107,3.8934493536393795,3.106198427460351,-0.24054341463005832,3.016053375418556
18,97_Normal_0.mat,Normal,0,0.9795263415425669,-0.03427145746114635,0.7956391729922506,0.9594718537757654,0.6824066512000169,2.9182697049586865,5.565021002253038,0.9592340730036719,0.9794049586374739,-0.1731342261142377,2.4691473249432665,1.231118797051583,3.667830599617098,2.979266183245251,-0.1842875662247776,2.6834765811955372
19,97_Normal_0.mat,Normal,0,1.0210233352871094,-0.01844415762889808,0.8242729010869683,1.042488651200813,0.7017012021709962,2.9182697049586865,5.6769528326232646,1.0431671822015418,1.0213555611057012,-0.11111095774789526,2.9404604296565178,1.2386957449886413,3.540416894825519,2.8581812032094422,-0.1042860017926098,2.7021378931742617
20,97_Normal_0.mat,Normal,0,0.9401910594707285,-0.02862105256264935,0.7454715092524324,0.8839592283086908,0.6287844730887941,2.758683127664578,5.22061537034465,0.8840033481786024,0.9402145224248573,-0.10397876115740234,2.3052473182304185,1.2612032087078713,3.700588276575878,2.934172900149272,-0.12510186205207882,2.9499163816289196
21,97_Normal_0.mat,Normal,0,0.9725243671291537,-0.02019309247843285,0.7768421524381643,0.9458036446599609,0.6601075366540512,2.8849651926976536,5.585111330781027,0.9463200243248732,0.9727898150807671,-0.1906586891777113,2.5762700183453298,1.2518944345071614,3.7137083558600787,2.966470856880398,-0.20710927953352043,2.876837422565881
22,97_Normal_0.mat,Normal,0,1.0305745992689548,0.00866433253889108,0.8241253467238427,1.0620840046583666,0.6983862546455201,2.913665662023353,5.613811800106727,1.0630470659003153,1.031041738195072,-0.22515102725706823,3.195532852092402,1.2505071023049614,3.5354642028698113,2.827224408681676,-0.2054211674564285,2.8277323510354884
23,97_Normal_0.mat,Normal,0,0.9730652777973555,-0.005666282662505306,0.7763180325393454,0.9468560348548447,0.6532611131212785,2.913665662023353,5.567891049185608,0.9477494646822371,0.9735242496631694,-0.14680717263428245,2.5068658924082206,1.2534363972110685,3.7531856016392733,2.99431675192005,-0.1591134721513411,2.790898266452905
24,97_Normal_0.mat,Normal,0,0.9452777312510456,-0.035936308904453484,0.7614126136484556,0.8935499891991241,0.6445370594119212,2.793123690855417,5.100073399176714,0.8931307689179693,0.9450559607335267,-0.1653996716142872,2.110700445729554,1.2414789488715237,3.6683443914436316,2.9548180376108615,-0.19595757932371735,2.646040573124156
25,97_Normal_0.mat,Normal,0,0.9929439795246944,-0.01711844259070905,0.8043859492159278,0.9859377464743366,0.6850529647528255,2.793123690855417,5.100073399176714,0.9866081899581113,0.9932815260328319,-0.10578828219613762,2.5216328128282504,1.2344123868540076,3.4723675787406925,2.812972079441607,-0.10794946409123056,2.5905525982202326
26,97_Normal_0.mat,Normal,0,1.0031922743509583,-0.008620413001302854,0.8061607514548006,1.0063947393174484,0.6880346286278439,3.430274109885935,6.228001843676685,1.0073041232299769,1.0036454170821372,-0.1514843967436011,2.9784495938269933,1.2444072383074336,4.255074566321165,3.419358579193427,-0.14983973085091948,2.935411770359792
27,97_Normal_0.mat,Normal,0,0.9715826764626204,-0.022979056004775122,0.7715950557058875,0.943972897202269,0.65216463521387,3.430274109885935,6.228001843676685,0.9443670936773176,0.9717855183513066,-0.09494905044966845,2.793373497411938,1.259187276119229,4.445692185965773,3.530604438493585,-0.10346163976182507,3.13218436168214
28,97_Normal_0.mat,Normal,0,0.9792751010616909,-0.02361528711189756,0.7934842436331473,0.958979723559385,0.678499552965975,2.71276237674346,5.266536121265769,0.9593589157151358,0.9794686905231508,-0.08829041393425477,2.4626933184281103,1.2341456165236804,3.418798039793512,2.770173951936102,-0.09395975570855059,2.6757658096960486
29,97_Normal_0.mat,Normal,0,1.0122192685612192,0.007551628796478719,0.8218655466355882,1.0245878476466097,0.7048408489448459,2.8493885785770083,5.496139875871361,1.0255323169524038,1.0126856950467917,-0.09218599297326682,2.7689974166977978,1.2316117553578403,3.4669765513810358,2.8149914421450886,-0.0887648272401328,2.6328362534045415
30,97_Normal_0.mat,Normal,0,0.9861400667775494,0.009734994578189621,0.7917058798097377,0.9724722313040295,0.6725281917414675,2.8493885785770083,5.5879813777135965,0.9733279767869231,0.9865738577455431,-0.04007037693027466,2.5891932246011473,1.2455889136673994,3.599049408674561,2.88943596814313,-0.041728677194510774,2.733040381334679
31,97_Normal_0.mat,Normal,0,0.9317553783956413,-0.016953078558461357,0.7526001471817987,0.8681680851692046,0.6424896899781215,2.7385927991365886,5.234965605007499,0.8687290465060739,0.9320563537179894,-0.13479219903455197,2.0248214649206906,1.2380483605849304,3.6388417001882583,2.93917573499725,-0.16647086821264775,2.682983802241474
32,97_Normal_0.mat,Normal,0,0.9929946679034479,-0.03419017683512629,0.8029660490754169,0.9860384104846789,0.6827479164969072,2.744332893001729,5.120163727704703,0.9858321690202205,0.9928908142490898,-0.23476561134289292,2.5680082146192205,1.236658348189945,3.417744618416059,2.7636934836651164,-0.23984463202129075,2.642350575029118
33,97_Normal_0.mat,Normal,0,1.0295818277075637,-0.004214442514974839,0.8316760946032093,1.0600387399456475,0.7046911289365279,2.744332893001729,5.407168420961694,1.0610571670596423,1.0300762918636863,-0.06732743340390117,2.9596387474860775,1.2379601077719287,3.299761662991821,2.6654830331548425,-0.06160044991757254,2.6288217422075397
34,97_Normal_0.mat,Normal,0,1.023990512938538,0.014533354293579919,0.8356611225643983,1.0485565705881301,0.7171996059174962,3.068648196382127,5.731483724342092,1.0493701277164553,1.0243876842858153,0.0561383864410929,2.8471172641007727,1.2253657437059975,3.672120329065538,2.9967545183334297,0.05222360888395586,2.5855203521907155
35,97_Normal_0.mat,Normal,0,1.0039486712960315,-0.016442972560680374,0.8164812889833432,1.0079129345970672,0.7000892106516183,3.068648196382127,5.714263442746672,1.0086275510933003,1.004304511138579,-0.20277589497326903,2.7043114249145415,1.2296040152308785,3.7583815303340913,3.05657877151991,-0.20017972416969776,2.658245265683637
36,97_Normal_0.mat,Normal,0,1.0081500578149858,-0.009029618911610658,0.8154168748719297,1.016366539072359,0.6967491176515485,3.242585008339085,5.978307760543103,1.0172784410322409,1.0086022214095312,-0.16256601208942317,2.8495813397724286,1.2363615334451972,3.9765978706834986,3.2163713955080118,-0.15844188154768687,2.7536033213390056
37,97_Normal_0.mat,Normal,0,1.015908984457752,-0.006324936011288439,0.8292966510804363,1.032071064701981,0.7120807117139124,3.242585008339085,5.81758513231919,1.0330398879019633,1.0163856983950352,-0.04513435868427085,2.79334304745282,1.2250248245099817,3.910042328171256,3.1918066066387274,-0.04298645582431751,2.6175205044623366
38,97_Normal_0.mat,Normal,0,0.9264908443055897,-0.023301375728647714,0.7471095007551343,0.8583852845820845,0.6337061744377889,2.560649889317255,5.065632835985875,0.8586808860239948,0.9266503580229141,-0.0941433056979779,1.9960251069454351,1.2401004717085076,3.4274090835756654,2.763815643784061,-0.11831552910069904,2.707088215282215
39,97_Normal_0.mat,Normal,0,0.987719546421996,-0.026376025616371528,0.7824721201975349,0.9755899023840736,0.6592070208224435,3.4503644384139243,6.296882970058363,0.9758471834218185,0.9878497777606768,-0.15529139543329346,2.9537507119050077,1.262306376067922,4.4095685320244655,3.493263296154603,-0.16109225951206885,3.1017744436647745
40,97_Normal_0.mat,Normal,0,1.075250300072344,0.007540417675648375,0.8656424040082304,1.1561632078056658,0.7378074824682747,3.4503644384139243,6.299753016990932,1.1572364636409669,1.0757492568628466,0.01155293918655216,3.755788614490133,1.242141437494643,3.9859004392963318,3.2088941878728807,0.009280242462061803,2.8045095427717324
41,97_Normal_0.mat,Normal,0,1.010444460011818,0.014373595821747426,0.8213451636315097,1.0209980067685744,0.7032134551759149,2.907925568158213,5.757314146735221,1.0217892475738113,1.0108359152571753,0.070211491729638,2.763451594503555,1.2302312167310894,3.5404427966648275,2.8778677930713026,0.067977659554386,2.6468492396649452
42,97_Normal_0.mat,Normal,0,0.9402056172838763,0.009451913777223256,0.7618132363445467,0.8839866027721548,0.6527784983112231,2.907925568158213,5.404298374029124,0.8847612887941907,0.9406175039803324,-0.09568671922569795,2.1155959634189605,1.23416812996593,3.8171108474140807,3.0928613004416143,-0.11497740313247697,2.7025921101547756
43,97_Normal_0.mat,Normal,0,0.9936304771126825,0.01683723962421709,0.8058410596375417,0.987301525047177,0.6924006227085251,2.81494801538617,5.567891049185608,0.9879828594201661,0.9939732689666086,-0.07341364699900167,2.6270903931548824,1.233035305446428,3.493180177054777,2.8329928280411516,-0.07475714103710604,2.691387284114096
44,97_Normal_0.mat,Normal,0,1.0268555798920442,0.003403514089248799,0.8380083927698234,1.0544323819554267,0.7199416649106547,2.81494801538617,5.590851424646167,1.0554515124148638,1.0273516985019608,-0.09356686508779394,2.8633598760537975,1.2253523816113694,3.3590928678872976,2.7413280606405923,-0.08629083054299949,2.5703920057511094
45,97_Normal_0.mat,Normal,0,0.9730551180462799,-0.006714522460143134,0.7883900739506924,0.9468362627560596,0.6719867288631404,3.0428177739889986,5.587981377713598,0.9477166825169625,0.9735074126666743,-0.07965316864118004,2.4215757531402655,1.2342305543865875,3.8595333382843218,3.127076480616333,-0.08633467702192321,2.696131114722289
46,97_Normal_0.mat,Normal,0,0.9828222172249497,-0.018777688473601,0.7910841296609196,0.9659395106709661,0.6719714237161672,3.0428177739889986,5.708523348881533,0.9665307868080465,0.9831229764419335,-0.07508774376362146,2.6051630118938274,1.2423738264664366,3.846389606234912,3.096000192768799,-0.07902154501171267,2.788711060608055
47,97_Normal_0.mat,Normal,0,1.0262216780158213,-0.002586027214366328,0.8348574254490249,1.053130932429608,0.7152927943847222,2.867744911102234,5.533450485994769,1.0541536918575591,1.0267198701971045,-0.07122449438744127,2.8516569325570487,1.229217884074808,3.4350115644673025,2.794469238502314,-0.065807209273897,2.566193546850999
48,97_Normal_0.mat,Normal,0,0.9921939302013523,0.01641121703266374,0.8063914555462305,0.9844487951284059,0.6908618242935418,2.867744911102234,5.372727857770855,0.9851415193489018,0.9925429559212547,-0.10643069689898227,2.4817393156473955,1.2304122562013424,3.5562689700824466,2.8903068480950838,-0.10884762848918962,2.557165960631259
49,97_Normal_0.mat,Normal,0,0.9718875642646456,-0.028901330583408123,0.7725545410880248,0.9445654375722657,0.6529967333746559,3.0370776801238586,5.8692459771054475,0.9446526630290137,0.971932437481646,-0.2583621325486523,2.6872726543619647,1.2580180590157852,3.9312145856299914,3.1249269892846736,-0.28139775661094785,3.011392929373479
50,97_Normal_0.mat,Normal,0,1.0430951956499144,-0.049504567889385995,0.8399449970197976,1.088047587187933,0.7154824364096226,3.0370776801238586,5.8692459771054475,1.0866580744718695,1.0424289301779135,-0.3313507767218953,3.385553028869184,1.24186131157358,3.6158054288031654,2.9116016378818186,-0.29251532633172295,2.867106318758403
51,97_Normal_0.mat,Normal,0,1.0277924347908254,-0.0190775859558129,0.8383363180541112,1.056357289013253,0.7183944090964508,3.025597492393579,5.590851424646167,1.05702558627645,1.0281174963380644,-0.2159230985524403,2.9055965688990733,1.2259905871372014,3.60904976586578,2.9437826062675776,-0.1986876412165711,2.600544646104716
52,97_Normal_0.mat,Normal,0,1.0215039457721398,-0.037517076941533,0.8359229489851745,1.0434703112280508,0.714929667029059,2.69841214208061,5.263666074333198,1.0430814143595242,1.0213135729831089,-0.1829335286630512,2.655415319413849,1.2220072998486786,3.2280632387869037,2.641607164853659,-0.17171807088829413,2.4405968252981007
53,97_Normal_0.mat,Normal,0,1.0399828705489014,-0.058170764291247457,0.8468777320816956,1.0815643710351328,0.7249299296987972,3.0485578678541385,5.633902128634716,1.079234473132073,1.0388621049648856,-0.3277273128563166,3.0489732099124676,1.2280200920991384,3.5997615149909907,2.9313539233989334,-0.2923068031578225,2.617712760161004
54,97_Normal_0.mat,Normal,0,1.0507352415516775,-0.03716953219579211,0.8575099621440156,1.104044547838662,0.7381802092146349,3.0485578678541385,5.642512269432426,1.1037408456345732,1.050590712710984,-0.3444274220002596,3.2613990918482347,1.2253329849641852,3.5551282229168892,2.9013568283379043,-0.29702776621579974,2.6771315777747824
55,97_Normal_0.mat,Normal,0,1.0257789828150043,-0.01810221844357235,0.8200631836519059,1.052222521584985,0.6958066462914005,4.116215326770141,6.710169728348428,1.052923076464266,1.0261204005691857,-0.3417093785090105,3.5089979429984166,1.250853596726235,5.019388028657486,4.012770192922225,-0.3162728648406834,3.165117415475187
56,97_Normal_0.mat,Normal,0,0.9553716945127863,-0.051898142186665976,0.7558209502608491,0.9127350746762326,0.63805002873539,4.116215326770141,7.129196580503634,0.9109312388016975,0.954427178364959,-0.24691202113638605,2.899590145240051,1.2640185406104505,5.446019093998528,4.308496211901057,-0.28399705787662166,3.494342124169357
57,97_Normal_0.mat,Normal,0,0.9739547055222335,-0.08748223970220059,0.7825572545917643,0.9485877684089007,0.6631236949802236,3.1576196512917947,6.170600905025287,0.9418544058387893,0.9704918370799361,-0.2305173313517212,2.4927323139506177,1.2445794857899193,4.035001442718707,3.2420600602729674,-0.2521900354432948,2.8100114934125435
58,97_Normal_0.mat,Normal,0,0.9807506452933642,-0.05743083031644427,0.7955320249768925,0.9618718282433504,0.6759736924136223,3.1576196512917947,5.714263442746674,0.9595105499939927,0.9795460938587794,-0.21345294873533283,2.38270932993042,1.2328235878632527,3.969192379627387,3.2195947730873646,-0.22710543481159845,2.5880434117006947
59,97_Normal_0.mat,Normal,0,0.9355011371937287,-0.026953398339134602,0.7681545263459093,0.8751623776907598,0.6616833387145983,2.939496084416482,5.174694619423532,0.8752906680517509,0.9355697024015639,-0.13581658012563533,1.9479274139278453,1.2178553990206438,3.8266989044453856,3.142161957420061,-0.16585338637728503,2.5425422190591136
60,97_Normal_0.mat,Normal,0,0.9509665847621025,-0.03906421161612147,0.7727438454072011,0.9043374453340971,0.6653947984912142,2.939496084416482,5.590851424646167,0.9036939463243654,0.9506281851093862,-0.25226834907443246,2.294522682769557,1.2306362456497542,3.803972172516879,3.0910613806149105,-0.2936504735212659,2.8096330910500207
61,97_Normal_0.mat,Normal,0,1.0341874788769305,-0.05826886159851302,0.8453559393024446,1.0695437414658218,0.7305742696786498,3.2092804960780525,5.860635836307738,1.0671906596123628,1.0330492048360342,-0.3838579808299505,3.0402427555967866,1.2233751852847679,3.7963659410998307,3.1031902451188516,-0.34818299063596797,2.6694650011503267
62,97_Normal_0.mat,Normal,0,1.0309434536297593,-0.024826088161575458,0.8496509664419396,1.0628444045820555,0.7359208383552154,3.2092804960780525,5.860635836307738,1.0632664160380614,1.0311481057724257,-0.17048059803379986,2.8591839087275255,1.2133728958678174,3.7771751258210093,3.112954919860699,-0.1554933482128857,2.529052808035768
63,97_Normal_0.mat,Normal,0,0.9470735170967977,-0.030922135113078925,0.7726893078483174,0.8969482467860983,0.6632737232923456,2.8579987193747183,5.51049011053421,0.8968679159202877,0.9470311060996295,0.041376583495696256,2.120593887483916,1.225684770678213,3.69876830226834,3.017715803238528,0.048714908996564214,2.6363345976324015
64,97_Normal_0.mat,Normal,0,0.9706369725998872,-0.06220957057038147,0.7775488032342738,0.9421361325778742,0.660153444553095,3.0428177739889986,5.900816493363717,0.9391832730724327,0.9691146852011029,-0.23536586721304426,2.5651552706234897,1.2483293248747862,3.9133463537314337,3.1348669583804987,-0.25859371056732605,2.9081242647729146
65,97_Normal_0.mat,Normal,0,1.026595396852032,-0.018993502549585272,0.8289448439459542,1.0538981088377812,0.7054856117794405,3.0428177739889986,5.461699312680522,1.0545672064862646,1.026921227011237,-0.23862805243935462,2.956235864350785,1.2384363137648347,3.670711985493349,2.9639893022281005,-0.22034850262642178,2.6582177720920015
66,97_Normal_0.mat,Normal,0,0.9806635062471759,0.011991232645297788,0.7951493288233925,0.9617009124850049,0.6782775440243041,2.798863784720557,5.318196966052026,0.9624970613611368,0.9810693458472427,-0.00109571325442899,2.4290822333508952,1.2333073432848913,3.5199222124209095,2.8540511264954223,-0.001160373486080046,2.622064635275128
67,97_Normal_0.mat,Normal,0,0.955959379028212,0.0015508763720332545,0.7717813239345279,0.9138583343520048,0.6582359471389503,2.9613204089472345,5.760184193667792,0.914749238938134,0.9564252395969766,0.03316745918749623,2.3214937245254808,1.2386402072461522,3.836994129174618,3.097747115525442,0.037910465590281744,2.774363743855945
68,97_Normal_0.mat,Normal,0,1.0283655030948393,-0.01854786049657881,0.8344780575697334,1.0575356079555018,0.7137209250448866,2.9613204089472345,5.877856117903157,1.0582250076855695,1.0287006404613392,-0.1480011571075921,2.9731603514701863,1.2323457684298325,3.548709737878545,2.8796380275615405,-0.13595590657176132,2.654986344803695
69,97_Normal_0.mat,Normal,0,0.9967589644115898,-0.00032138080663538307,0.7962319027877256,0.9935284331348649,0.6732891726250205,2.916535708955923,5.6769528326232646,0.9944995207875111,0.9972459680477586,-0.13969264983695012,2.77272191496166,1.2518450478064713,3.6629224460123204,2.9260190407965845,-0.1408531903549822,2.8034780403280837
70,97_Normal_0.mat,Normal,0,0.9529484213178567,-0.0013780289448959773,0.7646314900617059,0.9081106936921953,0.6485583902510265,2.652491391159492,5.100073399176715,0.9089964866098773,0.9534130723930091,-0.05421859865290848,2.266529783868719,1.2462845615208802,3.4689800585403123,2.7834574587872347,-0.06256118720066707,2.743070825494297
71,97_Normal_0.mat,Normal,0,0.934648549075844,-0.02365732881501135,0.7463657130121217,0.8735679102895805,0.6325720680915888,3.3499127957739776,5.857765789375168,0.873861621572736,0.9348056597885659,-0.19132198817287788,2.2451622762674783,1.2522661917340945,4.488299418592241,3.5841416531194525,-0.23420754717807726,2.9401020427200746
72,97_Normal_0.mat,Normal,0,0.9753435281475845,0.014289512415519786,0.7805894111389747,0.9512949978993779,0.6619711856838231,3.3499127957739776,6.182081092755567,0.9520205152687465,0.97571538640566,-0.026289135638254385,2.593349620845708,1.2494962322422365,4.291517086917381,3.4345978612610937,-0.0283013300672591,2.8613333416646207
73,97_Normal_0.mat,Normal,0,1.0421876700032833,0.03224131964511961,0.8463274530464758,1.0861551395068727,0.7209613762990021,3.476194860807053,6.3083631577886425,1.086176355911984,1.0421978487369776,0.024055823851417774,3.0907077436460786,1.2314236838832882,4.107387570011925,3.3354787826196084,0.02125052764069236,2.619734326650824
74,97_Normal_0.mat,Normal,0,1.0140211248919397,0.021857018976006837,0.8186467286590724,1.0282388417271149,0.6947937319499031,3.476194860807053,6.007008229868802,1.0287657665174619,1.0142809110485427,-0.04500555575058809,2.861883063356244,1.2386553190674179,4.246269775604854,3.4281286409827696,-0.04313118326305428,2.7040758919875403
75,97_Normal_0.mat,Normal,0,0.9576869244706787,-0.01980350602957814,0.7687459129697104,0.9171642453021074,0.6514817532708963,2.761553174597148,5.369857810838285,0.9176682268288064,0.9579500126983695,-0.08896345377224973,2.305626643155286,1.245778232198767,3.592283390392951,2.883565708199052,-0.10120060116256802,2.737900064571812
76,97_Normal_0.mat,Normal,0,0.9836692162181339,0.0006708033868506949,0.7872426858577873,0.9676051269351977,0.6649282604837247,2.924009798823826,5.685562973420974,0.9685505270821176,0.9841496466910495,0.073921139707868,2.626517933180319,1.249512042331735,3.714241937521569,2.972553934403533,0.0775506123590688,2.799856716686466
77,97_Normal_0.mat,Normal,0,0.9829159389413352,0.04558815899365268,0.7943093124387893,0.9661237430249265,0.6745594229991991,2.924009798823826,5.625291987837006,0.9649878337158591,0.982337942724325,0.144493342955014,2.520515046183421,1.2374473313452974,3.6811979326321613,2.9748320105279817,0.1524281160691256,2.706734250482561
78,97_Normal_0.mat,Normal,0,0.9468720497282054,0.0022263464020619086,0.7673737769661974,0.896566678556493,0.6544729601725723,2.70128218901318,5.3669877639057155,0.897438126358463,0.9473321098529612,-0.006390271274212621,2.127751942301334,1.2339124402587984,3.5201648402544397,2.8528481644227606,-0.007516445639425129,2.6418731661370183
79,97_Normal_0.mat,Normal,0,1.0089896066140724,0.0016545792397139984,0.8145974120633123,1.0180600262552206,0.6936868635490091,3.3028559939230533,6.345673767912052,1.019052457037836,1.0094812811725813,0.024978471563125756,2.9335165514278767,1.2386359098013104,4.05458689778196,3.273429153550326,0.024281250511121635,2.8248504576957294
80,97_Normal_0.mat,Normal,0,1.0129778851972253,0.02801192431186962,0.8183732240601994,1.0261241958986431,0.6982938903051232,3.3028559939230533,6.345673767912052,1.0263418149236256,1.0130852949893339,0.10784579156037417,3.010650458792991,1.237794511616955,4.035879836748006,3.260541066280762,0.1037206351678718,2.8580925628159046
81,97_Normal_0.mat,Normal,0,0.9676466877341064,0.02406000421917084,0.7935584006534843,0.9363401122827872,0.6856103098607331,2.859134770304525,5.496139875871361,0.9366759510882454,0.9678202059722898,0.12072048745929266,2.298034049094322,1.2193767805066944,3.602929246223674,2.9547300750821295,0.13316709487940437,2.619254623649378
82,97_Normal_0.mat,Normal,0,0.9927245891048221,-0.031620027384768275,0.8081954530120404,0.9855021098133377,0.6928874089530191,2.859134770304525,5.461699312680523,0.9854646515052597,0.9927057225105835,-0.0577540474673172,2.5766911732712083,1.2283224131042028,3.537677376982709,2.880088598268566,-0.05903653357394144,2.653262800471152
83,97_Normal_0.mat,Normal,0,1.0721384801728595,-0.02184112724049448,0.8461097118680821,1.149480920667369,0.7074148709044402,3.248325102204225,6.471955832945127,1.1501270567821225,1.0724397683702906,0.10220342095569881,3.88998486337458,1.2671388416101181,3.839129910267282,3.0297626307354175,0.08286033832297383,2.940737574581411
84,97_Normal_0.mat,Normal,0,0.9991342844438214,0.024956893885598918,0.7903757855093385,0.9982693183510668,0.6646218640033997,3.248325102204225,6.471955832945127,0.9986216882911215,0.9993106065138714,0.11819449641977184,3.075778386724275,1.2641256257600166,4.10984896267642,3.2511396643837402,0.11843928139595211,3.084274711278061
85,97_Normal_0.mat,Normal,0,0.9088739028553304,0.027560676698447983,0.7374499527349255,0.8260517712914807,0.6343722612874341,2.939496084416482,5.295236590591468,0.8260989176156381,0.9088998391548092,-0.14789246949258467,1.93115392824757,1.232455028959491,3.986027897230187,3.234217722808948,-0.19696904584078345,2.829780734924176
86,97_Normal_0.mat,Normal,0,0.9891818346994224,0.013995220493723063,0.7914098945324695,0.9784807020993155,0.6765481458008815,2.939496084416482,5.823325226184329,0.9792411260648203,0.9895661302130445,-0.049460754832070575,2.8072236127303456,1.2498982405097907,3.7142523801137135,2.971643818456007,-0.051041834261266246,2.927505495340779
87,97_Normal_0.mat,Normal,0,0.994615476625852,0.008005679190107955,0.7955035301175502,0.9892599463436709,0.6762572244133603,2.9182697049586865,5.579371236915888,0.9901628113148006,0.9950692495071891,0.14739937840829465,2.7930398758454773,1.2502967478694018,3.668456008641207,2.9340682641051727,0.14960142680407523,2.8488128137728905
88,97_Normal_0.mat,Normal,0,0.9812776838485642,-0.002804644070558167,0.7925421592996005,0.9629058928192026,0.6762117550608616,2.9182697049586865,5.54206062679248,0.9638392760838908,0.9817531645397893,0.08206023422429765,2.5340205920163035,1.238139412942421,3.682163365964014,2.973948916794153,0.0867213086242044,2.727726986751545
89,97_Normal_0.mat,Normal,0,0.9735974928640287,-0.005363582400085828,0.7846589895636578,0.9478920781111224,0.6686552563498408,2.924009798823826,5.547800720657619,0.9487898626952481,0.97405844932183,0.04608660439244784,2.4996111914533277,1.2407905928716847,3.72647205692006,3.0033045691390106,0.04986773663926249,2.7767219204492353
90,97_Normal_0.mat,Normal,0,1.0557433720456437,0.020228603675398315,0.845119104593208,1.1145940676183064,0.7167393010800802,3.317206228585902,6.296882970058363,1.1152740059831179,1.056065341720444,0.13240737467885724,3.6737124679363173,1.249224359390821,3.9251345881935658,3.142057356377459,0.11241902244144975,2.953534185934001
91,97_Normal_0.mat,Normal,0,1.0407397130036484,0.03738442132604321,0.8352661643020665,1.0831391502229164,0.709491302699814,3.317206228585902,6.296882970058363,1.0827989761401704,1.0405762711787014,0.14839242132920677,3.4330942108651814,1.2459976920913898,3.971436136592135,3.1873543280183116,0.13170127113250638,2.928127939813606
92,97_Normal_0.mat,Normal,0,0.9621163512974156,0.0070134949966218635,0.7770612363516225,0.9256678734338519,0.6648988615597433,2.70989232981089,5.002491803469338,0.9265234924198504,0.9625609032263104,-0.07671018864737691,2.3416958061869306,1.2381474024021666,3.4873600728439484,2.8165952341977962,-0.08601385203188543,2.7278319205034767
93,97_Normal_0.mat,Normal,0,1.0444637794671519,-0.002322565874853074,0.8485988728760925,1.0909045866188074,0.7316894606811806,3.179443975822547,6.038578746127072,1.0919655649285651,1.0449715617798243,-0.13303176726416716,3.2033681149317847,1.2308097651909415,3.746698325255782,3.044092134474535,-0.11658480370503777,2.6865130973887004
94,97_Normal_0.mat,Normal,0,1.0685358174946755,0.0004465809702436721,0.8729908266552593,1.1417687932690144,0.7539846715503374,3.2092804960780525,6.388724471900599,1.1428846921666453,1.0690578525817231,-0.009741330058582746,3.5247722868519644,1.2239943248744036,3.676190399812424,3.003437454815164,-0.007972869117592124,2.698523681230709
95,97_Normal_0.mat,Normal,0,1.0105966639715247,0.01226029954522622,0.8239808864513783,1.0213056172303747,0.7074302483316424,3.2092804960780525,6.06153912158763,1.0221534990618637,1.0110160726031332,0.010703118130737207,2.800948901142447,1.22648071161288,3.8948482286955715,3.175629418231786,0.010357051583919195,2.680852664912874
96,97_Normal_0.mat,Normal,0,0.9848103028612288,0.00554203538763828,0.7838960494164586,0.9698513326216254,0.6662977099603566,4.109339181975195,6.767570666999827,0.9707686347102217,0.9852759180606322,0.20656088451821636,3.143180451306172,1.256302163524203,5.242199121974136,4.172721558691975,0.21596057778153122,3.335322574203945
97,97_Normal_0.mat,Normal,0,1.0237392565718775,-0.017645365269735543,0.8222129160711258,1.0480420654463405,0.7043001993340696,4.109339181975195,7.008654609335698,1.0487548812195293,1.0240873406206763,0.1698814707801754,3.481352319834255,1.2451023774504577,4.997901518752982,4.014048651149543,0.15817397162327365,3.165191469730909
98,97_Normal_0.mat,Normal,0,1.0467865479062985,0.03660244564812622,0.8518380111182657,1.0957620768775853,0.7295344581718552,3.077258337179837,5.961087478947684,1.0954921544071996,1.046657610877215,0.10004193631292178,3.1544039179014067,1.2288563485572588,3.6124923952812322,2.9397190318616446,0.08725055164548004,2.6284441912203764
99,97_Normal_0.mat,Normal,0,0.9757865253875646,0.03222730574408167,0.7803699186049846,0.9521593431279364,0.6617649022771925,3.077258337179837,6.11032991944132,0.9520504806899626,0.9757307419006345,0.0932390604329403,2.7185470422188214,1.2504153506207196,3.943332852548832,3.15361839614915,0.10037092430293926,2.9992792243453277
100,97_Normal_0.mat,Normal,0,0.921938402247783,-0.01147364325262722,0.7403415457947484,0.8499704175391949,0.6276667456043235,3.033071582261482,5.556410861455328,0.8506695049881715,0.9223174643191853,-0.12004282403898509,2.0767499178470503,1.2452879451157197,4.096854484914009,3.289885283944398,-0.15300122471259678,2.869871643886368
101,97_Normal_0.mat,Normal,0,0.97800787715532,-0.009862044633264231,0.7887863753846984,0.9564994077778555,0.6701222519684235,3.3028559939230533,5.872116024038018,0.9573370473137743,0.9784360210630915,-0.058870058331351324,2.5739015786906343,1.2398894145161885,4.1872629865190465,3.37712616745636,-0.06284882571063417,2.8084209550339017
102,97_Normal_0.mat,Normal,0,0.9945864049744771,0.014838857336206993,0.7974196392282731,0.9892021169600546,0.6797339332726167,3.3028559939230533,6.509266443068536,0.9899486720230328,0.9949616434933725,-0.008180557376211331,2.9698956339796125,1.2472559691855232,4.141929583168217,3.320833642406855,-0.00830546359458887,3.030510779470291
103,97_Normal_0.mat,Normal,0,0.9676139183627055,0.004104209141145744,0.7752808285523345,0.9362766950092284,0.6578851491287269,3.2064104491454826,5.788884662993491,0.9371750604965704,0.9680780239715032,-0.05032681218984662,2.5361397068935614,1.2480818339958986,4.135805157375824,3.3137291519821455,-0.05547129920989075,2.887564725148362
104,97_Normal_0.mat,Normal,0,0.9870821553396456,-0.00804864583895493,0.794141320499928,0.9743311813899603,0.6737722766367596,2.972800596677514,5.903686540296286,0.9752187627631304,0.9875316515247146,-0.060559106639941115,2.6384553928215237,1.2429552900194318,3.743415082346216,3.0117053383986967,-0.06288200595901276,2.774250413996134
105,97_Normal_0.mat,Normal,0,0.9895185576113685,0.014883701819528403,0.8036418112891179,0.9791469758572833,0.6876945123829552,2.972800596677514,5.903686540296286,0.9798823676520909,0.989890078570389,0.007172932553309697,2.5778899823168917,1.2312930259599801,3.6991611871278325,3.004289888054905,0.007394960062470445,2.6848281523620723
106,97_Normal_0.mat,Normal,0,0.9551460267762436,0.038539166771569384,0.7845952848598219,0.9123039324664447,0.6769495876186287,2.9796767414724603,5.565021002253038,0.9117090059170888,0.9548345437389081,0.09623735205514161,2.1052820573856845,1.2173741611838458,3.797724507101799,3.1196033464392685,0.1105501402249903,2.5327819325376892
107,97_Normal_0.mat,Normal,0,0.9464963764448318,0.0011248537804799154,0.7678708031774731,0.8958553906231967,0.6591061552861874,2.9796767414724603,5.631032081702145,0.8967298380596496,0.9469582029105876,0.049104281541823176,2.2298752767631096,1.2326245151228148,3.880440210955522,3.14811214878749,0.057826503040182435,2.773047640283032
108,97_Normal_0.mat,Normal,0,0.9606199489075544,-0.010885059409033776,0.7811485655720838,0.9227906862391524,0.6706733808648089,2.672581719687481,5.323937059917165,0.9235741295817339,0.961027642464947,0.047592578236793,2.338909528317922,1.2297532009199847,3.4213488156721654,2.782142638953145,0.05362059064560242,2.74201549421899
109,97_Normal_0.mat,Normal,0,0.9424724659917556,0.03524029446723855,0.7736391001548923,0.888254349152581,0.6659157469448039,2.672581719687481,5.300976684456607,0.8878795406623715,0.9422736018070185,0.11072556512438234,2.0265445545284604,1.2182327209183745,3.4545587459953118,2.8357133137808015,0.13234783230653746,2.5706802381469274
110,97_Normal_0.mat,Normal,0,0.9670295459130782,0.021778541130194368,0.7846768572329048,0.9351461426688543,0.6719388852080005,3.1518795574266547,5.966827572812825,0.935585495525569,0.9672566854385495,0.1298864429947359,2.4322862133639873,1.2323920821648697,4.016786691705767,3.2593415276131625,0.14352865105160026,2.77873875107794
111,97_Normal_0.mat,Normal,0,1.0315192063905716,-0.02911434187918479,0.8306198550854806,1.0640318731526348,0.7095747565561971,3.561160217854344,6.807751324055806,1.0642235090201042,1.0316120923196395,0.04254068963129251,3.3968941813293467,1.241866781866386,4.28735262713359,3.452345041942441,0.03874853196887504,2.9992752333882455
112,97_Normal_0.mat,Normal,0,0.9773851752564225,-0.007675876071345754,0.785865878408392,0.9552817808110279,0.6706704510350984,3.561160217854344,6.807751324055806,0.9561566084254807,0.9778326075691487,0.040557972534009785,2.761330500637464,1.2437048128806272,4.53151143941025,3.6435586583522817,0.043379315048284676,3.020371252196191
113,97_Normal_0.mat,Normal,0,0.9777720576314813,-0.009088477295970007,0.7808667695060569,0.9560381966849009,0.6612901093080598,3.37747721416987,6.127550201036739,0.9568900592137927,0.9782075747068169,0.07810528403682254,2.6724043244109463,1.252162463321017,4.3252925416482935,3.4542582678706233,0.08344250852423998,2.918623534380486
114,97_Normal_0.mat,Normal,0,1.0024833888679854,-0.005074896038704296,0.7881314589306555,1.0049729449562403,0.6604227377589079,3.406177683495569,6.233741937541826,1.0059295434562183,1.0029603897743014,0.227028385606035,3.1626993424129,1.2719748431649875,4.321839516611584,3.397739774360214,0.22502398736538565,3.125523594642729
115,97_Normal_0.mat,Normal,0,1.0301572097461675,0.01618699461605671,0.8117670126741805,1.0612238767920092,0.6807923310503249,3.406177683495569,6.233741937541826,1.0619989663628977,1.0305333407332815,0.1663921090145189,3.392804695836261,1.2690306376841818,4.196004063124591,3.3064639564397655,0.15203605264606604,3.0082274678221874
116,97_Normal_0.mat,Normal,0,1.0110821441765245,0.026422747934167348,0.8115729784723871,1.0222871022725983,0.6879173712552117,3.0302015353289127,5.757314146735222,1.0225875613295665,1.0112307161719163,0.11143279275552997,2.8652075110999737,1.245830222290576,3.7337388204186968,2.9969884769292032,0.1077611596954754,2.7400284336812897
117,97_Normal_0.mat,Normal,0,0.9651472388532288,0.03253280878670874,0.7687228483605799,0.9315091926660115,0.6504206037090391,3.811990351917731,6.655638836629601,0.9313603406010771,0.9650701221160445,0.022522766643239697,2.70564636450786,1.2555204270437632,4.958861779693982,3.9496464357532868,0.02505792621062251,3.119144903980373
118,97_Normal_0.mat,Normal,0,0.9483339803793334,-0.0073703730287186815,0.7579204663832702,0.8993373383421099,0.6448980710823965,3.811990351917731,6.655638836629601,0.9001620804752417,0.9487687181158756,-0.18604961420897426,2.648677260463906,1.2512315242039163,5.029538745804272,4.0196707391935025,-0.21784505318776165,3.268794469890346
119,97_Normal_0.mat,Normal,0,1.0050362979056717,0.0041658703057126725,0.8233530636848787,1.010097960107938,0.7119658516163355,3.28390171632487,5.808974991521479,1.0110679767035338,1.005518759995821,-0.06247800316306437,2.7104326841747857,1.220662607856777,3.988449015570466,3.2674458854518056,-0.061454912944289994,2.6514162586215595
120,97_Normal_0.mat,Normal,0,1.0057831688739007,0.016136544572320145,0.8096131927398136,1.0115997827900256,0.6903271661101883,2.859134770304525,5.610941753174157,1.0123279962781564,1.0061451169081705,0.0033313767956453626,2.8306106384549254,1.2423008640323483,3.5314824362303066,2.8426949851455943,0.003270708841979025,2.76208881629346
121,97_Normal_0.mat,Normal,0,0.949010629536974,0.018958944241361048,0.7543653147818437,0.9006211749741638,0.6399465989736798,3.033071582261482,5.774534428330641,0.9011417546521943,0.9492848648599609,0.0686857044921037,2.460949588588687,1.258025270965914,4.0206933203637565,3.1960354161029088,0.08029281553600584,3.0305153690730604
122,97_Normal_0.mat,Normal,0,0.9696990896726366,-0.003342777870415028,0.7783475955934362,0.9403163245119401,0.662252492599476,3.033071582261482,5.631032081702146,0.941224314717891,0.9701671581319845,0.07796825071054403,2.519612637591428,1.2458432391405567,3.8968085716832954,3.1278482310242217,0.08538431208926986,2.844117288872447
123,97_Normal_0.mat,Normal,0,0.9669426127689341,-0.015150890884982393,0.7854358267384258,0.9349780163884129,0.6698785756028833,2.771897311397621,5.476049547343371,0.9356621995105139,0.9672963348997627,0.016513472289904987,2.268061823975479,1.2310905357895325,3.529120033783764,2.866661655811359,0.018245668302521587,2.5906975815269337
124,97_Normal_0.mat,Normal,0,0.9365696208577979,0.0044601622275094,0.7634740002727066,0.8771626547137193,0.656065733195181,2.70415223594575,5.174694619423532,0.8780001837210387,0.9370166400449027,-0.051564858818397924,1.9856879297872392,1.2267210416098469,3.541904812706533,2.8872944154073115,-0.062677537130863,2.575857196116032
125,97_Normal_0.mat,Normal,0,0.9339327293919256,-0.03096417681619273,0.748542188498478,0.8722303430294518,0.6371806790371215,2.774767358330191,5.361247670040575,0.8721232456406184,0.9338753908528795,-0.02428119164424323,2.1812205452375126,1.2476687937443849,3.7068950834854997,2.9710569840868986,-0.029812829968424683,2.8677669476229757
126,97_Normal_0.mat,Normal,0,0.9861651638920461,-0.03673229848340842,0.7889715337519931,0.9725217304742262,0.6667492252172945,2.860868766307288,5.642512269432425,0.9721218064239376,0.9859623757648857,0.022408401712208113,2.720095867372396,1.2499375727804005,3.626073494310573,2.901003676720385,0.02337921116302147,2.8783449513284087
127,97_Normal_0.mat,Normal,0,1.037667284499245,-0.008516710133622096,0.8351969120379403,1.0767533933200368,0.705790412584301,3.0169873515958696,5.877856117903157,1.0777333329264724,1.0381393610332248,-0.08110780529524858,3.191168051116904,1.242422319266028,3.612306640634712,2.9074708210049165,-0.07249293396730667,2.7474325855235575
128,97_Normal_0.mat,Normal,0,1.0017323870699182,0.006427713933236025,0.8015526890464635,1.0034677753047963,0.6781616484677266,3.0169873515958696,5.547800720657619,1.0044073263280058,1.0022012404342782,-0.16757107770119595,2.878762853791374,1.249739911995481,3.7639289254723223,3.0117698005328446,-0.1664693389439813,2.8535543345472507
129,97_Normal_0.mat,Normal,0,0.9656895289241371,-0.017687406972849356,0.7831123803830701,0.9325562662737217,0.6705777738696664,2.887835239630224,5.338287294580017,0.933154705800682,0.9659993301243444,-0.13176218366515824,2.3519264807325544,1.233142972979847,3.6876383415288525,2.990438596600023,-0.14617069365827848,2.700949355193207
130,97_Normal_0.mat,Normal,0,1.0304306874281437,-0.021230121155240332,0.8339354856343225,1.0617874015936368,0.7138881363019843,3.28390171632487,6.0385787461270715,1.0623741583133484,1.0307153624126053,-0.06649266799358008,3.1523983627662098,1.2356239843219095,3.937836646707837,3.186921504170248,-0.060723600159462154,2.793097505427828
131,97_Normal_0.mat,Normal,0,1.0194579460072162,0.009376238711618383,0.8136514150882123,1.0392945036772523,0.6890882647837696,3.28390171632487,6.0385787461270715,1.0402224320436675,1.0199129531698612,-0.08623359754419271,3.1834954153475596,1.252941895142453,4.0360056597023295,3.2212233267525128,-0.08128065265806232,2.942061852261796
132,97_Normal_0.mat,Normal,0,0.9301243706356292,-0.038195349751769234,0.7432302776376293,0.8651313448503254,0.6280949874144276,2.6639715788897718,5.2148752764795105,0.8645167147118761,0.9297939098057569,-0.10631014507829303,2.136417468100042,1.2514618936015292,3.584315196837337,2.8641025469168175,-0.1322557672156464,2.858507469695673
133,97_Normal_0.mat,Normal,0,0.9665059361663662,-0.03097819071723067,0.7880530395215777,0.9341337246448238,0.6758871285040176,2.6639715788897718,5.111553586906995,0.9340862699677259,0.9664813862500022,-0.041893740287317995,2.2628717469426896,1.2264478248214101,3.3804470578575176,2.7562909643924445,-0.04640541419256602,2.5934982729759466
134,97_Normal_0.mat,Normal,0,0.984423505038666,-0.013690642396829163,0.8099762694318604,0.9690896372726125,0.698124187067388,2.643881250361782,5.079983070648725,0.9698493220619507,0.9848092820754436,0.00814475192664102,2.3158042043800324,1.215373267327884,3.2641465560626965,2.6857152808996068,0.00852749476061376,2.462029798284123
135,97_Normal_0.mat,Normal,0,0.962076080497975,-0.012734894346041727,0.7706470736282531,0.925590384666346,0.651775507905119,3.1403993696963752,5.619551893971867,0.9263328290356965,0.9624618584835954,-0.02317637336854482,2.409949140026189,1.248400355258879,4.075016278083182,3.2641902582877083,-0.02599530367797911,2.8084957175502323
136,97_Normal_0.mat,Normal,0,0.9937669915369397,-0.0005147726409589493,0.7812102851733851,0.9875728334683801,0.6561327676448943,3.166229792089504,6.253832266069814,0.9885379375571539,0.9942524516224005,0.05963461491865003,3.08617751847893,1.2720864156506937,4.0529801670272745,3.1860887099796824,0.06067480756223337,3.1581606725351645
137,97_Normal_0.mat,Normal,0,1.0355844517004777,-0.012718077664796209,0.8147205590822428,1.072435156603779,0.6845427212020905,3.166229792089504,6.253832266069814,1.0733215727026335,1.0360123419644351,0.02040523558023144,3.5470176298089067,1.271091591042897,3.886277026876892,3.057432724957728,0.018350454515499045,3.078957047445649
138,97_Normal_0.mat,Normal,0,1.0142433949030216,0.01229953846813245,0.8137712927062782,1.0286896641044068,0.6929045334629176,2.9337559905513424,5.852025695510029,1.0295437993244054,1.0146643776758921,-0.014813670933211967,2.9810890271258166,1.2463494399376107,3.6051357633804417,2.892556170729576,-0.0141806276027323,2.812453115649482
139,97_Normal_0.mat,Normal,0,0.9738078474863133,-0.0004419003555616481,0.8065768476604632,0.9483017238259269,0.7028441065093813,2.7288466074090727,5.252185886602919,0.9492285095163272,0.9742835878307338,0.0189519327788956,2.209896244071773,1.2073342426201656,3.383244405441235,2.8022433937559987,0.020492613400292795,2.4526204028150573
140,97_Normal_0.mat,Normal,0,0.9483483765285672,-0.004547973359677769,0.7824959440476043,0.8993646432643689,0.678453683088714,2.424621632556663,4.792978377391735,0.900223083307481,0.9488008659921644,-0.013745688763857695,1.9688991708714403,1.2119530890113612,3.098574057792253,2.5566782129468533,-0.016093158512122605,2.4295351484304986
141,97_Normal_0.mat,Normal,0,0.9869202542986212,0.007501178752742145,0.7965273041342584,0.974011588344855,0.6779606097161741,3.341302654976268,6.038578746127072,0.9749073786491365,0.9873739811485497,-0.060573828244132856,2.6310742921643215,1.2390287805263134,4.19483756254121,3.385585249081204,-0.06292742862066315,2.768256933926894
142,97_Normal_0.mat,Normal,0,0.9672405841323395,0.002562680026972448,0.7779378057523932,0.9355543475926692,0.6630469830546474,3.341302654976268,6.038578746127072,0.9364622942229507,0.9677098192242087,-0.0012171793829797509,2.55027502669586,1.2433392193809325,4.295076843245054,3.4544690429528657,-0.0013431333850673199,2.9080805177800344
143,97_Normal_0.mat,Normal,0,0.9079000835036813,-0.010147928214438197,0.7311956649202481,0.8242825616259916,0.625365800778033,2.9096595641609766,5.275146262063478,0.8249852308184173,0.908286976025979,0.12895484722162479,1.9578350014298103,1.241665024917051,3.9793173069131305,3.204823545041533,0.1720950626251232,2.876628248709469
144,97_Normal_0.mat,Normal,0,1.0454690767180082,-0.03718354609683007,0.8393898127917572,1.0930055903736045,0.7120271339497308,3.0370776801238586,5.972567666677964,1.0926900544045237,1.045318159415842,-0.08256681324282696,3.3969817920340897,1.24551079937413,3.618196973369397,2.904990446637703,-0.07228697273945431,2.845111156803534
145,97_Normal_0.mat,Normal,0,1.0291729034626402,0.00863910751702279,0.8309116364107421,1.059196865221721,0.7064656582230475,3.0370776801238586,5.972567666677964,1.0601575411418014,1.0296395199980435,-0.05146926987870981,3.093197541624935,1.238606920835868,3.655115113370363,2.950988769625293,-0.047151161691627905,2.752116679874352
146,97_Normal_0.mat,Normal,0,0.930487362346352,0.02457291299715941,0.7575916069844497,0.8658067314862713,0.6480964530624048,2.385577026430491,4.7642779080660365,0.8660486540718474,0.9306173510481348,0.07963630709600389,1.9029612904056392,1.228217622485122,3.1488957961440414,2.5637930432632277,0.09880926664935799,2.5371454886055775
147,97_Normal_0.mat,Normal,0,0.9235502998114339,0.0006960284087189836,0.7511592848447701,0.8529451562817894,0.6404178811625713,2.42862773041904,4.767147954998606,0.8537784398338941,0.924001320255493,-0.051194533842660706,1.8528496743072616,1.2294999455422555,3.233172749662133,2.6296648172950365,-0.06489419023214797,2.5418494154619675
148,97_Normal_0.mat,Normal,0,1.023481432677231,-0.004071500724387864,0.8237764588064278,1.0475142430350375,0.7005867621654893,3.306862091785429,6.159120717295007,1.0485216128043935,1.0239734434077836,-0.13528013648101425,3.1515987815131288,1.2424261724581374,4.014271173241267,3.230993730029944,-0.12599924780575636,2.8666597601109656
149,97_Normal_0.mat,Normal,0,1.003261068985451,0.006259547120780754,0.8006512448076217,1.00653277254183,0.6775322074586061,3.306862091785429,6.159120717295007,1.0074774553141281,1.0037317646234616,-0.06550007701936854,3.0205128552491596,1.2530562782366732,4.130215388069324,3.2961132391254857,-0.06477222350920114,2.97584300274758
150,97_Normal_0.mat,Normal,0,0.9326345646118075,0.0019264489198500233,0.7508334030997512,0.8698072311086558,0.6355764929121533,2.543429607721836,5.019712085064757,0.8706537677232573,0.9330882957808748,-0.0063188629503660235,1.9832571133591324,1.2421324900573998,3.387475300403682,2.7271449120886553,-0.007778049638524513,2.6163030839771437
151,97_Normal_0.mat,Normal,0,0.9889424983525082,-0.030173792797652994,0.7887532090794737,0.9780072650477007,0.6651839741014235,3.559426221851581,6.073019309317911,0.9780519361197719,0.9889650833673411,-0.2255706476042473,2.7967982054545293,1.2538047223990565,4.512724868658411,3.599224654393632,-0.23320599505511683,2.923730229075546
152,97_Normal_0.mat,Normal,0,1.0006563858109276,-0.012762922148117611,0.8091159912183343,1.001313202464188,0.685969292864004,3.559426221851581,6.170600905025287,1.0021289518369574,1.0010639099662706,-0.10178685508211498,2.765647894705646,1.236727980499981,4.399154460521218,3.557091397526514,-0.10146266898727478,2.7539095312652986
153,97_Normal_0.mat,Normal,0,0.9554178776926249,-0.005450468586521052,0.7806167965735809,0.9128233210146794,0.6693560506813119,2.9768066945398903,5.5879813777135965,0.9136858847787209,0.9558691776486576,0.031040739035217188,2.129801667953881,1.2239268766507299,3.813403333879562,3.11571173623618,0.03554157579684177,2.5512048474505233
154,97_Normal_0.mat,Normal,0,0.9141397196397641,-0.008684876946077365,0.7197931377947173,0.8356514270230666,0.6069919142534975,3.2150205899431925,5.81758513231919,0.8363927897692571,0.9145451272459206,-0.12341702151659106,2.256927114403598,1.2700033824151347,4.4665896646206145,3.5169903690506104,-0.16134653411342928,3.2262422446339545
155,97_Normal_0.mat,Normal,0,0.9477938371924245,-0.005851266156206113,0.7413831290439695,0.89831315781994,0.6190643354467462,3.2150205899431925,6.426035082024009,0.899157003515555,0.948238895803982,-0.1031114358277418,2.651819761269463,1.2784130094966524,4.3365170638354,3.3921096168586664,-0.12093542563136171,3.2799931743714152
156,97_Normal_0.mat,Normal,0,0.9706651184349525,0.003992097932842225,0.7896906224037477,0.9421907721463404,0.6756755310084164,3.211014492080816,6.357153955642331,0.9430958273193015,0.9711312101458286,0.03976398398560436,2.3941414945276662,1.2291713880039572,4.066167687673318,3.3080559207224556,0.04341663447125238,2.691771354356376
157,97_Normal_0.mat,Normal,0,0.9458454913945895,-0.022979056004775112,0.7724244449003956,0.8946236935914724,0.6641464813911543,2.8476545825742448,5.387078092433704,0.8949696503757969,0.94602835601043,0.013022619030910641,2.0745208330715337,1.2245152229941818,3.686644825097119,3.010697422020321,0.015381046092956015,2.5900084704348028
158,97_Normal_0.mat,Normal,0,0.9913977721761639,-0.0325589587543102,0.8017686779960416,0.9828695426758609,0.6825348849161565,2.8476545825742448,5.387078092433704,0.9827691924201691,0.9913471603934563,-0.16767397898244202,2.569233813338754,1.2365134725053728,3.5517159259553317,2.8723633061234737,-0.17210297182037754,2.6601159138761554
159,97_Normal_0.mat,Normal,0,0.9863765059086558,0.026963684514231784,0.8040668413294041,0.9729386114085685,0.6890273913233425,2.7414628460691586,5.329677153782306,0.9731619245679465,0.9864896981560155,-0.031935641443127535,2.4744586624336797,1.2267344643594595,3.4094962074709496,2.7793269909048854,-0.03326580065495362,2.6128229723470984
160,97_Normal_0.mat,Normal,0,0.9585034121418561,0.026845967745513094,0.7814527258796462,0.9187287910875808,0.670729940673825,2.7299826583388795,5.318196966052028,0.9189054537105267,0.9585955631602552,0.06550459109687894,2.191297577307944,1.2265660869781794,3.4934712848590648,2.848172081344663,0.0743644715935533,2.595133479078605
161,97_Normal_0.mat,Normal,0,0.9514910470311542,0.0023300492697426664,0.7721481379579245,0.9053352125804421,0.6590868985174955,2.6611015319572013,5.062762789053306,0.9062147588012344,0.9519531284686418,-0.08098803492173619,2.0980449179829446,1.2322648987360119,3.446361392506217,2.796769912084389,-0.09388023435985575,2.5547741909282706
162,97_Normal_0.mat,Normal,0,0.9704923391524106,-0.010714089816370922,0.7871016127328752,0.9418553803535177,0.6734966818890539,2.6324010626315024,5.088593211446435,0.942661156168245,0.9709073880490584,-0.15667832064729267,2.3036766977070773,1.2329949824160014,3.3444234137550124,2.7124387864079633,-0.17118885629023703,2.592449504517752
163,97_Normal_0.mat,Normal,0,0.999718947665856,-0.008690482506492535,0.8104845656373104,0.9994379743221264,0.6935657550119928,2.751806982869632,5.3842080455011345,1.0003393437262884,1.0001696574713155,-0.06330576417920647,2.6125561215261492,1.2334830175063372,3.3952614269741233,2.7525806020700108,-0.06327355422134362,2.6107839145888376
164,97_Normal_0.mat,Normal,0,0.9882768681101813,0.018619807836242917,0.8020313805312256,0.9766911680416688,0.687501675309095,2.751806982869632,5.2263554642097905,0.9772988642198998,0.9885842726949988,0.08029859749873694,2.5068597623469007,1.2322172075790399,3.4310465271864317,2.7844494510217084,0.08311260006736039,2.6246732884958908
165,97_Normal_0.mat,Normal,0,0.9766267701884538,0.003765072736027603,0.7861619221223946,0.9537998482487309,0.6707647956043986,3.2781616224597308,5.80323489765634,0.9547180142868502,0.9770967271907374,-0.1188740026116259,2.5919496451963324,1.2422717797761316,4.169830069619165,3.356616593485152,-0.12743074152071854,2.8436512035132027
166,97_Normal_0.mat,Normal,0,0.983580268582502,0.0017246487449037,0.7931698651926311,0.9674301447448269,0.6733266403710697,3.2781616224597308,5.699913208083824,0.9683728469398734,0.9840593716539024,-0.06204858384635281,2.5602275487725485,1.2400625789563846,4.1329881105095385,3.3328867273646696,-0.0651130395012137,2.7301930680407196
167,97_Normal_0.mat,Normal,0,1.0404325596886923,0.02360315104533403,0.8579185256868538,1.0824999112603644,0.7398618483801374,3.0302015353289127,5.679822879555834,1.0830004201188679,1.0406730611094284,0.18453286155592297,2.8316401450131403,1.212740520848998,3.5320388179045166,2.9124439706430048,0.16373094889510245,2.4142420536776776
168,97_Normal_0.mat,Normal,0,1.0222129590352276,0.03693317371262157,0.8386873079475294,1.0449193336195557,0.7221594742821652,3.0302015353289127,5.679822879555834,1.0445753674313263,1.022044699331358,0.13657733392614865,2.770538293359084,1.2188248818687992,3.613028963966243,2.9643544513326026,0.1279289867926161,2.539128010888279
169,97_Normal_0.mat,Normal,0,0.9930055820433679,0.015264879927760325,0.8034950157303218,0.9860600859692877,0.6839468933011215,2.972800596677514,5.8807261648357265,0.9867907322345266,0.9933734102715487,0.031959134990105297,2.597061837441321,1.2358577994905895,3.699837010154621,2.993740065949285,0.032602989424254866,2.6670561956521284
170,97_Normal_0.mat,Normal,0,1.032420778471547,0.005805496727151513,0.8411995331280608,1.065892663819795,0.722137686046634,2.972800596677514,5.8807261648357265,1.0669008553941417,1.032908928896513,0.038093848572105536,2.9218903602904103,1.227319723575201,3.5340017196864193,2.879446693310196,0.03456756244818559,2.5669404222715704
171,97_Normal_0.mat,Normal,0,0.987172020108626,0.029710409117667827,0.803002894275257,0.9745085972853456,0.6898818291648648,2.651355340229685,5.197654994884091,0.9745776248371616,0.9872069817607458,0.007353083926524041,2.4375761838139063,1.229350513111612,3.3018004780908545,2.6858088420448247,0.007642665790467133,2.5664057843780235
172,97_Normal_0.mat,Normal,0,0.9573051532802773,0.0015873125147319086,0.7761071816563065,0.9164331564969752,0.6652778717980294,3.028467539326149,5.3899481393662745,0.9173264635605265,0.9577716134656145,-0.04983749422677848,2.2597009986019962,1.233470293672633,3.9021253905409448,3.1635341447246117,-0.05672445274320218,2.6853638153376846
173,97_Normal_0.mat,Normal,0,1.0257277479868643,0.012058499370279904,0.8450320430965694,1.0521174129902042,0.7305017489825638,3.028467539326149,5.3899481393662745,1.0530003262142098,1.026158041538539,-0.00041529649032559166,2.7293169376394504,1.2138329621524557,3.5838493511144582,2.9525062037826237,-0.00038433992610520206,2.4614836699302827
174,97_Normal_0.mat,Normal,0,0.9915967965554761,0.03002432050091767,0.8159359731410687,0.9832642069390822,0.7047149765248198,2.866608860172428,5.610941753174157,0.9833230235076846,0.9916264536143057,0.04784126527556815,2.4335012467624297,1.2152875093090445,3.513276720884693,2.8909016952528663,0.04906347960267278,2.5167446692081183
175,97_Normal_0.mat,Normal,0,0.9253758949213228,0.015727338662012327,0.7628799277421671,0.856320546901439,0.6600609689123357,2.866608860172428,5.610941753174157,0.8569100239152792,0.9256943469176416,0.04173848960517858,1.8568401880340353,1.213003332855891,3.7576147384723266,3.0977777526969783,0.052617946430393,2.5287394322054983
176,97_Normal_0.mat,Normal,0,0.98372655262968,0.0018171404917541063,0.8019936596535874,0.9677179303486746,0.6878735591655254,3.3344265101813217,6.107459872508749,0.9686605859525773,0.9842055608218119,-0.015615583266895923,2.5107866609789316,1.2266014086113395,4.157671909298428,3.389586772121179,-0.016379504774820593,2.675879514236531
177,97_Normal_0.mat,Normal,0,1.067219553802895,-0.01474729053508976,0.869720916267537,1.1389575760192505,0.7431392862892939,3.3344265101813217,6.173470951957858,1.1398532313623766,1.067639092279023,-0.045902905326146395,3.380387612632253,1.2270827731517704,3.833904011975925,3.124405374973136,-0.03771957337459472,2.6017683847473374
178,97_Normal_0.mat,Normal,0,1.026086753763281,0.00785432905889821,0.8353500139613561,1.0528540262484678,0.7144658774061049,2.839044441776536,5.516230204399351,1.053821458281355,1.0265580637651992,0.0011208627357662884,2.832979428550532,1.2283315216530541,3.3986285919957786,2.7668658925390814,0.0010361004789536034,2.550993463305292
179,97_Normal_0.mat,Normal,0,0.9546334978535359,0.024811149314804368,0.7712272495678333,0.9113251152240769,0.6574358754887358,2.8907052865627936,5.567891049185608,0.9115997562306992,0.9547773333247387,-0.06300317827856045,2.224546669003805,1.2378109025416812,3.7481887318930807,3.0280786218579463,-0.07238626326710604,2.676905996350935
180,97_Normal_0.mat,Normal,0,0.9838510773641881,0.005289785168955379,0.7975997179657629,0.9679629424306737,0.6833775883742852,2.8993154273605035,5.481789641208511,0.9688811335855573,0.9843175979253633,-0.11928512527142487,2.506778801455,1.2335148260486053,3.6350507178606124,2.9469047644131705,-0.12507788879345055,2.670391979559059
181,97_Normal_0.mat,Normal,0,0.9823107770628832,-0.016950275778253768,0.7997973309588402,0.9649344627338854,0.6869157319013737,2.8993154273605035,5.481789641208511,0.9655901099767007,0.9826444473850655,-0.041171894634845274,2.4163453840215685,1.2281996188759567,3.625062644158893,2.951525622091338,-0.043392196983283,2.591632354885917
182,97_Normal_0.mat,Normal,0,0.977392782990134,-0.038503655574603904,0.7891836109332371,0.9552966522411992,0.6740177472542259,3.4434882936189783,6.2567023130023856,0.9547464903680916,0.9771112988642039,-0.03872977129110912,2.5648436900409974,1.238485910564076,4.363355049330751,3.523136607455607,-0.041515744115657616,2.8137451650626057
183,97_Normal_0.mat,Normal,0,1.0344240810937033,-0.019234541647437833,0.8290094243275882,1.0700331795465523,0.7039347877230536,3.4434882936189783,6.2567023130023856,1.0707088260420972,1.0347506105541069,0.09151007389885527,3.2206994309621813,1.2477832588350606,4.153738416674632,3.3288941707300808,0.0825965356516746,2.809360237014325
184,97_Normal_0.mat,Normal,0,1.0533234365191024,0.009135199613765816,0.8403441012340112,1.1094902619204114,0.7105428782505233,3.0617720515871816,5.849155648577458,1.110491274183373,1.0537984979033577,0.05579716583949601,3.4615881194449303,1.2534430062293367,3.6434741995421285,2.9067729297873153,0.04768034776885289,2.807017310569917
185,97_Normal_0.mat,Normal,0,1.0510229859391875,0.033138209311547685,0.8513244015360729,1.1046493169725258,0.7271650337038484,3.0617720515871816,5.849155648577458,1.1046299162086972,1.0510137564317117,0.01185745481519121,3.272747749823988,1.23457401672213,3.5964810195257275,2.913135195467003,0.010213304427411913,2.6821244874824965
186,97_Normal_0.mat,Normal,0,1.048514520988427,0.011747390767237648,0.8646442640705319,1.0993827007235903,0.7442390662366642,2.6427451994319755,5.197654994884091,1.1003192300318299,1.0489610240766003,0.02029685261544456,2.89323949531361,1.2126542262028857,3.0564537454831733,2.520465998828665,0.017585334897060316,2.389719782696207
187,97_Normal_0.mat,Normal,0,1.015041298466606,-0.015243382631832798,0.8264736090439255,1.0303088375927736,0.7064027904698019,2.634135058634266,5.189044854086381,1.031083394255916,1.015422766268275,-0.015092616433653398,2.695021671425841,1.228159359667382,3.187198030047538,2.595101364457765,-0.014415305348112141,2.5349808140956562
188,97_Normal_0.mat,Normal,0,1.0060511312914138,-0.0062632748467215055,0.8112198281662311,1.0121388787727335,0.6934511823924215,3.208144445148246,6.357153955642331,1.0130889948824928,1.006523221233615,-0.024724040042469256,2.9310121846634023,1.2401707852289068,3.9547165068639014,3.1888483053807954,-0.024246443335894978,2.855764749546673
189,97_Normal_0.mat,Normal,0,1.0368020339631503,-0.005170190565762272,0.8502592281837207,1.0749584576301254,0.735073530770464,3.208144445148246,6.357153955642331,1.0759824909109192,1.0372957586488625,-0.07676257819222844,3.0429686066489694,1.2193952145355638,3.773136872618888,3.0942690504590336,-0.06877676531442173,2.628373400194779
190,97_Normal_0.mat,Normal,0,0.9813879976421429,0.016573778284703827,0.7964178788326937,0.9631224019160546,0.6784469070332376,2.605434589308567,5.131643915434983,0.9637889118987002,0.9817275140784739,0.06790374496716073,2.353595910986779,1.2322525946797263,3.2714416119387857,2.6548466004940567,0.0717663466316112,2.5337750172272817
191,97_Normal_0.mat,Normal,0,0.9548934223596869,0.004776876390966812,0.7652056513837295,0.9118214480657953,0.6452825035045254,2.6840619074177607,5.289496496726327,0.9126899282758226,0.9553480665578502,0.006916090851630544,2.21586938046761,1.2478912311111334,3.507634715661908,2.8108497184766703,0.007931873925248696,2.660098022094916
192,97_Normal_0.mat,Normal,0,0.99896724671272,0.027095415183988426,0.8071628040340525,0.9979355600047923,0.6878192019311331,3.4607085752143973,6.489176114540546,0.9981761799064897,0.9990876737836824,0.038450037566228334,2.827203874308789,1.2376279502955616,4.287497587740813,3.464286328304569,0.03855546681118264,2.8375447780812797
193,97_Normal_0.mat,Normal,0,1.0214734792855662,0.031022110254818915,0.8181693219092498,1.0434080688837601,0.693239848566654,3.4607085752143973,6.489176114540546,1.0434647060611109,1.0215012021829004,0.0535476305854924,3.2259861839329966,1.2484866542058126,4.2298195282296644,3.3879573433776082,0.050236990237779854,2.9628316463981896
194,97_Normal_0.mat,Normal,0,0.9307579772278378,0.010214269993687125,0.7483473954923554,0.8663104121732563,0.6335882480460429,3.0015010660032133,5.714263442746674,0.8670528121235919,0.9311567065341858,-0.011393682437723929,2.1087607468070333,1.243751208105998,4.010839195911738,3.224792201018395,-0.014112234487254485,2.805021578997078
195,97_Normal_0.mat,Normal,0,0.9340620060215012,0.005519613145977573,0.7642004458404728,0.8724718310929109,0.653976120242276,2.839044441776536,5.269406168198339,0.8732941913223429,0.9345021087843209,-0.04095466640104309,1.893254933789855,1.2222735685439066,3.7150520615706015,3.039460360737705,-0.05018368349707045,2.4824925526320194
196,97_Normal_0.mat,Normal,0,0.9765334717977114,0.00939025261265631,0.799086651084318,0.9536176215412917,0.686725495373045,2.839044441776536,5.269406168198339,0.9544615360409521,0.976965473310573,-8.900707688949683e-05,2.2469520562383405,1.2220620510571483,3.5528618053130425,2.907267926563951,-9.545240853870695e-05,2.4664762791397914
197,97_Normal_0.mat,Normal,0,0.9176603132601637,0.03839902776118999,0.7419604433299981,0.8421004505327419,0.6319436576777896,2.5348194669241257,4.818808799784863,0.8414476914609296,0.9173045794396372,0.1352050241701545,1.8670770292163152,1.2368049018090088,3.4163808727378613,2.7622633672757764,0.17516694077044018,2.63698700310435
198,97_Normal_0.mat,Normal,0,0.9597433524228866,0.020915284826257333,0.766985008195016,0.9211073025199211,0.6473968711621224,2.793123690855417,5.252185886602919,0.9215698239117215,0.9599842831586992,-0.0809762770125125,2.4047222931151224,1.2513195723085215,3.6416926810929096,2.9102818829650903,-0.09153041619509718,2.8314470093477686
199,97_Normal_0.mat,Normal,0,1.001733018037616,0.008947413339857454,0.8143845176410046,1.0034690394267507,0.6961991416138544,2.793123690855417,5.252185886602919,1.0043698131168985,1.0021825248510865,-0.0885070940444764,2.6632651807483025,1.2300491921654728,3.4297357456434927,2.788291531334693,-0.08793010765202958,2.640140921682649
200,97_Normal_0.mat,Normal,0,0.9722464847218074,0.01558439687142536,0.7949162894456308,0.9452632270539116,0.6810477263824052,2.672581719687481,5.140254056232693,0.9459441271897743,0.9725965901594423,-0.0019917718225854475,2.2600193191069735,1.2230803389355909,3.362092028014622,2.7488725973120367,-0.002164917525921155,2.5256966084288877
201,97_Normal_0.mat,Normal,0,0.9625864240756863,-0.0017003486687685743,0.7658137962520417,0.9265726238148169,0.6431029699552842,2.717366419678793,5.412908514826833,0.9274754703932774,0.9630552789914385,-0.04297568501955843,2.4270079435676504,1.2569457860192774,3.548338294470887,2.822984359337182,-0.04811374470004924,2.821410856222227
202,97_Normal_0.mat,Normal,0,0.9308942925898018,-0.0022020463259267813,0.7482420577059377,0.8665641839762677,0.6323938347964012,2.717366419678793,5.412908514826833,0.8674064115420177,0.9313465582381338,-0.046903955288213645,2.0485040045245144,1.2441084846829116,3.631667575605725,2.919092362373394,-0.058059798630528854,2.7226484044970154
203,97_Normal_0.mat,Normal,0,0.9289454852565469,0.02651243690081017,0.761383243111315,0.8629397145785214,0.6532630112101082,2.688665950353094,5.028322225862467,0.8630796564951482,0.9290208052003723,0.09984584263909801,1.8333720462920295,1.22007608344424,3.531291205415296,2.894320488147559,0.12452417308628425,2.461210987406923
204,97_Normal_0.mat,Normal,0,0.9304202281621388,0.03070259331115391,0.7691978613873363,0.8656818009732863,0.6701813290066868,2.688665950353094,5.369857810838285,0.8655844490507825,0.9303679105874098,0.13060816911844095,1.908979775419097,1.209598043451148,3.4954152700064482,2.8897329066685624,0.1621833151377699,2.5479003388961132
205,97_Normal_0.mat,Normal,0,0.9417279007573562,-0.00948086652503229,0.7726793230256921,0.886851439064857,0.6680459450897511,3.1002187126403964,5.550670767590189,0.8876283768215314,0.9421403169494083,-0.09996701735323807,2.089097667331449,1.2187823236533333,4.012296719027513,3.2920535859071896,-0.11953909615512665,2.6515290429400142
206,97_Normal_0.mat,Normal,0,0.9882487065766881,-0.009741525084337956,0.8022134443712499,0.976635506050497,0.684118249167259,3.1002187126403964,5.748704005937512,0.9774951938898111,0.9886835661068768,-0.09276789688717925,2.4899721590174044,1.2319024487928085,3.864580847390793,3.137083501355114,-0.09598994986007216,2.6059449053977763
207,97_Normal_0.mat,Normal,0,0.9393583886993536,-0.006288499868589797,0.7652020893625833,0.8823941824198459,0.6581813772001229,2.6484852932971155,5.077113023716155,0.8832171539411443,0.9397963364161112,-0.015977940859386718,2.0499889292476,1.2275951696376257,3.461157947830297,2.8194620127483176,-0.01924950500567744,2.6279465324713995
208,97_Normal_0.mat,Normal,0,0.9184143044859902,-0.008320515519090946,0.7408452869911755,0.8434848346844851,0.634819221674512,2.6266609687663625,5.180434713288671,0.8442400568865349,0.9188253680033736,0.03224372772691051,1.9933671014678973,1.2396843451818977,3.5454919061854064,2.8599957077471356,0.04156677337147841,2.7967611462236
209,97_Normal_0.mat,Normal,0,0.9609486294293504,-0.012866625015798348,0.7828434303566105,0.9234222684021471,0.674359334496126,2.750072986866869,5.303846731389178,0.9241592175987863,0.9613320017552658,-0.08793815329612203,2.2771047106826847,1.2275106262185527,3.512928486364903,2.861831426407372,-0.09898220901725573,2.666179609249967
210,97_Normal_0.mat,Normal,0,0.9885436087194822,-0.020734029058497278,0.8136991792252102,0.9772184663401366,0.7042295778621673,2.82642820311645,5.576501189983318,0.9777433939122555,0.9888090785951834,-0.18591271984974744,2.4463822602126477,1.2148760057243033,3.4735542019401455,2.85918413531076,-0.19229667238219475,2.55902505573901
211,97_Normal_0.mat,Normal,0,0.9504991617101259,-0.0016891375479382194,0.7768185038982984,0.9034486564116522,0.6682413880844364,2.82642820311645,5.51623020439935,0.9043289369534898,0.9509621112081647,-0.07760587606780946,2.1542558823557387,1.2235794550966854,3.6384666288572975,2.973625140319117,-0.09024122129717424,2.63417383739762
212,97_Normal_0.mat,Normal,0,0.9283737182522864,-0.027469109897330757,0.7569758710165786,0.8618777607415756,0.6506798249746264,2.508989044530997,4.9393507709527995,0.8619649714104171,0.9284206866557946,-0.12366015346713347,1.94261480753998,1.226424452610759,3.3144901186325035,2.7025636284185226,-0.1545237913040803,2.614613265106915
213,97_Normal_0.mat,Normal,0,1.0192470294377676,-0.0331307259166581,0.8296921932735035,1.0388645070177136,0.7118456080596076,3.09621261477802,6.027098558396792,1.0387812968781815,1.0192062092031138,-0.02829424585933718,2.880267286286266,1.2284640469077548,3.731760573229401,3.037745046441686,-0.026724644730578964,2.6692210956536546
214,97_Normal_0.mat,Normal,0,1.0427083342681016,-0.01583196647542624,0.8496860594129642,1.087240670352159,0.7271529616174691,3.09621261477802,6.027098558396792,1.0880525705280868,1.0430975843745813,0.10183710091134443,3.126565991853009,1.2271689322374744,3.64394893910994,2.9693947128065736,0.08972866543672467,2.6409965936722166
215,97_Normal_0.mat,Normal,0,0.9571814405868379,0.01728848723763872,0.7702673555651642,0.9161963102038941,0.6545160401947829,2.863738813239858,5.636772175567286,0.9167927238072712,0.9574929366879273,0.12294662461435396,2.3710821134121454,1.2426613093103076,3.7178504223834645,2.991845319818506,0.14005862981100578,2.8210077464291357
216,97_Normal_0.mat,Normal,0,0.95507055650874,0.018944930340323102,0.7718466055569757,0.9121597679099142,0.659894179953669,2.863738813239858,5.668342691825554,0.9126921584603108,0.9553492337675845,0.039954657359286216,2.3139176729104465,1.2373838916066877,3.710243450730255,2.9984578560407678,0.045822727045509985,2.7777890692976333
217,97_Normal_0.mat,Normal,0,0.9783279817097112,-0.008953943846005783,0.7912831854923927,0.957125639796197,0.6737878753347887,2.804603878585697,5.547800720657619,0.9579809950012304,0.9787650356450369,-0.0744681853145551,2.4643674705439267,1.236381613618757,3.544374416141458,2.866731741313937,-0.07942101458348035,2.685293006360388
218,97_Normal_0.mat,Normal,0,0.9531236697026412,-0.0014172678678021997,0.7663570101183128,0.9084447297474295,0.6474773782024523,2.743196842071922,5.344027388445156,0.909330739399415,0.9535883490266726,-0.15981321463730658,2.25371536467573,1.243707119680749,3.5795286085330367,2.878112179214767,-0.18430192815158714,2.725557324795355
219,97_Normal_0.mat,Normal,0,0.9151746307598356,-0.027948385312828262,0.7485064531599837,0.8375446047864015,0.6447744427940497,2.651355340229685,5.2550559335354885,0.8375814431729056,0.9151947569631863,-0.09969418240845057,1.8638097071294748,1.2226676562306218,3.54219436456809,2.8971031878642286,-0.1300556565236976,2.656730340627179
220,97_Normal_0.mat,Normal,0,0.9709769015272586,-0.028108143784660776,0.7895888462018668,0.9427961432994757,0.6767469044414847,3.0675121454523206,5.79462475685863,0.9429269026057825,0.9710442330840457,0.04958956963222925,2.455766678398346,1.2297246930433314,3.8849486795615067,3.159201975478761,0.05415933199784977,2.7620469003294623
221,97_Normal_0.mat,Normal,0,0.9710285488429713,-0.006551961208103047,0.7775723349006707,0.9428964426680866,0.6574924838356045,3.0675121454523206,5.79462475685863,0.9437751699117811,0.9714809158762622,0.06478341216396444,2.5696543823939573,1.248795134880621,3.9449862189865956,3.1590339430331422,0.07065794428562261,2.8849455480989734
222,97_Normal_0.mat,Normal,0,0.9498231811882863,0.006985467194545996,0.7627974792546763,0.9021640755226363,0.6499072692613868,2.926879845756396,5.740093865139803,0.9029971118877882,0.9502616018169882,-0.027199874092596728,2.3401076363797753,1.2451839538262583,3.8370339773702336,3.081499697755966,-0.031698400754425766,2.869875860358988
223,97_Normal_0.mat,Normal,0,1.0079673982573931,0.039993809699307444,0.8055113241243135,1.015998275949778,0.6842587543672033,3.248325102204225,6.061539121587632,1.0153903632871613,1.0076657994033345,0.21965281466357867,3.08731866783789,1.2513385821756413,4.03262499845239,3.2226489743783504,0.21467783988954944,2.994438405513078
224,97_Normal_0.mat,Normal,0,1.034100303044604,-0.003084922091316951,0.8241933722531543,1.0693634367569422,0.6978090243373853,3.4101837813579454,6.65850888356217,1.0703992317624005,1.0346010012378688,0.09083321769881558,3.4639669743503134,1.2546816534284402,4.137601558274065,3.2977301827630883,0.08202118055563913,3.0233064132904377
225,97_Normal_0.mat,Normal,0,1.0124239184525818,-0.019694197601482222,0.8169947232553325,1.0250021906548803,0.6976564569161161,3.4101837813579454,6.37724428417032,1.0256159072701576,1.0127269658057683,-0.17372419996903615,2.9708574488296575,1.2392049662417872,4.174058515048693,3.3683358514156807,-0.16725657457818824,2.824309697602511
226,97_Normal_0.mat,Normal,0,0.9296368303375705,-0.0019413877666211304,0.7501023445228372,0.8642246363200848,0.642330873818979,3.1518795574266547,5.79175470992606,0.8650656580152801,0.9300890591848073,0.052866714318793584,2.1203698463124425,1.2393466533259556,4.201932683502621,3.3904417881967426,0.06570655725087858,2.8334364511618384
227,97_Normal_0.mat,Normal,0,0.9638342692495364,-0.016616744933550823,0.7703070615453368,0.9289764985797878,0.6565847304924677,3.160489698224364,6.007008229868802,0.9296082028782243,0.9641619173552876,-0.005586800605298592,2.5978214507076016,1.2512338486352539,4.102895917739486,3.279080023458717,-0.00623323141194696,3.0061413951615297
228,97_Normal_0.mat,Normal,0,0.9878487673055067,-0.029736559085269287,0.7948869184718809,0.9758451870670093,0.6759317021452599,3.160489698224364,6.007008229868802,0.9759139651023228,0.98788357871883,-0.15507069976268278,2.688413751979796,1.242753836235398,3.9760242932368635,3.199365938211205,-0.1608468083147919,2.822754073935867
229,97_Normal_0.mat,Normal,0,0.9680315712452089,-0.03356795962904179,0.7777757699943539,0.9370851229274679,0.6613666835812344,3.1564836003619883,6.1562506703624384,0.936873230277754,0.9679221199444479,-0.1487358751046679,2.5404993217019896,1.2446152330651692,4.058346533964209,3.260723817404473,-0.1640191240799768,2.894392496494453
230,97_Normal_0.mat,Normal,0,1.0171472369248873,-0.015445182806779104,0.8262280153736594,1.034588501583933,0.7132067931448606,3.1564836003619883,6.1562506703624384,1.0353610426802404,1.0175269247937573,-0.0879455801068442,3.043201602570262,1.2310732848530368,3.8203541172961275,3.103271075976958,-0.08347881743083342,2.838880320752526
231,97_Normal_0.mat,Normal,0,1.0514667684312464,-0.02005575624826104,0.855594086780231,1.1055823651152485,0.7362898960602764,3.232240871538612,5.757314146735222,1.1062604642411693,1.0517891729054685,-0.2466784705683155,3.3213867536144654,1.2289317851493038,3.777773738126678,3.074030457812693,-0.21200453910027445,2.7139676443735157
232,97_Normal_0.mat,Normal,0,1.0384309460777008,-0.021947632888382817,0.8297989911050643,1.0783388297718288,0.7039837127812087,3.232240871538612,5.826195273116899,1.0789107549665724,1.0387062890762588,-0.2524121615468281,3.344311432425463,1.251424691049027,3.89520944973705,3.112619942369905,-0.2252329849576624,2.873000283362051
233,97_Normal_0.mat,Normal,0,1.00657110695214,-0.016622350493966005,0.8059708047681544,1.0131853933508563,0.6836609354352637,2.807473925518267,5.550670767590189,1.0138992267785631,1.0069256312054844,-0.08254938001041762,2.8946640155642847,1.2488927650927024,3.4833444448678033,2.789146147872657,-0.08085774550230897,2.815843920429198
234,97_Normal_0.mat,Normal,0,1.0241405898364109,-0.007745945576535457,0.8259866260920095,1.0488639477504718,0.7026926887411206,3.0732522393174606,6.001268136003663,1.0498291718782595,1.024611717617098,-0.11509806138827822,3.0364914046231894,1.2398997241404348,3.7207046000904618,3.0008108943376217,-0.10700154638027491,2.75508361025342
235,97_Normal_0.mat,Normal,0,1.0065752934195018,0.011015865133057245,0.8206434175916111,1.0131938213225562,0.7053544156111797,3.0732522393174606,6.001268136003663,1.0140627677095178,1.0070068359795368,-0.07991950224305969,2.727942507509419,1.2265684118594762,3.7449301041528655,3.053176706606879,-0.07826282389280133,2.652806287519195
236,97_Normal_0.mat,Normal,0,0.9284492138122944,0.01047212577278521,0.7632110644271943,0.8620179426286676,0.6588696848292376,2.5566437914548787,5.102943446109284,0.8627508072957162,0.9288438013442929,0.002267780467074817,1.876814629469885,1.2165038704043136,3.349851581843016,2.7536711253750976,0.002829912117471157,2.5214515720566832
237,97_Normal_0.mat,Normal,0,0.8840756879644595,0.019242025042327415,0.7135081951445693,0.7815898220498323,0.610004377679485,2.6840619074177607,5.309586825254317,0.7819832220123492,0.8842981522158401,0.07518848579467094,1.7568503122236927,1.2390547074012108,3.7617814703167647,3.0360091833252927,0.10873145162349601,2.873028208029633
238,97_Normal_0.mat,Normal,0,0.9931872994805443,0.001377103999162816,0.7894276281215007,0.9864210118494563,0.6687277637884188,3.3154722325831387,6.007008229868802,0.9873833569935959,0.9936716545185316,-0.06337322762308611,2.9767409979379362,1.258110641304316,4.1998431705111985,3.3382144881573246,-0.06459176061813528,3.0532997607916887
239,97_Normal_0.mat,Normal,0,1.0085604423696877,0.004720820786815048,0.8002693658951856,1.0171941659129402,0.6767057863276528,3.3154722325831387,6.405944753496019,1.0181661826768096,1.0090422105525663,0.006958717718981655,3.1735006278432984,1.260276208674121,4.142945330501675,3.287331223094476,0.006773314123654715,3.0612672965556658
240,97_Normal_0.mat,Normal,0,0.9770451387855122,0.03140048558284325,0.7728656496910671,0.9546172032244009,0.6512635827125863,3.09047252091288,5.596591518511307,0.9545634035533452,0.9770176065728525,0.15632920218839513,2.698917519421258,1.2641849707964075,3.9987189521803916,3.163080597024657,0.1676227422277572,2.9619658845219465
241,97_Normal_0.mat,Normal,0,0.9813103132789113,0.029774873062442336,0.7858090055631763,0.9629699309475549,0.6674000945890187,2.7546770298022016,5.2607960274006285,0.9630238408512517,0.9813377812207434,0.058613703323141676,2.575534763831185,1.2487898539345113,3.5055299828543767,2.8071416273971748,0.06202169109934058,2.777111639784591
242,97_Normal_0.mat,Normal,0,0.9860139236421007,0.026546070263301205,0.7991355830827865,0.9722234576160905,0.6864209529814855,3.2064104491454826,5.961087478947684,0.9724684399805849,0.9861381444709382,-0.03362269190332219,2.6173313413660444,1.23385060622275,4.012348488816198,3.2518916541244303,-0.035060588960598035,2.7676277342260756
243,97_Normal_0.mat,Normal,0,0.9876919402523904,0.00917163575646448,0.8072673825795315,0.9755353688395314,0.6976994933671109,3.2064104491454826,5.912296681093996,0.9764047702205007,0.988131959922611,0.027062749869773833,2.583309287642405,1.2235003687317443,3.9719311325273536,3.246366927245437,0.028049626635845395,2.7096713556326657
244,97_Normal_0.mat,Normal,0,0.9551873288515023,0.028261371750344943,0.7784329637346036,0.9123828331984679,0.6705456634573096,3.054297961719278,5.760184193667792,0.9124752171444994,0.9552356866996226,0.11859703730687222,2.266540223897578,1.22706433739352,3.923649310869467,3.1975905348205425,0.13606368327084992,2.7222078068435773
245,97_Normal_0.mat,Normal,0,0.9881096251173718,0.008717585362835241,0.7928062630065835,0.976360631249593,0.6726455731549706,3.080128384112407,5.424388702557113,0.9772389698865646,0.9885539792477518,-0.1939211408246383,2.6892539416866756,1.2463443734272317,3.885095928011033,3.11719297718957,-0.20073541100250772,2.8159844959201408
246,97_Normal_0.mat,Normal,0,1.0500787811487002,0.005480374223071339,0.8402119035069882,1.1026654466187398,0.7094503324953104,3.080128384112407,5.80036485072377,1.1037132570947465,1.0505775826157469,-0.10063700440623229,3.338389177397279,1.249778510354938,3.665894724000567,2.933235524233777,-0.08679072422837544,2.74046617278071
247,97_Normal_0.mat,Normal,0,1.0888346554185007,0.03879702255066745,0.8853072358752767,1.1855609068403252,0.7546222172866255,2.7202364666113628,5.432998843354823,1.1852131325813144,1.0886749434892466,0.08130703791307405,3.5433317734007184,1.2298946753109643,3.072646824036035,2.498300777874602,0.06301347890003133,2.52242875533005
248,97_Normal_0.mat,Normal,0,1.002339661854726,0.03344371235417477,0.8198129774091013,1.0046847977270463,0.700780038185534,2.70128218901318,5.321067012984597,1.004547319072299,1.00227108063253,-0.0012881361707257066,2.5039962687238217,1.222644297509477,3.2949980830346104,2.6949768544647243,-0.0012793995007648379,2.4813777259924406
249,97_Normal_0.mat,Normal,0,0.9632645033507744,0.03475261071111828,0.8014877580444226,0.9278785034156141,0.6934890387968156,2.554909795452115,4.810198658987154,0.927576595983891,0.9631077800453545,-0.03791235986907232,1.9980315109460114,1.2018455599370284,3.187709069546788,2.6523450065501772,-0.042438120800572014,2.3222168323186065
250,97_Normal_0.mat,Normal,0,0.9882086566333041,0.03275983398352335,0.8212847872018822,0.9765563490449997,0.7121311029370164,2.586480311710384,5.140254056232693,0.9764366937811422,0.9881481132811731,0.02322575425369572,2.2635867752262886,1.2032472438688757,3.1493099007950396,2.6173422933973907,0.02407152967400461,2.3741544305951483
251,97_Normal_0.mat,Normal,0,0.9706732871907421,0.024707446447123617,0.7938705602445282,0.9422066304656809,0.6823205801154234,2.962456459877041,5.613811800106726,0.942516598921878,0.9708329407894429,0.07654096957397188,2.3091800015284436,1.2227097663006075,3.7316618202352947,3.0519604268164553,0.08364894119575868,2.599439851980159
252,97_Normal_0.mat,Normal,0,0.9411744753384815,0.022994947740287472,0.7665228412078269,0.8858093930286659,0.6571510510857406,2.962456459877041,5.613811800106726,0.8861460023625194,0.9413532824410394,0.059613833217967614,2.1124578051619483,1.2278492234546128,3.864798673455273,3.1476166614149657,0.07146429674132078,2.690156078357569
253,97_Normal_0.mat,Normal,0,1.037456575836902,0.02192428570098893,0.8558127036364227,1.07631614674723,0.7411976894100764,2.761553174597148,5.2435757458052095,1.0768871200218777,1.0377317187124415,0.07076411485653165,2.8740152737761364,1.2122472258561325,3.2268195632757513,2.66184941029149,0.06332246384903242,2.478270495420141
254,97_Normal_0.mat,Normal,0,1.0682340337665717,0.02095452374916356,0.8816395640084055,1.141123950897201,0.7631206565565057,2.761553174597148,5.2780163089960475,1.1417998977943364,1.0685503721371008,0.1360890796902548,3.1411291314374834,1.2116448460055447,3.1322927047857476,2.58515745361284,0.1115419615065961,2.4093827182919094
255,97_Normal_0.mat,Normal,0,0.985182747951481,0.024197340449342637,0.7922316346272935,0.9705850468612314,0.6767479975707837,3.211014492080816,5.981177807475673,0.9709477267157808,0.9853667980583579,0.19711982420319657,2.6658289034756657,1.243553911368003,4.053125817914844,3.25930848743983,0.2060328780938289,2.827747153223863
256,97_Normal_0.mat,Normal,0,0.9884554043751218,0.014782801732055234,0.7915867034324855,0.9770440864383856,0.6721101397258095,3.211014492080816,5.981177807475673,0.9777804189016701,0.9888278004292103,0.03697232853786073,2.7135923154758386,1.2487013741990913,4.056428030123712,3.248517310811301,0.038239728472586006,2.8383237361427187
257,97_Normal_0.mat,Normal,0,1.007943410354229,-0.010374953411252809,0.8147395946129605,1.0159499184765137,0.6928097293271863,2.9854168353376003,5.8462856016448885,1.016835282023329,1.008382507793213,-0.023517426146101326,2.7191348388838588,1.2371356652082341,3.6642589301826543,2.9618893329392875,-0.022935799238392018,2.629841233897424
258,97_Normal_0.mat,Normal,0,0.9941725756245473,0.019460641898519267,0.8043788840469791,0.9883791101239462,0.6844046008735858,2.9854168353376003,5.8462856016448885,0.9889661808268074,0.9944677877270874,0.062114364899208345,2.5515874086822286,1.2359506139960377,3.7114559998314527,3.002916101823805,0.06315676670291168,2.6088407490770287
259,97_Normal_0.mat,Normal,0,0.9868987608872312,0.029054558549092287,0.8009815058148508,0.9739691642407523,0.6845178620274884,2.902185474293073,5.266536121265769,0.9740762431995192,0.9869530096207819,-0.011428458512914595,2.424478630749885,1.2321117949933336,3.623286496904834,2.9407124512761986,-0.011887710737781419,2.5552444738758164
260,97_Normal_0.mat,Normal,0,1.0388743141245456,0.012089329952563356,0.8493647911137028,1.0792598405477452,0.7295153802908172,2.902185474293073,5.407168420961693,1.0801685407396093,1.0393115705791067,-0.08787577736887525,2.9056985019695976,1.223119117948286,3.4168893091085835,2.7935867071041574,-0.07827658910648058,2.4903907831264487
261,97_Normal_0.mat,Normal,0,1.0201154125229899,0.003019533200809256,0.8330065979607497,1.0406354548669499,0.7113663611869532,2.804603878585697,5.309586825254317,1.041643567332422,1.0206094097804614,-0.07643242250355856,2.692669402213374,1.2246186465018034,3.3668447350215103,2.7493005635965146,-0.07189503845056311,2.4816741838909677
262,97_Normal_0.mat,Normal,0,0.9890046612860653,0.01599920834214835,0.8084390615797721,0.9781302200455648,0.692638222787363,2.804603878585697,5.275146262063478,0.9788301341809004,0.9893584457520441,0.06600998956296922,2.4159742499583663,1.2233509095320387,3.46915928715981,2.8357842873418386,0.0681629954661723,2.5216083799230797
263,97_Normal_0.mat,Normal,0,1.04288385555537,0.016369175329549936,0.8551760054720339,1.0876067361780342,0.7350984753950615,2.638141156496643,5.134513962367554,1.0884016785412651,1.0432649129254108,0.02621639402328116,2.8913369351569647,1.2194961608850416,3.0849101700852515,2.5296595996197637,0.023088150855721967,2.440733141984651
264,97_Normal_0.mat,Normal,0,1.0286845528642525,-0.02418985705445304,0.8444272265024657,1.058191909301527,0.7263996064580501,2.638141156496643,5.134513962367554,1.0586405888172292,1.028902613864514,-0.16976647858324556,2.7091149761140625,1.2182039145323917,3.1241782283837995,2.5645774004756663,-0.155858010675458,2.417298903203726
265,97_Normal_0.mat,Normal,0,0.9733452991426915,0.020525698377402618,0.79167242175745,0.9474010713631758,0.6786202828734695,2.844784535641676,5.323937059917167,0.947905455991162,0.9736043631738521,-0.15232360612792123,2.3669948986472504,1.2294798611030464,3.5933859225800573,2.9226879075127794,-0.16505157700190554,2.634312398654788
266,97_Normal_0.mat,Normal,0,0.9518963076677761,0.030332626323752315,0.7755905359835777,0.9061065805515455,0.6654627915243817,2.844784535641676,5.323937059917167,0.9060713476322714,0.9518778007876175,0.003896818223047535,2.173111114372267,1.2273181060150329,3.6678948538617075,2.9885445638597368,0.004518211450530167,2.6470194888553324
267,97_Normal_0.mat,Normal,0,1.0611137611169559,0.006825708722713488,0.8730413935724648,1.1259624140317723,0.7521887190831275,2.946970174284385,5.765924287532931,1.127016425710438,1.0616102984195463,0.07605743920532775,3.1274037905953356,1.215422050922108,3.3755217060465794,2.777242443052996,0.0635691391654929,2.4622007925980864
268,97_Normal_0.mat,Normal,0,1.0579412202348424,-0.003948178395254,0.8611182496959173,1.1192396254719874,0.7356953093367553,2.946970174284385,5.765924287532931,1.1203180980019267,1.058450800935937,0.0420769150932529,3.2013396682672144,1.2285667161359077,3.4222595738989536,2.78557080291042,0.03548394226674658,2.5506393326120054
269,97_Normal_0.mat,Normal,0,0.9317139659944735,-0.006095108034266243,0.755183376418662,0.868090914429151,0.6434469132506989,2.764423221529718,5.352637529242866,0.8689023014910012,0.932149291417958,-0.07127608072844865,1.9854117504517017,1.2337585745223185,3.660598614651581,2.9670299280918457,-0.08800095591398956,2.629715055440747
270,97_Normal_0.mat,Normal,0,0.9778137549445757,0.01170815184433143,0.7871869808740424,0.9561197393588108,0.6686516637244918,3.6225672543681178,6.233741937541824,0.9569171479414875,0.9782214207128607,-0.1881504317623629,2.605356409684498,1.2421620005168674,4.601914592567636,3.7047620122399967,-0.20099891517139867,2.845237134666455
271,97_Normal_0.mat,Normal,0,1.0267727868969074,-0.016835361789742667,0.8364821038548931,1.054262355912042,0.7172764538582214,3.6225672543681178,6.233741937541824,1.055009208936052,1.0271364120388549,-0.23357165793299298,2.9376992296796542,1.2274892459310727,4.33071698446307,3.528109919345098,-0.21554391542121645,2.6393368925870884
272,97_Normal_0.mat,Normal,0,1.0042184290080094,0.0005614949587547657,0.8236874706439894,1.0084546531593146,0.7107567906335901,2.783377499127901,5.381337998568565,1.00944011924918,1.0047089724139922,-0.09522513533049995,2.5756526423595734,1.219174097939908,3.37916697573216,2.7716853412803975,-0.09389246836245947,2.5277037345179374
273,97_Normal_0.mat,Normal,0,1.0163784215138112,0.028180091124324888,0.8188631851025265,1.0330250957189064,0.6955135084314685,2.8419144887091057,5.625291987837007,1.0332400016222156,1.0164841374179017,0.11258159519070837,2.927966613328673,1.2412066386710416,3.470560821890913,2.7961184816119116,0.10719279148116807,2.742607740803968
274,97_Normal_0.mat,Normal,0,1.0596101023955786,9.062788388001022e-05,0.8443144144899579,1.1227735690987686,0.709582368344614,3.3516467917767407,6.5006563022708255,1.1238710912479017,1.0601278655180713,0.0333195565212898,3.561402387549231,1.2549946846926967,3.969666671861179,3.1630944101005984,0.027965620638598754,2.8196035264046353
275,97_Normal_0.mat,Normal,0,1.0874631949520763,0.0018031265907161465,0.8796604509980511,1.1825762003753777,0.7486460329730383,3.3516467917767407,6.5006563022708255,1.1837289343973727,1.0879930764473515,-0.020133382884357634,3.6935820584023333,1.2362306316227116,3.8101596905603707,3.0820783704053203,-0.015632857087722784,2.6359867637704193
276,97_Normal_0.mat,Normal,0,1.0151341006273022,0.005620513233450728,0.8237539781280327,1.0304972422564016,0.7035098055535226,2.790253643922847,5.530580439062199,1.031472949890021,1.0156145675845838,-0.012681848174573684,2.78386949591827,1.232326796081696,3.387241479865463,2.748655219242325,-0.012105863836212186,2.616574989460307
277,97_Normal_0.mat,Normal,0,0.9529054391870332,0.03938280361405331,0.7710978546210179,0.9080287760322325,0.657856652914757,2.8419144887091057,5.52484034519706,0.9073638683394045,0.952556490891435,0.033192575514623145,2.2673635528973315,1.2357775780016078,3.6855432441867904,2.9823677899568812,0.03840331634383296,2.7539636161208656
278,97_Normal_0.mat,Normal,0,0.9839161858277441,0.05057150220274378,0.8104311963765067,0.9680910607338158,0.7000079197880656,2.8419144887091057,5.52484034519706,0.9664774094939826,0.9830958292526638,-0.008003870621415117,2.3356025004187684,1.214065043677596,3.5066696610545014,2.8883705031393356,-0.008423886350087909,2.500434698708577
279,97_Normal_0.mat,Normal,0,1.013906117109792,0.041241046891684015,0.8289836742483286,1.0280056143126552,0.7131711590968138,2.945236178281622,5.593721471578737,1.0273080208530474,1.0135620458822674,0.08680602248474234,2.681728284780518,1.223071272215242,3.552827721183566,2.9048411175132385,0.08336789551182691,2.5410511937620837
280,97_Normal_0.mat,Normal,0,1.0334608195614499,0.041333538638534416,0.8411067496341476,1.0680412655686236,0.719873243396088,2.945236178281622,5.593721471578737,1.067375162709574,1.0331385012231293,0.09630469886029347,2.920627988204401,1.2286916256583853,3.501619954374634,2.849876959562517,0.08733168475503415,2.563551562747263
281,97_Normal_0.mat,Normal,0,1.0667159939505864,0.026809531602814463,0.873193035887347,1.1378830117499872,0.7502373524554473,3.08186238011517,6.133290294901878,1.1382758582830794,1.066900116357234,-0.0037719173228627847,3.278480254636066,1.2216267767932414,3.5294170400475346,2.889112376292956,-0.003105924377043708,2.5303320847293627
282,97_Normal_0.mat,Normal,0,1.1049641742550345,0.028796702769994204,0.898940951356251,1.2209458263871102,0.772515472210751,3.477928856809817,6.529356771596525,1.2213092611220013,1.1051286174568105,0.11614910510008632,4.003405891188028,1.229184378113738,3.8689180324455394,3.147548977460273,0.08605525433733474,2.6839741160783728
283,97_Normal_0.mat,Normal,0,1.0413260887453235,0.029360061591719354,0.8429530809867436,1.0843600231016333,0.7223668681868931,3.477928856809817,6.4604756452148475,1.0845571477245386,1.0414207352096168,0.02625310319114127,3.3138200385937906,1.2353310192841733,4.125886642153913,3.339903700095496,0.02324352460229409,2.8172412454283657
284,97_Normal_0.mat,Normal,0,0.9861332510724072,0.03992093741391016,0.7958048876449051,0.9724587888706353,0.6781278083273006,2.795993737787987,5.499009922803931,0.9718141448774869,0.9858063424818725,-0.010111557492762172,2.5905948189294925,1.2391646072814637,3.5134161415606555,2.8353102734793136,-0.010554635301560141,2.7430458105643813
285,97_Normal_0.mat,Normal,0,1.0128125066352986,0.02751022665471141,0.825746521545299,1.025789173596877,0.7074802696665067,2.703016185015944,5.300976684456607,1.0260343476939533,1.0129335356744555,-0.006833731001673879,2.666900796845611,1.2265416568012888,3.273421218843594,2.668821886879205,-0.006575291790995479,2.5332792279937824
286,97_Normal_0.mat,Normal,0,1.083054581736143,0.015643255255784683,0.8945591549037895,1.1730072270196517,0.7762269867188014,3.11056284944087,5.9811778074756745,1.1739089110055578,1.0834707707204463,0.02156141179444044,3.4462509661899765,1.210713205267477,3.477201962984702,2.87202778317206,0.016952181562374314,2.50079505691848
287,97_Normal_0.mat,Normal,0,1.0905899472263045,0.01766405978545549,0.8814638649697351,1.1893864329910735,0.7512855726146012,3.11056284944087,6.1218101071716,1.190236754563598,1.0909797223429947,0.04706383737538278,3.7913095954144738,1.2372486162691565,3.528860311867852,2.8521836803549365,0.03624409824588019,2.67622445978972
288,97_Normal_0.mat,Normal,0,1.0156715765170616,0.007274153555927537,0.812538302725268,1.0315887513446533,0.6863973799937156,3.0112472577307297,5.628162034769576,1.0325441819623957,1.0161418119349266,-0.08203366225637687,2.921555823958212,1.2499983977484275,3.705975764622107,2.964784411959155,-0.07818602507246991,2.7402923682138436
289,97_Normal_0.mat,Normal,0,1.030105545423192,-0.008345740540959254,0.8332302364466215,1.061117434711612,0.7115570710760319,3.022727445461009,5.323937059917166,1.0620849756855026,1.0305750703784284,-0.2288925893391535,3.0102143053955173,1.2362796024000822,3.6277217427298964,2.934386149932108,-0.20911868252114219,2.6685717528185418
290,97_Normal_0.mat,Normal,0,1.0690520392949932,-0.003917347812970529,0.8758817777842219,1.1428722627207837,0.754341396493356,3.4101837813579454,5.7113933958141025,1.143974079293706,1.0695672392578721,-0.18027021315329156,3.3367389444918016,1.2205437610521213,3.8934293050153723,3.1899137329214264,-0.1473328860154108,2.549704567623979
291,97_Normal_0.mat,Normal,0,0.9800616250993985,0.03073062111322979,0.8032706764402459,0.9605207889924741,0.6896468237332728,3.4101837813579454,5.702783255016394,0.9605144202820258,0.980058375956262,0.03502256963630919,2.3502511830432224,1.220088886403018,4.245373174166129,3.47956056437635,0.03720421739853762,2.5474548838783875
292,97_Normal_0.mat,Normal,0,0.9866805516152647,0.017714509829192066,0.8072999649540209,0.973538510935803,0.6922478141038538,2.8304343009788258,5.3669877639057155,0.9741760508769989,0.9870035718663833,0.025541161900672654,2.3779434991557626,1.2221981846242718,3.506050320634567,2.868643043933864,0.026563449843662972,2.5056859283269057
293,97_Normal_0.mat,Normal,0,1.0547307338918754,-0.015540477333837115,0.8568445938100813,1.1124569210160942,0.7347257094271529,2.99115692920274,5.826195273116898,1.1133026241742507,1.0551315672342718,-0.09557890605229181,3.285143468934854,1.2309475271363204,3.490897825355523,2.835943651857725,-0.08136585761703964,2.650500407540999
294,97_Normal_0.mat,Normal,0,1.0452067703783263,0.01686246464608538,0.839059026727137,1.0924571928446913,0.7148593271652299,3.208144445148246,6.282532735395513,1.0932404677750625,1.0455814017928315,-0.07025460614918953,3.4092529268517273,1.2456892031232305,3.82350268926636,3.069387355751577,-0.061461231004152295,2.852514254779224
295,97_Normal_0.mat,Normal,0,1.006871687256887,0.00819346546401633,0.8112528780345963,1.0137905945995305,0.6884377409316854,3.208144445148246,6.282532735395513,1.0147143937483654,1.0073303300051901,-0.13040284506591843,2.783574562431805,1.2411317291039643,3.9545553945110052,3.186249534819379,-0.127576691547268,2.7034305503472194
296,97_Normal_0.mat,Normal,0,1.011509330766752,0.007164845127831609,0.8250071715012313,1.0231511262282025,0.7044507010124196,2.750072986866869,5.189044854086381,1.0240998887701236,1.0119782056794127,-0.15251954856891362,2.580632709133625,1.2260612582614578,3.3333928259791272,2.7187816298041647,-0.14716754077451602,2.460603059375699
297,97_Normal_0.mat,Normal,0,1.023151435804091,0.02303979222360888,0.8238935916444112,1.0468388605879728,0.7004594893591951,3.0101112068009237,5.760184193667793,1.0473308125589051,1.023391817711528,0.09473375231957429,2.9647947823577057,1.2418490035354428,3.6535193832365924,2.9419996898429273,0.08838507170875293,2.702880694271538
298,97_Normal_0.mat,Normal,0,0.9948092087589429,0.02827258287117529,0.7935736992894618,0.989645361831594,0.671093405019224,3.0101112068009237,5.52197029826449,0.9898126367925043,0.9948932790970619,0.18165397446532264,2.770684627784237,1.253581374544553,3.793108578941413,3.0258175942632364,0.18446561038272938,2.8280110821810904
299,97_Normal_0.mat,Normal,0,1.0116701938397252,0.02973283135932853,0.8167027086197426,1.0234765811037072,0.6954035526290019,3.1076928025083,6.09023959091333,1.0235921415437912,1.011727305919827,0.20938564583740693,2.877122604341918,1.2387251605278085,3.8051701919252956,3.071843790030219,0.20218851910378632,2.746024976773449
300,97_Normal_0.mat,Normal,0,1.0529089585471973,-0.006846253129899765,0.8547346258077686,1.1086172749889438,0.7284476000533412,3.1076928025083,6.09597968477847,1.109654050340561,1.0534011820482077,-0.035420864419481585,3.295548669628752,1.231854808211276,3.635856918242587,2.9515304027741767,-0.030302450575250463,2.6764092635979972
301,97_Normal_0.mat,Normal,0,1.031217100133536,-0.012945102861610804,0.8448107403336389,1.0634087076078191,0.7246999842986384,2.9882868822701703,5.837675460847178,1.06428046831456,1.0316396988845282,-0.19261712076856652,2.8220373437490576,1.220648662356091,3.5372264338004,2.8978251833491786,-0.1754327812915943,2.491440800749147
302,97_Normal_0.mat,Normal,0,0.9968420386534852,0.022793147565341152,0.7974601628861189,0.9936940500268364,0.6750858325820747,3.1375293227638053,6.07875940318305,0.9941453675363857,0.9970683865895988,0.00637266327803588,2.8489418910536006,1.2500211108283148,3.9344025805686864,3.1474689079111986,0.006429040059764193,2.882596167297875
303,97_Normal_0.mat,Normal,0,1.0357377352256703,0.007859934619313384,0.820718800910153,1.0727526561704006,0.6897573300989623,3.1375293227638053,6.07875940318305,1.0737394512810723,1.0362139987864825,-0.07451154542404441,3.3936411529867243,1.261988556952522,3.822904165568712,3.029270071035077,-0.0669692146115418,2.9435274975558907
304,97_Normal_0.mat,Normal,0,1.0115355750493211,-0.023164039498475907,0.8180228180975165,1.0232042195903608,0.6957445136513312,2.6771857626228144,5.309586825254317,1.0236673219835983,1.0117644597353666,-0.0481857224719958,2.738012882231825,1.2365615636500489,3.2727519372208933,2.6466550743799906,-0.046524328692648324,2.612870030987408
305,97_Normal_0.mat,Normal,0,0.9483055474389888,0.011640885119349326,0.7738835259636878,0.8992834113035603,0.6616424444744451,2.5233392791938463,4.991011615739058,0.9000268335518389,0.9486974404686875,0.026524621351385537,2.013142006573483,1.225385365655477,3.2606189362260514,2.660892669040861,0.031064617197264915,2.485212306226783
306,97_Normal_0.mat,Normal,0,1.0062433186820954,0.01921960280066672,0.8130303657435983,1.0125256163923568,0.6933553376272826,3.0761222862500306,6.11607001330646,1.0131456232832787,1.0065513515381512,0.07450128166707658,2.796938615031984,1.23764543254242,3.7835269331334542,3.0570362348103393,0.07305600762391576,2.724828603769734
307,97_Normal_0.mat,Normal,0,1.0709353178897085,-0.015377916081797026,0.8577458627387196,1.1469024551035312,0.7300717877839761,3.0761222862500306,6.11607001330646,1.1477868604063783,1.0713481508857792,-0.01401529242658471,3.7557702764720746,1.2485461771497703,3.5862863580881776,2.8723698199707295,-0.011397518099912058,2.8508641525342253
308,97_Normal_0.mat,Normal,0,1.020993263326214,-0.005027248775175297,0.81312519321339,1.042427243757512,0.6917793312112293,3.08473242704774,6.035708699194502,1.043420936285356,1.021479777717286,0.041652302885322026,3.350012134716648,1.2556409171017004,3.7936746429579804,3.0213053678681585,0.03907956293157808,3.0769985171641934
309,97_Normal_0.mat,Normal,0,0.9454778761678295,0.034873130260044544,0.7527196741794578,0.8939284143228295,0.6386028455956598,3.08473242704774,5.8635058832403075,0.893584920632751,0.9452962078802342,0.1956809691034835,2.4664586261204504,1.2560823220108361,4.098115849577492,3.26261724869479,0.23165668826835262,3.088888074350512
310,97_Normal_0.mat,Normal,0,1.0025264060752523,0.026731053757002004,0.8076659612997442,1.0050591948781615,0.6887814686752022,3.1002187126403964,6.067279215452771,1.0053264097151893,1.0026596679408168,0.06917964889618695,2.784038675350428,1.2412636586302161,3.838491234231911,3.0924060392326393,0.0686305874411735,2.7546160972326046
311,97_Normal_0.mat,Normal,0,1.0515783168030344,-0.018371285343500784,0.8494385975136327,1.1058169563703029,0.7267255688973485,3.1002187126403964,6.067279215452771,1.1065600773206388,1.0519315934606388,-0.1386970314869337,3.39911397736733,1.2379686064182167,3.649726680317221,2.9481577007622284,-0.11915291447104001,2.7759761604417883
312,97_Normal_0.mat,Normal,0,0.9807319287394155,-0.008404598925318588,0.7783536686477274,0.961835116048934,0.6571829679786666,3.0370776801238586,5.8692459771054475,0.9627046199963036,0.9811751219819547,-0.2387524387323519,2.7803337141351,1.2600081020264606,3.9019250534225955,3.096746002778223,-0.252759933474152,2.999927878776923
313,97_Normal_0.mat,Normal,0,0.95125507253745,-0.0065267361862347655,0.7571287396296658,0.9048862130282294,0.6404768889113287,2.8533946764393847,5.24070569887264,0.9057281148551478,0.9516974912518934,-0.1890549171572966,2.3887791861855714,1.2563980506161752,3.768704748721197,2.9996104712745693,-0.21932654838256987,2.9119258272171478
314,97_Normal_0.mat,Normal,0,1.0415336085157054,-0.0035445780453613636,0.836742120046729,1.0847922576677467,0.7131214877810872,3.1880541166202567,5.986917901340814,1.0858400843415916,1.0420365081615863,-0.04422754003745383,3.376743381763012,1.2447486311030869,3.810079641309805,3.060922941469461,-0.03908804769837462,2.863955843327294
315,97_Normal_0.mat,Normal,0,1.0838173365065773,0.01193237426093844,0.8703731468148412,1.1746600189122116,0.7425705653508647,3.3039920448528592,6.492046161473116,1.1756657484391686,1.084281212803749,0.006990731449340808,3.9835790168168037,1.2452329675744211,3.796063857140043,3.0484768360500936,0.005483992097465897,2.882077829378743
316,97_Normal_0.mat,Normal,0,1.0648043462754018,-0.01975025320563398,0.8514261773013443,1.1338082958469857,0.7242205211087981,3.347042748841408,6.001268136003663,1.134526159047494,1.0651413798400164,-0.2385124869306109,3.7988554238410828,1.250612648120738,3.9311015306648978,3.143340615152394,-0.19737373055907972,2.9513705379764437
317,97_Normal_0.mat,Normal,0,1.021208466047286,-0.01653826708773836,0.8094663387442829,1.0428667311266508,0.6843773972658213,3.38321730803501,6.730260056876418,1.0436123695530273,1.0215734773147878,-0.06885617899707216,3.452707459216659,1.2615823749140884,4.179565160521909,3.312954622406196,-0.06458536108082759,3.170161205576942
318,97_Normal_0.mat,Normal,0,0.9932829180440734,-0.03241041140330804,0.7915997827823813,0.9866109552781495,0.6696666948838415,3.38321730803501,6.219391702878976,0.9865239227791569,0.9932391065494536,-0.10752900987448008,2.9143140884742302,1.2547791695338073,4.273898732183984,3.406096336272125,-0.10973981281792916,2.994477908387336
319,97_Normal_0.mat,Normal,0,0.9669726137915572,-0.03903898659425318,0.7804889196720334,0.935036035822876,0.6635810841952634,2.71276237674346,5.140254056232694,0.9344245172912371,0.966656359463505,-0.19593139581031582,2.3168854377690997,1.238931891815513,3.475721830721063,2.8054180005199445,-0.21691405596938304,2.653481781543946
320,97_Normal_0.mat,Normal,0,0.9664689698571767,-0.007647848269269878,0.7688819644649425,0.9340622696967923,0.6505236744029214,3.202404351283106,6.328453486316632,0.9349167847862854,0.9669109497706009,0.1099564848403076,2.6244918599473435,1.2569796334453964,4.165014266536299,3.313509746467121,0.12163579901329476,3.0026126947420244
321,97_Normal_0.mat,Normal,0,1.0356425109567788,-0.015736671948368253,0.8154890463531226,1.0725554105008617,0.685802131528791,3.202404351283106,6.397334612698309,1.0733559668432215,1.0360289411224097,-0.09527478624496544,3.5268678574282046,1.269964956104457,3.92697408456971,3.0921909031345876,-0.08567661916613627,3.061270019700831
322,97_Normal_0.mat,Normal,0,1.08525692284554,-0.017345467787523654,0.8625287489445383,1.1777825885841702,0.7258670177587516,3.194930261415203,6.193561280485847,1.1786327318586078,1.0856485305376726,-0.2569624122115278,3.8837210000001905,1.2582269566925068,3.7041435028352163,2.943939074846132,-0.20081763766483662,2.795702970455984
323,97_Normal_0.mat,Normal,0,1.0522928993586955,0.00032045586090221137,0.8435891952203971,1.10732034604073,0.7126126997821767,3.1317892288986653,6.130420247969309,1.1084026678290728,1.052807042068523,-0.12549965494830384,3.3939748374636216,1.2473996885208147,3.7124577301831585,2.976157333005204,-0.10754647694032261,2.762571285193459
324,97_Normal_0.mat,Normal,0,1.0106946483864037,-0.006745353042426614,0.8121761017110194,1.0215036722769162,0.69019450008873,3.1317892288986653,5.800364850723771,1.022456665326482,1.011165992963807,-0.10497481063642444,2.9747063204776505,1.244427958734465,3.856047010367626,3.098650253957055,-0.1015354584963374,2.8454717311740794
325,97_Normal_0.mat,Normal,0,1.0210885774117227,-0.02244933054554102,0.8239572379115125,1.0426218829206957,0.7042042426904225,2.9739366476073203,5.579371236915888,1.0431365985632874,1.0213405889140446,-0.1932840817594263,2.9733925007287536,1.2392494785271144,3.6093337260338405,2.9125158320180278,-0.1814196455181662,2.732561064267297
326,97_Normal_0.mat,Normal,0,1.0162776231130093,-0.020495792740852323,0.8300140459401097,1.0328202072402277,0.7157905629640615,2.70989232981089,5.412908514826834,1.0334093185077569,1.0165674195584653,-0.1276953534830072,2.7641367339223843,1.2244101507471539,3.264875266945976,2.6664882392150098,-0.12155323864302699,2.5883009742130567
327,97_Normal_0.mat,Normal,0,0.948528554705049,-0.005013234874137349,0.7654750684674554,0.8997064190908493,0.6526389739164768,2.70989232981089,5.412908514826834,0.9005607404150076,0.9489787881796977,-0.002186745823076139,2.2287026681582747,1.2391370977017486,3.540144469019454,2.8569433322444273,-0.0025587555073568607,2.7480593799434185
328,97_Normal_0.mat,Normal,0,0.9822792207844446,-0.0016919403281458198,0.7925113871540514,0.9648724675848958,0.6741858270249044,2.752943033799438,5.335417247647446,0.9658127814672233,0.9827577430207423,-0.07808030804438695,2.5180581220771616,1.2394512390675163,3.4736952407484294,2.802607421134436,-0.08226253626864095,2.699478378243984
329,97_Normal_0.mat,Normal,0,1.0425463070826373,-0.0020534989749246505,0.8599703361090115,1.0869028024116447,0.7456099851100227,2.752943033799438,5.295236590591467,1.0879610475140675,1.0430537126697108,-0.10777862572507364,2.9437126098911675,1.2123049636787353,3.2012069698265364,2.64059544894497,-0.09497572597196532,2.4869595134677014
330,97_Normal_0.mat,Normal,0,1.0074322337493928,-0.002880319136163051,0.8146464604986403,1.0149197055972914,0.6975809036727384,3.258071293931741,6.044318839992211,1.0159035026232461,1.007920385061859,-0.07286005739685927,2.8535551240002324,1.2366496174690464,3.999368378687235,3.2340351884541536,-0.07115588466435434,2.76491224038994
331,97_Normal_0.mat,Normal,0,1.0507618473520943,0.007377856423608255,0.8323477693017631,1.1041004598507862,0.7018261084741897,3.258071293931741,6.118940060239028,1.1051252509632725,1.0512493762011337,-0.020137977917703137,3.5748694234473644,1.2624072366197259,3.9143149223081903,3.100675288257692,-0.01733399260666674,2.9270974332183792
332,97_Normal_0.mat,Normal,0,1.0963162073780992,-0.018606718880938185,0.8804754176709894,1.2019092265598992,0.7470303109943703,3.179443975822547,6.291142876193223,1.2027375649756815,1.096693924928775,-0.1439536125998736,4.004397098918648,1.2451411877878444,3.6110536557955455,2.9001158191608445,-0.10913555341268846,2.768186760206305
333,97_Normal_0.mat,Normal,0,1.020147529355226,-0.01934104729532616,0.8290869096221334,1.0407009816495718,0.7106276511292803,3.179443975822547,6.291142876193223,1.0413438428856596,1.0204625631965436,-0.04927527290008864,3.0029405964181297,1.2304470345804162,3.834874171717152,3.116651155180433,-0.046370076020758814,2.769226214066162
334,97_Normal_0.mat,Normal,0,1.0049198716070367,0.019043027647588674,0.8023571454027756,1.009863948350703,0.6771890124294174,2.950976272146762,5.665472644892985,1.0104881162497414,1.005230379689025,0.10549914822086097,2.894172367397341,1.2524595529105984,3.6778837068394554,2.936528926853357,0.10386091339466409,2.8344054337607965
335,97_Normal_0.mat,Normal,0,1.0472955847700471,0.018830016351812,0.8403930916692142,1.096828041878835,0.7115417847291462,2.950976272146762,5.593721471578737,1.0975452939391381,1.0476379593825045,0.06743943112927825,3.286311401532461,1.2461972797618206,3.5114237627559888,2.8177109834678475,0.058651648118297296,2.728122137584852
336,97_Normal_0.mat,Normal,0,1.0130608823837008,0.0012453733294061856,0.8240269572329049,1.0262923514160427,0.710515158868331,3.1805800267523536,5.800364850723771,1.0272940172750582,1.0135551377577139,-0.06374711341401929,2.8913316810753935,1.2294025984105488,3.8598009431984246,3.1395744145854367,-0.06122353270919963,2.7397339860855485
337,97_Normal_0.mat,Normal,0,1.001774340111339,-0.01666999775749499,0.8264069846864133,1.003551828505509,0.7175832994867535,3.1805800267523536,5.897946446431147,1.0042546571188669,1.0021250705969125,-0.05988076412252086,2.580306595523477,1.212204590078892,3.848684831669715,3.1749465916602366,-0.05950062834283417,2.5584892921053424
338,97_Normal_0.mat,Normal,0,0.9357187209146091,0.01034600066344376,0.7675627311015765,0.8755695246700721,0.6599360908153112,2.717366419678793,5.22922551114236,0.8763182644955155,0.9361187235044044,0.07726862481908214,1.892502571744485,1.2190778460158984,3.5402532061130607,2.9040419507903255,0.09419121255845894,2.464408802530505
339,97_Normal_0.mat,Normal,0,0.9261168378370291,0.005219715663765674,0.7321374579433416,0.8576923973252581,0.6149818139535342,3.200670355280343,5.786014616060921,0.8585035342513149,0.9265546579945054,-0.07783376894459088,2.2036100202121465,1.2649493995804189,4.371679553545891,3.456011406457245,-0.09784867063023503,2.9898580087392292
340,97_Normal_0.mat,Normal,0,1.0189279774136542,0.007100381183057076,0.7998002506125167,1.0382142231562803,0.6722063608626963,3.7431092255360543,6.7474803384718385,1.0391786306248052,1.0194011137058883,0.0005843993572962058,3.5588578661473873,1.2739780671887104,4.680055079583637,3.6735758645410033,0.0005516637134152694,3.2955676310138102
341,97_Normal_0.mat,Normal,0,1.030865882684798,0.032417894798197636,0.8217960026243993,1.062684468083508,0.6972965999580095,3.7431092255360543,6.7474803384718385,1.0626713131345937,1.030859502131398,0.05665259730256056,3.4966528738108944,1.25440605623717,4.554791229913395,3.6310341513910904,0.05171557883682908,3.09638251587355
342,97_Normal_0.mat,Normal,0,0.934577986673126,0.011206454187173219,0.7537265146414516,0.8734360131739936,0.6438525313442761,2.844784535641676,5.559280908387899,0.8741641044417882,0.9349674349632655,-0.023623664704710473,2.1361545597238747,1.23994309410286,3.7742927711534318,3.043924184182194,-0.02890399118853707,2.7954178506249168
343,97_Normal_0.mat,Normal,0,1.0261348458822488,0.005373868575183005,0.8267697696313971,1.0529527219337864,0.7062979869682363,3.1403993696963752,5.702783255016394,1.0539530945392088,1.0266221771124997,-0.0372763233764427,3.0812841267901687,1.2411373559757688,3.7983964642208394,3.0604158725291764,-0.034450945507814884,2.773889649407733
344,97_Normal_0.mat,Normal,0,1.0706581331064002,0.007579656598554602,0.8774996243314699,1.1463088379868822,0.7564801698790264,3.1403993696963752,6.118940060239029,1.1473718671317261,1.0711544553105896,0.01626491376305817,3.3614835717420197,1.220123750959859,3.578804232634669,2.9331485677710294,0.013234132224105079,2.55342201844972
345,97_Normal_0.mat,Normal,0,0.9360233244831,-0.0018797266020541899,0.7664830183541853,0.8761396639763948,0.6584293610507393,2.978540690542654,5.375597904703424,0.8769925686596279,0.9364788137804442,-0.009409288162883521,1.9602989131814121,1.221192514469186,3.885983928168921,3.1821222961343523,-0.011456788589377147,2.5487689778210423
346,97_Normal_0.mat,Normal,0,0.9320467607415166,0.00188440721673621,0.7479449045671989,0.8687111642087539,0.6331022276669116,3.1576196512917947,6.1505105764972985,0.869556789770706,0.9325002894212452,-0.045874390709032195,2.1881307008909388,1.2461436063657694,4.221727605878593,3.3878339416965217,-0.05657484637053877,2.8938589448381125
347,97_Normal_0.mat,Normal,0,1.0409167971629067,-0.0187580690121479,0.828200413835472,1.083507778615884,0.6996309816197444,3.1576196512917947,6.193561280485847,1.0842147168972898,1.0412563166181945,-0.1606603336739763,3.4958518710956663,1.2568416771745727,3.8126274734212653,3.0334986042064833,-0.14231009796034863,2.9738730558646713
348,97_Normal_0.mat,Normal,0,1.0342231944197162,-0.024618682426213977,0.8254621560093932,1.069617615875722,0.7015119798070962,3.074388290247267,6.11032991944132,1.0700565134152014,1.0344353597084746,-0.25604924449010247,3.3833631589508926,1.2529020099701513,3.724444867474407,2.972654555450458,-0.23132012929509796,2.9548482784225856
349,97_Normal_0.mat,Normal,0,1.026409400185304,0.0037482560547820887,0.8309550797222645,1.0535162567887553,0.7094570034807309,2.9710666006747504,5.697043161151253,1.05453202379479,1.0269040966880938,-0.04535192347861582,2.956704960253133,1.2352164698567487,3.5754840101154612,2.8946213861013654,-0.041879940110558275,2.658816983499673
350,97_Normal_0.mat,Normal,0,1.047139439477785,-0.052923959742643106,0.8474150486404888,1.0965010057098499,0.7192177871206297,2.7604171236673416,5.484659688141082,1.0947691707132838,1.046312176510091,-0.21434186905214148,3.0465529274573573,1.2356866226962564,3.2574558689896196,2.6361504682139967,-0.187121278021813,2.5419301338256233
351,97_Normal_0.mat,Normal,0,0.9626299740920737,-0.09786373759110581,0.7771781354426679,0.9266564670205066,0.6609922567074885,2.7604171236673416,5.484659688141082,0.9179756164481433,0.9581104406320512,-0.3043384401210012,2.2529282016656498,1.2386220483963266,3.5518460926483755,2.867578610636994,-0.3460270833262701,2.6735299922576172
352,97_Normal_0.mat,Normal,0,0.9057917593972894,-0.0365080760668014,0.7277614419248893,0.820458711392037,0.6177136811336245,2.5348194669241257,4.7700180019311755,0.8199265813260138,0.9054979742252403,-0.14541611504896781,1.8417054516076,1.2446273012215032,3.483036227113357,2.798457195733363,-0.19586195659961284,2.7394932926461495
353,97_Normal_0.mat,Normal,0,0.9905857169807125,-0.021925210646722103,0.7850554663078672,0.9812600626861924,0.6593109234132112,2.9710666006747504,5.708523348881533,0.9817380764145377,0.9908269659302464,-0.21963078094059527,2.815062384898386,1.2618034769418227,3.7845308111081075,2.999302886909685,-0.22578742612671324,2.9207659239505626
354,97_Normal_0.mat,Normal,0,1.0635655221438443,-0.06947717964865661,0.8536279362463033,1.131171619893108,0.723096667555892,3.685708286884656,6.423165035091438,1.1274455624582644,1.0618123951330878,-0.4181970561666921,3.6264092727558688,1.2459357021742554,4.317698765913954,3.465426633473277,-0.3493313795402657,2.8528941163759924
355,97_Normal_0.mat,Normal,0,1.0170743672295615,-0.07911874356275864,0.8189002631760854,1.0344402684754128,0.6967828203383211,3.685708286884656,6.3887244719006,1.0291855569128858,1.0144878298495679,-0.3379618892444845,3.040955561229623,1.2420002935200196,4.500802420779818,3.623833620859643,-0.3236884513853999,2.8709306897595366
356,97_Normal_0.mat,Normal,0,0.9666263395648317,-0.046626112616193344,0.7715196143872206,0.9343664803405052,0.6530569010791547,2.703016185015944,5.3497674823102965,0.9331037200644327,0.9659729396129234,-0.1864612157705487,2.454084917278748,1.252886279931226,3.5034963915458084,2.796340296530743,-0.2068681498498278,2.818575967221816
357,97_Normal_0.mat,Normal,0,0.9856212115018199,-0.04678306830781827,0.7934959222478536,0.9714491725623153,0.6760104219240121,2.8792250988325137,5.349767482310295,0.9702079858181719,0.9849913633216141,-0.3323505402980641,2.570507001034724,1.2421251122607693,3.628531688823904,2.9212288303357767,-0.3477756104768609,2.7307950128848457
358,97_Normal_0.mat,Normal,0,1.012503337545096,-0.07117846723466241,0.8223967317033558,1.0251630085399586,0.7043348603557307,2.8792250988325137,5.349767482310295,1.0210937962524853,1.010491858578032,-0.33734556906113755,2.790214182988376,1.2311616747877372,3.501017195028894,2.843669736250555,-0.3269463955335246,2.676124208614074
359,97_Normal_0.mat,Normal,0,1.0287262395921688,-0.05157862524300097,0.8114876103312199,1.0582776760254442,0.68458428634527,3.932532323085668,7.066055547987097,1.056649205433167,1.0279344363495013,-0.42606908079148353,3.7256004848168356,1.2677041848747541,4.84607808303531,3.8227199537953553,-0.3922688055441973,3.336834136963217
360,97_Normal_0.mat,Normal,0,0.9848640796582969,-0.03684160691150434,0.7799901416685517,0.9699572554011843,0.6606235127058142,3.932532323085668,7.066055547987097,0.9695467744232602,0.9846556628706606,-0.3801128203114824,3.2078856784256584,1.26266221461494,5.041771828895388,3.9929695927646027,-0.3981615962138131,3.412568290035326
361,97_Normal_0.mat,Normal,0,1.0013472865203,-0.022365247139313385,0.8139560424530411,1.0026963882215678,0.6975660256833612,3.094478618775257,5.720003536611813,1.003175847855887,1.0015866651747551,-0.15233935495709958,2.6461500918648646,1.2302228060145393,3.801776087865313,3.090315078922854,-0.15161651533001214,2.6294222812476704
362,97_Normal_0.mat,Normal,0,1.1348756412804673,-0.0236489204743886,0.9224726849220167,1.287942721171752,0.793467562072827,3.094478618775257,6.047188886924783,1.2886418890769498,1.135183636720046,-0.13381801364473367,4.355056375776317,1.230253924944321,3.3545476948550523,2.7267116380091347,-0.09147790546701008,2.622583304368961
363,97_Normal_0.mat,Normal,0,1.1003974010545694,-0.038301855399657594,0.8813289224626295,1.210874440247651,0.7475727485890039,2.9527102681495254,5.897946446431147,1.21058962455082,1.1002679785174247,-0.18329331469664628,4.040053239133865,1.2485660835668086,3.350293168520607,2.6833126516993793,-0.13761038311676263,2.7567234039830364
364,97_Normal_0.mat,Normal,0,1.0091346332401934,-0.0381364913674099,0.8113510333419869,1.0183527080048196,0.6888737571766179,2.945236178281622,5.636772175567286,1.0178923515305445,1.0089065127803192,-0.27944553927179594,2.777275656150001,1.2437706883570288,3.6300393507190694,2.918576056419699,-0.27210993892005153,2.6804967516642355
365,97_Normal_0.mat,Normal,0,1.0284396811723722,-0.04862449490420343,0.832103927423703,1.0576881778099305,0.712353223680996,3.054297961719278,5.550670767590189,1.0563554334081795,1.0277915320765099,-0.4116931505625144,3.0595183230629868,1.235950999961403,3.670572702585473,2.969836751373259,-0.37919144963414797,2.741781978615369
366,97_Normal_0.mat,Normal,0,0.9752041911553121,-0.03238238360123216,0.7904911081183814,0.9510232144468864,0.677549372060077,3.054297961719278,5.550670767590189,0.9509032120972527,0.9751426624331707,-0.28096110367717964,2.501797355974216,1.2336687676036895,3.863797998924502,3.1319573781750853,-0.30299937215252615,2.7668110428060957
367,97_Normal_0.mat,Normal,0,0.9692923266556388,-0.005848463375998519,0.7775348477699704,0.9395276145135015,0.6607853305773038,2.880959094835277,5.674082785690693,0.9404117808693964,0.9697483080002751,-0.0026524723016461346,2.487214100057855,1.2466223596722346,3.7052475565492444,2.972229342589055,-0.0029085314615619052,2.812399739064248
368,97_Normal_0.mat,Normal,0,1.067918541994904,-0.02728412640362997,0.8509776155946613,1.1404500123365213,0.7210960364285299,3.38321730803501,6.738870197674128,1.1408196704923774,1.0680916021074116,-0.09788517954987794,3.8607736245300233,1.2549314134983327,3.9756830802968297,3.1680481001031127,-0.08033252918664323,2.966472563097812
369,97_Normal_0.mat,Normal,0,1.0558377145331161,-0.04313665125774653,0.850278205277704,1.1147932794305142,0.7279741008170495,3.38321730803501,6.738870197674128,1.1140204193145185,1.0554716572767449,-0.2236400690524652,3.6313791179299937,1.241755590085993,3.978953343777711,3.204296703426473,-0.19019972767489773,2.9260738932353325
370,97_Normal_0.mat,Normal,0,1.003387858825903,-0.02503349389693697,0.8077955899934977,1.0067871952392302,0.6887863807909905,3.1260491350335258,5.866375930172878,1.0071440585422125,1.003565672261767,-0.21345818395123894,2.8615287867563186,1.2421308945654652,3.8698516973270665,3.1154942802360615,-0.2111910053877637,2.8210769283700605
371,97_Normal_0.mat,Normal,0,1.0012477317871533,-0.028629460903272112,0.8043037344753751,1.0024970204089192,0.6832721291453849,2.873485004967374,5.418648608691974,1.0026565311460045,1.0013273845980666,-0.2168497989082528,2.780874416555531,1.244862716494776,3.572636656770089,2.869904134349993,-0.21598855706739165,2.7661581249030727
372,97_Normal_0.mat,Normal,0,1.0336630976969645,-0.02094984313448156,0.8352126777311842,1.0684593995404845,0.7126295636259371,2.902185474293073,5.708523348881533,1.0690645119255524,1.0339557591722928,-0.0885283481742877,3.0216605879620957,1.2376046547852027,3.4747861852064412,2.807670585083699,-0.08008966758924212,2.6438563436305866
373,97_Normal_0.mat,Normal,0,1.0317644908147003,-0.013172128058425424,0.8322927646856131,1.0645379645061177,0.7106511038898788,2.902185474293073,5.708523348881533,1.0654048940153418,1.032184525177229,-0.0008746310607723115,3.0838771532756484,1.2396653372364654,3.486976695497102,2.8128371349537726,-0.0007953400738034685,2.7168627208550618
374,97_Normal_0.mat,Normal,0,0.9738206254636007,-0.023842312308712154,0.7783802364046603,0.9483266105783185,0.6602818342609212,2.887835239630224,5.550670767590189,0.9486846045312048,0.9740044171004589,-0.12346446798264936,2.55639993905171,1.2510860115878955,3.7100572503811637,2.965469373019764,-0.13361622883535781,2.840436553283767
375,97_Normal_0.mat,Normal,0,1.0107302842300945,-0.024341207185662794,0.8065595054852168,1.0215757074598475,0.6818597272801854,3.3499127957739776,6.1792110458229965,1.02198124164889,1.0109308787691125,-0.19286748991991529,3.025294436713495,1.2531378991321884,4.1533362051874345,3.3143488901417437,-0.18667864577160437,2.8965551368916658
376,97_Normal_0.mat,Normal,0,1.0298036210275465,-0.030658673773565678,0.8400828587439702,1.0604954978814465,0.7199003158052375,3.3499127957739776,6.1792110458229965,1.0605912772731045,1.0298501236942705,-0.13720418253700453,2.9974800798353733,1.2258357735878662,3.987598081430363,3.2529627274257917,-0.12561609085806408,2.664772903635742
377,97_Normal_0.mat,Normal,0,0.9790005198535014,-0.018533846595540866,0.8071648475733213,0.9584420178734261,0.696689989792056,2.566389983182394,4.887689926166541,0.9590350720913883,0.9793033606045617,-0.10210916309277161,2.228419836132212,1.2128879531802927,3.1795115841514505,2.621438835971006,-0.10872088579104323,2.4228584168267115
378,97_Normal_0.mat,Normal,0,0.9942714821393325,0.013378608848053752,0.8087266385164176,0.988575780195545,0.6927713959044556,2.634135058634266,5.20052504181666,0.9893629677940721,0.9946672648650261,0.015842697947818306,2.5135135600077967,1.2294283813404012,3.257138980191432,2.6493116879545395,0.016098880117161877,2.5678516582658113
379,97_Normal_0.mat,Normal,0,1.0513410558405547,-0.0018264737781100316,0.8502597536777214,1.1053180156959326,0.725665042124236,3.260941340864311,5.895076399498577,1.106395143696987,1.0518531949359602,-0.10930077759273144,3.2743300750312767,1.2364939670398816,3.8352295598557613,3.101696944816887,-0.09391995165553052,2.6748654145522743
380,97_Normal_0.mat,Normal,0,1.0336455031535634,-0.009480866525032293,0.8432376798329779,1.0684230261895833,0.7262487906381273,3.260941340864311,5.740093865139802,1.0693774532787355,1.0341070801801597,-0.205818818808543,3.0771034874891035,1.2258056392321963,3.867167488893933,3.1547966211939245,-0.18611807269643757,2.6907915552688073
381,97_Normal_0.mat,Normal,0,1.0083237383128436,-0.006266077626929094,0.8167566038111564,1.016716761245188,0.6999960219842533,3.232240871538612,5.731483724342093,1.017671317162027,1.0087969652819277,-0.19094016327694258,2.8555001226171903,1.2345461715357555,3.9574101469793392,3.2055586402673457,-0.18598845565809283,2.7571926668393623
382,97_Normal_0.mat,Normal,0,1.0211413669986544,-0.0084942878919614,0.8218313877790964,1.0427296913958806,0.7008594790139507,3.232240871538612,5.932387009621985,1.0436767540492151,1.0216049892444805,-0.099097427812686,2.98295362358632,1.242519307709733,3.9329732589910367,3.165321644970344,-0.09294228945900032,2.7385109412713877
383,97_Normal_0.mat,Normal,0,1.0054816421673005,-0.004138767449369964,0.8244390243601547,1.0109933327354512,0.7111501214138426,2.700146138083374,5.321067012984598,1.0119644498725298,1.0059644376778583,-0.011312237157171522,2.5312557641245377,1.2195949153989079,3.275131402441407,2.6854255958970707,-0.011112214531234378,2.471755546436376
384,97_Normal_0.mat,Normal,0,1.0114531343319737,-0.01628321408884787,0.8221701735638076,1.0230374429499736,0.7043406565008956,3.1478734595642783,6.09884973171104,1.0237720773081567,1.0118162270433089,0.026024262259794366,2.810158885694846,1.230223580048475,3.8287371164482495,3.1122286863446385,0.025123116165907653,2.6811697750452974
385,97_Normal_0.mat,Normal,0,0.9479017824785799,0.025242777466772885,0.7631226017587566,0.898517789226069,0.6521079077895091,3.1478734595642783,6.09884973171104,0.8987582850495758,0.9480286309229146,0.13723163050622392,2.3661544646728068,1.2421356414981335,4.124990469821362,3.320885684305685,0.1610608041361911,2.9292556656406177
386,97_Normal_0.mat,Normal,0,1.0598179454538477,0.03598583400245689,0.8604798001759322,1.1232140775060147,0.739436289474399,3.36599702643959,6.443255363619427,1.1230157923668955,1.0597243945323216,-0.00564377658598459,3.4758779792597636,1.2316592966341888,3.911767627488144,3.1760143719730913,-0.004742321773376382,2.7560861903342713
387,97_Normal_0.mat,Normal,0,1.1155838253194224,0.017703298708361702,0.909327062254304,1.2445272713143154,0.7783109132835362,3.36599702643959,6.443255363619427,1.2454301048659413,1.1159883981771233,-0.006384736941382932,4.055464638979135,1.2268235177699016,3.7016351609411884,3.01725155030174,-0.004593714174239437,2.6145797919392373
388,97_Normal_0.mat,Normal,0,0.9910887174188239,0.011441887724610578,0.8015127493193529,0.9822568457948893,0.6799298806420039,2.949840221216955,5.674082785690695,0.98308597389657,0.9915069207507178,0.07660267146393747,2.533631270839232,1.2365227106608385,3.6803409848667887,2.9763634368641556,0.07858807768549456,2.6215636755552554
389,97_Normal_0.mat,Normal,0,0.9961051144768542,-0.006296908209212568,0.8150751105601979,0.992225399086947,0.6996832008242404,2.72424256447374,5.355507576175436,0.9931556265755294,0.9965719374814491,0.10846771018566351,2.441635992738269,1.2221022352050637,3.342320884510922,2.734894666113379,0.10959090440597057,2.4754052267603646
390,97_Normal_0.mat,Normal,0,1.0809682545118964,0.028981686263694996,0.8902396615467554,1.168492367262496,0.7692133576999806,3.062908102516988,5.6941731142186836,1.1687938293477813,1.0811076862865148,0.14763377852814782,3.34686622646557,1.214244097631579,3.4405432995333736,2.8334857103617614,0.1168365891785068,2.4499799707234673
391,97_Normal_0.mat,Normal,0,1.0606084420221649,0.04148208598953655,0.8624283159143314,1.1248902672886838,0.7398655448939466,3.094478618775257,5.605201659309017,1.1242674212341894,1.0603147745995947,0.11471309971776442,3.3565620930397264,1.2297931578191477,3.5880995111935263,2.9176447180378653,0.09622957689074324,2.6555558134647934
392,97_Normal_0.mat,Normal,0,1.0149665170962416,0.040417029510653193,0.8269397466727928,1.0301570308264754,0.7133330428857954,3.094478618775257,5.831935366982039,1.0295288938624227,1.0146570326284752,0.07247196357212364,2.8204085984278517,1.227376627110682,3.7420847543272724,3.0488479833062136,0.0693764732725188,2.660939195499943
393,97_Normal_0.mat,Normal,0,1.0609035420801383,0.032714989500201935,0.8533811751511761,1.1255163255981837,0.7237796867052673,3.3516467917767407,6.0098782768013725,1.125545220314399,1.0609171599679208,0.06817852962526318,3.4691156318781804,1.2431766401349977,3.9274908907840285,3.1592380068803703,0.05709567460687553,2.7383747384777766
394,97_Normal_0.mat,Normal,0,1.0356374416057452,-0.012179943864939346,0.8359767273031196,1.0725449104556932,0.7089567710377261,3.3516467917767407,6.0098782768013725,1.073444845404981,1.036071834095002,-0.03183270084862475,3.131317953569888,1.2388352543562988,4.009258490466861,3.236312880477564,-0.02862225757084669,2.717488395987506
395,97_Normal_0.mat,Normal,0,0.9718437308668832,-0.008228023772240559,0.7981192248554339,0.944480237225263,0.6842855922756786,2.608304636241137,5.131643915434983,0.9453357162604771,0.9722837632401752,-0.07522270289092434,2.134587439933575,1.2176673617174165,3.2680639120180577,2.6838724718755445,-0.08184079408130869,2.388591137679075
396,97_Normal_0.mat,Normal,0,0.9804012131683182,0.03932394522969396,0.79376960215693,0.9611865387819101,0.6745687508115938,3.400437589630429,5.8922063525660064,0.9605782307919898,0.9800909298590564,0.11544824239733563,2.4849460579041542,1.235120632615578,4.283910067085022,3.4684143021793297,0.12262759624651054,2.6930938327675142
397,97_Normal_0.mat,Normal,0,1.0519706215126132,0.025562294410437884,0.8482980412793479,1.1066421885256337,0.7220817293292179,3.400437589630429,6.348543814844621,1.1070698805603423,1.052173883234298,0.11214074586082168,3.3887275875422604,1.2400955446329447,4.008541130777695,3.2324453935203596,0.09627219799732702,2.7649455782510555
398,97_Normal_0.mat,Normal,0,1.0419815094928357,-0.0097359195239228,0.8411517689910628,1.0857254661249685,0.7156086801118067,2.9527102681495254,5.900816493363717,1.0866919005551279,1.042445154698859,0.049874280055138644,3.197175210842673,1.2387556537406128,3.510318086458649,2.833745360398829,0.04402678718800654,2.707407182603943
399,97_Normal_0.mat,Normal,0,0.9936410578527586,0.016929731371067482,0.8082898718613001,0.9873225518507491,0.6921562387023483,2.8493885785770083,5.5191002513319205,0.9880007805587171,0.9939822838253795,0.12518294011219733,2.591618117559201,1.229312765683194,3.525206337191899,2.867623631345932,0.1274703610327942,2.6549505222527428
400,97_Normal_0.mat,Normal,0,1.0712577116944477,0.03350537351874171,0.8677211328077279,1.1475930848648244,0.7429146974991847,3.1995343043505367,6.236611984474395,1.1475911693114746,1.071256817626602,0.12809979048822862,3.68727935753754,1.2345645060261377,3.6872840632496287,2.9867083050321557,0.10419997694897769,2.7998298970274407
401,97_Normal_0.mat,Normal,0,1.1119944858107118,0.020452826092005348,0.9029672617796151,1.2365317364734292,0.7710634979100254,3.229370824606042,6.428905128956579,1.2373217403903796,1.1123496484426016,-0.029699650425450044,4.14047225068727,1.2314892608818435,3.576398570904833,2.904124854763762,-0.02157880407702211,2.7044850857576033
402,97_Normal_0.mat,Normal,0,1.0822483739628335,0.005205701762727744,0.8773274284406019,1.1712615429451971,0.7448846279449307,3.229370824606042,6.305493110856073,1.1723793453187676,1.0827646767967487,-0.04824674587279615,3.5546596879166463,1.2335740783634601,3.6809185714646797,2.983946109134058,-0.03800719234528231,2.586197645345439
403,97_Normal_0.mat,Normal,0,0.9918914410029613,0.016971773074181296,0.786854909637873,0.9838486307349312,0.6579339871410119,3.0761222862500306,5.986917901340814,0.9845220369553639,0.992230838542808,0.03892071170996214,2.7409197282068964,1.260577304471786,3.909389454863816,3.10126910978935,0.03984213575162555,2.827778796162322
404,97_Normal_0.mat,Normal,0,1.005714778479784,0.040604815784561585,0.8073139788550588,1.011462215652641,0.6809115579275498,2.9125296110935466,5.404298374029124,1.010800574523801,1.0053857839276428,0.17955196662580472,2.71885582495557,1.2457541982672633,3.607678904830211,2.8959797284605533,0.17668185330994174,2.6610633788173836
405,97_Normal_0.mat,Normal,0,1.0503956215421182,0.02847718582632921,0.8692200362880521,1.1033309617548526,0.753044354498305,2.9125296110935466,5.387078092433704,1.1035977438139584,1.0505226050942256,0.16626471773944443,2.8704559791627675,1.208434662903718,3.350739156368237,2.7727929851942825,0.14341147199254436,2.3568355649365613
406,97_Normal_0.mat,Normal,0,1.005641227807042,0.019586767007860717,0.8199552183954841,1.011314279065255,0.7065951787137129,3.094478618775257,5.886466258700867,1.0119188396152463,1.0059417675070692,0.006562116034705934,2.7485172552025574,1.2264587202380246,3.773960515583842,3.0771198845140573,0.006446520724732785,2.6841519937153326
407,97_Normal_0.mat,Normal,0,0.9721747368014458,0.015116332576758183,0.7793163649939946,0.9451237188749604,0.6617974972173789,3.094478618775257,5.886466258700867,0.9458188666013044,0.9725321930924983,0.033398343185548386,2.5749669175249355,1.2474712202504434,3.970760473886792,3.1830477604810268,0.036308889290498185,2.878430236753439
408,97_Normal_0.mat,Normal,0,1.0525610248425827,0.024233776592041272,0.859723049083274,1.107884711017668,0.7362459536452238,2.944100127351815,5.585111330781028,1.1083798372745934,1.0527961993066812,0.15018359177861004,3.038975223143014,1.2243024378184444,3.4244750451761132,2.7970825993574358,0.12870326410089172,2.473716498215135
409,97_Normal_0.mat,Normal,0,1.0692787480884802,0.03843266112368103,0.8674947499783832,1.1433570411136673,0.7434220040809486,3.136393271833999,5.777404475263212,1.1429961788785559,1.0691099938166118,0.2933965345174644,3.4967298626721144,1.2326054401065742,3.615460810464315,2.9331858296425586,0.240097596210779,2.6765325262259636
410,97_Normal_0.mat,Normal,0,0.9776224106820136,0.04012834314927166,0.7932620651924187,0.9557455778677117,0.682659112593462,3.136393271833999,5.940997150419696,0.9550679775155987,0.9772757939883698,0.17954386687344462,2.5683225992961045,1.2324078681912551,3.9537920813965326,3.208184711766954,0.1923619401412169,2.815665150192352
411,97_Normal_0.mat,Normal,0,1.023936356799269,0.05361532150818413,0.83717841964458,1.04844566277536,0.7236484874128011,3.248325102204225,6.061539121587632,1.0465931236722703,1.0230313405132172,0.10835194251695468,3.0180276580405345,1.2230802093928235,3.8800869993512324,3.172389651594185,0.10119752386554226,2.7552909227064597
412,97_Normal_0.mat,Normal,0,1.0519096017413525,0.02765316844529838,0.855720971130511,1.1065138102356507,0.7338806574130673,3.248325102204225,6.087369543980762,1.1068300011836174,1.0520598847896527,0.03528964971781012,3.3697398626130983,1.2292670592733321,3.796009694502401,3.0880268578438614,0.03030581473695619,2.7506449176046472
413,97_Normal_0.mat,Normal,0,0.9757860880328139,0.012529366445154653,0.7935472479693884,0.9521584895983825,0.6773980145884119,2.984280784407794,5.8233252261843305,0.9529321023310481,0.9761824124266162,0.028581083913931715,2.387997903676272,1.2296509004706748,3.760684435665958,3.0583350398252245,0.030724566107684214,2.6297231273740747
414,97_Normal_0.mat,Normal,0,0.9498506080838957,0.019256038943365354,0.7631113322011916,0.9022161776773464,0.6471001578535411,2.8924392825655567,5.378467951635994,0.9027269519305526,0.9501194408760156,0.18929636431453561,2.2587570765991445,1.2447077746084712,3.7903241119726747,3.045151793288147,0.22070270667643813,2.771766925540276
415,97_Normal_0.mat,Normal,0,1.0095638781442298,0.02474388258982225,0.8128080704294006,1.019219224053617,0.6904160146891464,2.8924392825655567,5.461699312680521,1.019602670060479,1.0097537670444607,0.12781483226223667,2.8148150026994174,1.2420692102745023,3.5585759883436485,2.8650384043846184,0.1241465937763808,2.707621343755929
416,97_Normal_0.mat,Normal,0,0.9762996749114478,0.026035964265520222,0.7889155954579198,0.9531610552321985,0.6723068436160333,2.71276237674346,5.323937059917167,0.9534142524028251,0.9764293381514225,-0.021745657337627608,2.446319351536733,1.237521073903381,3.4385964637515123,2.7786164908707303,-0.023358775919997694,2.691224148944977
417,97_Normal_0.mat,Normal,0,0.9948923698954871,0.027742857411941182,0.7968121367274308,0.9898108276762587,0.6767411087075564,3.2150205899431925,5.765924287532931,0.9900079661933652,0.9949914402613548,-0.036674071700726694,2.8680930270161973,1.2485908836433375,4.034853940783955,3.2315260295721204,-0.03723069092669436,2.926279839223657
418,97_Normal_0.mat,Normal,0,1.0204151125829557,0.01780980435625004,0.8229797099865341,1.0412470019876863,0.7021654401283809,3.2150205899431925,6.242352078339535,1.0419473395552628,1.0207582179709662,0.08714960595081167,3.087553258218343,1.2399031230045905,3.906561183618842,3.150698720839136,0.08194015339427659,2.843956291148054
419,97_Normal_0.mat,Normal,0,1.035490006753405,0.014948165764302909,0.8362609175288221,1.0722395540861664,0.7128272066413658,3.203540402212913,6.230871890609256,1.0730640205089779,1.0358880347358868,0.1057929913234974,3.1600518277152876,1.2382379530686105,3.8307905284820043,3.093743427089124,0.09517402732849976,2.7443717414192283
420,97_Normal_0.mat,Normal,0,1.0327873342363914,0.017263262215770434,0.8343212767517023,1.0666496777591117,0.7123595169008584,3.203540402212913,6.093109637845901,1.0673940345236206,1.033147634427733,0.13840470770722113,3.1562789936749818,1.237877257854609,3.839696399307411,3.1018393584177737,0.1255057737716669,2.7702938784908815
421,97_Normal_0.mat,Normal,0,0.9763314876779143,0.004289192634846532,0.7821182690871746,0.9532231738313695,0.6636842309887234,2.889569235632987,5.585111330781027,0.9541365506331385,0.9767991352540902,0.08224611693504738,2.6210373998037104,1.248316944208657,3.694542564517467,2.9596190147493004,0.08824692953675264,2.879069522284937
422,97_Normal_0.mat,Normal,0,0.9684181224018839,0.02263899465392382,0.7747950134618891,0.9378336597963901,0.6535779242150971,3.08473242704774,5.78027452219578,0.9382373831619438,0.9686265447332857,0.0693640792953846,2.4934743764558127,1.2499023684646737,3.9813529687817124,3.1853311660398913,0.0763247739165094,2.832562124238151
423,97_Normal_0.mat,Normal,0,1.0033188085597657,0.01443805976652193,0.8240040094972432,1.006648631609788,0.7095202637214332,3.08473242704774,5.995528042138523,1.0074239865268089,1.0037051292719434,0.0720530061326098,2.5788585236474355,1.2176139885177402,3.743589098463382,3.074528655027116,0.07125800743418897,2.540989925569556
424,97_Normal_0.mat,Normal,0,1.0121618303898425,-0.006759366943464563,0.8242262463747064,1.0244715708981162,0.7077879633928006,2.910795615090783,5.642512269432427,1.0254272756805465,1.0126338309974374,0.02260331182627437,2.73600297115368,1.228014558915744,3.531549289882668,2.87582037545003,0.021767812033347825,2.601997256210587
425,97_Normal_0.mat,Normal,0,0.9818322239832584,0.013532761759471079,0.7819055499750704,0.9639945160519113,0.6587136036458116,3.130653177968859,5.943867197352265,0.9647535225229114,0.9822186734749606,0.16094538153953158,2.738244251636229,1.2556915909003417,4.003876399220686,3.188582633053865,0.16984546654924876,2.9419781217133965
426,97_Normal_0.mat,Normal,0,1.0028769697072648,0.015707719200559214,0.809562450949014,1.0057622163692261,0.6884183860988504,3.130653177968859,6.124680154104169,1.0064983925131812,1.0032439347004203,0.06736099980221806,2.883417869744527,1.2387888896408152,3.867092865158292,3.1216722215483323,0.06670968594892557,2.846304860434927
427,97_Normal_0.mat,Normal,0,0.999444804527167,0.006054944165626849,0.818307008323219,0.998889917296347,0.702974550755551,2.99402697613531,5.602331612376448,0.9998296510911419,0.9999148219179181,0.006794647354984938,2.5952818563820657,1.2213567699657046,3.6588064695506746,2.9956901697525717,0.006796383915880365,2.5961662892233477
428,97_Normal_0.mat,Normal,0,0.9315763223031295,0.01852451330918494,0.7545387954076512,0.8678344442758241,0.642275770912312,2.634135058634266,5.140254056232693,0.8683392742549967,0.9318472376173021,0.04844090674113439,2.0264555083381377,1.2346301183872148,3.491053176672835,2.8276105731402503,0.05986570448284474,2.687560098349648
429,97_Normal_0.mat,Normal,0,0.985045401310032,0.04231731449139773,0.7971338140838335,0.970314442642042,0.6805758217424474,2.634135058634266,5.20052504181666,0.9694704360089431,0.9846168980923206,0.1438990383528885,2.529272305744854,1.2357340560705412,3.3045079911187067,2.6741255328215345,0.15074955434616946,2.691079011823471
430,97_Normal_0.mat,Normal,0,1.0613455187295016,0.04973627370088262,0.8605498692445124,1.1264543101271949,0.7369651578670576,3.041681723059192,5.820455179251759,1.1250793234823842,1.0606975645688945,0.25348799749784257,3.357699560120029,1.2333341235180675,3.5345792635190203,2.8658732423889757,0.21241377904561648,2.6526230984595283
431,97_Normal_0.mat,Normal,0,1.0428238471882079,0.007094775622641915,0.8357572927692545,1.0874815762644148,0.7121895437522469,3.411917777360709,6.190691233553276,1.088494223062989,1.0433092653010367,0.28000066004489954,3.4555198298129337,1.2477591954137754,4.082426569143475,3.27180643840959,0.24655843366996671,2.916494304301404
432,97_Normal_0.mat,Normal,0,0.9498363843775852,0.009945203093758698,0.7526713261117246,0.9021891570874838,0.6360499704416462,3.411917777360709,6.3198433455189225,0.9029720586739565,0.9502484194535429,0.1381762473882057,2.5966589230425683,1.26195372591533,4.533077930551747,3.5921110556244904,0.1610356112639811,3.184683546732219
433,97_Normal_0.mat,Normal,0,0.9594365152459513,0.013373003287638567,0.7603080264996032,0.9205184267872946,0.6398695337979732,3.3556528896391176,6.1734709519578574,0.9212392372630028,0.9598120843493286,-0.14834250926919718,2.5808194268617086,1.2619050198139532,4.413543948870117,3.4975246786134666,-0.16776717066539365,3.0409744061994415
434,97_Normal_0.mat,Normal,0,1.0599056443233787,0.015248063246514804,0.8564315341315643,1.1233999748685566,0.7296046286481116,3.3556528896391176,6.1734709519578574,1.124265386852635,1.0603138152700997,-0.09412084418422986,3.442134673050908,1.2375836270401965,3.9181799780853317,3.1659920933604697,-0.07895553008814823,2.7232667143559373
435,97_Normal_0.mat,Normal,0,1.0466162786844995,0.03852795565073903,0.8601132778995985,1.0954056348073897,0.7417819484601128,3.0370776801238586,5.763054240600361,1.094990558157715,1.046417965326339,0.08939258603923737,3.0423088690496822,1.2168353931695202,3.5310205738677687,2.9018062703346104,0.07801640598482207,2.5373627201026108
436,97_Normal_0.mat,Normal,0,0.9870394771770437,0.02291366711426742,0.798856180739826,0.9742469295059317,0.6834278979835657,2.9010494233632667,5.7687943344655,0.9746737231730944,0.9872556523885262,0.1622590272779575,2.5979982949301896,1.2355659265998347,3.631504009486356,2.9391422434869554,0.168624230720331,2.7347670969000544
437,97_Normal_0.mat,Normal,0,1.0053559378842891,0.017437034588640862,0.7947415240848836,1.0107405618391985,0.6703623623611421,3.2465911062014614,6.299753016990932,1.0114242306391865,1.0056958937169758,0.14200770322118383,3.1205630782129634,1.2650099528153578,4.085090570718209,3.2292952016879584,0.1396085037814809,3.050466487116659
438,97_Normal_0.mat,Normal,0,1.0478164760398332,0.0024617799394992916,0.8424185087714235,1.0979193674605345,0.716351223810289,3.2465911062014614,6.299753016990932,1.0989865361392628,1.0483255868952464,0.045320026122695437,3.3870369558364217,1.2438193903962493,3.85389337056757,3.0984348694999353,0.03933703242419666,2.804369218605063
439,97_Normal_0.mat,Normal,0,1.0065835710949984,-0.0002681279826912183,0.8049522276913296,1.0132104855983597,0.6795475891133506,3.039947727056429,5.803234897656341,1.014200844217676,1.0070753915262134,-0.035113116496110514,2.862636504667724,1.2504885836277688,3.776556697993715,3.020064914974166,-0.03437822311195631,2.7830324468067356
440,97_Normal_0.mat,Normal,0,0.9912852484968541,0.03194983050353047,0.782663935549856,0.9826464438874697,0.6554785141849752,3.2311048206088056,6.316973298586353,0.9825852080855363,0.9912543609414973,0.17297674452528575,2.93567952800639,1.266552863201964,4.128342541214299,3.25951064590648,0.17759567549444646,3.040662376312247
441,97_Normal_0.mat,Normal,0,1.0187366628778352,0.00740588422568416,0.823276746251804,1.037824388291468,0.7009447387518019,3.2311048206088056,6.316973298586353,1.0387839786494535,1.0192075248198738,0.09071626667405559,2.982008767369588,1.237417025945017,3.924688551347263,3.17167815623526,0.08568352102234897,2.763493391501403
442,97_Normal_0.mat,Normal,0,0.9560329607268494,-0.016246777946149232,0.7720515586959269,0.9139990219961456,0.6568036230534388,2.907925568158213,5.731483724342093,0.9146282558586258,0.9563619899696065,-0.1129112316894652,2.239337715939617,1.2383019630715433,3.7664914155036833,3.0416582770790077,-0.12908334883764136,2.676889022180843
443,97_Normal_0.mat,Normal,0,0.8911518148948926,0.02236151941337263,0.7087027118234958,0.7941515571904608,0.5963252639871718,2.82355815618388,5.490399782006222,0.794427327577073,0.8913065284048317,0.05571631196319947,1.8495522892497984,1.2574409551794954,3.984122127760547,3.1684367455546703,0.078686657735378,2.9306115961260937
444,97_Normal_0.mat,Normal,0,0.9605428827206125,0.027695210148412197,0.7677230735041443,0.9226426295452244,0.647970142932903,3.2465911062014614,5.697043161151255,0.9227767540539403,0.9606126972166984,-0.036816370593278955,2.4734906622198745,1.251158022820811,4.228857016604578,3.37995436185268,-0.041533258454816736,2.9048050042730718
445,97_Normal_0.mat,Normal,0,1.050058749861094,-0.005893307859319925,0.8508622345488839,1.1026233781598438,0.7266514531803863,3.2465911062014614,6.1849511396881365,1.1036664463463288,1.0505553038019126,-0.062148538716187994,3.3321425201693042,1.2341113604796285,3.8156483792219857,3.091818535513219,-0.05360115680685509,2.7355703620188847
446,97_Normal_0.mat,Normal,0,1.00347814119432,0.0005642977389623566,0.8110639818993423,1.0069683798548077,0.6925014889097698,3.309732138717999,6.248092172204674,1.0079523899286593,1.0039683211778443,-0.00553541531123904,2.883729959233434,1.2372367206384223,4.080728786603515,3.298260323613549,-0.005470035971255408,2.8384062307314535
447,97_Normal_0.mat,Normal,0,0.9488938674538587,0.04442500520750374,0.750818513520915,0.9003995716915412,0.6307327760777783,3.309732138717999,6.199301374350986,0.8993042173786382,0.9483165175080724,0.12031128728457335,2.5557616525705473,1.2638125597127572,4.408165327720564,3.4879898081704606,0.14107382069321653,3.160145576002136
448,97_Normal_0.mat,Normal,0,1.0364498686578902,0.0317592414494145,0.8240342561487914,1.074228330240958,0.6947617926754419,3.335562561111128,6.225131796744115,1.074268771420606,1.0364693779464043,0.08271255839322157,3.4291734638262694,1.257775221021256,4.047844535852398,3.2182574979985907,0.07428515391695818,2.97141664663998
449,97_Normal_0.mat,Normal,0,1.0182874686299315,-0.0014929429334070857,0.8232681626009777,1.0369093687687536,0.7017054349442378,3.335562561111128,6.176340998890427,1.0379207343572971,1.0187839488121597,0.0052803659398502345,2.9476733530126134,1.2368843043943132,4.051611264267679,3.2756590490067894,0.004993645854210988,2.736219790313468
450,97_Normal_0.mat,Normal,0,0.9517215561579632,0.003117630508074844,0.7725374906598412,0.905773920455735,0.6587511415175428,2.939496084416482,5.616681847039296,0.9066496008365672,0.9521814957436251,-0.014199668612956476,2.1463797637137016,1.2319422263168678,3.804988262643395,3.0886093368316088,-0.01644822344199504,2.6111247164513753
451,97_Normal_0.mat,Normal,0,1.0278057769543896,0.02411886260353017,0.8380650907414449,1.0563847151408163,0.7170831808056805,2.978540690542654,5.918036774959136,1.0568350610968809,1.028024834863867,0.01959571877638379,2.927780040754313,1.2264032809717116,3.5540684410371446,2.8979606432703804,0.01803642162405868,2.621344017194595
452,97_Normal_0.mat,Normal,0,0.9762981346153251,0.016702706174252856,0.7870498195174646,0.9531580476533634,0.6689534565061878,2.978540690542654,5.7400938651398015,0.9538105228485392,0.9766322352085964,0.16304186240513177,2.5097769646010786,1.2404527774526994,3.7844372956784293,3.050851563608886,0.17502736853792106,2.758740877189579
453,97_Normal_0.mat,Normal,0,0.8948556519669225,0.02247643340188372,0.7095507279281899,0.800766637857146,0.6004547890545507,3.367133077369397,6.549447100124514,0.8010437170536119,0.8950104563934501,0.12098149708804452,2.103320814613772,1.2611581057474799,4.745443764389208,3.762766732226101,0.16874644286902227,3.2778802447549
454,97_Normal_0.mat,Normal,0,0.9330585957247877,0.016394400351418214,0.7468681114734843,0.8705983430559128,0.6323746942737678,3.367133077369397,6.549447100124514,0.8711803287328084,0.9333704134655267,0.0671928362194446,2.2904977409781933,1.2492949978580847,4.5083369146955885,3.6087048474702104,0.08263440082093919,3.0179618587249406
455,97_Normal_0.mat,Normal,0,1.0098695539664004,0.005502796464732042,0.8209769484363141,1.0198365160282967,0.7011032095237051,3.0112472577307297,5.757314146735222,1.0208031132996964,1.0103480159329736,0.033109174270188606,2.7307118946448683,1.2300827153413179,3.6678828357635114,2.9818180436281727,0.03210224248559407,2.620546740376908
456,97_Normal_0.mat,Normal,0,1.0206855804141046,0.0006736061670582702,0.8341101925583351,1.0417990540652777,0.7168353106650656,3.0112472577307297,5.800364850723771,1.0428169762734016,1.0211841049846995,0.07803064905114937,2.8233055731321914,1.2236819421691665,3.61013123277057,2.9502202397197377,0.07327453659431496,2.5962212503370843
457,97_Normal_0.mat,Normal,0,0.9087132943203621,-0.016602731032512884,0.7339836139857343,0.825759851274565,0.6249919257143813,2.7891175929930405,5.292366543658897,0.8262911255240967,0.9090055695781498,0.03457439565397812,1.841489287279523,1.2380566500450318,3.799972560482052,3.0693042683787155,0.04603148280264751,2.6971370812994984
458,97_Normal_0.mat,Normal,0,0.9561921810058971,-0.0031858221787901056,0.7700145214157459,0.9143034870168143,0.6557511343675628,2.945236178281622,5.432998843354823,0.9151870749317224,0.9566541041210884,-0.12816377974766718,2.389233059142806,1.2417846084858295,3.8249099158061286,3.080171786366425,-0.1463863188944259,2.85258608457196
459,97_Normal_0.mat,Normal,0,1.0380066574809954,-0.006630439053915511,0.8441687867926324,1.0774578209748686,0.7249634501413486,3.516375517863032,6.027098558396792,1.0784670487300965,1.0384926811153252,-0.23274030474697144,3.271124098137687,1.2296198031955299,4.16548867107385,3.3876232801753727,-0.20780752896584057,2.8124399598957903
460,97_Normal_0.mat,Normal,0,1.0127986333436716,-0.004264892558711415,0.8179278737542559,1.0257610717028087,0.6981089990441333,3.516375517863032,6.027098558396792,1.026745563608733,1.0132845422726693,-0.1051279447103536,2.9963308220806546,1.238249319825388,4.299126647584109,3.47193943800115,-0.10104711567080377,2.842261888338104
461,97_Normal_0.mat,Normal,0,0.9691431574733815,0.005878369012548814,0.7817657611484884,0.9392384596774755,0.6697275703313857,2.8189541132485463,5.5305804390621995,0.9401219923383708,0.9695988821870468,0.11563879043446451,2.4855056989842046,1.2396848335342523,3.6058807552579792,2.90870764706716,0.12686073461250333,2.8122008728347367
462,97_Normal_0.mat,Normal,0,1.004102478794453,0.004502203930623211,0.8208327803475219,1.008221787921165,0.7097159279211948,2.795993737787987,5.507620063601641,1.0091870523117055,1.004583024100898,0.04076197650903318,2.637463065606097,1.2232728794872394,3.4062890819258222,2.7845700980064625,0.04020663519049061,2.589661776718459
463,97_Normal_0.mat,Normal,0,1.005476274030192,-0.011524093296363797,0.8232085454122892,1.0109825376376376,0.7055022060564092,2.8907052865627936,5.2320955580749295,1.0118378558174062,1.005901513975104,-0.16932140472394547,2.535736784271937,1.2214113660899812,3.511510300359582,2.874961211141535,-0.16635868447216398,2.4767508659069453
464,97_Normal_0.mat,Normal,0,0.977217856673132,-0.030398015214260006,0.7811823742447782,0.95495473940083,0.6598741125129906,3.263811387796881,5.9983980890710935,0.9549632814013571,0.9772222272346025,-0.19858864382708502,2.6824998527957096,1.2509471397336935,4.178040231575949,3.3399015025216103,-0.21280136052530924,2.9414831199283147
465,97_Normal_0.mat,Normal,0,1.0032380750549512,0.009527588842828116,0.7972866238235768,1.006486635239964,0.6713474358360382,3.263811387796881,6.009878276801373,1.0073796294602009,1.0036830323663946,0.07794188148534098,2.977167138049901,1.258315447765105,4.093648745968428,3.25327703258756,0.07708699890551994,2.933708015241933
466,97_Normal_0.mat,Normal,0,1.0217659166122584,0.020780751376293108,0.8255280795627012,1.0440055883504884,0.700720498449559,2.746066889004492,5.478919594275942,1.0445938599140474,1.0220537460985344,0.1443359906701715,2.8610676152291443,1.2377118863749257,3.326436685782769,2.68756947589972,0.13519275997076768,2.6220029988442497
467,97_Normal_0.mat,Normal,0,0.9753745746685714,-0.01376351468222645,0.7869343215982181,0.9513555609098966,0.6690862970908004,2.80633787458846,5.539190579859909,0.9520959077333845,0.9757540200959381,-0.027403973241900192,2.4418529051355837,1.2394612204566229,3.566165304475962,2.877189899623092,-0.029497994278591844,2.6937550515626234
468,97_Normal_0.mat,Normal,0,0.9708161825789764,-0.021151643309427873,0.7825462772178717,0.9424840603572163,0.6641013034205531,2.80633787458846,5.447349078017673,0.9429575253008287,0.9710600008757588,-0.10077072780901948,2.346487744252482,1.2405862897069884,3.5861621942181325,2.8906995216442763,-0.11005155897501198,2.63896742081341
469,97_Normal_0.mat,Normal,0,0.9959532852269923,-0.009976958621775337,0.8076171461747447,0.9919229463544387,0.6875040107700421,2.9710666006747504,5.2320955580749295,0.9927929309977758,0.9963899492657359,-0.2182770573424314,2.557502529776918,1.2331997778193085,3.67880574941164,2.983138511355598,-0.22065820247914972,2.594769112756159
470,97_Normal_0.mat,Normal,0,1.031675875077281,-0.02333781187134636,0.8373405134027443,1.0643551112164733,0.7145074111138521,2.9710666006747504,5.52484034519706,1.0648503506741112,1.0319158641449948,-0.18822004335231085,2.93761519686249,1.2320864195183556,3.5482179031294256,2.8798449905105254,-0.17129039140014177,2.5907037259656898
471,97_Normal_0.mat,Normal,0,1.0024258064979907,-0.04338329591601427,0.8123854925489151,1.004857497533147,0.6937165880178771,2.6295310156989324,5.183304760221241,1.003955812767016,1.0019759541860354,-0.07870597884542278,2.635907095849812,1.2339287391156841,3.2368020352571314,2.6231677183996953,-0.07824125836130313,2.615175880109077
472,97_Normal_0.mat,Normal,0,1.0278845943714285,-0.00520942948866851,0.8382978379355341,1.0565467393461163,0.7176680894468992,2.761553174597148,5.369857810838285,1.0575523671740874,1.0283736515362922,0.04957535005635488,2.8190740546704527,1.2261567999525815,3.2942386937257253,2.6866373810021003,0.045584056160498154,2.5205929730850505
473,97_Normal_0.mat,Normal,0,1.0728582241153801,-0.0008595146064922475,0.8838632197010242,1.151024769052007,0.7596915432168103,2.761553174597148,5.369857810838285,1.152149175966303,1.0733821202005849,0.026627747981222374,3.129267998107135,1.2138283392729834,3.1244123672531,2.5740150119756957,0.02153135530259503,2.3573568602918678
474,97_Normal_0.mat,Normal,0,1.0095857890252817,-0.020663959553307593,0.8373078725915204,1.0192634654018007,0.7280493410944339,2.744332893001729,5.4014283270965535,1.0198323962518447,1.0098675142076037,-0.015650054662895443,2.4758167026802074,1.2057521755998122,3.2775672877702307,2.718276072059774,-0.015195767957283668,2.3804599603851564
475,118_0.mat,Ball,1,0.9871805417055528,0.023259080628388343,0.7893876646072845,0.9745254219220687,0.6668260313684219,3.5654395951879896,6.739350634266704,0.9749365235391597,0.9873887398280171,0.08253143307684027,2.7874879091378,1.2505649454193315,4.516715620274175,3.61174014737402,0.08573435316471276,2.932650517446696
476,118_0.mat,Ball,1,0.9984988466579506,0.021219339443609493,0.7990731220499668,0.9969999467772576,0.6824495678086553,3.5654395951879896,6.739350634266704,0.9975238307768274,0.9987611480112887,0.10124195159122974,3.062558044168974,1.2495713084368567,4.461969119968194,3.570799913408221,0.1016191571877571,3.0777813881024962
477,118_0.mat,Ball,1,0.9408987777334851,0.022081910870038687,0.7629142780390639,0.8852905099403662,0.6562738821803097,3.103624051758012,5.833819947618318,0.8856678091225401,0.9410992557230826,0.06517430840153607,2.228818340991047,1.2332955416048388,4.068116354738124,3.2985737947614093,0.07819340791856477,2.8414037749219876
478,118_0.mat,Ball,1,1.0334172797119736,0.021604865399453842,0.8351473457056715,1.0679512740072956,0.7148535976751846,3.657984128493581,6.468745733081998,1.0685279881618062,1.0336962746192937,0.00886291677629112,3.288945475570415,1.2374071294419708,4.3800464041448,3.539697081037359,0.008024127446697674,2.8806126886074015
479,118_0.mat,Ball,1,1.0749983232451392,0.017407551654667747,0.8576601490016349,1.1556213949798606,0.7313472018220191,3.657984128493581,7.2383882442436915,1.1564477155975137,1.0753825903358831,0.03769160886856202,4.169329719104065,1.2534082695753614,4.265074147081938,3.402781241042013,0.030307887873580405,3.1175558052826213
480,118_0.mat,Ball,1,0.9669738447253726,0.015705288680494478,0.7624702617288373,0.935038416382969,0.6437905314036989,3.5804041157501105,6.790894424968553,0.9357055352271765,0.9673187350750405,0.04243783918851687,2.861135951565919,1.2682118808562743,4.6957950958338355,3.7026897214197847,0.04688613836983809,3.2678348298777107
481,118_0.mat,Ball,1,0.923950158554878,0.02113925986821156,0.738863542100191,0.8536838954935844,0.6243961230648825,2.827426228320612,5.619444636290175,0.854071080975824,0.924159662058361,0.07220892646135944,2.038653262357327,1.2505017583183697,3.8267231595700824,3.0601501630129513,0.09148499382772651,2.7948295914103665
482,118_0.mat,Ball,1,0.8805046155726606,0.020018145812640456,0.7065205455908988,0.7752883780447587,0.5977786834248663,2.573221624177404,5.000919147867992,0.775645117818352,0.8807071691648434,0.05007163340893892,1.6574194167070797,1.2462547919749507,3.6421044515013317,2.9224396768220413,0.07329885052747305,2.7549028976554655
483,118_0.mat,Ball,1,0.9312516342214042,0.01778392565903804,0.7526587420177893,0.8672296062400361,0.6411560427218008,3.019543993663865,5.44958441693181,0.8677607608462038,0.931536773748736,0.012318126320707046,2.024517259262888,1.2372826916533133,4.01183673966878,3.2424576588101095,0.015238584987579226,2.688570738844598
484,118_0.mat,Ball,1,0.9883300090111319,0.01992662629789995,0.8161889667593785,0.976796206711944,0.7063123326834408,3.019543993663865,5.44958441693181,0.977353583134858,0.9886119476998333,0.051149783185982546,2.3389929042785638,1.2109083181239468,3.6995648270633392,3.0551981282871274,0.05293784194079179,2.4486430764242546
485,118_0.mat,Ball,1,0.9826411466449673,0.020468879422737403,0.8110195925738708,0.9655836230797361,0.7019867996723904,3.208147409641085,6.111453547535094,0.9661081130090239,0.98290798806858,0.052103874622843396,2.341271663164463,1.2116120937660984,3.9556965565476383,3.2648209578760277,0.054869553529316044,2.5084205525813075
486,118_0.mat,Ball,1,1.0153500741437422,0.0159295114916087,0.8129655673319665,1.030935773063703,0.6872552434182435,3.452980415474865,6.356286553368873,1.031689533036948,1.0157211886324653,-0.0313758535463606,3.031465829613942,1.248945976241925,4.247388271071298,3.4007782176835972,-0.029941393744714467,2.848096029635736
487,118_0.mat,Ball,1,1.0120989746467222,0.01770155809577159,0.7914675218516247,1.0243443344809462,0.6606962923785611,3.8442446448934433,6.852981263768506,1.0250319971316273,1.0124386386994657,-0.047821739632265374,3.462593074625383,1.278762484501771,4.857109784991609,3.7982892396778647,-0.046080717955572795,3.2955401814920493
488,118_0.mat,Ball,1,1.0355556838279003,0.021641473205350037,0.8164809081482113,1.0723755743082704,0.687661198718743,3.8442446448934433,7.047441928689116,1.0729550285908809,1.0358354254373041,0.06903178697127423,3.6486889311800943,1.2683158583282554,4.708309289934935,3.7122529526172814,0.062112189186075396,3.1693762573174067
489,118_0.mat,Ball,1,0.9966199534139794,0.015153883604182967,0.7950279594984369,0.9932513315428824,0.6707814396247067,3.203197283795673,6.152454290138836,0.993992387045067,0.9969916684933064,0.011645015774464779,2.8263646100800197,1.2535659174068146,4.029037275383951,3.2140609595661025,0.011750747491210608,2.8606325116709024
490,118_0.mat,Ball,1,0.8719155604873496,0.01459561456426593,0.6966000531286263,0.7602367446199692,0.5886196448309398,2.949257006343163,5.335953787430007,0.7607666488359645,0.8722193811398394,-0.060619657115018565,1.656995590972724,1.2516731179822347,4.233788086999116,3.382503008308877,-0.0913558320617199,2.8629807115400356
491,118_0.mat,Ball,1,1.0052700284103477,0.01997810602494149,0.804078834711003,1.0105678300201415,0.6819732561079859,3.4257727436445653,6.61869130603283,1.011156162489729,1.0055626099302464,0.015229302564694572,3.0040136217572204,1.250213268914615,4.260493617981593,3.4078134698379454,0.014977959967676978,2.9380922771853806
492,118_0.mat,Ball,1,1.07870788729515,0.018859279957238892,0.8693799268668845,1.163610706112766,0.7382430552710091,3.4257727436445653,6.61869130603283,1.1643921353669549,1.0790700326517064,0.04798105573835132,3.679663047545682,1.2407784605533874,3.940478308472797,3.175811342430695,0.038187471588782794,2.713998008319419
493,118_0.mat,Ball,1,1.0227494052059136,0.017790789622643577,0.8188359868635758,1.0460163458490501,0.6918684340641107,3.187061313444873,5.9533078260635115,1.046722023129365,1.0230943373557324,0.0020825714689784725,3.041620567084359,1.2490284032607646,3.892185205059837,3.1161702927611037,0.0019447011522060096,2.7761460648112863
494,118_0.mat,Ball,1,1.026140506459237,0.018972535356730266,0.819807014778162,1.0529643389964194,0.6936829206792913,3.187061313444873,6.141911242040731,1.0536333206882915,1.0264664245304331,-0.026676819708792925,3.194407296827708,1.2516854429888684,3.8875750707053873,3.105872240088177,-0.024666061436132283,2.8774732577676345
495,118_0.mat,Ball,1,1.040714382238181,0.020909317087426056,0.8207763472398095,1.0830864253973989,0.6892050079423904,3.788015055036881,7.489078499020864,1.0837075339950033,1.0410127443960537,0.04196111616198844,3.6935903646828887,1.2679634174848406,4.615161082274105,3.63982195276927,0.03719451438925416,3.145028196139135
496,118_0.mat,Ball,1,1.039426017791145,0.017300016224847656,0.8170326476279188,1.0804064464611576,0.6843711665829271,3.788015055036881,7.489078499020864,1.081162979121576,1.0397898725807901,0.05647639161626218,3.7696025674220257,1.2721964303478275,4.636308066795059,3.644333497715442,0.05023775129463376,3.2248775725957763
497,118_0.mat,Ball,1,1.0236277794698903,0.015239683149252198,0.8135029100776707,1.0478138309024585,0.6865041322162233,3.497495507444644,6.653834799693183,1.0486056118778182,1.024014458822637,0.0116034198053922,3.382149928847958,1.2582963954866482,4.299303006926447,3.416764938962957,0.010806069057737833,3.075873712539319
498,118_0.mat,Ball,1,0.9363307911517905,0.017372087842705802,0.7488239276864272,0.876715350458938,0.6369654079740892,3.497495507444644,6.459374134772571,0.8772702702712348,0.9366270710753746,-0.015147226987346777,2.4213307249353946,1.2504018054597104,4.670651374944528,3.7353204022465203,-0.01843457016794455,3.1462069729933404
499,118_0.mat,Ball,1,1.008597008424211,0.01720620872223864,0.7943229659074647,1.0172679254022683,0.6702479209796435,3.5197530534295325,6.543718519557414,1.0179659791852231,1.0089430009595304,0.008143488785295212,3.3861330130975595,1.2697568265204089,4.431135954131708,3.489751629270797,0.007928857391467172,3.2676646961789997
500,118_0.mat,Ball,1,1.1225511989069852,0.015788800237695175,0.9047944356218558,1.26012119416751,0.7708804101413106,3.5197530534295325,6.543718519557414,1.261103454296651,1.1229886260762623,-0.002624340378157966,4.391485722029641,1.2406698745160019,3.890113505181487,3.1354944494768153,-0.001853079662208835,2.761277439119398
501,118_0.mat,Ball,1,0.9865257544469364,0.016016455030612158,0.8029421095356215,0.9732330641870969,0.6876324080351475,2.6854164771998312,5.331267988275295,0.9739276385648852,0.9868777221950474,0.011872424237452175,2.46723557560196,1.2286387059912216,3.3444708470322815,2.722094648915274,0.01235234380440946,2.6011011276597498
502,118_0.mat,Ball,1,0.9455203328940195,0.018077932100141886,0.7567953888881234,0.8940086999160174,0.6429879974145875,3.0453158890147902,5.737761064946691,0.894555477620614,0.9458094298645019,0.01844559735215403,2.269119614908805,1.249373802715579,4.02396200310485,3.2207830789746854,0.02180127058512292,2.835586050868978
503,118_0.mat,Ball,1,1.0066985295708941,0.015243115131054962,0.8019234386710656,1.0134419294402002,0.6765547233968661,3.0453158890147902,5.9111356336710905,1.0142000065752228,1.0070749756474058,0.014540724749838536,2.8792173087220974,1.2553549142271276,3.7975145034514024,3.0250524854842418,0.014236415016236983,2.799156796384066
504,118_0.mat,Ball,1,0.9723629542232054,0.020089073436564343,0.7773444708620367,0.9454897147456793,0.6567214871028019,2.8658197446563003,5.6042157890373545,0.9460099817469393,0.9726304445918498,0.0468197604946877,2.4843458479493656,1.2508778162963607,3.6866792677827385,2.947273682328611,0.05088451148795002,2.7760073811081085
505,118_0.mat,Ball,1,0.915352845003306,0.02087042129366134,0.7239980801231964,0.8378708308556464,0.6115813720847114,3.3826934281541625,6.076310053874741,0.8382538636594014,0.9155620479571013,-0.050263495183074824,2.255469984697142,1.2643028623035633,4.672240881597209,3.695507635788524,-0.06549216377172438,3.209858769287416
506,118_0.mat,Ball,1,0.9621258443553967,0.014021329609269306,0.760469674469357,0.925686140376585,0.6432596732113863,3.4377515682220463,6.704207140606353,0.9263942245524879,0.9624937529940066,-0.03604101313135645,2.8675219679602137,1.2651731905358183,4.520563651162463,3.5730789151825473,-0.040420644355740665,3.341296963203204
507,118_0.mat,Ball,1,0.959782850032016,0.016079374696996263,0.765842791042961,0.9211831192155793,0.6483027261912612,3.4377515682220463,6.704207140606353,0.9218247924488085,0.960117072261924,0.03384952637444161,2.5482310722803345,1.2532374284331709,4.4888475917307575,3.581801412792268,0.03824547154996076,2.998762273492731
508,118_0.mat,Ball,1,0.9170357880630344,0.016541548246435774,0.7420562062351026,0.8409546365883905,0.6318970021593864,2.725245770014896,5.393354827075249,0.8415027938421128,0.9173346138907617,-0.004563740903955559,1.8826859522726824,1.2358036768056597,3.6725597698832466,2.9717987078434485,-0.005912043720309133,2.6586842187405892
509,118_0.mat,Ball,1,0.8831767112012607,0.016042766891100062,0.7196634460303737,0.7800011032082751,0.6165476192580168,2.725245770014896,5.393354827075249,0.7805059456763275,0.8834624755338097,0.04648443068410485,1.6177771336459008,1.227207962376845,3.7868336721052374,3.0857310156028035,0.06741292832542709,2.655622020220812
510,118_0.mat,Ball,1,0.9222784502427407,0.016285293605162385,0.7361631590763527,0.8505975397821516,0.6227636609733124,3.2421194535127573,6.16416878802562,0.8511635433921892,0.9225852499320533,0.07224826190348628,2.1030645747158285,1.25281799132498,4.4040772939196895,3.5153368840570076,0.0920042486039874,2.9028632694470007
511,118_0.mat,Ball,1,1.0502954938945421,0.015817400086051592,0.8372732912307885,1.1031206244951801,0.7088844575063069,3.2421194535127573,6.16416878802562,1.1039485090655823,1.05068953980973,0.050258537568828844,3.5608616067499703,1.254423740603689,3.872235609884297,3.0868640990620153,0.043329793705406565,2.9218469314169617
512,118_0.mat,Ball,1,0.9906022892721603,0.017742741877404825,0.7978025847802137,0.9812928955112448,0.6839440746010446,3.044144439226111,5.955650725640869,0.9819370134866495,0.9909273502566419,0.08868796769511167,2.832804670796197,1.2416634242214435,3.815661289266098,3.0730238282204123,0.09114634476706902,2.937983607061428
513,118_0.mat,Ball,1,0.9785240580819988,0.01757457476906915,0.786104067612573,0.957509332245263,0.6732665743568259,4.114849546078149,7.71751120781315,0.9581361463974156,0.9788442911911044,0.0328733274091534,2.8817843592149868,1.2447767393604356,5.234484485711751,4.205159303021578,0.035051194953339804,3.1391135878520835
514,118_0.mat,Ball,1,1.0670108388190958,0.016401980986456514,0.8575740561290954,1.1385121301574301,0.728446054541025,4.114849546078149,7.71751120781315,1.1393557572838724,1.0674060882737517,0.03569181857576799,3.7694332708778377,1.2442200544569977,4.7982439728259685,3.8564271292954846,0.029348077006612287,2.9037375257482725
515,118_0.mat,Ball,1,0.9598930862752453,0.018734584618404958,0.771442348023675,0.9213947370790154,0.6550975694147161,2.8388763995166983,5.509328356154407,0.9219440884420604,0.960179196005652,0.0470190523580077,2.3834997637286213,1.244283631476947,3.6799592435984545,2.95749228753139,0.05311497678637378,2.8041803733616923
516,118_0.mat,Ball,1,0.9043569758112449,0.017494495193671206,0.7326292914215622,0.8178615396984604,0.6267421717483622,2.6681090570603527,5.225837507294241,0.8183546568059161,0.9046295688324123,-0.0011872627200604537,1.8347188709088667,1.2343991516572252,3.6418268943077985,2.9502830501904413,-0.0016037419671102733,2.7395952952564944
517,118_0.mat,Ball,1,0.954799356842264,0.014812973411774615,0.7659303623128311,0.9116418118264011,0.6509111377132154,3.325028061818225,6.285999566048172,0.9123133186203184,0.9551509402289873,0.07852535384746083,2.4193122109473406,1.2465876844963695,4.341162363342678,3.4824364281217757,0.09011433444247582,2.9067246079884166
518,118_0.mat,Ball,1,0.9665207256305864,0.013800538779957856,0.7627478063836666,0.9341623130734753,0.6406270672942257,3.325028061818225,6.285999566048172,0.9348848316712872,0.9668944263316896,0.1096319045701003,2.699036689088729,1.2671563491106965,4.35927581041296,3.4402035814032224,0.12128296027381522,3.0881085737938228
519,118_0.mat,Ball,1,0.9594809028173873,0.012664552803241427,0.7685974169688513,0.9206036028712686,0.6481954432248482,2.684245027411152,5.299638843980977,0.921342960958874,0.9598661161635377,0.06527474384446852,2.3218023309802596,1.248353015028443,3.4923940259825814,2.7976013066298955,0.0738096579850124,2.735159130484218
520,118_0.mat,Ball,1,1.0322950681585652,0.013133590316286484,0.8406725782765951,1.065633107744497,0.7199040295765708,3.1612894180939493,6.175883285912404,1.0665021225289328,1.032715896328188,0.019301875245695294,3.004446011515063,1.2279395032410527,3.760428851588011,3.0623893454514675,0.017524955269123794,2.641441252579102
521,118_0.mat,Ball,1,1.0288587498048702,0.01584485594047374,0.8247451555252148,1.0585503270500407,0.7014324587589036,3.1612894180939493,6.284828116259493,1.0593337732281847,1.0292394149216133,0.05151379907554931,3.3515982193343747,1.2474868665926557,3.8330499996413336,3.0726175178958584,0.04724701242957426,2.9866636344271904
522,118_0.mat,Ball,1,1.0328159254010365,0.014001881712386957,0.8190977737348595,1.0667087357619995,0.6858119552546126,3.1235386981655435,6.2075124302067195,1.0675552174625653,1.0332256372460786,0.0841786472575739,3.3744106433410446,1.2609189751431267,3.813389314830215,3.024293701658083,0.07631614443496329,2.9608556674143816
523,118_0.mat,Ball,1,0.9916309976707557,0.013458484593615247,0.7874592956293976,0.9833320355414983,0.6586763137861288,2.932856709301665,5.8303055982522825,0.9841119515616386,0.9920241688394686,0.028313275614192328,2.756909180849833,1.2592790550232937,3.724454997961231,2.9576089454521908,0.029001693428288868,2.846645897593666
524,118_0.mat,Ball,1,0.9484563110510982,0.015645800995913145,0.7662940057201892,0.8995693739726576,0.6528047637021274,3.384772001040822,6.16416878802562,0.9002036880479631,0.9487906450044515,0.016421555754267715,2.235104239197104,1.2377185570680131,4.417067047073245,3.5687168313384743,0.019226627724250284,2.7581393638447826
525,118_0.mat,Ball,1,0.9595023430525088,0.014170048820722616,0.7749262143487542,0.9206447463232542,0.65946047787365,3.384772001040822,6.17119748675769,0.9213437057523213,0.9598665041308199,-0.014664510879381878,2.306728379900635,1.2381854237020924,4.367863595737314,3.5276328667100114,-0.016581929798813913,2.7173971294236603
526,118_0.mat,Ball,1,1.0186330181644037,0.013055798728757059,0.8142279441004553,1.0376132256947224,0.6870375292545096,3.628433557085924,6.452345436040501,1.0384568898707909,1.0190470498808144,-0.01598680479990048,3.0595349526458087,1.251041585521264,4.456287190057199,3.5620615986126865,-0.015107025562406123,2.837125027132985
527,118_0.mat,Ball,1,1.165644431614531,0.014692854048677722,0.949690442375805,1.3587269409539626,0.8144124447187888,3.628433557085924,6.56831896511966,1.359839028795425,1.166121361092157,0.06518112436960125,4.7174311930963375,1.2273940850633966,3.82064870317636,3.112813357720997,0.041104615979714265,2.5511181405816137
528,118_0.mat,Ball,1,1.1088934137050375,0.014033913542546132,0.8967709784300504,1.2296446029584112,0.7659280058152259,3.1776897151354464,6.1348825433086605,1.2306494583407528,1.109346410433077,0.10663828645398282,4.036951908401357,1.2365402542855555,3.5434796526254537,2.86564035448211,0.07811089437933451,2.6655378021733407
529,118_0.mat,Ball,1,0.9566792655681032,0.008988900292476164,0.753668923857674,0.9152352171679254,0.6335887182594571,3.1776897151354464,6.041166560214391,0.9160489959370525,0.9571044853813258,0.08365185432755418,2.6188763659318175,1.2693627603351962,4.216293938280144,3.321583136062976,0.09541079574180272,3.120883738590945
530,118_0.mat,Ball,1,0.9800968137429114,0.009926975318566265,0.7625675716051219,0.960589764309007,0.6386088131733058,3.998611690308292,7.210273449315412,0.9614301160677541,0.98052542856764,0.086107947309403,3.189707306525894,1.285258972760445,5.243616223918893,4.079812967694318,0.0913411875050474,3.45076503841704
531,118_0.mat,Ball,1,1.0240068224738903,0.015841423958670962,0.814293368810316,1.0485899724730736,0.6885602762298172,3.998611690308292,7.210273449315412,1.0493637910872688,1.0243845913948866,0.08960669050287602,3.346382661261304,1.257540416875442,4.910529599602856,3.904868212346644,0.0833587753719711,3.038949283536248
532,118_0.mat,Ball,1,1.0016181137338531,0.014800389478497801,0.8108768866595591,1.0032388457597619,0.6895318047481261,2.971250225637355,5.655759579739205,1.0040002632381149,1.0019981353466256,0.08206389118505505,2.596195349655574,1.2352283437980642,3.6642433327627315,2.966450171870494,0.08157392623523997,2.575548392343142
533,118_0.mat,Ball,1,0.989820077210383,0.010355973043912357,0.792279863132756,0.9797437852487685,0.6726618857163186,3.033601391128006,6.004851616765361,0.9805941505462251,0.9902495395334577,0.05045581353720863,2.7894260561206687,1.2493313578553964,3.8289517786417107,3.0648008269084235,0.0519609718917006,2.9009233705104376
534,118_0.mat,Ball,1,1.0050792826325612,0.013094694522521762,0.800169437838317,1.010184364377184,0.6775512010681278,3.033601391128006,5.9615079745842605,1.0110001982336334,1.0054850561960795,-0.025497708558089305,3.0607982131912115,1.2560830682893345,3.791198773249307,3.018270740970011,-0.025082700451771706,2.9945544733709797
535,118_0.mat,Ball,1,0.9992824186889676,0.00856219055499858,0.8072245598986738,0.9985653523008732,0.6885173502472903,2.9668287531733384,5.714332069173123,0.9994680842447934,0.9997340067461912,-0.05019885201007171,2.732552556937209,1.2379237059055337,3.675345003801757,2.9689592228218835,-0.05023893099746174,2.735461853485369
536,118_0.mat,Ball,1,0.9823451788605174,0.0006800723479731725,0.7910086277402635,0.9650020504305019,0.6739647935123281,3.532374674414297,6.372686850410371,0.9659448934921545,0.9828249556722471,0.04237416858529583,2.674815770575109,1.2418893352220675,4.465658844330237,3.595858920494851,0.04463470448043341,2.866745723285896
537,118_0.mat,Ball,1,0.9829977784694027,0.005289223909091516,0.7671986057147262,0.9662846324757809,0.6411969920433437,3.654205452436848,7.034555981013654,0.9672011889973506,0.9834638727464017,0.09847287965675122,3.2873338914917296,1.2812820189530398,4.763050173986967,3.7174096752517465,0.10352408618296743,3.5140681015654507
538,118_0.mat,Ball,1,1.0363607288739525,0.00935383435750389,0.8091715613029156,1.07404356035215,0.674541845785371,3.654205452436848,7.034555981013654,1.075005876561292,1.0368249015920152,-0.015556505672225125,3.8519471215702987,1.2807676127469676,4.515983540682506,3.5259976093495577,-0.013957119411120615,3.3331790226362856
539,118_0.mat,Ball,1,1.0732187438801661,0.003513745323125848,0.8699848415265721,1.1517984722157217,0.742744374485725,3.2395122272447034,6.371515400621693,1.1529120164505908,1.0737374057238533,-0.039837680094005734,3.576743534718211,1.2336062568581583,3.7236421516914846,3.0185013499945015,-0.032181018959541265,2.690887054415651
540,118_0.mat,Ball,1,1.0105314775664989,0.0017428427128972175,0.8179100147036312,1.0211738671527315,0.6986608218241899,3.1320031733769897,5.777590357761755,1.0221690416067037,1.0110237591702302,0.009574451449831455,2.8139114760461097,1.2355044679718568,3.8292759803265626,3.0993623087488493,0.00926466704574064,2.6931775398777975
541,118_0.mat,Ball,1,0.9490400000835533,0.0056015342531434715,0.7413869697835628,0.9006769217585908,0.6214905800293009,4.179014957764761,7.32624697839457,0.9015259409993588,0.9494871989655042,0.07857467728232913,2.9082028074959174,1.2800872402159047,5.636752638071219,4.403412877636811,0.09179420484756036,3.5782298442788867
542,118_0.mat,Ball,1,0.9676583121529788,0.008969452395593797,0.7655397089222454,0.9363626090787517,0.6466380431520474,4.179014957764761,7.32624697839457,0.9371973898284791,0.9680895567190461,0.11237641631070099,3.0471314717737354,1.2640210571363035,5.458913377129282,4.318688637585717,0.1238592861685683,3.4691977173841377
543,118_0.mat,Ball,1,1.0232223671309573,0.007871218218707827,0.8261222308945889,1.0469840125970793,0.7030168324783908,3.103888378448709,5.9978229180332905,1.0479454407403057,1.023692063435243,0.07272005688899383,3.0404740210199726,1.2385847140582267,3.7571781297833153,3.033444613949124,0.0677869667672291,2.7686238255434232
544,118_0.mat,Ball,1,0.9729128013177488,0.004089174272056746,0.759004769698579,0.9465593189679494,0.6322296449835725,3.482002333501128,6.908039403836391,0.9474678592029752,0.9733796069381027,0.04235304093162752,3.0249041232729637,1.2818269926061685,4.5875895284285715,3.57894595361619,0.045923805442292805,3.369633297897801
545,118_0.mat,Ball,1,0.9139184803973354,0.006780991999361646,0.7119975074809863,0.8352469888117746,0.5946912032964115,3.482002333501128,6.908039403836391,0.8360174302309891,0.9143398876954834,0.010145101734471976,2.4858307052768396,1.2835978648709774,4.890469835793946,3.809970372831811,0.013271909395165126,3.5566479870563885
546,118_0.mat,Ball,1,1.0248094197346196,0.0070772864283340006,0.8268491481099729,1.0502343467768078,0.7059593837377076,2.8567124730375717,5.708474820229732,1.051210831871619,1.0252857318189983,-0.007194783573141458,2.987547369783888,1.2394152211148897,3.454937916503927,2.7875548546134037,-0.006675487599472967,2.7035546039755407
547,118_0.mat,Ball,1,1.0891162360606355,0.0020551530569491616,0.8947546333870244,1.186174175650886,0.7738399994436864,3.026572692395936,5.878335039588096,1.1873294534161503,1.0896464809359732,0.01122147680550134,3.5299930258693086,1.2172233542246693,3.3825728076262616,2.7789253269608363,0.008673475464000909,2.5039829356835055
548,118_0.mat,Ball,1,0.9801486646123507,0.003804319782426936,0.7895843552921145,0.9606914047413744,0.6732983666123035,3.026572692395936,5.791647755225895,0.9616160100271597,0.9806202170193921,0.06085858633303055,2.563622459551399,1.2413476255472333,3.8331214038206123,3.087871056366596,0.06453856905814694,2.7723668490593827
549,118_0.mat,Ball,1,0.9564701189061281,0.007378156833043391,0.7558312190571536,0.9148350883603029,0.6357809830378806,3.149310593516468,6.001337267399325,0.9156748648973012,0.9569090159974987,0.033908392378644646,2.584061605113113,1.2654546343004884,4.166684987477555,3.292638767549686,0.038698600592901145,3.081912307033891
550,118_0.mat,Ball,1,0.9896942078160514,0.00902894008017513,0.7914355956092749,0.9794946249846417,0.6710426190288,3.171568139501357,6.06342410619928,0.980370496288452,0.9901366048624058,-0.017285665475777267,2.7841088359769204,1.250505048427724,4.007360999546356,3.204594019497013,-0.017807409857554097,2.896714830318545
551,118_0.mat,Ball,1,0.9947983466343443,0.009599793053368996,0.7966870088346423,0.989623750466425,0.6797772182672361,3.5209245032182115,6.692492642719568,0.9904988785007934,0.9952381014113122,-0.008076739797898635,2.9250508767365133,1.2486689698734283,4.419457659243172,3.539334896491188,-0.008193229302639906,2.9814357043571516
552,118_0.mat,Ball,1,0.9403140498950563,0.006624264830368546,0.7361778843337627,0.8841905124300423,0.6175174658914141,3.5209245032182115,6.563633165964948,0.8850109000025331,0.9407501793794849,0.02929938252898256,2.58137524610974,1.277291901732091,4.782708878031357,3.744413372965574,0.035191318483595684,3.29574727675982
553,118_0.mat,Ball,1,0.9530056352190501,0.006740952211662672,0.7533765424776357,0.9082197407592651,0.6345125397104177,2.9560213783845355,5.669816977203345,0.9090620562368391,0.9534474585612146,0.05066151502760345,2.526547690774055,1.2649791724117498,3.9236971311306292,3.101787931927587,0.058450452385573476,3.0573167698362504
554,118_0.mat,Ball,1,1.028414264995375,0.009106731667704553,0.8289113643781678,1.0576359004459774,0.7069870049854238,2.9560213783845355,5.892392437052236,1.0585867440014989,1.0288764473937086,-0.011365635602935548,3.1279322728775343,1.2406806194117381,3.5661489339074457,2.8743488679583367,-0.010435278663167676,2.79128664948682
555,118_0.mat,Ball,1,1.0190498674680053,0.007451372444835795,0.8247691090059612,1.0384626323865593,0.7043677537777566,3.2570839740748787,6.1934550327425795,1.0394221701482833,1.0195205589630272,-0.015427566017605065,2.904451154406445,1.2355577534844413,3.9490857968680158,3.196196847720942,-0.01455825928087108,2.6883148160021157
556,118_0.mat,Ball,1,0.9530837261486473,0.005950452403091622,0.7618506218117393,0.9083685890493899,0.6457560910428892,3.2570839740748787,6.05522395767853,0.9092210923886241,0.9535308554989839,0.027622118916879893,2.3722683116472854,1.2510112860194167,4.275226508741317,3.4174164186321145,0.03186051103710312,2.8696227289445506
557,118_0.mat,Ball,1,1.0268530049842735,0.005095888934202217,0.814827690249476,1.0544270938452325,0.6829233928520064,3.290148894848571,6.1934550327425795,1.0554318208987994,1.0273421148277722,-0.046522428831555655,3.1387484244790667,1.2602087745307495,4.037846202596757,3.20410894146992,-0.04290590871035951,2.8177090054223553
558,118_0.mat,Ball,1,1.0828490082775093,0.0019155857969698942,0.8748405795144221,1.1725619747275855,0.7424841182099319,3.290148894848571,6.54723286892345,1.173704501060457,1.0833764355294317,-0.10269150592762019,3.6752474998052636,1.2377672385491125,3.760855373982536,3.0384189020768284,-0.08076001065019903,2.667896950829863
559,118_0.mat,Ball,1,0.9726868303336416,0.004282509246946037,0.7806909464472065,0.9461196699045065,0.6628437657130234,3.2570839740748787,6.270770718795353,0.9470261602536791,0.9731526911300606,-0.029482091883152275,2.60503107348001,1.245930716577322,4.172052960128652,3.3485433055100757,-0.031990080390684385,2.904617543851918
560,118_0.mat,Ball,1,0.9930505016311086,0.00634513031041003,0.7941024273296977,0.9861492987897965,0.6747973478886055,2.9398854080337364,5.713160619384445,0.987072976564817,0.9935154636767447,0.07135357772299089,2.833124889507901,1.2505320062666936,3.7021488750713067,2.9604591138133918,0.0727598609617149,2.907817828492458
561,118_0.mat,Ball,1,1.0296512090158427,0.006538465285299328,0.8365560070340099,1.0601816122277865,0.720232258308743,2.9398854080337364,5.713160619384445,1.061175164571151,1.0301335663743565,0.09731533684961718,3.0750957628607534,1.2308216071093872,3.5142720670353182,2.8552245481660443,0.08902268201322641,2.7307660205876334
562,118_0.mat,Ball,1,1.003308911093819,0.007890666115590184,0.8207640214380665,1.0066287710802646,0.7061487948977732,2.882220041697798,5.3886690279205345,1.0075504444494245,1.0037681228498065,0.025797506899794074,2.605183241314391,1.2224084936553283,3.5116305861510937,2.8727144848665755,0.025508066403402016,2.566283773345692
563,118_0.mat,Ball,1,1.0683497263844757,0.00379516783095289,0.871108536897482,1.1413711378657843,0.747822127501022,3.278434396961787,6.215712578727469,1.1424724302996339,1.0688650196819212,-0.05154275045306053,3.339413792577293,1.2264255039771008,3.7635199956074494,3.068690257499894,-0.042208410431315506,2.5584608710632137
564,118_0.mat,Ball,1,0.9802251682446275,0.0034027779115030094,0.780727442785304,0.9608413804602083,0.6617499623926754,3.278434396961787,6.215712578727469,0.9617690291302032,0.980698235508866,-0.02366147631936318,2.705801646963118,1.2555280044292343,4.1992047637796945,3.344572760592766,-0.025086244832291885,2.925192027825652
565,118_0.mat,Ball,1,0.9371283868319641,0.0033169783664338025,0.7522190024758402,0.8782096134062793,0.640860481777926,3.036851413803344,6.052881058101175,0.8790570652260558,0.9375804313369898,0.014902367270768976,2.310375837214691,1.2458185498455512,4.0371905041003595,3.240592704769533,0.01808130030199093,2.989843775240526
566,118_0.mat,Ball,1,1.0015687776024291,0.00018929895017726593,0.8110681917781137,1.003140016268024,0.6943556840903714,3.093345330350604,6.130196744153948,1.0041205669250692,1.0020581654400453,-0.026455701802372375,2.8455105664830307,1.2348761642414356,3.8139152314248883,3.08850016047067,-0.026293021274689885,2.822204483160972
567,118_0.mat,Ball,1,0.9462806898999353,0.0001378192231357221,0.7528470551457467,0.8954471440774976,0.634774501973912,3.093345330350604,5.779933257339113,0.8963224399661387,0.9467430696689249,-0.04230791251039277,2.3079695811008225,1.2569361644318102,4.108862894798256,3.268951129790508,-0.04985689105213412,2.872774530669625
568,118_0.mat,Ball,1,0.9557527070959385,0.0024864387701637636,0.7513400455349988,0.9134632371212149,0.6270030628021863,3.0989382526032974,5.873649240433382,0.9143499746405671,0.9562164894209716,-0.021117666752702262,2.4998525628392665,1.272064111016622,4.124548226885131,3.2424059378457857,-0.024153342869156297,2.9901259434163667
569,118_0.mat,Ball,1,0.895365597649518,0.0002190427924679268,0.7078779442478039,0.8016795534542784,0.5983039814096756,3.0989382526032974,6.0118803154974305,0.8024631609051049,0.8958030815447695,-0.020597626128710713,2.0393223328620778,1.2648587301299166,4.377786139236013,3.461087024937142,-0.028653621164508834,3.1669096031582726
570,118_0.mat,Ball,1,0.8981952279954587,0.0023022557467485103,0.7267145435739979,0.806754667593814,0.6233733909629041,2.9129420628941336,5.663959728259954,0.8075379785194384,0.8986311693455988,-0.015088871379218403,1.8051845041070407,1.2359670463960706,4.008371772173724,3.2431056991828267,-0.020792768677068484,2.768188653049718
571,118_0.mat,Ball,1,1.0625886586182007,0.0025779582849042564,0.8637029830939102,1.1290946574240273,0.7438255303590181,4.468627382259018,7.517193293949146,1.1301917144012035,1.063104752318041,-0.05217118651396625,3.697759351158438,1.2302709142101405,5.173801028504693,4.205416033769693,-0.04342127135196617,2.8949055962361707
572,118_0.mat,Ball,1,1.0208722471114855,-0.0019431057432763507,0.8153568372979794,1.042180144922454,0.6928192733923003,4.468627382259018,7.517193293949146,1.0431951144915201,1.0213692351405148,-0.04516202453364628,3.4396794571988956,1.2520557876147995,5.480578781999516,4.377264045426283,-0.04238625880980195,3.160726252784822
573,118_0.mat,Ball,1,0.9557112704929946,6.345961740906775e-05,0.7652854078654443,0.9133840325473339,0.6481026472412009,2.950428456131841,5.675674226146737,0.9142768770329385,0.9561782663462596,-0.015542916790164738,2.3624720955534406,1.2488298622568053,3.8553308684630534,3.0871546116713713,-0.01777935156802731,2.826254163801534
574,118_0.mat,Ball,1,0.9951782217584587,-0.0008997832752346818,0.8029124771611293,0.9903796930623281,0.6843625017803299,3.246540925976773,6.196969382108614,0.9913469957529258,0.9956640978527477,-0.04008192326667562,2.7126758855600155,1.239460402055137,4.04345556747552,3.2622708726854395,-0.040607851297021456,2.7602379149659284
575,118_0.mat,Ball,1,0.9880712707167347,-0.0032609867555395324,0.7926087819268175,0.976284836015783,0.6738817653470028,3.246540925976773,6.487488929700852,0.9772285267142826,0.988548697189108,-0.0805907803775046,2.8067134684643964,1.2466065141411944,4.096019372988015,3.2857355761578684,-0.08342402831651025,2.9390420946668043
576,118_0.mat,Ball,1,0.9592333071729169,-0.0038455676559444596,0.7562492227143518,0.9201285375898915,0.637270795346551,3.911017282848111,7.074385273828719,0.9210131761291087,0.9596943138984979,-0.10492869993721934,2.828491876159405,1.2684089825953675,5.171598416730138,4.077232570635719,-0.11871224743476996,3.3344426256370467
577,118_0.mat,Ball,1,0.9478186755358782,-0.003128283459165803,0.7507594891513265,0.8983602416945864,0.6325152535797147,3.911017282848111,7.21847359783616,0.8992286084751495,0.9482766518665054,-0.034428553482127144,2.6228355602350923,1.2624797811161186,5.20941438550979,4.126334903279651,-0.04037509927957721,3.243626445469597
578,118_0.mat,Ball,1,0.971470583943952,-0.0005405691798782129,0.7660497424772628,0.9437550954684032,0.6408713919537546,3.6802416744784714,6.98769798946652,0.9446773397179332,0.971945132051153,-0.03853484766546242,2.863772211415989,1.26815600877448,4.804181073897954,3.788320238718634,-0.041968978571422004,3.2090129873994315
579,118_0.mat,Ball,1,1.0414150322690825,-0.0025585744799062034,0.8173981683478875,1.0845452694360143,0.6837487983150967,3.824329998485912,7.617937975775487,1.0855988782872226,1.0419207639198014,-0.11690377818659418,3.974132506185069,1.2740608831711728,4.678662305068422,3.6722438989089823,-0.10335332867112383,3.3721242745257407
580,118_0.mat,Ball,1,1.0280323854527047,-0.003768920062349296,0.8262989574194686,1.0568505855395784,0.7060352008608102,3.824329998485912,7.617937975775487,1.0578694564221793,1.0285278102327517,-0.03846764070628861,3.514669639394416,1.24414096885951,4.6282643396098,3.720048174161467,-0.03535472259275074,3.1406558812813232
581,118_0.mat,Ball,1,0.9532749717144582,-0.0028708848239581467,0.7713176116089152,0.9087331716972011,0.6574510984436078,3.1399389952070407,5.899421135784307,0.9096132238814754,0.9537364541011711,0.04261342477331436,2.2747837089882665,1.235904583748265,4.070876831987895,3.2938439467854583,0.049120331713252544,2.7493281478390257
582,118_0.mat,Ball,1,1.0269491468480954,-0.0026157741766190024,0.8235998709332891,1.054624550212031,0.6984346397411121,3.2643769994976464,6.404315994704687,1.055648614787867,1.027447621432775,-0.006713519201841014,3.1928233195608726,1.2469029963337992,3.963547245089472,3.1787133856758816,-0.006189722260108328,2.8650758399228207
583,118_0.mat,Ball,1,1.0805120911722796,-0.000617216773473379,0.8746194542817145,1.1675063791694926,0.7463330019561893,3.2643769994976464,6.371515400621693,1.1686472552981992,1.0810398953314346,-0.01337900985941513,3.6599708476653987,1.2354082519904843,3.7323398004847714,3.0211387972095762,-0.010590069460360818,2.6798515643619245
584,118_0.mat,Ball,1,1.0258899652754532,-0.002460191001560163,0.8219848448255895,1.0524502208528705,0.6969486540243363,2.965392976693962,5.74478976367876,1.0534729504913207,1.026388303952905,-0.009691729889987519,3.069899012805176,1.248064330786878,3.6076005480606614,2.8905565675309615,-0.008963264624712624,2.7661600918511686
585,118_0.mat,Ball,1,1.0187502666008403,-0.003995430861332016,0.8056556220717513,1.037852105699283,0.6796458200730602,4.053934157066872,7.46330660366994,1.0388506448143418,1.019240229197387,-0.018455025583942464,3.4674665973500813,1.2644984267345514,5.031844929769259,3.979320830598886,-0.01742950210209889,3.2129654743845717
586,118_0.mat,Ball,1,1.0661025563746738,-0.002038057239819601,0.8484122487008428,1.1365746607086147,0.7135901787147222,4.053934157066872,7.46330660366994,1.1376815241447242,1.0666215468218914,-0.04467642860796499,3.8466245210917642,1.2565855313922205,4.778259817995091,3.8025742765767694,-0.03681691466318784,2.9719286952946296
587,118_0.mat,Ball,1,0.9846566136039167,-0.003312466482581042,0.7855709664392097,0.9695486467139328,0.6632946192250266,3.22571915647126,6.107939198169058,0.9704854139417871,0.9851321809492304,-0.08261243493567327,2.6776759913026478,1.2534279596226137,4.106209743326572,3.2759838423890857,-0.08640958196877284,2.843020555086236
588,118_0.mat,Ball,1,0.9049824592790914,-0.003496649505996303,0.7209287033216611,0.8189932516028322,0.6082727776805789,2.918534985146828,5.47887066164877,0.8197815930069853,0.9054179106948268,-0.024536896904741923,1.9337682352841639,1.255300912709054,4.048299050510407,3.224963042342839,-0.03305768173822894,2.8774520602109095
589,118_0.mat,Ball,1,0.974488321475443,-0.0022599920630653196,0.7644066327842747,0.9496274886920263,0.6378241031326726,3.188232763233552,6.1067677483803795,0.9505506532502158,0.9749618727161672,0.0574705271213958,2.7984131218525232,1.2748297564147133,4.170859626919461,3.2716993041056406,0.062012934580634366,3.0971432951654254
590,118_0.mat,Ball,1,1.0327395068781795,0.0004066577976859476,0.8164320449324451,1.0665508890669853,0.6850743015597897,3.188232763233552,6.114967896901128,1.0675932952738367,1.0332440637496239,0.009505894614600614,3.406331766512378,1.264942395741421,3.905080383626361,3.0871606460258563,0.008617558469988497,2.988651455091914
591,118_0.mat,Ball,1,1.010066592184817,-0.0013493728913973684,0.7967412928126201,1.0202345206478498,0.6702431179504392,3.062887635844965,5.993137118878576,1.0212299947574053,1.0105592485141113,-0.04093577923755242,3.1781001833532097,1.2677472616209686,3.8442687274669214,3.0323620833917255,-0.03966593708987898,3.0473368205544604
592,118_0.mat,Ball,1,0.9795141501475532,-0.005123408880508669,0.7786356704144795,0.9594479703392833,0.6596158087113808,3.073430683943072,6.003680166976683,0.9603595721654192,0.9799793733367143,-0.04395707476106588,2.7552825786393296,1.2579877693310468,3.9471999559217363,3.137709326074519,-0.046706570447486793,2.9874346045822633
593,118_0.mat,Ball,1,0.9536049603050194,-0.002579166370722817,0.7550508685302556,0.9093624203183377,0.6339427650001416,3.073430683943072,6.104424848803024,0.9102446790385434,0.9540674394604102,-0.009712281323801704,2.4833105929873653,1.2629678344188866,4.070494866023515,3.2229600430735843,-0.011183661927821227,2.9971932325674095
594,118_0.mat,Ball,1,0.9516928679679575,-0.00391420729199983,0.7490224252919944,0.9057193149410762,0.6265044376341659,3.030994164859952,6.015394664863466,0.9065893350698806,0.952149849062573,0.013528255410235935,2.521741926990124,1.2705799397069917,4.046600024924916,3.184844887330623,0.015672052770703476,3.068170059309733
595,118_0.mat,Ball,1,1.0081167969908844,-0.003305602518975513,0.8005315265764825,1.0162994763751603,0.6741778037980474,3.2582554238635573,6.242655923867072,1.0172819888093436,1.0086039801673121,0.026619360640264707,3.037234392485982,1.2593093007853076,4.07011506191842,3.2320217593694025,0.025943919444046882,2.9349154768170873
596,118_0.mat,Ball,1,1.0142449865770915,-0.004091526351809537,0.8136015106116248,1.0286928927967645,0.6910433492143979,3.2582554238635573,6.284828116259494,1.0296817007447605,1.0147323296045911,-0.003689231422865917,3.0132932695586714,1.2466114840585614,4.004731285970892,3.212493497114948,-0.003530867391560172,2.842074200784882
597,118_0.mat,Ball,1,0.9517028179633615,-0.005262976140487912,0.7724595052949639,0.9057382537194032,0.6603079678828776,3.026572692395936,5.8970782362069505,0.9065959023624487,0.9521532977217737,-0.043226894863506934,2.235345465811289,1.2320423419460953,3.918098840969431,3.180165735843468,-0.0500764360049704,2.719675869253614
598,118_0.mat,Ball,1,0.9852046666260017,-0.005238952267868534,0.8023918132573078,0.9706282351416511,0.6886354056980547,3.073430683943072,6.034137861482321,0.9715495673951955,0.9856721399102216,-0.039218649196438124,2.5472050165486753,1.2278348935607128,3.8303365427703664,3.1195859987807717,-0.04095389260976108,2.6985717889828473
599,118_0.mat,Ball,1,0.9768932413775299,-0.007232933695277145,0.7950995148532273,0.9543204050490968,0.6831551974159271,3.073430683943072,6.034137861482321,0.9552009031011913,0.9773437998479303,-0.08496714532712424,2.4422542839054127,1.2286427335534629,3.865466682502695,3.1461274925047507,-0.09101415487828948,2.6767106770742917
600,118_0.mat,Ball,1,0.9359161532383973,-0.002020897330805776,0.7588850199348147,0.8759390458925591,0.6469854021543606,2.6889308265658656,5.36992583130168,0.8767912032759867,0.9363712956279612,-0.0712040751912224,2.036250035031117,1.233277938886652,3.5432651270324076,2.8730467117796032,-0.08672824818534139,2.6487363820980736
601,118_0.mat,Ball,1,0.9707399262374191,-0.0009192311721170307,0.7665241303606465,0.94233600439143,0.6456282764023824,3.4728950618823977,6.770979778561019,0.9432563081439038,0.9712138323479046,0.03263566542774507,2.846359428880322,1.2664179610098165,4.5307054589969455,3.5775751754022687,0.03562442758305165,3.1991183279304662
602,118_0.mat,Ball,1,1.0112787291339647,-0.005267552116224957,0.7977025762408021,1.0226846679988066,0.6702590925448689,3.4728950618823977,6.770979778561019,1.023656585527814,1.011759153913526,0.04420346527010545,3.232428056855335,1.2677390787658966,4.353621469099635,3.4341620779990785,0.04268004704785093,3.0847523107073673
603,118_0.mat,Ball,1,0.9697542429750751,-0.0039233592434738925,0.7845110355211584,0.940423291768161,0.6667096653915916,3.0860523049278354,5.65927392910524,0.9413271638288343,0.9702201625553007,-0.027079028827389662,2.332924763832973,1.236125687294662,3.9337270799177566,3.1823034828463976,-0.029649829318974016,2.6328101924289595
604,118_0.mat,Ball,1,0.9104791925927068,-0.003534401305826764,0.7358561639067029,0.8289723601442673,0.6281497232674115,2.8203975295885413,5.416783822848815,0.8297701906034377,0.910917224891174,-0.024111287411319043,1.8948289206524385,1.2373059264159492,3.8328109050701635,3.0977067378706353,-0.031899483905380825,2.7520374981419016
605,118_0.mat,Ball,1,0.9168968770784152,-0.008505054950170064,0.734386354636781,0.8406998831961504,0.6233918925010556,3.0746021337317497,5.670988426992023,0.8414492750441052,0.9173054426111867,-0.06689761215385347,2.05766885680607,1.248521124184903,4.186627535104769,3.353269283155656,-0.08666998181217833,2.906160551428256
606,118_0.mat,Ball,1,0.9562351503634609,-0.007723707093073065,0.7677551441057684,0.9143856627906306,0.6519795942510228,3.1434533445730763,6.2180554783048265,0.9152197764523128,0.9566711955799196,-0.07779074798622562,2.4019820521836417,1.2454949441934073,4.09434357907204,3.2873225203810756,-0.08884640374284554,2.8676026038034097
607,118_0.mat,Ball,1,1.0227723852092012,-0.00428257333883033,0.8247182159338604,1.0460633519465188,0.7040460931611255,3.1434533445730763,5.877163589799418,1.0470675384050903,1.0232631813981632,-0.026916444393520696,3.021539745722041,1.2401476837150205,3.8115483371612093,3.073463255391893,-0.025122083020863908,2.7559981399019264
608,118_0.mat,Ball,1,0.9604443697405525,-0.0037357442382558543,0.7744796108431994,0.922453387366327,0.6621365884525793,2.926735133667576,5.62998768438828,0.9233411319054398,0.9609064116267722,-0.03069319749484539,2.3473655860036162,1.2401157581071083,3.778969894994875,3.0472718940037473,-0.03459384699244977,2.7533179643486223
609,118_0.mat,Ball,1,0.8820185336034433,-0.0023149037719096244,0.7025685980070477,0.7779566936199683,0.5968430418074842,3.214004658584476,6.206340980418041,0.7787117955783647,0.8824464831242542,-0.049078123428749065,1.8574745125741354,1.2554198068404703,4.574648892217725,3.643919641291634,-0.07142048887806185,3.0631577049522907
610,118_0.mat,Ball,1,1.0054496464160505,-0.0024567590197573964,0.8001227922185463,1.010928991478161,0.6787408575156335,3.444780266954117,6.437116588787682,1.011911150295991,1.005937945549322,-0.04342798397356884,3.122447629889947,1.2566191791973904,4.30531450978702,3.4261091833188195,-0.042663462255350976,3.049371943645864
611,118_0.mat,Ball,1,1.019779342401759,-0.002413287250255662,0.8150619508744645,1.039949907189364,0.6916721297233501,3.444780266954117,6.426573540689578,1.040960646365228,1.0202747896352373,-0.05319223555272426,3.139273926640632,1.2511678913564863,4.22640299090646,3.3779663145928,-0.050083742758099806,2.897080683638053
612,118_0.mat,Ball,1,0.9926357464813221,-0.005706845786979347,0.7955292869731749,0.9853257251925316,0.6733687433174751,2.9595357277505707,5.744789763678761,0.9862562980197302,0.9931043741821552,-0.02959464855551041,2.657992101448496,1.2477676972231266,3.7202096468469117,2.9814921921142776,-0.030215410765186704,2.732587686333815
613,118_0.mat,Ball,1,1.029285458174378,-0.006144995463799481,0.8303668883818849,1.0594285544092394,0.7064125002476608,4.267138018606338,7.567565634862317,1.0604263660630975,1.0297700549458104,-0.0074560643317709546,3.2333230623075115,1.2395550359418608,5.138858591672006,4.1457284611508305,-0.00682792701945646,2.8753324474381037
614,118_0.mat,Ball,1,0.9806209785891831,-0.006501921571287418,0.7809317366324044,0.9616175036492071,0.662979967528601,4.267138018606338,7.567565634862317,0.962515184900342,0.9810785824287176,-0.022815307578550395,3.0398683576176166,1.2557063986368882,5.464162638596254,4.351465155009336,-0.02416100211172163,3.2812520886901915
615,118_0.mat,Ball,1,0.9278701354991117,-0.007973097770740921,0.7362547137870296,0.8609429883511398,0.6241045929154948,3.2254548297805625,6.1430826918294095,0.8617209424209108,0.9282892557931018,-0.03912186759393678,2.3259491150927927,1.2602569710219185,4.380895319753678,3.4761920945349516,-0.04890684050315162,3.1323257010704704
616,118_0.mat,Ball,1,0.9267547534205322,-0.0061713073242873695,0.7446159425169109,0.8588743729875513,0.6325908889869398,2.978278924369425,5.765875859874972,0.8596758151166604,0.9271870442994016,-0.03177121717605831,2.0692858969550185,1.2446077239317772,3.9997517569908676,3.213664578869187,-0.03985949477101233,2.7999551813004326
617,118_0.mat,Ball,1,0.9428515760904806,-0.004764194785152208,0.7584546552799369,0.8889690945363035,0.6423498483321494,3.2678913488636816,6.246170273233107,0.8898153572942101,0.9433002476911634,-0.051154509311789,2.214300811379707,1.243121878843557,4.308617959043619,3.465965833573166,-0.06094443816465261,2.7966416759373742
618,118_0.mat,Ball,1,1.025168770556501,-0.004752754845809642,0.8197970884320862,1.0509710081243275,0.6928148295485548,3.409372446603068,6.67726379546675,1.0519757395038123,1.0256586856765812,-0.03410146837757868,3.220213277520153,1.2505152616679214,4.158800384518991,3.3256694356276615,-0.031605633030757085,2.9098673243315285
619,118_0.mat,Ball,1,1.0436434377834523,-0.006582001146685354,0.8399479490490797,1.0891916252284624,0.7139520770135629,3.409372446603068,6.474602982025392,1.0902129635866198,1.0441326369703323,0.03818813105277945,3.3310873726759214,1.2425096566563887,4.059028241522372,3.266798145007087,0.03354759500738469,2.802614343982104
620,118_0.mat,Ball,1,0.9363197866555433,-0.006815375909273621,0.7516972297740205,0.8766947428826821,0.6367926331462476,2.7486747657884627,5.414440923271458,0.8775052322372542,0.9367524925172359,0.026638562802140615,2.1169197946364986,1.2456076057853498,3.656624844302178,2.935615379445911,0.03240680516950521,2.749191386293691
621,118_0.mat,Ball,1,0.8819655042862464,-0.009254370977107892,0.7016261640608288,0.777863150750893,0.5913608692000271,2.7685894121959955,5.4390413688337045,0.7785377981872534,0.8823478895465515,0.0007307970504398468,1.7812884509755706,1.2570305234633836,3.945960903407846,3.1391130364371898,0.0010638422449396664,2.9388325889741242
622,118_0.mat,Ball,1,0.9856653612151203,-0.011639598330032136,0.7852967364183949,0.9715362042993335,0.6633737389234663,3.004315146411048,5.8549060438145295,0.9723502848751225,0.9860782346625051,0.016065439804984205,2.762804316952176,1.2551502069260054,3.8257069042581198,3.048007229050136,0.016755542764865024,2.922164324861257
623,118_0.mat,Ball,1,1.001520919746413,-0.007147134150207935,0.7982240556151513,1.003044152689701,0.6724092376724055,3.004315146411048,5.8549060438145295,1.0039735140479522,1.0019847873335963,0.021732538705760848,2.8615010099526184,1.2546864664124113,3.7637491945691974,2.999752763196146,0.021603647285328896,2.838895405600344
624,118_0.mat,Ball,1,0.9899312814032672,-0.0023995593230445836,0.7922093051081647,0.9799639419007148,0.6691861607869606,3.147232020629809,6.212198229361434,0.9809161099043485,0.99041209095222,-0.013822282280518664,2.7189417055356575,1.2495830016372464,3.9727279146211587,3.179242922968655,-0.014227610170253712,2.825765783441958
625,118_0.mat,Ball,1,1.0680761322639887,-0.007798066698799719,0.8641228640637186,1.1407866243120013,0.7396008283315715,3.590947163848216,7.122414715164533,1.1418408934652875,1.0685695548092728,0.006695665161222341,3.6811303982389565,1.2360234599509392,4.155597905322028,3.3620704136821824,0.0054876365280378874,2.823384438422966
626,118_0.mat,Ball,1,1.103029550585998,-0.00840781546575829,0.8947184655723337,1.2166741894659485,0.7649091713700079,3.590947163848216,7.122414715164533,1.2177927488363276,1.1035364737226983,0.012308060225136728,4.016883192082478,1.232823053315636,4.0134939671186345,3.2555312429637318,0.009158609389833951,2.708584790154886
627,118_0.mat,Ball,1,1.0028143133606466,-0.0026192061584217807,0.8139129350932764,1.0056365470809854,0.695798368924766,3.4527160887841672,6.555433017444198,1.0066127070618252,1.0033009055422133,0.0002149049996332201,2.729907029675032,1.2320903995026071,4.242119691075109,3.443026333768541,0.0002127908290066256,2.694157866316181
628,118_0.mat,Ball,1,0.9570248449417337,-0.003941663146421983,0.7615044316408652,0.9158965538357494,0.6466045721486207,3.3039419656220144,6.3387148065386985,0.9167763064891953,0.9574843635742546,-0.01128743543613577,2.6845035553143934,1.2567554503633165,4.338703529930152,3.4523053221462763,-0.012858793088600686,3.194016990829723
629,118_0.mat,Ball,1,1.0783569315436934,-0.008804781360945209,0.8608500088856104,1.16285367180833,0.7325760144327573,3.3039419656220144,6.3387148065386985,1.1639127812089152,1.0788478953072649,-0.04923812555573922,3.9871507156146837,1.2526652964067433,3.8379995719523814,3.063866767091003,-0.0392121680737598,2.943213574346695
630,118_0.mat,Ball,1,0.9980155268427049,-0.008860837063723755,0.7973472399984433,0.9960349918191218,0.6793701474706741,3.003143696622369,5.878335039588096,0.9969300418796749,0.998463841047674,-0.05643581775747525,2.919013921311861,1.2516698833037934,3.7664188774572867,3.0091152049708327,-0.056696702026018855,2.9370192934009074
631,118_0.mat,Ball,1,0.8929480698579146,-0.006405826080809887,0.717709762522198,0.7973562554629752,0.6099314689151947,2.875191342965728,5.5421289502374025,0.7980946101228958,0.8933614106972025,0.014343093136385893,1.8206891262526095,1.2441631930972272,4.006064140548451,3.219886396551601,0.020116909017295667,2.858426587549152
632,118_0.mat,Ball,1,0.9105594222071287,-0.0063840901960590295,0.7283297515413689,0.8291184613701801,0.6138582276602944,2.883655818177174,5.524557203407226,0.8298881424016127,0.9109819660133853,0.04617859865898796,1.989564862552954,1.2502021512630177,3.959272310475462,3.1669056931883026,0.06108174148377695,2.888810032056945
633,118_0.mat,Ball,1,1.0337174008002004,-0.008757877609640703,0.8031523814839272,1.0685716647171222,0.6665700033412998,3.6307764566632814,7.084928321926824,1.0695394364027588,1.0341853975002542,-0.03489317544545613,3.9655689048568856,1.2870750615082378,4.520657026441776,3.5123491718811986,-0.031546071995295855,3.466665154872303
634,118_0.mat,Ball,1,1.0672216614094943,-0.00673987230961271,0.8314080695257933,1.1389620745816413,0.6922176073678032,3.6307764566632814,7.084928321926824,1.1400299592099323,1.0677218547964318,-0.015871912033307328,4.362319180280211,1.2836315890185157,4.367020948846196,3.4020827986799507,-0.013039317226064544,3.356486538727132
635,118_0.mat,Ball,1,0.9804541512783573,-0.007627611602595546,0.787477963251689,0.9612903427589641,0.6691440206689931,3.189139886331533,6.33051465801795,0.9621717831822179,0.9809035544752694,0.07699949636709916,2.7076839874377647,1.245055985095224,4.0498147696206575,3.2527170007594397,0.08158474486708216,2.924776896972192
636,118_0.mat,Ball,1,0.9478336744973963,-0.01056310003789703,0.7688524161483917,0.8983886745112362,0.6594433590280265,3.452980415474865,6.642120301806398,0.8991551766560286,0.9482379325127362,0.006322577353628199,2.355234495443911,1.2327901357771471,4.491083519992391,3.6430235687735184,0.007415529688811854,2.913163471038652
637,118_0.mat,Ball,1,0.9967019477138815,-0.007402244797547069,0.7992685220771273,0.9934147725766451,0.6822419296874478,3.452980415474865,6.454688335617858,0.9943310057213769,0.9971614742464617,-0.010412286815189492,2.954791373321973,1.2470176419839734,4.320175660736632,3.4644062082866833,-0.010501459204571373,2.988579811543689
638,118_0.mat,Ball,1,1.0297119242814188,-0.009951063283069942,0.8280472030866095,1.0603066470073421,0.7049954461911294,3.3780076289994487,6.379715549142442,1.061243994435194,1.0301669740557566,0.009815039006572233,3.1634146727881074,1.2435425425529427,4.0794867930277245,3.280536574686653,0.008977784189673392,2.8088311542877147
639,118_0.mat,Ball,1,0.9414873378941424,-0.01066033952230881,0.7621742606273352,0.8863984074149991,0.649472414152228,2.892763089795903,5.7799332573391125,0.8871511230949156,0.9418870012347106,-0.015035636202200536,2.1713693663004037,1.2352651965942563,3.79540905436916,3.0725459316990653,-0.01799390399822328,2.7589160972615057
640,118_0.mat,Ball,1,0.9731998626284853,-0.007859842371249566,0.7742552061724136,0.9471179726201028,0.65492042010531,3.171568139501357,6.287171015836849,0.9479819591299646,0.9736436509986416,-0.020679017346539267,2.7936899034460523,1.2569497174430535,4.0962826135534,3.2589073028967634,-0.022404217949668095,3.1086945611037877
641,118_0.mat,Ball,1,1.0902300903724276,-0.009718832514415925,0.8688026499212906,1.1886016499534717,0.7323702897273007,3.171568139501357,6.290685365202885,1.1896689803616627,1.090719478308544,0.006136007084652971,4.0097020975893045,1.2548650610929217,3.6505046799581415,2.9090814567547163,0.004728753171594709,2.8330864828951277
642,118_0.mat,Ball,1,1.0353559159156087,-0.011940468734741519,0.8378537772225878,1.0719618726214488,0.7114646658044008,3.119117225701528,5.975565372048401,1.0728670195266004,1.0357929424004588,-0.006658121356687315,3.02848897459243,1.2357238745721093,3.722746510778297,3.012603857041903,-0.005991462757544732,2.6310809296534283
643,118_0.mat,Ball,1,1.0154819642471047,-0.00777747480798311,0.8171101048120522,1.031203619711158,0.695342153223749,3.1378604223203816,6.04116656021439,1.0321510906462283,1.0159483700691825,-0.054185082487064544,2.980440834340977,1.24277249573292,3.840192899142151,3.0900208302997814,-0.05167313669064998,2.797653685833639
644,118_0.mat,Ball,1,1.0162019753869815,-0.010377773020547511,0.8055225139801085,1.0326664547804034,0.6820394446227787,3.1378604223203816,6.04116656021439,1.0335681004556385,1.0166455136652295,-0.03895523278781255,3.2195758626020323,1.2615438522812212,3.895434786561375,3.0878314531147804,-0.03707295110822266,3.0138419167357773
645,118_0.mat,Ball,1,1.0371259741131058,-0.01475698180088036,0.8179225223650457,1.0756302861800586,0.6894648519762704,3.79712232665561,7.507821695639719,1.076463751800805,1.03752771134115,-0.03694016863193385,3.7058405199860847,1.268000263781659,4.6423985436560455,3.661196827992899,-0.0330749927996412,3.1980695560685155
646,118_0.mat,Ball,1,1.0329843505584968,-0.012787024246091145,0.8137491621010061,1.0670566684987595,0.6839512659189174,3.79712232665561,7.507821695639719,1.0679360668249482,1.033409921969471,-0.05923171404682333,3.6560134051107553,1.2694137194441852,4.666207356634585,3.675875945844648,-0.05367059617896325,3.205658622631465
647,118_0.mat,Ball,1,0.9125609595911298,-0.01210177187947166,0.7317627717502625,0.8327675049698837,0.6242927808627073,2.8789700190224607,5.593672740939251,0.8334349534089495,0.9129265870862506,-0.04839605830495795,2.0215544394061067,1.247072131596937,3.934294186806578,3.1548248791063993,-0.06360663575216603,2.9103285547156865
648,118_0.mat,Ball,1,0.9509980535360187,-0.010813634709499143,0.7716734699943311,0.9043972978292963,0.6607552241125189,2.6259368646679317,5.221151708139528,0.9051643126577457,0.9514012364180244,-0.052297720348139815,2.1620442480055395,1.2323840205906946,3.4029119397921246,2.7612431538648927,-0.060728369933968865,2.638819787125414
649,118_0.mat,Ball,1,1.0225331134762146,-0.010691227358533725,0.823539608854106,1.0455739681553613,0.7008805505793677,3.094252453448584,5.974393922259723,1.046481620520469,1.0229768426120256,-0.05648749513797397,2.9938925291510703,1.2416319779661253,3.7572600275416606,3.026065770062256,-0.05276608943055433,2.733839387026587
650,118_0.mat,Ball,1,1.0335385567297533,-0.012374042435824639,0.8289891148897715,1.0682019482470215,0.7062099251104013,3.2957418171012653,6.22274127745954,1.0690928673240643,1.033969471176042,-0.003626935188605322,3.3446622587990813,1.2467456305091937,3.9756153101425418,3.18879425991249,-0.003281078695682811,2.926317237173447
651,118_0.mat,Ball,1,1.0057714323582876,-0.008291128084464165,0.8113755565470961,1.0115761741480414,0.6917854273733602,3.2957418171012653,6.3106000116104175,1.012496197160668,1.0062287002270747,-0.030181823972490206,2.91277080892127,1.2395880357022664,4.061919034291123,3.2768298154683926,-0.029624796843355387,2.841315837591132
652,118_0.mat,Ball,1,0.9743615630721023,-0.008551958701474585,0.7782671928998501,0.9493804555923104,0.6588111969634994,3.12497447464492,6.177054735701082,0.9502352837389549,0.9748001250199729,-0.043000320752015556,2.5982341151554085,1.2519627859942881,4.015297706430543,3.207202124013246,-0.04642211963679757,2.877504264733853
653,118_0.mat,Ball,1,1.0277351369238295,-0.011766581656734583,0.8261933051822479,1.0562395116678425,0.7049202115268685,3.42837996991262,6.740522084055382,1.0571334160755945,1.0281699354073697,-0.04221926868284412,3.2670621748202064,1.2439402867055187,4.149609962225744,3.335859451269669,-0.03884328975912345,2.9234643166064247
654,118_0.mat,Ball,1,0.971858984013592,-0.01353176429729194,0.7973992359885526,0.9445098848079314,0.6889580444583666,3.42837996991262,6.740522084055382,0.9452498717408059,0.9722396164222099,-0.06797123166521077,2.474392373162816,1.21878594830548,4.2994522883610315,3.527651672005477,-0.07396141288907508,2.769333849910827
655,118_0.mat,Ball,1,0.9886624242028302,-0.016518732459634936,0.7996202444780116,0.9774533890306171,0.6839651395504108,3.685834596731165,7.025184382704228,0.978135731183528,0.9890074474863817,-0.023596509244498392,2.869928881480972,1.236414949507673,4.609481340899081,3.7281022384352958,-0.02439209340293347,2.999665905880734
656,118_0.mat,Ball,1,1.0940974779538264,-0.011207168622883271,0.8850011992350897,1.1970492912649235,0.758078427059892,3.685834596731165,7.025184382704228,1.1980937040192128,1.0945746680876607,0.0336375852685734,4.0616883811587545,1.2362666614443272,4.1647792115001465,3.3688356576975376,0.025650074611802475,2.8295998820810015
657,118_0.mat,Ball,1,1.0644468454025473,-0.007788914747325676,0.8594288750917938,1.1330470866874345,0.7337709564160156,3.922731780734895,7.045099029111761,1.1340939331010371,1.0649384644668616,-0.030524698813278323,3.67330987611834,1.238551410420807,4.564347201286846,3.685230312508212,-0.025274224959205574,2.8560086084210456
658,118_0.mat,Ball,1,0.965707441128075,-0.010374341038744746,0.7723358776782019,0.9325908618501346,0.655386754021379,3.922731780734895,7.045099029111761,0.9333947532118297,0.966123570363455,-0.03204278413805451,2.6934624311571214,1.2503723691173547,5.0790490175367,4.062029154656362,-0.035533027428609365,3.0915780252966214
659,118_0.mat,Ball,1,0.9579095033745854,-0.009214331189408929,0.7759398281704416,0.9175906166553447,0.6629418885332973,2.6622518081169604,5.303153193347012,0.9184025902856522,0.9583332355113497,0.006338886390168257,2.264049969901839,1.2345151886738028,3.4310029095822414,2.7792310220698604,0.007202169170014436,2.6842305077133797
660,118_0.mat,Ball,1,1.0173126532722494,-0.007751162947495211,0.8232794411638986,1.0349250345078238,0.7019321964454474,2.816618853531809,5.478870661648769,1.0358765521762696,1.0177802081865561,0.02924660098597125,2.8209061313574213,1.2356832958597916,3.42121849848022,2.768685560401918,0.02774044324764279,2.6288913024267715
661,118_0.mat,Ball,1,1.0563739697190293,-0.01083079461851298,0.8485744025120369,1.1159259638999408,0.7174438472377566,3.3077206416787464,6.188769233587866,1.116899379838496,1.0568346038233685,-0.013276700101515666,3.3818960125737614,1.244880786635324,3.897973627159852,3.131202336001701,-0.011247838466378281,2.711016432891034
662,118_0.mat,Ball,1,1.0117608161995228,-0.011424527470391972,0.8154183959148212,1.0236599491967249,0.6934273605999928,3.3077206416787464,6.188769233587866,1.0245299468950677,1.0121906672633707,-0.051287842778102284,2.883046459970746,1.2407873323279437,4.05647046748773,3.2692713423121758,-0.04945696327867411,2.74664370571114
663,118_0.mat,Ball,1,0.9136679356492328,-0.012124651758156775,0.7370554743450726,0.8347890966335306,0.6309243481614387,2.92439223409022,5.801019353535324,0.8354579663735607,0.9140338978252178,-0.023214101569311182,1.985353157939895,1.2396189533221411,3.9676691048048833,3.2007167155417457,-0.03039939731099924,2.8443861936601462
664,118_0.mat,Ball,1,0.9382870684709176,-0.012226467218305576,0.7527948010241036,0.8803826228597483,0.6400794411522939,2.92439223409022,5.801019353535324,0.8810935793076506,0.9386658507198665,-0.03937384539634868,2.2269491036487397,1.2464048200030389,3.8847136432238725,3.1167350935069886,-0.04760743432536042,2.8685750617826393
665,118_0.mat,Ball,1,1.0115988545892163,-0.009694808641796553,0.803183269320152,1.0233322426062141,0.677498156366644,3.465866363150328,6.779179927081769,1.0242384861882812,1.0120466818226723,-0.09405783715402517,3.2370960739957897,1.2594869604843941,4.315162548243401,3.4261272118129265,-0.09073886697636806,3.085697920596359
666,118_0.mat,Ball,1,0.9876793148717619,-0.011337583931388489,0.7900294041284766,0.975510429025553,0.6699759546961475,3.465866363150328,6.779179927081769,0.9763353406973014,0.988096827591963,-0.09190877489918306,2.952454337157647,1.2501804486126353,4.387009325265966,3.5091008902994183,-0.09527050392331012,3.0973135306132766
667,118_0.mat,Ball,1,0.9798098607712428,-0.00903930011746773,0.7924848199066594,0.9600273632645622,0.6737615147592003,2.8564481463468736,5.626473335022245,0.9608840176164021,0.9802469166574318,-0.028191834024649406,2.505915133661981,1.2363768190353608,3.604420014858717,2.9153086335501337,-0.029930700082510697,2.7140910897348443
668,118_0.mat,Ball,1,1.0318639338298223,-0.010433828723326079,0.8362942142827368,1.064743177938756,0.7144720242731863,2.9279065834562545,5.783447606705147,1.0656750114102587,1.032315364319576,-0.04006310474261335,3.0534261128684816,1.23385277119678,3.5010484748647066,2.8374928975241174,-0.03641727360500534,2.6886721629672987
669,118_0.mat,Ball,1,1.0437208535483586,-0.013068446753918161,0.837221623764086,1.0893532201317142,0.713367968509496,4.112506646500791,7.9506297157601455,1.0902471302943324,1.0441489981292575,-0.06615447772206273,3.6380187543924256,1.2466482278068987,4.912088424097739,3.9402361584665857,-0.058112802087403735,3.0606595870193134
670,118_0.mat,Ball,1,1.0512103392607244,-0.008499334980498787,0.8263291060570284,1.1050431773686473,0.6955218424575106,4.112506646500791,8.102918188288333,1.1060510666683303,1.05168962468417,-0.008858628099902136,4.30779197386342,1.2721448773303938,4.976838666762385,3.912163430003025,-0.0076155925662860615,3.5213108502820134
671,118_0.mat,Ball,1,1.0068711348047112,-0.009296698752675385,0.787547160226738,1.0137894821029272,0.6614093804907941,3.990411541787542,7.558194036552888,1.0146939655709821,1.0073201901932582,0.0481562952487916,3.6335161811072028,1.278489956732941,5.066885823870686,3.9631799977636093,0.04711405146996312,3.5290429451018897
672,118_0.mat,Ball,1,0.9380648649926678,-0.014889685097254076,0.7367684785313093,0.8799656909337121,0.6179361639366178,3.12497447464492,6.234455775346324,0.8806039530092775,0.9384050047869936,-0.014202409342524376,2.5170655502163544,1.2732152532656582,4.2414606022099,3.3312989231997454,-0.017186643942988234,3.2458860124209266
673,118_0.mat,Ball,1,1.0293186379778123,-0.010151262221564785,0.8153110423446727,1.0594968584884987,0.6871464627658209,3.2643769994976464,6.350429304425482,1.0604293859360108,1.0297715212298362,0.010216081113621826,3.4142642135166565,1.2624858299679516,4.003842496853646,3.1713959886198433,0.009355385790119875,3.0362226644085255
674,118_0.mat,Ball,1,1.0552419057516111,-0.008141264879076597,0.8404887648525124,1.113535479654292,0.7110462936732455,3.2643769994976464,6.350429304425482,1.1145576346505488,1.0557261172532149,-0.003730621197426072,3.6510484416245435,1.2555098293735405,3.8839031953824987,3.0934868883637194,-0.003170497075355362,2.9390876165859443
675,118_0.mat,Ball,1,0.9596922739784772,-0.011002393708651415,0.7623176294684497,0.9210092607339806,0.6428991683039519,3.1577750687279136,5.939250428599371,0.9217883920432651,0.9600981158419514,-0.04560539887989022,2.5356421043727804,1.2589139183969738,4.142335093215188,3.2904037620661746,-0.0515310991919532,2.984183226796651
676,118_0.mat,Ball,1,1.0178421015277996,-0.009750864344575099,0.7995600938666274,1.0360025436425278,0.6690249142345399,3.655641228916224,6.6796066950441055,1.0369200815542041,1.018292728813382,-0.06736604561615084,3.389424187749249,1.2730026289885228,4.572065635783769,3.5915602463539753,-0.0638003596685509,3.1523567012118052
677,118_0.mat,Ball,1,1.0706473188524062,-0.008038305424993538,0.8482209083863517,1.1462856813658457,0.7132410489145848,3.655641228916224,6.912725202991103,1.1473415177126316,1.0711402885302335,-0.07137852517875104,3.9371969062090395,1.2622269838737346,4.3097749569347155,3.4144215042084802,-0.058080253929163474,2.9908987873474366
678,118_0.mat,Ball,1,1.0707440980521536,-0.007679091329637079,0.8604489480818177,1.14649292351352,0.7312785418679196,3.5982401892709834,6.855324163345863,1.147554613872481,1.0712397555507736,-0.05569767419236585,3.804404870195829,1.2444016585038526,4.181817174962314,3.360504340685481,-0.045308221526544144,2.8889498447037125
679,118_0.mat,Ball,1,1.0830539966281558,-0.011304408107295065,0.8514129095944604,1.1730059596122215,0.7142465851425229,3.9353534017196585,7.664795967322622,1.174024678444609,1.0835241937513942,-0.031051292643379448,4.626569821689053,1.2720666840050114,4.622144387720758,3.633570822847115,-0.024409778873791952,3.356639250198665
680,118_0.mat,Ball,1,1.1294337191865258,-0.009089635850575005,0.8820774088706647,1.275620526035508,0.7376661891526026,3.9353534017196585,7.664795967322622,1.2767847646773673,1.129949009768745,-0.00913963647256387,5.342324503528307,1.2804247199021617,4.461460368601529,3.4843597591106192,-0.006335084096630607,3.277139139103452
681,118_0.mat,Ball,1,1.0847349764497494,-0.005582150448145405,0.8682553808295106,1.1766499691334382,0.7373383781663432,3.518317276950157,6.7744941279270545,1.1777689737432337,1.0852506501924952,-0.06359968989933655,3.9718759860388384,1.2493270993750365,4.052168699012022,3.243480991515627,-0.04975821977621829,2.8633567528007413
682,118_0.mat,Ball,1,1.060209448361066,-0.007500628275893095,0.8526126659040248,1.124044074394076,0.7238234758155987,2.957457154863912,5.782276156916469,1.125086532286229,1.0607009627063742,-0.0629613977899239,3.4527837805975268,1.2434831087521823,3.468699531603431,2.7895027340427245,-0.05275886840611793,2.727705823022286
683,118_0.mat,Ball,1,1.057108652904878,-0.01019015801532949,0.8395243779659345,1.1174787040463658,0.7075082610177041,2.957457154863912,5.8525631442371715,1.1184671177706866,1.0575760576765563,-0.023484272032750726,3.598193808110236,1.2591756483175207,3.522776982397996,2.7976851260598234,-0.01985373731740756,2.8763260237399875
684,118_0.mat,Ball,1,1.070655412224524,-0.008503910956235814,0.8466771443059722,1.1463030117256654,0.7123027559122606,3.740892736799049,7.050956278055152,1.1473511553367475,1.0711447872891635,-0.03240520185027926,4.055848401178048,1.2645379876185083,4.418322570713857,3.4940212267017086,-0.02636757530708251,3.080980850744702
685,118_0.mat,Ball,1,1.0441367906499384,-0.009515201594118316,0.8294871218505055,1.0902216375887532,0.7010011880359652,3.740892736799049,7.050956278055152,1.0911967203245685,1.0446036187590815,-0.011544021656193098,3.6869573617852334,1.25877396181789,4.509886456644401,3.5827611576323175,-0.010127507064333833,3.096435309346489
686,118_0.mat,Ball,1,1.0242890716881683,-0.010603139825595997,0.8200766629432503,1.0491681023798094,0.6962022360618118,3.0593732864789307,5.831477048040961,1.0500811456744712,1.0247346708658154,0.03216124186686543,3.119610216678987,1.2490162419824895,3.7305942538288157,2.9868260543224174,0.029888114549325103,2.829141129842325
687,118_0.mat,Ball,1,1.052697879888228,-0.005912764695145465,0.843595036907425,1.1081728263211703,0.714804058593426,3.0593732864789307,5.831477048040961,1.1092210892548056,1.0531956557329722,0.047768797771918566,3.403604298630987,1.247871115679053,3.6265899544535083,2.9062215711889325,0.04089000221949981,2.7663226159853314
688,118_0.mat,Ball,1,1.0889811676336538,-0.008881428954540374,0.8675019640139777,1.185879983460756,0.7326948474022412,3.6251835344105854,7.038070330379689,1.1869602445442944,1.0894770509488918,0.0008610291776290496,4.1968404067916545,1.25530686131663,4.17887645767681,3.32896806864415,0.0006658303829792482,2.9788601063984617
689,118_0.mat,Ball,1,1.0563574039480577,-0.010495604395775909,0.847057724686747,1.11589096487588,0.722443967234401,3.6251835344105854,7.038070330379689,1.1168715019904099,1.0568214144264914,-0.07917674634993233,3.8004174646026563,1.2470902196629696,4.279736113317361,3.431777465522841,-0.06707996643393241,3.0466662799604745
690,118_0.mat,Ball,1,0.9251505562869616,-0.005150864734930805,0.7587067798166682,0.8559035517980746,0.6549502048852291,2.6634232579056394,5.168436467649,0.8567136548190915,0.9255882750008728,-0.06443967201559661,1.9382940249118294,1.219378264300331,3.5104777349501357,2.878907913747851,-0.08126429794624464,2.6408776369750555
691,118_0.mat,Ball,1,0.9629555749526693,-0.011598414548398904,0.7639173377838091,0.9272834393324259,0.6452295603267871,3.247712375765452,6.137225442886017,0.928055220038208,0.9633562269680972,-0.009690572967014427,2.6741422583439065,1.2605494434057838,4.251392415288149,3.3726502657422275,-0.010838987843665163,3.1048231742974863
692,118_0.mat,Ball,1,1.0010308698308807,-0.012485009847447492,0.7805179804275364,1.0020628023543696,0.652887826569453,3.8348730465840166,7.082585422349469,1.0028863080436776,1.0014421141751917,-0.03840053153998694,3.3650320168578527,1.2825212165916713,4.913241133123562,3.8309238627456796,-0.038234875706028654,3.345690756366914
693,118_0.mat,Ball,1,0.9889695888907295,-0.006941215242041817,0.7925460089241687,0.9780608477506986,0.6741695181026219,3.8348730465840166,6.652663349904504,0.978968691394352,0.9894284670426418,-0.09603890227715467,2.809123181144087,1.2478387093664702,4.838675614283614,3.8776450657916555,-0.09915028874478382,2.931117160405385
694,118_0.mat,Ball,1,0.9885195271473645,-0.010763298976391871,0.7956954242251761,0.9771708555516491,0.678546740816391,2.919970761626204,5.566729395799648,0.9780100949301241,0.9889439291133366,-0.11860127669525106,2.6045165575885285,1.242334060307953,3.6697091282960597,2.953882732139446,-0.12262368348198775,2.722954895947477
695,118_0.mat,Ball,1,0.9712422174652727,-0.012820200070184562,0.7689464817825347,0.94331144498686,0.6496909317290356,3.3988293985049625,6.524975322938561,0.9440690298690019,0.9716321474040481,-0.07159823634539107,2.699327562386215,1.263081684452893,4.420111775037373,3.499466289028967,-0.07805427574484995,3.0286430239222195
696,118_0.mat,Ball,1,1.0602684116088814,-0.014755837806946092,0.840020906529338,1.1241691046556201,0.7077921104803375,3.3988293985049625,6.524975322938561,1.1250500515972484,1.0606837660666106,-0.07977227758314039,3.772427219662674,1.2621928851607565,4.046124771517471,3.2056311036789977,-0.06684889393428496,2.980418029942175
697,118_0.mat,Ball,1,0.995674821024432,-0.015423930264551732,0.7805107116686617,0.9913683492220348,0.6531759660992282,3.117681449222152,6.079824403240777,0.9920992985684873,0.996041815672659,-0.07660833166199682,3.194449368169645,1.2756709243547641,3.9944121235092793,3.1312245558357037,-0.07752527058526322,3.2455307169774814
698,118_0.mat,Ball,1,0.9420214549187408,-0.010676355437388386,0.7551451922959324,0.8874044215272211,0.6428090464233627,3.214004658584476,6.213369679150111,0.8881577785424034,0.9424212320095529,-0.03584429854473671,2.3719821450445107,1.2474706381343503,4.256141324039166,3.4118168347432234,-0.042823770238978945,3.0069843521558215
699,118_0.mat,Ball,1,1.0434070405782025,-0.009053028044678805,0.8352341777768763,1.0886982523281628,0.7099126518490365,3.214004658584476,6.390258597240546,1.0896804360622272,1.0438775963024722,-0.08323664459331631,3.4270818664761067,1.24923891806507,3.8480281867000112,3.0802980367090096,-0.07317552284511235,2.8861983334848196
700,118_0.mat,Ball,1,1.0078094258211936,-0.013015823032942391,0.7930665613601917,1.0156798387740438,0.6640088078112858,3.2116617590071197,6.38791569766319,1.0165031059392127,1.0082177869583597,-0.06256547494599404,3.1697274878369655,1.270775335794545,4.049674914416686,3.1867748769932107,-0.06104803376760524,3.06764080576263
701,118_0.mat,Ball,1,0.9297415346267539,-0.015708784754181547,0.7495538310124192,0.8644193212101114,0.636380029738816,3.159853641614573,5.878335039588096,0.8650172987474662,0.9300630617046708,-0.05698883204411519,2.0629242101083776,1.2403932795189847,4.215646042849726,3.398636636019173,-0.07083576157244068,2.7569804558528253
702,118_0.mat,Ball,1,0.9702635945375762,-0.015928431589558728,0.7822151511629047,0.9414114428849779,0.6641379571830361,2.9398854080337364,5.852563144237172,0.9420777257311089,0.9706068852687523,-0.05050543987925013,2.4679187157323135,1.2404050127306572,3.758410206781734,3.0299863094748436,-0.05523419827865736,2.7807207676962213
703,118_0.mat,Ball,1,1.0757908548664756,-0.01579687228711926,0.8541604486211476,1.1573259634143422,0.7174509460988814,3.585354241595521,7.050956278055152,1.1582074842366115,1.0762004851497753,-0.08878218139948041,3.9679998051751926,1.2594716327615516,4.197518449114662,3.3327614055960653,-0.07122726377621576,2.9580050302116163
704,118_0.mat,Ball,1,1.1026660415145322,-0.01640662105407783,0.8661263670419339,1.2158723991093279,0.7265826061827318,3.585354241595521,7.050956278055152,1.2167914948390945,1.103082723479565,-0.06670672024739373,4.683149567715162,1.2731006507505076,4.1395278772500355,3.2515322922865377,-0.049698735639796446,3.163047380455678
705,118_0.mat,Ball,1,1.0247907847373094,-0.019781403160133715,0.8071235129531373,1.0501961524825103,0.679333739692672,3.554896547089884,6.957240294960881,1.0508310507695438,1.0251005076428086,-0.027380009181915105,3.548619506938536,1.2696827292101704,4.404402164024035,3.4688997988966714,-0.025417582606529737,3.213613485660589
706,118_0.mat,Ball,1,0.9895372774421062,-0.01948739671902986,0.7871326648232047,0.9791840234475359,0.6644056059686405,3.065230535422323,5.900592585572986,0.9797610627294728,0.9898288047584152,-0.0975427320711634,2.883507582906078,1.257141675937316,3.894172700998123,3.0976402863191375,-0.10058069951356656,3.003867319536606
707,118_0.mat,Ball,1,1.0339710628465333,-0.019390157234618084,0.8152989394785273,1.0690961588039896,0.6851318409187674,3.858302042357584,6.920925351511853,1.0697648728650635,1.0342943840440513,-0.164633245548583,3.594564930655886,1.268210974868436,4.732377114117991,3.7315377392979503,-0.1487938701989723,3.1410125135437896
708,118_0.mat,Ball,1,1.0409639707796265,-0.018593937456375755,0.818554523279823,1.0836059884612874,0.6853701933514086,3.858302042357584,6.9783263911570925,1.084319159380238,1.041306467559017,-0.11947927722296423,3.761090585819053,1.271709997530001,4.713555337637429,3.7064703012383937,-0.10581735196835214,3.1988916500570372
709,118_0.mat,Ball,1,1.040118801595271,-0.01839831449361793,0.825100714703171,1.0818471214319827,0.6965104634147612,3.2432909033014354,6.363315252100945,1.0825658166360854,1.040464231310277,-0.06966581541393788,3.618278657781056,1.2605961709391948,3.9307818372988255,3.118192747139995,-0.061849794410399006,3.087403494352454
710,118_0.mat,Ball,1,1.1235689007690577,-0.018624825292600657,0.8875923806921167,1.2624070747753886,0.7527687607980132,4.264530792338284,8.176719524975073,1.2632938760840722,1.1239634674152323,-0.11674557583782802,5.451012314614372,1.2658613629509394,4.804605002363959,3.795522276751797,-0.08222120651375764,3.4156108260953184
711,118_0.mat,Ball,1,1.097326620665882,-0.01841318641476325,0.865484697912615,1.2041257124220046,0.730342496971379,4.264530792338284,8.176719524975073,1.2049633890476767,1.097708244046512,-0.06326542175861807,5.017152600588679,1.2678752418282588,4.927332398387397,3.8862912026563117,-0.047830578102773386,3.4554897347320623
712,118_0.mat,Ball,1,1.0591607423779628,-0.02123427545663911,0.8434084192324061,1.1218214781946374,0.7149896389788352,4.209736978961097,7.54296518930007,1.1224667426688566,1.0594653097996445,0.003643171785525534,4.027662921948898,1.2558100182835015,4.9913385768515655,3.9745968770572815,0.0030635108762556477,3.196731440836424
713,185_0.mat,Ball,1,0.972497823463327,0.0005430432969529522,0.7328707703365916,0.9457520166409085,0.5993489367334588,4.251169704440343,7.734314304855298,0.9466762102314403,0.9729728722998603,-0.027813932870577887,3.755742113849098,1.3269704057310854,5.800708496645422,4.371392513040708,-0.030196750236011514,4.19076045300793
714,185_0.mat,Ball,1,0.9327151408570936,0.0023668720675780754,0.7124604282337708,0.869957533984068,0.5899067713084233,4.251169704440343,7.734314304855298,0.8708023247959925,0.9331678974311067,-0.008962770890267322,3.1484629978715457,1.3091465910156406,5.966885367897925,4.557843566825008,-0.011029680321119397,4.152019973276417
715,185_0.mat,Ball,1,0.7298961877227268,0.0041169163124400165,0.5584012909757572,0.53274844485217,0.4626797326065849,2.997887676499982,5.567684705971782,0.5332522500026394,0.7302412272685235,0.022849486681719523,1.1629501980268928,1.307117658066281,5.368697610379925,4.107279537723402,0.05867828377898236,4.089740231986501
716,185_0.mat,Ball,1,0.6414213444990927,0.00042872924295366596,0.4903486389247407,0.41142134117902374,0.4073518485399242,2.997887676499982,5.567684705971782,0.41182332858958576,0.6417346247395302,0.016122018241930172,0.7596326923543415,1.308092433792257,6.113788106086673,4.673819638534883,0.06100325259022522,4.479007175862955
717,185_0.mat,Ball,1,0.616055459419572,0.002442735030686712,0.48671432610572707,0.3795243290806599,0.4108815752951378,2.5591554302631385,4.4237127910406535,0.3798893478174578,0.6163516429907994,-0.008196337207182575,0.47884704416265866,1.2657434276641426,5.258023635207247,4.154099101191539,-0.03500532736558887,3.3180473470294016
718,185_0.mat,Ball,1,0.711454287627281,0.004060798504113108,0.5682803950446964,0.506167203383242,0.48278902953597064,2.282473850837935,4.475856627163095,0.5066454842794927,0.7117903373041058,-0.006787695251611205,0.7921027739442019,1.2519423401366359,4.01645714111675,3.2081806105165773,-0.018822013096305705,3.085838420041907
719,185_0.mat,Ball,1,0.926854710754805,-0.00224310196461167,0.6841144472255444,0.8590596548483731,0.5663417685429527,5.71758207539392,10.197844521660471,0.8598943639317267,0.927304892649514,-0.1265154112609872,5.266848652139363,1.3548240568699423,8.357639717409072,6.168800793741998,-0.15866304247669052,7.122962104346757
720,185_0.mat,Ball,1,1.449210746489965,-0.001825336058177873,1.001593304188443,2.1002117877420017,0.7997020358833634,8.38892183560798,16.496607093267308,2.102261445583229,1.4499177375227978,-0.09960108563558863,35.83411331731957,1.4469053860766015,8.375576993694922,5.788614151475505,-0.03267638344741461,8.108176827226757
721,185_0.mat,Ball,1,1.9386208613103313,0.007141042650057774,1.384442589808066,3.7582508439076108,1.1007005181575011,8.38892183560798,16.496607093267308,3.761873554060118,1.939554988666245,0.0014967760051571022,73.15261255760666,1.4002898174186438,6.059421963293494,4.327262747979255,0.00020514008057083492,5.169177598413648
722,185_0.mat,Ball,1,1.6491412312432663,0.004732133766690797,1.1120441258946716,2.7196668005865563,0.8538610748281042,7.108737450805982,14.102247271318436,2.7223029064286295,1.6499402735943594,-0.12153668117341322,45.587441247667364,1.4829818285447993,6.392495841907716,4.31056923211027,-0.027058436757223598,6.151376694965178
723,185_0.mat,Ball,1,1.1113690671479866,0.002573676583449547,0.7923309972810434,1.2351412034133857,0.6384561749063964,6.65434116459613,11.456745708045148,1.2363419447826816,1.111909144122253,0.37925483727423215,10.39430132620306,1.4026575647808164,8.398435991299992,5.987516983594497,0.27588190957391845,6.8001437815473444
724,185_0.mat,Ball,1,1.2178823480369376,0.0037022680620244033,0.8934802680092734,1.4832374136599644,0.7258067198361973,6.65434116459613,11.189641567907739,1.4846735834174671,1.2184718229887253,0.46769455102375435,11.830288129593367,1.3630769381724435,7.4476643781008685,5.4638620678890435,0.25853291217286034,5.367021803176043
725,185_0.mat,Ball,1,1.491293328742081,0.00031649362629983854,1.0012662416725908,2.223955792350637,0.7822040719485319,8.762441967832006,16.326341505928724,2.226129646915737,1.4920219994744504,0.5081793273757919,44.41981248056086,1.4894073790497744,8.751360630301296,5.875733364419544,0.15299995878950465,8.963462664563638
726,185_0.mat,Ball,1,1.3727122732927213,0.0017360663332365348,0.8921461248496291,1.8843389852484709,0.6914896819755405,8.762441967832006,16.326341505928724,1.886177941968611,1.3733819359408406,0.5309975307050784,40.78534523249103,1.5386630452747332,9.821756463156852,6.383305619324854,0.20498331344786822,11.464069742825592
727,185_0.mat,Ball,1,1.0164861722753025,0.0026807161067397833,0.7651914714019206,1.0332441384268958,0.6298451207900797,4.81517446249941,8.845297262239573,1.0342469589839336,1.0169793306571837,-0.12770659465380285,4.841954439873735,1.3284076081136296,6.292770688715535,4.737078175609991,-0.12141628638980534,4.52660077497146
728,185_0.mat,Ball,1,1.0222926730807536,0.0012019079354579922,0.7637451218799273,1.0450823094345925,0.6228228698957109,4.81517446249941,8.845297262239573,1.046102449275027,1.0227914984370114,-0.1642633166620731,4.872238058646083,1.338525960811486,6.304687682509515,4.710172134936485,-0.15352505409790082,4.452255325071418
729,185_0.mat,Ball,1,1.0832835547999593,0.002215146141360838,0.8235582655615035,1.1735032601000366,0.6785495536390569,5.488021891326812,10.577749613409694,1.1746454679423965,1.0838106236526732,0.009790141570660958,5.979207292122336,1.3153696588304646,6.663793104642579,5.06609914551428,0.007690042869372823,4.333412136674145
730,185_0.mat,Ball,1,1.0500016988525522,0.003199286224427504,0.8023892549526335,1.102503567593246,0.6695513588646104,5.488021891326812,10.577749613409694,1.1035710382529442,1.0505098944098261,0.03634242600942804,5.624263033860291,1.308593917939775,6.8396004276552045,5.226679059013835,0.03134826238812192,4.61811809432128
731,185_0.mat,Ball,1,1.6365513029845185,0.003145246853446038,1.0491627425840022,2.678300167300325,0.7924241991520306,11.09295219452891,18.615349495711847,2.680908349282402,1.6373479621883682,0.8879064260009004,69.00817216086631,1.5598641054983198,10.573147276653478,6.778248976547403,0.2022759493848988,9.601444807233955
732,185_0.mat,Ball,1,1.6247857182991505,0.004020268975877005,1.021083850395323,2.6399286303888863,0.7606709510710795,11.09295219452891,18.615349495711847,2.642493027423341,1.6255746760525462,0.9415333072718636,69.01585498312902,1.591236329581069,10.863899365584224,6.827332410414308,0.2191870607903059,9.883736814099468
733,185_0.mat,Ball,1,0.7376586586136163,0.003605620725461361,0.5597570148570945,0.5441402966276397,0.4672091104915024,3.800264256833072,6.823393412593859,0.5446591898669283,0.7380102911660028,0.054348023987350266,1.4036127229556046,1.3178194091960103,6.789131991130986,5.1517923804626395,0.13520616817336928,4.731486711454164
734,185_0.mat,Ball,1,0.6693402476408059,0.0014243007314202675,0.5202998729206455,0.4480163671118554,0.4365103711954846,2.7456817752547007,5.062208743560353,0.44845228015912475,0.6696657973639722,0.02445175324898677,0.7201711085095233,1.2864509150891243,5.277114060852724,4.1020718310727355,0.08142085333832698,3.580990933899491
735,185_0.mat,Ball,1,0.6744225723868559,0.0018940275714900948,0.5132755899162538,0.45484580614490383,0.4254958650440937,3.4852729202566866,6.462643199420228,0.4552868348541245,0.6747494608031374,0.03678823060399842,0.933554460705807,1.3139580093718872,6.790256518566478,5.167788064857843,0.1197515825969775,4.503700208220488
736,185_0.mat,Ball,1,0.6493019348095246,-4.6193690479765306e-05,0.4976735474916034,0.4215930025473922,0.41297526764465275,3.4852729202566866,6.462643199420228,0.4220051147834409,0.6496192075234851,0.02182049037068612,0.8013356965616429,1.3046743956572753,7.0031307426651725,5.367722985876729,0.07959539350357046,4.499653376989589
737,185_0.mat,Ball,1,0.6027786147679282,-0.000314312108041745,0.47914967864582547,0.3633420584215423,0.40591741407397425,2.1337898207566552,4.180020169162301,0.36369713261050596,0.6030730740221337,0.010597467792240266,0.42126900247370047,1.2580173620699178,4.453284465895347,3.5399228978530233,0.048316146530565325,3.184782294502838
738,185_0.mat,Ball,1,0.7088399941618854,-0.0002083118034242131,0.556462983030624,0.5024541373234217,0.4693283828336361,3.018872516077322,5.417638157129653,0.5029452514016862,0.7091863305237109,-0.04766552335128667,0.8970942538721275,1.273831352267329,5.425109321073669,4.258891344925455,-0.13363594763976452,3.546472942250747
739,185_0.mat,Ball,1,1.2397736951184988,0.0005783767318254807,0.8782952047634761,1.5370388151077763,0.6967104528881977,5.273061587311847,10.155278124825827,1.5385409619963322,1.2403793621293173,0.04682746075470551,12.859306168760769,1.411568329638048,6.003746301593293,4.253245256025205,0.024537878602168283,5.432495933366656
740,185_0.mat,Ball,1,1.5646280449696184,0.005987509923337591,1.0784734972571515,2.44806091910545,0.8350701788962954,7.646138210843397,14.70881842621215,2.450418055212411,1.5653811213926183,0.13266532271404574,35.765151290418196,1.4507802453629486,7.089778497369194,4.886872784507055,0.03458574555837796,5.956342999778382
741,185_0.mat,Ball,1,1.3854220003025395,0.005151978110470012,0.8974890782871043,1.9193941189222898,0.6905440091172625,7.646138210843397,14.70881842621215,1.9212437906831779,1.3860893876958937,0.09786596507654789,34.76707806476966,1.5436644677004114,8.519477724929928,5.5189958071751155,0.03675005283270573,9.418966210747438
742,185_0.mat,Ball,1,1.1745435752607543,0.004303975673529776,0.7698718598127634,1.3795526101863151,0.6072591567113471,6.813666793886071,13.474392918007396,1.38088260414783,1.1751096136734778,-0.06985923098916245,21.820177120532072,1.5256351564075654,8.850390759228864,5.8011187812828515,-0.04305153717606196,11.44312796171701
743,185_0.mat,Ball,1,1.1846229052738082,0.0031587566961913723,0.8312709774344574,1.4033314276993578,0.6696632466567607,6.813666793886071,13.111514384992034,1.4046932206788112,1.1851975450020182,-0.1938069512959345,15.091393030161282,1.4250742987905964,8.196685531963139,5.7517601285156985,-0.11641183102046661,7.648325400331175
744,185_0.mat,Ball,1,0.9789993464040024,0.0011239665350039224,0.7101521973161116,0.958439720259464,0.575038080818753,4.496990646160427,8.665454235613193,0.9593753469459443,0.979477078315743,-0.02791656817028166,4.932475534539381,1.3785768038211672,6.332432206996804,4.593456229234361,-0.029708395530363252,5.359050275539167
745,185_0.mat,Ball,1,1.3443632296722394,0.005018958120361744,0.8704142657110873,1.8073124932947746,0.665960712170319,7.5064349023699455,13.98199720026056,1.8090539576096392,1.3450107648675675,0.2851530169712495,31.73067175806392,1.5445096463032046,8.623979635982781,5.583635982214759,0.11719273508795179,9.69563427909414
746,185_0.mat,Ball,1,1.69700030501363,0.0014367713554929162,1.132930546774487,2.8798100352163534,0.8701515683131363,9.575460147373756,17.0818950497437,2.882623032459561,1.6978289173116239,1.1115853312943775,61.25288065301628,1.4978855586898785,8.451939242548576,5.642580097998983,0.22712295425556475,7.371414170230753
747,185_0.mat,Ball,1,1.8603433673116463,-0.0006988230169484638,1.1314177842486806,3.4608774443004346,0.838721146814983,12.875420061979735,23.912737581783617,3.4642600223749263,1.8612522726312322,3.5971125330981706,153.73206530890045,1.6442585517120587,11.379898956174083,6.920991193458488,0.5578768004896193,12.809833873522201
748,185_0.mat,Ball,1,1.5268660082152772,0.003664856189806451,0.8404782120043303,2.331319807043255,0.6136981234051915,12.875420061979735,23.912737581783617,2.333585267735386,1.527607694316635,2.7472884107565516,124.02226814617667,1.8166634023412305,15.319159828378847,8.43258019544303,0.7706705130463611,22.774681955426864
749,185_0.mat,Ball,1,0.8211349021911599,0.001825439139090511,0.6244348285162603,0.6742625275964858,0.514516339981514,3.190202263336775,6.307275850973767,0.6749182952661561,0.8215341108354273,0.008683953162271319,1.8482303772343782,1.3150049687986975,5.1089435080231,3.885113462867045,0.015661763839685074,4.0574549093187
750,185_0.mat,Ball,1,1.186722925170794,-0.003056810185352121,0.8647176476838693,1.4083113011259258,0.698487087269115,4.910183054296483,9.73493495608369,1.4096785962916076,1.1872988656153967,-0.16110939496387744,9.830671591557161,1.3723819889047457,5.6783657271742305,4.137598549876896,-0.09625885869284219,4.947012145663892
751,185_0.mat,Ball,1,1.3859315712319078,0.005426331840068321,1.0080284375759856,1.9208063201373446,0.8155594079250061,6.060539928752809,11.440783309232154,1.9226544673133419,1.3865981636052105,0.18525880884015228,18.58992221295616,1.3748933259891893,6.012270788035135,4.37289982748674,0.06949075100997877,5.028924201617234
752,185_0.mat,Ball,1,1.1512579975868464,0.010138149302184735,0.8227636808884726,1.3253949770076752,0.6586929023390635,6.060539928752809,11.440783309232154,1.3265876907281284,1.1517758856340623,0.326284916615248,11.430167892892872,1.3992571917397296,7.366076152268761,5.26427607143755,0.21354679268388596,6.495022848515548
753,185_0.mat,Ball,1,0.976266183293395,0.0006729456310430742,0.7254723201144,0.9530956606422526,0.5864757390868353,4.215286625970877,7.582139436171434,0.9540268746562117,0.9767429931441596,-0.02605085319294621,3.7682303534977657,1.3456973563624062,5.810403111314235,4.317763636702501,-0.027956386643119818,4.140151427502672
754,185_0.mat,Ball,1,1.0399804180191554,0.0031161487306098213,0.7871910994756914,1.0815592698632974,0.645071772096564,4.215286625970877,7.582139436171434,1.0826067926763594,1.040483922353613,0.06432833299931535,4.3119735061974405,1.3211282733131933,5.354845384777741,4.053236534968279,0.05710789807545641,3.679040666846779
755,185_0.mat,Ball,1,0.8423220128831708,0.0007675145302606661,0.6241237622714416,0.7095063733875565,0.5077590228931534,3.3490604503858177,6.36793296646314,0.7101993383503602,0.8427332545653815,0.05640679209918377,2.205763210234268,1.349607343608048,5.366019774975161,3.9759859046285584,0.09424558330156603,4.373190159183581
756,185_0.mat,Ball,1,1.9485204874257063,0.0013099866774210008,1.0525297333336925,3.796732089917712,0.7312916011436474,12.064231843439735,23.168889797098174,3.8004417427420134,1.9494721702917468,-0.4644784033766595,220.34797431735697,1.8512735799418016,11.462129250465027,6.19148319008554,-0.06269232931788857,15.25600783838745
757,185_0.mat,Ball,1,2.205732185166517,0.006482178011552759,1.3866291836453963,4.865254472679458,1.048913620761035,12.064231843439735,23.168889797098174,4.8699682824485135,2.206800462762439,-0.43822890069310755,239.85490452764913,1.590715247580567,8.700402375575726,5.4694907770607255,-0.040776675615225036,10.113380282963071
758,185_0.mat,Ball,1,1.3490251670523994,0.001061613414640688,0.9921880449593019,1.8198689013407539,0.822779127562205,7.374777431022524,14.65348211032711,1.8216467261987654,1.3496839356674457,0.030367278739175822,21.94938463401321,1.3596466656745243,7.4328424621540305,5.4667456257549585,0.012351213798480379,6.61445450602921
759,185_0.mat,Ball,1,0.8963823301286119,-0.0032074968928966323,0.6847138724042328,0.8035012817667997,0.5676018620374713,3.838574013984254,7.189464425371819,0.8042764199218118,0.8968145961801758,0.025584885207770705,2.67103042803985,1.3091341745126903,5.60609937768645,4.282295494857889,0.03547116631834258,4.129221341776009
760,185_0.mat,Ball,1,0.9698624593877656,0.0012445159010395527,0.6374959327904877,0.9406331901296854,0.5030111728059486,7.685512127915445,14.15332694752001,0.9415511248301994,0.9703355733096666,0.07497318176452467,13.813189786308572,1.5213625836652804,12.055782213796844,7.9243320055496005,0.08206161926002925,15.581388842082475
761,185_0.mat,Ball,1,1.4412514742426046,0.0017454193012910184,0.8919548212432652,2.0772058120064814,0.6614430865605754,7.856841875174898,15.370725896990907,2.0792332667550095,1.441954668758699,0.32520237195567736,42.37520420378632,1.6158346139461166,8.808564837639095,5.451402489838433,0.10846731306051835,9.801789554897491
762,185_0.mat,Ball,1,1.4232158615377841,-0.0002519589876784885,0.9237282231840503,2.0255433885327374,0.697526284622855,7.856841875174898,15.370725896990907,2.0275233282996985,1.4239112782402203,0.10159345096297023,33.86786837679271,1.5407300825241448,8.505577374353905,5.520485042009062,0.035189810093411385,8.238651714417097
763,185_0.mat,Ball,1,1.0824190115846903,0.002595500175576669,0.7974752948315204,1.171630916639978,0.6492592823496354,5.383435860241944,9.558284409219908,1.172769462697232,1.0829448105500261,-0.1675648786050542,6.831708781433427,1.3573072653141083,6.7505989152586,4.9735230096850165,-0.13193621557044868,4.967113080254689
764,185_0.mat,Ball,1,0.842993013489197,0.003503777295534704,0.621828885696677,0.7106372207915974,0.5050749586085954,3.326713092047627,6.578636630794639,0.71131959237569,0.8433976478362327,-0.011353135542296373,2.372138979633427,1.3556671825294495,5.3498851027403385,3.946311581248132,-0.018924249551976354,4.68824811995503
765,185_0.mat,Ball,1,0.623837055464719,0.002118498804797792,0.46850334945102134,0.38917267177089093,0.3865889347535682,3.2774633768478005,6.073160668383212,0.3895486022906295,0.624138287794163,0.016537865199008454,0.7863790563800134,1.331553031999412,6.995602871743055,5.253717053407551,0.06802005394196627,5.182133985036818
766,185_0.mat,Ball,1,0.7085118357795127,-0.000755980043948118,0.5435608695926654,0.5019890214396552,0.4533088297297437,3.2774633768478005,6.073160668383212,0.5024791522309289,0.7088576389028539,0.01842556183848524,1.0551111124714008,1.3034636512910784,6.029616111435399,4.625841392243324,0.0517301416819841,4.178901183712708
767,185_0.mat,Ball,1,1.1713900324837854,-3.2683847734398235e-05,0.8120889140528671,1.372154608202364,0.6419729793138768,6.981804061382925,12.519841468990446,1.373495911735434,1.1719624190798243,-0.3710680106046787,13.516753498284416,1.442440614829136,8.597339454531467,5.960272725364519,-0.23052204269337476,7.165024035701073
768,185_0.mat,Ball,1,1.1869470831252462,0.0024105192518323526,0.8133731843368786,1.4088433781395302,0.635301830478134,6.981804061382925,12.519841468990446,1.4102147303590828,1.1875246230538055,-0.3656202647397852,13.912521936174459,1.4592896667616024,8.583764741477701,5.882152760335251,-0.21832445696444075,6.9957675163256825
769,185_0.mat,Ball,1,0.9246610019340509,-0.0009752551838922282,0.6388531523770611,0.8549979684976828,0.5070243297641398,4.579995119987987,8.462199690727754,0.8558327915855419,0.9251123129574819,-0.043484930697626795,5.032321744694906,1.447376440880195,7.1690890198153605,4.953161331994502,-0.05492314506796486,6.870534977753988
770,185_0.mat,Ball,1,0.8747441905088225,-0.0003350964814961726,0.5955756774791814,0.7651773988289351,0.4701143440686218,4.579995119987987,8.462199690727754,0.7659252604264183,0.8751715605676513,-0.00553866248173239,4.591395453787142,1.4687372630960587,7.690030491784804,5.235810845818425,-0.008262763288833807,7.826577932319184
771,185_0.mat,Ball,1,0.80137278191033,0.0031255016986643245,0.6017007545862727,0.6421983355867014,0.49700000315778115,4.690667751758069,7.800292219948998,0.6428163171355356,0.8017582660225808,-0.013620857634999942,2.213315515822849,1.3318460643447576,7.795682016346414,5.8532905754179705,-0.026428597407041114,5.356357357928197
772,185_0.mat,Ball,1,1.0185269500682175,0.003965190386222789,0.7282817069234023,1.0373971480152653,0.5934152930871582,7.028925456741021,12.980622714725497,1.0383954833696947,1.0190169200605526,0.17166805717881709,9.240046209855116,1.3985343039433824,9.651382686000437,6.901069683294434,0.1622352814153485,8.569363438801801
773,185_0.mat,Ball,1,0.974763613398035,0.002272303168360487,0.6801313745440972,0.9501641020047937,0.5455847122817232,7.028925456741021,12.980622714725497,0.9510877352595691,0.9752372712625216,0.17804638523715077,8.620306687786389,1.4331990110734139,10.334658449541879,7.2109025820433645,0.19195626409525146,9.529751030088605
774,185_0.mat,Ball,1,0.794227610851728,0.0029602659297016942,0.5847142203984662,0.6307974978392439,0.47763462411448354,3.980107283459454,7.220325063076939,0.6314053414436228,0.794610182066416,0.012631316724099922,2.149393819279231,1.3583175902736315,6.806927460632506,5.011293021135571,0.025175972046326694,5.391374406158713
775,185_0.mat,Ball,1,0.933050765856406,0.004443230975674377,0.6729724884737778,0.8705837316652258,0.5423914900198245,4.217116586972625,8.19722387043208,0.8714149805556713,0.9334961063419983,0.02023806100469798,4.3003176412086415,1.3864619755423713,6.2664026527002346,4.519707545706155,0.024878911098749065,5.663051256308148
776,185_0.mat,Ball,1,1.2406573289655525,4.421833404695389e-05,0.8684698486994636,1.539230607915939,0.6935393131338884,7.221538402417795,12.385757318961307,1.5407352302089286,1.241263561943606,0.6062795354783636,16.824600673885634,1.4285554424508948,8.31524365897533,5.820735696965753,0.3170157864972861,7.087429286099081
777,185_0.mat,Ball,1,1.180275815980983,0.0005950042305890094,0.8056547325134142,1.3930510017895752,0.6371215424820387,7.221538402417795,12.385757318961307,1.3944123785980154,1.1808523949241139,0.5424366026634356,15.838070917221124,1.4649896144684613,8.963564801363086,6.11851764192043,0.3294292390279355,8.145538942217296
778,185_0.mat,Ball,1,1.0422779697543647,0.002848030313047851,0.7124979663515345,1.0863433662352804,0.5614797795210618,5.460055374544307,10.386200827653784,1.0873971662537862,1.042783374557624,-0.20587781178886932,9.039342205759336,1.4628504486687328,7.663257486187328,5.238578894482292,-0.1815629574452818,7.644699771731133
779,185_0.mat,Ball,1,0.9164098577457177,0.0025165195564498966,0.6264837112523025,0.8398070273735266,0.5016748180438926,5.460055374544307,10.386200827653784,0.8406216140478172,0.9168541945412134,-0.11073504156840912,6.923273951053361,1.46278321572385,8.715398782869032,5.958093235672489,-0.14367600525566143,9.79739035837281
780,185_0.mat,Ball,1,0.8183770185472293,0.0016685171195096622,0.6031856329490821,0.6697409444862521,0.49669373580423914,3.7396071413437,6.759543817341889,0.6703928410457077,0.8187752078841345,0.044118919722450384,2.4567109877823388,1.3567581418421415,6.1997616273681695,4.56954075760537,0.0803768196537253,5.46632353131427
781,185_0.mat,Ball,1,0.786394364600904,0.0006168278227161417,0.5658748466877819,0.6184160966760595,0.457383911138208,3.7396071413437,6.759543817341889,0.6190202281410406,0.7867783856595456,0.07273552527528836,2.315882753260811,1.3896966249736893,6.608541028508373,4.755383951965118,0.14934452917614374,6.043755498080553
782,185_0.mat,Ball,1,1.3454456884769508,0.002586147207522202,0.7761257904146143,1.810224100641216,0.5716192108752395,9.653143821596988,18.975035548964613,1.8119869309711136,1.3461006392432602,0.03959986812499651,58.80821559592842,1.7335407547228479,12.437602178414588,7.174681151579745,0.016235331032773886,17.911331834882617
783,185_0.mat,Ball,1,1.3701549024577173,0.003455973236589573,0.8179285362659775,1.877324456728917,0.6156570314740615,9.653143821596988,18.975035548964613,1.87914761807368,1.3708200531337729,0.04627243246643979,59.00578028938427,1.6751523411948661,11.801940381801444,7.0452937870561945,0.01796308742263198,16.709858111507902
784,185_0.mat,Ball,1,0.5677615524840737,0.0022962051978330632,0.44037003915472267,0.32235318047912553,0.37118351064098104,2.637137463326352,4.593978378379241,0.32266300851506796,0.5680343374436689,0.018476733926256518,0.42445311056529544,1.2892828803080836,5.9884579531847155,4.644797541826649,0.10080949438443786,4.076912240099521
785,185_0.mat,Ball,1,0.5230283565244771,0.0017880272668725538,0.41494293203211463,0.2735586617286956,0.3531844826512719,2.0813476257942294,3.8650288325859155,0.2738228698335103,0.5232808708843754,-0.007030288893350552,0.2594577476611686,1.2604826257957245,5.015985247889768,3.9794164117999316,-0.04906463754964907,3.4604072084460045
786,185_0.mat,Ball,1,0.5714231596259105,0.0013900065152204653,0.45584823981615274,0.3265244273568588,0.3868044381712239,2.0813476257942294,3.8650288325859155,0.3268416765635155,0.5717006879159019,-0.008192615796312433,0.3322944224096702,1.2535381508879282,4.565878386695291,3.642392840978248,-0.04384463350024382,3.1106288276968685
787,185_0.mat,Ball,1,0.5329487557772574,0.0027794418806482593,0.42479895967412484,0.2840343762845268,0.35925336637028954,1.7663562892178442,3.531946777354806,0.28430429189741496,0.5332019241313884,0.001458721837744834,0.23834906229618127,1.2545905389807046,4.15809937615833,3.3143079331116168,0.009622709182075894,2.9488088131384687
788,185_0.mat,Ball,1,0.5071700297490568,-0.0008006664468751226,0.4012604527415258,0.2572214390756592,0.3383780602108343,1.7663562892178442,3.3244355927859033,0.2574722357391141,0.5074172205780112,0.0034959613474916367,0.20609916603966913,1.263942225760507,4.402019379545611,3.4827694571943435,0.026759070021938062,3.1089620877255073
789,185_0.mat,Ball,1,0.5411922387175059,-0.0010178631494737753,0.4209154479897874,0.2928890392480659,0.35179405897431953,2.5275289914771366,4.367312315234747,0.2931743062361085,0.5414557287868589,0.012214945363203842,0.3115549771405251,1.285750478631402,6.004837797097095,4.670297928629013,0.07694894494669059,3.6247902527658216
790,185_0.mat,Ball,1,0.6069436725162759,0.006735747367696607,0.4645954696299902,0.3683806216075443,0.3859466390348778,2.794334772774561,5.321863764251697,0.3686953053240484,0.6072028535210028,0.03094248723999966,0.5738975357522236,1.3063917153525997,6.0145545004861765,4.603944153804526,0.13821456428710877,4.2218144749404605
791,185_0.mat,Ball,1,0.5998454371794149,0.0014554772916018808,0.4568522512995471,0.3598145485049633,0.37870410625062456,2.794334772774561,5.304837205517838,0.3601641528963799,0.6001367784900205,0.02416696090093602,0.5559177037291543,1.3129965661147582,6.116495573393303,4.658424653373019,0.11180759644098491,4.285579284443654
792,185_0.mat,Ball,1,0.6366036528951889,-0.0010719025204552692,0.4899590970429791,0.40526421087949827,0.40701579954612455,2.2877946504422657,4.551411981544593,0.4056592134801491,0.6369138195079057,0.02257526721758254,0.5978942656844388,1.2992995879369231,4.669358451031907,3.5937504285972683,0.08737574328761996,3.6333036874937887
793,185_0.mat,Ball,1,0.6702200945190019,0.00413562224854899,0.5242691540139504,0.44919497509705986,0.4410111837655931,2.5027549544572314,4.654635493868611,0.4496169507791724,0.670534824434326,-0.010253104462031338,0.7095358795070648,1.2783893337731815,4.773797838935726,3.734228464530975,-0.0340088047005036,3.509853661989961
794,185_0.mat,Ball,1,0.6026851070668519,0.0021704597384338375,0.47724168278336765,0.36322933828018267,0.4033339262794611,2.5027549544572314,4.4269052708032515,0.36357968567149507,0.6029756924383396,-0.032339473555217345,0.44812519071385415,1.2628509386493874,5.244208636293935,4.15267429891123,-0.14751409903879453,3.390003434120761
795,185_0.mat,Ball,1,0.6234250967626614,0.0019418316304352541,0.5043306171885445,0.38865885127353383,0.43216102306221466,2.4498453172539065,4.455637588666638,0.38903499755325094,0.6237267010103471,0.014387308946149096,0.43356129422990736,1.2361436635292702,4.8576176693495725,3.9296546288745824,0.05929206298348573,2.864660499640415
796,185_0.mat,Ball,1,0.6132216222695788,0.0018940275714900922,0.49058740672837453,0.37604075801893394,0.4174146947228279,2.4498453172539065,4.455637588666638,0.376404753445529,0.6135183399422783,0.013203192170873419,0.4250451790097354,1.2499742428322334,4.993697929562486,3.995040664389576,0.05717369959991972,3.0000251534743985
797,185_0.mat,Ball,1,1.2214973922104133,0.0023647936302326413,0.7203050335075771,1.4920558791768401,0.5395299872069201,8.325072240356011,16.42956501825274,1.4935087916072303,1.2220919734648577,-0.4021301238970033,38.6096964046449,1.6958057147824557,11.557703824176983,6.815464603886056,-0.22032051217641166,17.309352400923515
798,185_0.mat,Ball,1,1.6254717896140827,0.004482721285237765,1.0145546919657098,2.6421585388312083,0.7635553093109874,11.186598267565133,19.29109104546186,2.6447211795680095,1.6262598745489631,1.815983294349754,83.44530550265185,1.6021529469871285,11.02611653776886,6.8820623889228845,0.42222311868095586,11.930046121453104
799,185_0.mat,Ball,1,1.2231401933761055,-0.00031639054538718566,0.7575208721330219,1.4960719326521366,0.5841354336789142,11.186598267565133,19.095285620022487,1.497534268358103,1.223737826643478,2.235164208171601,45.23591156981206,1.6146620355560388,14.76737959186685,9.145802196785631,1.21967544528217,20.171110474996336
800,185_0.mat,Ball,1,0.6557815768807657,0.0008994953016962294,0.5251976327752534,0.4300494765762236,0.44787129256301095,2.350878444613353,4.300270240220178,0.43046904741354064,0.65610140025269,0.03438630586179964,0.5592692114441706,1.248637724077755,4.476178676180139,3.584849784575765,0.1217510255075378,3.01812381995407
801,185_0.mat,Ball,1,0.6978690913677564,0.005960490237846841,0.5572396969907472,0.487021268686458,0.4748410027243223,2.630454144961172,4.929188753452083,0.4874617781352928,0.6981846304060931,-0.016983440980762144,0.768960021580769,1.252367868145783,4.720507456955511,3.769265865897521,-0.04990164172698212,3.236105150075354
802,185_0.mat,Ball,1,0.782697403799973,0.003211756848500152,0.6003056277659552,0.612615225915218,0.5033020074120871,4.65584883320947,7.286302978170642,0.6132037423127665,0.7830732675253105,0.10439768213015324,1.934753403284053,1.3038315278027415,7.755797410276684,5.948465921312006,0.2174120752339457,5.145363080360594
803,185_0.mat,Ball,1,0.7746856215475202,0.006117412257427684,0.5827648209096083,0.6001378122324676,0.4850079559618617,4.65584883320947,7.421451288120645,0.6006869978961232,0.7750399976105254,0.19507846482681024,2.053034529949235,1.329328047525283,7.989241399188098,6.009984829591761,0.41902215095842077,5.6898365490068805
804,185_0.mat,Ball,1,0.9204019986921784,0.0026911082934669914,0.6473043311147191,0.8471398391965569,0.5213670094369872,4.970840169785855,9.924355421997866,0.8479606837379224,0.920847807044097,0.015546441135177794,5.7894351716391785,1.421899954084561,7.679293851190398,5.400727265742188,0.019909823600562704,8.051647670014635
805,185_0.mat,Ball,1,0.9320436851804018,-0.001847159650305027,0.6557355122065034,0.8687054310846639,0.5248191598153317,4.970840169785855,9.924355421997866,0.8695511901700405,0.9324972869504986,-0.12146395584387414,5.886012835254114,1.421371372800475,7.580556607422023,5.33326951173795,-0.14979754310173082,7.784503120944224
806,185_0.mat,Ball,1,1.6367663910296397,0.00448376050391048,0.9333880909880081,2.679004218804191,0.6876984374714625,14.78239464017191,27.676671221887254,2.6816028674962236,1.6375600347761983,3.7263801087658024,177.36953257392884,1.7535753957342004,15.837350811395764,9.031462718918442,0.8485852153795365,24.665509953002378
807,185_0.mat,Ball,1,1.6299346709662257,0.004869310631489926,0.9367220696106053,2.6566870316177784,0.6998668755309494,14.78239464017191,27.676671221887254,2.659260255274794,1.6307238439646345,3.81057453962333,177.07069590722344,1.7400408550660584,15.780982555798179,9.069317257605075,0.878717341452384,25.03946288045746
808,185_0.mat,Ball,1,0.729747165180595,-0.001210118603927134,0.5695859061887258,0.5325309250891147,0.47632742164219766,3.053223992385023,5.650689179799343,0.533050017359657,0.7301027443857864,0.024392473892758063,0.9956981758200192,1.2811889431434078,5.360427565368886,4.183947726093926,0.06267638016140938,3.504223419747378
809,185_0.mat,Ball,1,0.7013958982805802,0.001690340711636801,0.5370543311034177,0.4919562061248221,0.44506958291777987,3.053223992385023,5.894381801677696,0.4924342416872484,0.7017365899589735,0.0259672319126851,0.9622423581520434,1.306005477766476,5.685130564176373,4.353067931913233,0.07514555395389196,3.968149102303207
810,185_0.mat,Ball,1,0.740217256741796,0.0031067957625553447,0.5519805900247448,0.5479215871783498,0.4558221532654403,3.950012446835218,7.511904881394269,0.5484475282877831,0.7405724328435289,-0.008444296829921875,1.7227858547645538,1.3410204454965922,7.156071278975564,5.336287976068806,-0.020790305241916704,5.727447673346895
811,185_0.mat,Ball,1,0.7073914564688997,-0.000519038186567755,0.5311358156417638,0.5004026726851911,0.44075724447830256,3.950012446835218,7.511904881394269,0.500891555193921,0.707736925131027,-0.008584971750771454,1.5082096215029948,1.3318466494541266,7.436916002463583,5.583913137072635,-0.024217165280798335,6.01138145944357
812,185_0.mat,Ball,1,0.537051705650767,0.002156949895688466,0.43038967438796616,0.288424534542398,0.3662228849002151,1.6655594555755422,3.157362485209916,0.2887018174781765,0.5373097965589093,0.007290984192216384,0.2449461843993116,1.2478266501472912,3.8698871155312315,3.1013018635779512,0.04700151748542946,2.9388109060328667
813,185_0.mat,Ball,1,0.5054840010469426,0.005425292621395586,0.4014755321318163,0.2555140753144255,0.3385872056809293,1.6240572186617614,3.103090329245741,0.2557343821219387,0.5057018707914167,-0.0020705926037925836,0.19199368836500655,1.259065523524154,4.045220913050537,3.212875610889469,-0.01601072424150155,2.9356799776470734
814,185_0.mat,Ball,1,0.4835783293931096,0.002527950961849811,0.38351787234216245,0.23384800065863076,0.32289610893623205,1.6240572186617614,3.103090329245741,0.2340701942966831,0.48380801388224554,0.00166327175851206,0.16455840700789767,1.2609016795973864,4.234632427269504,3.358416041299025,0.014687370148985938,3.003501431619108
815,185_0.mat,Ball,1,0.5118003705554708,0.0008610442108055432,0.40215568612595953,0.26193961930071724,0.3383620764073569,2.347685964850754,4.20236752750049,0.2621949276376054,0.5120497316058328,0.003992887874043939,0.25372563359706457,1.2726423825669761,5.837753998857039,4.587112671095099,0.02974066576322044,3.6907597382708652
816,185_0.mat,Ball,1,0.5614685271528155,0.0014773008837290214,0.43947032827523835,0.31524690698315194,0.36941150855916366,2.347685964850754,4.497139825580419,0.3155528816762629,0.5617409382235399,0.005864495689859619,0.35677671635513997,1.277602811901086,5.342080713524456,4.181331368209711,0.03308433773411083,3.5830445080608055
817,185_0.mat,Ball,1,0.5444217818314532,-0.0031305947111153003,0.42811382436967016,0.2963950765325344,0.3611678361025758,2.4506111183347894,4.72167756888318,0.2966749975866198,0.5446788022189039,-0.007710223901763045,0.3239093508274952,1.271675313526155,5.724204589602315,4.501309830195166,-0.047713971708149255,3.6801166991055663
818,185_0.mat,Ball,1,0.6816817366664287,0.0009712013901139543,0.5191558194075258,0.46468999010455825,0.433008637447758,3.290531654738177,6.561610072060781,0.465143288364962,0.6820141408834292,0.019466405111739304,1.01902645650777,1.313058066926937,6.338235134274484,4.827079086532026,0.0613628636602761,4.709902771333729
819,185_0.mat,Ball,1,0.6837837840018969,0.0019179296009626619,0.5237290905451528,0.4675602632639527,0.43827389233256564,3.290531654738177,6.561610072060781,0.46801362936992996,0.6841152164437874,0.011721515250039005,0.9958241893199808,1.305605887365998,6.282888833436309,4.812239967837899,0.03660968616417942,4.546379346089812
820,185_0.mat,Ball,1,0.6073443333487605,-2.437009835263887e-05,0.45092920984722196,0.3688671392508503,0.37259003318231954,3.743863781027165,7.079855953522605,0.3692277125950297,0.6076411050900273,0.03398113783477588,0.9336806434901158,1.3468729017425733,8.302553259495676,6.164318287746549,0.15145948721398259,6.848725751243607
821,185_0.mat,Ball,1,0.6344543970196358,0.0005295334542075826,0.4819747022305391,0.4025323818975496,0.40270944429010025,3.743863781027165,7.079855953522605,0.402925583507014,0.6347641951992992,0.05099708965677794,0.9589639941519659,1.3163645188888897,7.767759933650262,5.900918645387518,0.19939218239812595,5.906804732321721
822,185_0.mat,Ball,1,0.6486596021994282,-0.0008058625402387293,0.49614540068117763,0.42075927952552045,0.41249006634595714,3.1032395086657325,5.863521163972576,0.4211699288697485,0.6489760618618753,-0.05104149287084981,0.833908962800221,1.3073981967938237,6.254697724495516,4.784080121744452,-0.18673999167356065,4.701148076740058
823,185_0.mat,Ball,1,0.6061670999655325,0.0014544380729291538,0.4541483305586733,0.3674385530806239,0.37353209553525196,3.1032395086657325,5.863521163972576,0.3677956130939279,0.6064615512082591,-0.06170822560056135,0.7494286047613583,1.33473374044669,6.833096809673242,5.119445626192955,-0.27665163505878343,5.5400945393149845
824,185_0.mat,Ball,1,0.6052620285302691,0.0016903407116367949,0.45541721655806544,0.36634212318057635,0.3767863574781808,3.3671511690405422,6.147651862843843,0.36669736882810117,0.6055554217642686,0.00012051954409397769,0.7589091961619342,1.3290275521495782,7.393552651525283,5.5631297030333835,0.0005427449478185696,5.6438339532105
825,185_0.mat,Ball,1,0.6838526026920067,0.00044119986702631725,0.5055212315464652,0.46765438220863154,0.41557008438811155,3.3671511690405422,6.147651862843843,0.46811132751958967,0.6841866174660168,-0.006613021576962291,1.2134085157317527,1.3527673221531098,6.660751238347125,4.923796671652232,-0.020647915490662513,5.537436226501508
826,185_0.mat,Ball,1,0.5833166466289421,0.0012424374636941004,0.4423410193652735,0.34025831023443415,0.36970064326720253,2.7967614514562764,5.491065191669418,0.34058937339353756,0.5836003541753016,-0.008404503887255745,0.6204638725667728,1.318703491402718,6.322636447922236,4.794585355337117,-0.04228296581623231,5.348774785769749
827,185_0.mat,Ball,1,0.4824629835544229,-0.0030360258118977005,0.38565217500483917,0.23277053050023533,0.3275882822659631,1.5591434634889254,3.094577049878812,0.23298884121275165,0.4826891766061796,0.006617473527620334,0.16615671295424342,1.251031408151965,4.042874809315722,3.231633341068163,0.05884228518657242,3.0608894837131735
828,185_0.mat,Ball,1,0.5048687984180663,-0.0032116537675875275,0.4041765392121433,0.2548925036161021,0.3448617379522095,1.7304732107483778,3.25313687808787,0.25513134059598,0.5051052767453336,0.003625720233230827,0.1983600432693315,1.2491294012288594,4.281478618519739,3.4275701254804,0.028135107155210278,3.0473797142450727
829,185_0.mat,Ball,1,0.5433420643895677,0.0011260449723493604,0.4280247429298709,0.2952205989351171,0.3618664931661902,2.0603627862168894,4.018267861190644,0.2955079129040327,0.5436063952015583,-0.004063846317390986,0.30573751482722694,1.2694174188834717,4.81365346336918,3.792017812071789,-0.025297849463279384,3.501148260499644
830,185_0.mat,Ball,1,0.6695610586671795,-0.0003964103831867057,0.5066100802243849,0.4483120112835143,0.41884389612982087,3.4384498837385755,6.53713439388086,0.44875008664881544,0.6698881150228114,0.012506543762206997,0.9831010562759164,1.321649696289698,6.787172261177372,5.135379125210744,0.04160355945533797,4.8819021658372055
831,185_0.mat,Ball,1,0.6997935132063429,0.00031233675160892947,0.5327188663006772,0.489710961125676,0.4442332216952393,3.4384498837385755,6.752094697895824,0.49018956431783384,0.7001353899909887,0.0019005852543618612,1.1811417684971102,1.313626299861608,6.454529961759213,4.913520658371396,0.005537850961709324,4.915570226858308
832,185_0.mat,Ball,1,0.6574382002688558,-0.0002800178918419649,0.4970885062538243,0.43222498717275215,0.41641187211894787,3.9471183259126033,7.2607631400698525,0.4326474160049246,0.6577593906626682,0.06756183225314831,1.1726412381212912,1.32257775425576,7.940473932199868,6.003786096232995,0.2374106776427481,6.264651760528877
833,185_0.mat,Ball,1,0.585124103388115,-0.0006821955181849429,0.43881876742174736,0.3423702163657456,0.3659346276245704,3.9471183259126033,6.726554859795038,0.3427044232633637,0.5854096200639034,0.08218185550837144,0.8585954845740068,1.3334071986588958,8.994871274751212,6.745779746639012,0.4096343597886558,7.310535331909666
834,185_0.mat,Ball,1,0.7022218480201113,9.410083033754802e-05,0.46838641310253,0.4931155238367803,0.37466683960467984,4.840714300600198,8.830399023347447,0.4935975438332137,0.7025649748124466,-0.16628034562325916,2.9935269965140243,1.4992361613719472,10.33487344034087,6.893425936890914,-0.4794920750148387,12.286755020420046
835,185_0.mat,Ball,1,0.7307198914782316,-0.002426004451010554,0.5028633666682087,0.5339515598019585,0.4069381204995825,4.840714300600198,8.830399023347447,0.5344676153349627,0.7310729206686312,-0.15979377676611364,3.045886676360646,1.4531181627293013,9.62630134038874,6.624582630152447,-0.4089571150106873,10.662792316415421
836,185_0.mat,Ball,1,0.497002127387181,-0.002178670406902989,0.3947799239734012,0.2470111146273837,0.33288136918796635,1.609924780850518,3.1882231229150344,0.24724782097281053,0.49724020450161766,0.004646513360319754,0.18179230829533166,1.2589346549937739,4.078031032183163,3.2392714077722533,0.03779448927840487,2.973791792655228
837,185_0.mat,Ball,1,0.5744306044921752,0.0008184362452239883,0.44162665852551364,0.32997051937724575,0.36721815031870386,2.196276897247776,4.307719359666242,0.3302924007119285,0.5747107104552067,-0.019287499701431222,0.4209045298702877,1.3007154196912878,4.9731528992739005,3.823398126890487,-0.10160803669291486,3.8582151001033487
838,185_0.mat,Ball,1,0.5804302382147567,-0.00445975539352529,0.4477962472943655,0.33689926143403925,0.3742222691013621,2.196276897247776,4.307719359666242,0.3372086773648583,0.5806967171982793,-0.01805424725074576,0.4346306212247722,1.2961927254202872,4.904634441474264,3.783877463033515,-0.09220007474496954,3.8222829842611152
839,185_0.mat,Ball,1,0.5494800267021246,-0.002645279590954659,0.41092754658057223,0.3019282997445676,0.340016441698193,3.4753971221289066,6.805302693939133,0.3022164354782249,0.5497421536304314,0.023097582766552233,0.6242309757510702,1.337170095490419,8.457444994963398,6.324883441134811,0.13902388274706298,6.834537923238233
840,185_0.mat,Ball,1,0.6014532163602891,0.001839988200508597,0.4501894805270585,0.3617459714701368,0.37016767313464305,3.4753971221289066,6.805302693939133,0.3620961954794567,0.6017442940979638,0.022049194887874306,0.7584153927482604,1.3360001563226287,7.719854133535889,5.778333256166773,0.10119447311081721,5.784411959316962
841,185_0.mat,Ball,1,0.5281319013057252,-0.0021724350948666635,0.4167154603511386,0.27892330517680025,0.3527964782779177,1.994086512283204,3.91398018894576,0.2791912333914176,0.5283854969540871,-0.00314430114320365,0.27465967948194003,1.2673681481830215,4.785247253841107,3.775735772350345,-0.021314319308692393,3.5236385629289604
842,185_0.mat,Ball,1,0.5302832617875002,-0.0017442770017056647,0.42559953678875784,0.2812003377319905,0.3644938004279963,1.7269823721457964,3.363809509857952,0.28147217039613426,0.5305395087984817,-0.012198615262452608,0.23792060108801932,1.245967666664673,4.057763749397381,3.256716733470255,-0.08168782658744113,3.003040052409979
843,185_0.mat,Ball,1,0.5425483695725672,-0.0017567476257783167,0.4276808877947462,0.29435873332585105,0.3603428528028687,1.7269823721457964,3.3787077487500783,0.2946433848441422,0.5428106344243286,-0.006070015442139928,0.275950639742103,1.268582218786639,4.038016243949102,3.1830938382566183,-0.03795288140609056,3.1786156343861336
844,185_0.mat,Ball,1,0.4939616106092298,-0.002865593949571484,0.3926733499738705,0.24399807275566432,0.3316635559001363,1.6844159753111494,3.3361413519154315,0.24422836539005674,0.49419466345768726,-0.0065064290121086,0.18230220600595426,1.2579453396591374,4.289611137142221,3.4100139345449487,-0.053907419330544916,3.056326299227416
845,185_0.mat,Ball,1,0.6991930098041261,-0.004053420892491433,0.5005340988860033,0.4888708649589528,0.40552866553828415,4.290841980352375,7.794971420344669,0.4893322983105901,0.6995229076381917,0.0830188946447752,1.719756109667567,1.3968938606957337,8.572526806652272,6.136849081984224,0.2425331588797096,7.182226491898392
846,185_0.mat,Ball,1,0.7204540668358953,-0.004030558081691572,0.5146950363776445,0.5190540624203807,0.41250152184338423,4.290841980352375,7.794971420344669,0.5195451853670158,0.7207948288986372,0.06850156303674751,1.8055021736229842,1.3997688260313446,8.336668662170158,5.955746768410963,0.18292181178616043,6.6888486081951575
847,185_0.mat,Ball,1,0.5834092082856412,-0.002363651330647298,0.4592496899025514,0.3403663043124787,0.3844498673048501,2.1345556218375377,3.958674905622138,0.34069342588858514,0.5836894944134126,-0.015658675836879153,0.3695058858401916,1.270352971622398,4.647919571346522,3.6587623087169128,-0.07874253704598037,3.1834193654884886
848,185_0.mat,Ball,1,0.9194265424949035,-0.00013140962164287224,0.5984634621752012,0.8453451670441325,0.4728965646198412,7.169394566295354,13.986253839944023,0.8461714891204881,0.9198758009212374,0.09928596844243237,12.578180280429962,1.536311906413768,11.979669636347026,7.797680657372688,0.12755582443837832,17.56713904657117
849,185_0.mat,Ball,1,0.9067022142925657,-0.004025361988327958,0.5794705754670086,0.8221089054030417,0.45428255929197947,7.169394566295354,13.986253839944023,0.822896311543146,0.9071363246740514,0.08439038391983333,12.556766565544862,1.5647079466636746,12.372318578048596,7.90711046391478,0.11305122928463243,18.543324112067523
850,185_0.mat,Ball,1,0.5699282336697825,-0.005594582184136471,0.4611413107573375,0.32481819153395824,0.3964587735297915,2.2199867743468147,4.090630735809544,0.32510437692723615,0.5701792498216997,0.0009118854228297082,0.31108081211991173,1.2359079969056495,4.814113857411932,3.895204068147963,0.004919331036102662,2.943252970855089
851,185_0.mat,Ball,1,0.5568023444609456,-0.0026099461560821443,0.45100422796647155,0.31002885079720544,0.3865407493952955,1.9635242334180685,3.6990198849307943,0.31032509082477633,0.5570682999639958,0.021724405209957172,0.28173527788438774,1.2345834250163719,4.353671455070454,3.526429536347372,0.12566737922500235,2.9255494873578156
852,185_0.mat,Ball,1,0.6505356433515265,-0.002940417694007376,0.5104561022865788,0.42319662327078444,0.42701306090356284,2.1654162595426567,4.2321640052847425,0.4236016507015824,0.6508468719303968,-0.007383161630632098,0.5929975387906912,1.274420347677674,4.242120428844855,3.3286665867887177,-0.026779712504137684,3.304742329454087
853,185_0.mat,Ball,1,0.6767599368692787,-0.0038279104405109917,0.5332802580000757,0.45800401215131004,0.4469925755999718,2.1654162595426567,4.2321640052847425,0.45843705168625676,0.6770797971334374,-0.024405069538628654,0.6477566637689397,1.2690511728411171,4.060559578296425,3.1996815141817763,-0.07862496827585151,3.082140752577417
854,185_0.mat,Ball,1,0.5717459869358159,-0.0013223542205809905,0.4531643944710781,0.32689347357721016,0.3818489205271163,1.7599713296926474,3.4021192670091334,0.3272112672096598,0.5720238344769034,0.0007410106707149075,0.32038373504381423,1.261674557644542,3.8837370083829232,3.07823993504854,0.003958968874146131,2.9923608255095893
855,185_0.mat,Ball,1,0.5509230055196708,-0.004654089285324088,0.43655443617943457,0.30351615801082715,0.36854690043610816,1.9486259945259417,3.628785330153627,0.3037911685267658,0.5511725397067291,0.009559684551722989,0.2835006989150869,1.2619800873858626,4.463649508581663,3.537020554595135,0.05709273460546181,3.0718771615703435
856,185_0.mat,Ball,1,0.5470440076610122,-0.007405940330688936,0.4320902441274804,0.29925714631782163,0.3642457658915887,1.9486259945259417,3.628785330153627,0.2994947737306112,0.5472611567895269,-0.007869082548330382,0.2813051456553556,1.2660410992717317,4.5097662375050644,3.562100977678359,-0.04801094218677163,3.136166994510295
857,185_0.mat,Ball,1,0.5233712858632753,-0.004000420740182658,0.4204187792141524,0.2739175028661782,0.3575414102174397,1.6471703780808336,3.22546872014535,0.27416924290135064,0.5236117291479925,-0.011374084270218892,0.21744618695660534,1.244880846760264,3.9179276938004763,3.147231081584385,-0.0792297603753923,2.89277283768351
858,185_0.mat,Ball,1,0.6123634678472714,-0.004047185580455099,0.4781701130490503,0.37498901675393614,0.40196448350617425,3.150828346264727,5.855007884605647,0.37533917921001075,0.6126493117681687,-0.032548133341520846,0.5703948894222022,1.2806393606268214,6.589346051276375,5.1453564944625745,-0.14154359980526873,4.048813998098696
859,185_0.mat,Ball,1,0.6479273998698826,-0.003047457217297626,0.4995278049697921,0.41980991550214664,0.41579721645199025,3.150828346264727,5.855007884605647,0.4202109908023609,0.6482368323401262,-0.046520834262090235,0.7103548593023891,1.297079748959655,6.307613540049005,4.862934252962009,-0.170783686257741,4.022912076837525
860,185_0.mat,Ball,1,0.5695789974349429,-0.005983249967734075,0.44448350953178606,0.3244202343189947,0.3733909739359386,2.290987130204864,4.3843388739686056,0.32470152637316707,0.5698258737308856,0.00014522776769682402,0.38445575010706673,1.281440110193626,5.154268001107646,4.022246502272966,0.0007849159721467403,3.6465124479666606
861,185_0.mat,Ball,1,0.5566967321964879,-0.006826056311310696,0.442839047979941,0.3099112516382482,0.3751656120063869,2.066747745742086,4.083181616363479,0.3101675545960182,0.5569268844256113,0.009416091429302387,0.30069749560240017,1.2571085019143278,4.667040440912147,3.712519988367578,0.054509991935656005,3.1256264905065083
862,185_0.mat,Ball,1,0.5703465329944932,-0.0031357908044788965,0.4589527162325874,0.3252951676988386,0.3904633352293354,2.0164338706213933,3.6245286904701626,0.3256033064938671,0.5706166020138803,-0.0014976640070061662,0.29945931969250056,1.2427130569681848,4.39355471554746,3.5354538933216006,-0.008060856370228091,2.8246212408907763
863,185_0.mat,Ball,1,0.5610908118215426,-0.0039048126222923436,0.4494385430382819,0.3148228991105577,0.38101949078499125,1.8610665221749327,3.621336210707563,0.31511538141360423,0.5613513885380567,-0.00933789183963309,0.28583655307875633,1.2484261096683515,4.1408698719732895,3.316872212057424,-0.052789121600457116,2.8785817063629815
864,185_0.mat,Ball,1,0.5707143913610607,-0.004596932258324447,0.4506113255582576,0.325714916506626,0.3793933216828286,2.0146039096196446,3.9735731445142655,0.32601215596649946,0.5709747419689416,0.005539196394219674,0.3481387778658034,1.2665336155338354,4.470823957030602,3.529968650013561,0.029757474678825762,3.275554371168501
865,185_0.mat,Ball,1,0.6101543783067864,-0.00528801267568382,0.4680243473928225,0.37228836536694104,0.3915681532134512,2.999717637501732,5.205870332877286,0.37262429320021123,0.6104295972511582,0.012840031624159125,0.5898378191754227,1.303680848452458,6.409319630924238,4.916325677808303,0.056449401988597325,4.248056503139725
866,185_0.mat,Ball,1,0.5860882331076259,-0.005733837486281069,0.4512426655290881,0.34349941698721886,0.37832542878399156,2.999717637501732,5.205870332877286,0.3438022845133699,0.5863465566653989,-0.004126159927030563,0.515217015464238,1.298831599665184,6.647681761160317,5.118201438017546,-0.020468354007150028,4.35885759920029
867,185_0.mat,Ball,1,0.8141745762372721,-0.005699543270081278,0.5768065141516786,0.6628802405911415,0.4650897476291637,5.184736313879955,10.072273650998266,0.663495700817984,0.814552454307262,0.0010799753580394023,3.586034023284899,1.4115211188855663,8.988692371992828,6.368089185288706,0.001998281540408315,8.145883213914624
868,185_0.mat,Ball,1,0.8696127206570754,-0.006501820085421781,0.6218343635354375,0.7562262839286007,0.5004163182842404,5.184736313879955,10.072273650998266,0.7569231930699098,0.8700133292484143,0.04283636402983888,3.9897259600822474,1.3984635968194108,8.337809259034534,5.962121057700754,0.06504813980408389,6.96369018446248
869,185_0.mat,Ball,1,0.6139761818472608,-0.003156575177933315,0.47400235080991354,0.3769667518757406,0.39805243756660064,3.425679964688181,5.785837489749346,0.37732526961749746,0.6142680763457413,0.04224281804689043,0.6420639024633887,1.2953019764498697,7.227137078176085,5.579499768827857,0.18225482977737217,4.5096877454225455
870,185_0.mat,Ball,1,0.5467015705893509,0.0003331211250633497,0.4426461320434528,0.29888260728486293,0.37997322584176085,2.0483586682473787,3.654325168254416,0.2991746590681752,0.5469686088507961,0.0025267551373105877,0.25275244834535326,1.2350759015204684,4.627530932635986,3.7467583384395198,0.015441018744464362,2.8238769052357426
871,185_0.mat,Ball,1,0.5364595406768703,-0.004944031295013212,0.4317156300437748,0.28778883878323863,0.3688472849936321,2.0483586682473787,3.587283093239847,0.28804568995689106,0.5366988820156896,-0.003284543238979228,0.2397591135645863,1.2426224656754543,4.744694251711332,3.8182910600472733,-0.021246280535586522,2.8896973640661643
872,185_0.mat,Ball,1,0.5569500343600524,-0.005826327948153225,0.4486868188219245,0.3101933407736636,0.38366590686151864,1.949391795606825,3.4883162205992937,0.3104625807903572,0.55719169124311,-0.027362411111207748,0.27700751438613297,1.2412890483860064,4.344660270432767,3.500119715125286,-0.1581759562779805,2.8739090743081928
873,185_0.mat,Ball,1,0.5786665399794134,-0.0016445120091244602,0.4622753508203679,0.334854964491746,0.3918748538726677,2.0231171889865736,3.9725089845933983,0.33517958388438496,0.5789469612014428,-0.015810777123820494,0.33939601155181154,1.2517789212668216,4.3764331915857335,3.4961710228745067,-0.08147734720384804,3.0210062198231236
874,185_0.mat,Ball,1,0.5739636951668042,-0.007175233785344907,0.4565511207548922,0.32943432336953216,0.3858077893758354,2.0231171889865736,3.7639336401036294,0.329704816749765,0.5741992831324025,0.00884008283744048,0.3307287695084331,1.2571728971259934,4.4313048353423925,3.52481734649627,0.046694786794270124,3.042435579286133
875,185_0.mat,Ball,1,0.5711427827881429,-0.004992874572631086,0.4527194341379871,0.32620407833098375,0.3819637847030705,2.3370443656420927,4.054449298500094,0.3264979952329554,0.5714000308303767,0.022497914207728335,0.336471258714291,1.2615822068128828,5.16223556889455,4.091874109358908,0.12059282745895746,3.1563629354410714
876,185_0.mat,Ball,1,0.5504146128469191,-0.0014429035866166118,0.4324539706629327,0.30295624603542376,0.36259278847571963,2.3370443656420927,4.090630735809543,0.303250306942537,0.5506816747836603,0.0032397695714250184,0.303966731410067,1.2727703991291495,5.404145930384461,4.245970784732461,0.019400469868699075,3.3053964417932096
877,185_0.mat,Ball,1,0.6177460846663488,-0.00435791196359864,0.4829426228057852,0.38161022512060383,0.40556448450816657,2.561582108944854,4.638673095055619,0.3819642456825958,0.6180325603741245,-0.00864224084324882,0.49974802054362244,1.2791293530401344,5.304112720590593,4.146658590841972,-0.03660937351958175,3.4253555562919433
878,185_0.mat,Ball,1,0.6563401345963951,-0.001612296230270104,0.5217427164293249,0.43078237228201405,0.4432502706647728,2.561582108944854,4.638673095055619,0.43120086737993063,0.6566588668250286,0.023856151100409773,0.5823392807244165,1.257976611704257,4.909665297238386,3.902827168288515,0.08425213950362712,3.1319645240788194
879,185_0.mat,Ball,1,1.081140869000303,-0.0020352582300674927,0.7085394076859742,1.1688655786227302,0.5628675202950401,9.087010743696183,15.124904955270818,1.170004018395882,1.0816672401417553,0.7137048088122281,22.93761706665576,1.5258726011157033,12.824989894860916,8.405020108147655,0.5639460939449971,16.756124996479034
880,185_0.mat,Ball,1,1.2594774233565373,-0.0023792396107381094,0.8629937879012968,1.5862833799448222,0.6852822106657415,9.087010743696183,15.124904955270818,1.5878283327699176,1.2600906049843867,0.7334661496995695,26.337284659375094,1.4594281453844349,10.529636332359049,7.214905622898637,0.36658505431977073,10.44633390648092
881,185_0.mat,Ball,1,1.338102794102747,0.0024032447211233183,0.9200579068274715,1.7905190875855785,0.7203242184883383,7.379034070705988,14.35338901264285,1.7922635693923736,1.338754484359389,0.34144608839192064,23.76398193849201,1.4543680176776228,8.020184399199646,5.514549482462159,0.14230472686649379,7.398019288833638
882,185_0.mat,Ball,1,1.2782920583028035,-0.0017453162203783785,0.8316736408016688,1.6340305863200177,0.6334251572694601,7.379034070705988,14.390634609873166,1.6356248300644185,1.2789154898054909,0.1004423902851434,25.565057787328296,1.53701163002965,8.8725116544325,5.772572881738314,0.04801661018336419,9.556071466332003
883,185_0.mat,Ball,1,1.5754971603887624,-0.0021537291587576854,0.837379621417599,2.482191302393054,0.6065736340994555,14.894131431862856,26.063404781854146,2.4846130437693206,1.5762655372015595,2.4882183911914426,158.84405099591928,1.8814610722431047,17.786594097705425,9.453607284305225,0.6353314504135155,25.73080850093065
884,185_0.mat,Ball,1,1.651048006589871,-0.0015998256061974555,0.9422335900891907,2.7259595200643862,0.6948459384289504,14.894131431862856,26.063404781854146,2.7286216301831416,1.6518539978409537,2.742992512127276,157.99680169216228,1.7522703753660835,15.807260098249298,9.021016573961811,0.6085687474707796,21.220795521523023
885,185_0.mat,Ball,1,1.1101429576036954,-0.00349120359054943,0.7904818874005979,1.2324173863170804,0.6296268857632279,5.066614562663809,9.20711163533407,1.2336098949776337,1.1106799246306893,0.17521707449780755,8.23352169460005,1.4043875960938956,6.409526446353295,4.563929832600849,0.12788207029365625,5.410407116184885
886,185_0.mat,Ball,1,0.912288940856669,-0.0020976113504307435,0.6595734245147871,0.8322711116093828,0.5379580611118626,5.066614562663809,9.20711163533407,0.8330802665838412,0.9127323082831248,0.0067969788684913435,4.627305020777313,1.3831499374408667,7.6816535875188805,5.553738882223586,0.008938932312579438,6.667368109034808
887,185_0.mat,Ball,1,1.3768424195222586,-0.0006614111447304991,0.8123521666180828,1.8956950481959072,0.601905342700965,10.658774946815512,17.89491322928545,1.8975476846419879,1.377515039715352,2.171309875488221,56.061790883166736,1.6948836675755048,13.120879570219058,7.741463217342031,0.8306780984734343,15.569747530922966
888,185_0.mat,Ball,1,1.6347586988365532,-0.0010261768988555214,0.9822365743199102,2.6724360034217804,0.7177750704023125,10.658774946815512,17.89491322928545,2.675047301262893,1.6355571837336942,2.092860081790037,76.28306829855296,1.6643227727157053,10.851535389205681,6.520090674173974,0.4783469353032042,10.660196780350217
889,185_0.mat,Ball,1,1.1124362463942536,9.929692370116462e-05,0.6795396511283762,1.2375144022917366,0.517134508693849,7.054465294841808,13.833014811339297,1.2387240839200606,1.1129798218836047,-0.21715637920970093,21.393908329056902,1.637043908395066,10.381241599540926,6.341455807198972,-0.15751093864784868,13.942510096068407
890,185_0.mat,Ball,1,0.5579927599441203,-0.0014054917143986596,0.43370041146312566,0.3113559201500567,0.36195713084806774,2.4718943167521124,4.547155341861128,0.31165829855027544,0.5582636460940972,-0.014458601770493353,0.36410587203317213,1.2865857287531668,5.699543397727627,4.429975609352401,-0.0831013833156098,3.7486102833031953
891,185_0.mat,Ball,1,0.6105839926498237,-0.0031368300231516197,0.48005467298925664,0.3728128120801999,0.4041453434078209,2.2966062886491785,4.199175047737892,0.37316739366047735,0.6108742862983163,0.0393611551598591,0.46876025201686217,1.2719051120708835,4.784051521347843,3.761327378856696,0.17266817610608273,3.36622701114912
892,185_0.mat,Ball,1,1.2029585069169801,0.0014835361957653598,0.6932108156384533,1.4471091693639302,0.5238380037900697,9.003707911028641,17.940672105882697,1.4485215403009857,1.2035454043371134,0.16345288578438996,42.956305491053364,1.735342957405114,12.988412338493534,7.484637133575323,0.09375731375067461,20.472788823253953
893,185_0.mat,Ball,1,1.2727794126950072,-0.0026016324067003665,0.7574370645365116,1.6199674333802472,0.5685603141641535,9.003707911028641,17.940672105882697,1.6215442041509334,1.2733986823265262,0.15519270730443924,44.19843498528183,1.6803764593592496,11.88707066576716,7.074052126563664,0.07515850294666553,16.809287575879125
894,185_0.mat,Ball,1,0.8168710253112398,-0.006176544640860154,0.6116471553778469,0.6672782719930361,0.5008485793661547,4.347242456158281,7.732185985013564,0.6678923609230495,0.8172468176279731,-0.04561811293957774,2.166653370743986,1.3355265664650722,7.107435092158079,5.32182232133475,-0.08357523410121033,4.8570937303706
895,185_0.mat,Ball,1,0.7226653564521238,-0.004022244332309792,0.5577400176588894,0.5222452174160752,0.4621199603871142,3.384943528855283,6.183833300153292,0.5227395267857331,0.7230072798981578,-0.04522644373133934,1.0549745678243925,1.2957028966367017,6.069034714520747,4.683970939839635,-0.11966425155749406,3.860746705306461
896,185_0.mat,Ball,1,0.6656812764348344,-0.0015863157634520846,0.520120923313466,0.44313156179591046,0.43439167293389075,2.798889771298009,5.218640251927679,0.44356221162049464,0.6660046633624231,0.015189300524665371,0.7047772126971985,1.2798586763108593,5.381228952417658,4.204549339713623,0.05141690895687231,3.582141798309543
897,185_0.mat,Ball,1,0.6421339954792656,-0.002449906480483132,0.49216577589676613,0.4123360681501655,0.409935290823718,3.0032084761043127,5.422958956733984,0.412733125801568,0.6424430914887077,-0.0035211604053551875,0.7328765954148038,1.3047107843042123,6.1020262342015155,4.676918676230729,-0.013279502951191223,4.302215884726425
898,185_0.mat,Ball,1,0.6539690901747642,-0.0013265110952718792,0.47680362786500563,0.4276755709040089,0.38791242307861845,3.2529876986678787,6.2561961747721915,0.42809186973886487,0.6542872990811184,-0.017242549591716647,1.0324194402208555,1.3715690316822564,6.822489403503561,4.974222402152964,-0.06155963185653163,5.633550787384817
899,185_0.mat,Ball,1,1.093552486693574,0.0011135743482767202,0.7271015625021342,1.195857041153699,0.5641660956961423,7.000958939958516,13.078525427445184,1.1970247706084172,1.0940862720135087,-0.2630112185703491,13.740709074188274,1.5039886352724763,9.628584644842292,6.402032847202388,-0.200825828397034,9.589652489507758
900,185_0.mat,Ball,1,1.1175086886955994,-0.0012288245400361103,0.7562857364926829,1.2488256693101578,0.5921439498769198,7.000958939958516,13.078525427445184,1.2500449062791958,1.11805407126811,-0.30861363239034556,14.08409214815021,1.4776276145000835,9.25702892721023,6.264791505222253,-0.22081404022675197,9.01317136636771
901,185_0.mat,Ball,1,0.8895914168909097,-0.0023906710161380462,0.6271143907410981,0.7913728890059764,0.5008282054759013,4.792827104161221,8.908082697570677,0.7921407486479205,0.8900228922044199,-0.07867046870401985,4.130778103372469,1.4185472858280426,7.6426680282198785,5.387672377625442,-0.11158561359469742,6.583050054200275
902,185_0.mat,Ball,1,1.0501088904296634,-0.0013472954687262914,0.7553872299523801,1.1027286817594188,0.6126491168061711,5.073765323269889,9.893494784292749,1.1038048009302475,1.0506211500489828,-0.011827410100464564,7.603640554277272,1.3901597072199283,6.716774022752575,4.831656382976694,-0.010198850780813864,6.240753385527313
903,185_0.mat,Ball,1,1.1710117408113303,-0.002499788976773732,0.8758785648628368,1.371268497117982,0.7172449017698249,5.073765323269889,9.893494784292749,1.3726026804782083,1.1715812735265994,0.09040713551131903,8.597997632069523,1.336956728691465,5.792772567802994,4.332804827174678,0.056219301467624466,4.563600676554535
904,185_0.mat,Ball,1,1.0005989656549752,-0.003995224646819066,0.7398515324022752,1.0011982900698064,0.6002875679901573,4.781419703871677,8.200416350194677,1.002161001102467,1.0010799174403946,0.08172758798148921,4.487347121316938,1.352432105404592,6.462674596807405,4.778557512036865,0.08146338168565476,4.468015483228189
905,185_0.mat,Ball,1,1.1822612058768567,-0.0005678814641856403,0.7837291318358408,1.3977415589213995,0.6098302082540601,6.2964850723451145,12.192080213363667,1.3991075524011836,1.1828387685568915,-0.09897038342964926,16.38039750500016,1.5085074139147652,8.034006669610358,5.325798597671,-0.05980377535089243,8.368010852793343
906,185_0.mat,Ball,1,1.3114072887547257,0.00022400316442766004,0.896004569040275,1.7197890769990205,0.6967361157161284,6.2964850723451145,12.192080213363667,1.7214701500149767,1.3120480745822451,-0.12063861498325731,18.945333287261512,1.4636167426667608,7.027291254867544,4.8013192593425895,-0.05341178569040405,6.392978689849637
907,185_0.mat,Ball,1,1.40918636679668,-0.0032428303277691395,1.0016928555648952,1.985806216365627,0.7892320561069884,6.453214939552424,12.10269078001091,1.9877368496843622,1.4098712174111372,0.5741185582694427,19.932756812715233,1.4068048493772831,6.442309040835428,4.5793906977805205,0.2048628697687781,5.044865479014267
908,185_0.mat,Ball,1,1.3261353894301366,-0.002042532760776535,0.9376390780915458,1.75863507109902,0.7432653406446633,6.453214939552424,12.10269078001091,1.7603499909469753,1.326781817386331,0.5780765161474166,17.742618516815615,1.4143345989033598,6.882408263828235,4.86618107847994,0.24750660514991088,5.725582412299107
909,185_0.mat,Ball,1,1.1074446024643874,0.0012871238666211122,0.766840167578382,1.226433547527505,0.6118706175392293,7.167266246453623,12.717775214271555,1.2276307489929705,1.107984994931326,0.008869528745338535,12.668426220160955,1.4441661369411072,9.34649298442192,6.471895958044215,0.006520770400869496,8.40595674226167
910,185_0.mat,Ball,1,1.2324696391252705,-0.0023116903970112354,0.8423809244028413,1.5189814113655744,0.6620128670873979,7.167266246453623,12.717775214271555,1.520460892543457,1.233069703035257,0.08527886718781671,16.926794605499644,1.463078760950692,8.508343480742926,5.815369416754706,0.04548608319701081,7.32190712795083
911,185_0.mat,Ball,1,1.8359271941547421,0.0008496128054056471,1.1804040468111383,3.3706286622369044,0.8901771550369797,11.573952478760416,19.32833664269218,3.3739227868665345,1.8368241034096147,4.552763290251072,110.69708300629489,1.5553379362879551,9.805076922616154,6.304145673969789,0.7346362622795141,9.724469041059871
912,185_0.mat,Ball,1,1.7340180404408836,0.0017901057042180183,1.075324577308224,3.006818564574442,0.8040871079141853,11.573952478760416,19.32833664269218,3.0097545735467386,1.7348644251199397,4.511354212600945,106.08061660731484,1.6125531556061916,10.763217658171472,6.674643636239794,0.863993157039492,11.710457690246761
913,185_0.mat,Ball,1,1.3695714761182378,-0.005848151540280356,0.8569494007346976,1.8757260281966888,0.6464009212663016,8.156934972859158,15.593135320451935,1.8775253481680716,1.3702282102511507,0.028967426509584615,37.75830298930409,1.5981940998411928,9.5185724686386,5.9558300644317725,0.011259813578694653,10.711267095912746
914,185_0.mat,Ball,1,1.4671372646768253,-0.0017016690361241022,0.9446959556114298,2.1524917534033965,0.7089331786589159,8.156934972859158,15.593135320451935,2.154592952405972,1.4678531780821855,0.06401752289312829,39.91110895078005,1.5530258766967049,8.634455270395605,5.559762654280595,0.020241887789607126,8.597324617911488
915,185_0.mat,Ball,1,1.3406117736949965,0.0013681829230933308,0.9910080267835799,1.7972399277696445,0.7936487338144722,4.557946120489782,9.056000926571075,1.7989948867892636,1.3412661506163732,0.11868516472994028,12.3392021573605,1.3527758983393297,4.599302929239103,3.399900112710306,0.04918713686686336,3.812652480288559
916,185_0.mat,Ball,1,1.2675547193612455,-0.0008297645697113011,0.9146033393804145,1.606694966574966,0.7232801291989837,4.557946120489782,9.056000926571075,1.6082648492075287,1.2681738245238816,0.05575333399011797,10.996681549327068,1.3859065069875507,4.98352228144336,3.595857481232097,0.027335969920333276,4.251542342083635
917,185_0.mat,Ball,1,0.8788906002446433,-0.0027450445835358562,0.6428444610579644,0.7724486871983893,0.5158838897085258,3.813799976964348,6.550968472852119,0.7731962263684365,0.8793157717045889,-0.014495424517309348,2.6079648899898493,1.3671901268260718,5.932694777647824,4.339334128614437,-0.0213204491765071,4.362367898555678
918,185_0.mat,Ball,1,0.8232672451752543,-0.00053358724798585,0.6116367631911197,0.6777689569784522,0.49774165648089347,3.0138500753129747,5.849687085001316,0.6784312027345213,0.8236693527954778,0.019788689811036105,1.9887452629596347,1.346006804559359,4.927516226434384,3.660840502245095,0.03541264126478296,4.320833487961824
919,185_0.mat,Ball,1,0.7869191532339382,0.0008849462402781307,0.6022399828318689,0.6192417537264183,0.49994104033008335,3.0138500753129747,5.869906123497773,0.6198462892384045,0.7873031749195506,-0.01443041461105666,1.5117160531905962,1.3066537853105658,5.004400506814849,3.829936103249448,-0.029570100522651924,3.9346147322511937
920,185_0.mat,Ball,1,0.8568331742884981,0.0005513570463347363,0.6552646587771777,0.7341630885613037,0.5426947139984059,3.454113923711583,6.754223017737557,0.7348804412476171,0.8572516790579165,-0.0383354301312602,2.12679146697021,1.307613897392498,5.27132644411528,4.0312560570216,-0.06085206314165231,3.9381434490406497
921,185_0.mat,Ball,1,0.942444127270211,-0.000420312412659265,0.725267215299236,0.8882009330261096,0.60403001118561,3.714833104323794,7.014942198349768,0.8890689877969808,0.9429045486140052,-0.10633294457093823,3.0952731538172906,1.2994439944180727,5.122019892745296,3.9417011542953375,-0.1268424576408379,3.915868126490726
922,185_0.mat,Ball,1,0.8491693032249226,0.0020987536500161044,0.6361370038825489,0.7210885055395004,0.5200390676208406,3.714833104323794,6.853189890378109,0.721788972816383,0.8495816457624206,-0.08516649237019779,2.276122724469305,1.3348843064321587,5.839674600982386,4.374667207365429,-0.13888437754832747,4.368931033326404
923,185_0.mat,Ball,1,0.8138502181976913,0.0012788101172393406,0.6092676748583334,0.6623521776604298,0.49785062912567507,2.7698590945946395,5.527246628978868,0.6629980012907492,0.8142468920976912,0.02760067161671196,1.7344902899042647,1.3357843387729236,4.546210489887125,3.4034015506258832,0.0511271190303309,3.9459123543425125
924,185_0.mat,Ball,1,1.0336810642520609,-0.003796733880329365,0.8169126757655827,1.068496542593273,0.6907334749610375,3.814098335804331,7.395911450019855,1.069526586962696,1.0341791851331645,-0.004145047052119238,3.709461267063936,1.2653507466781133,4.6689180483400134,3.6898212298784854,-0.003747503846238024,3.2428560488869915
925,185_0.mat,Ball,1,1.108685233429821,-0.001122824235418581,0.8591998141433221,1.2291829468253366,0.7188657869581184,5.317457945148241,9.908393023184875,1.2303832322162842,1.1092264116113915,0.0672064257595581,6.1323117737657675,1.2903694986642444,6.1888490402478755,4.79618360992632,0.04924364514635445,4.050824416036361
926,185_0.mat,Ball,1,0.9302368453310569,-0.002949770662061861,0.6895844863278041,0.8653405884114767,0.5650140759362117,5.317457945148241,9.908393023184875,0.8661777639871616,0.9306867163482896,0.058666131195724315,4.206926062123472,1.3489816893698305,7.711104368744163,5.716240946412012,0.07277411006073976,5.607261600277197
927,185_0.mat,Ball,1,0.8004719591824404,-0.00425399009632655,0.6031602740893363,0.6407553574373746,0.4989878299094537,3.344803810702353,6.5945990296076324,0.6413635926390714,0.8008517919309861,0.009551872407896497,1.911409457168246,1.327129775563688,5.545464372213274,4.1785396381834286,0.018596536104347604,4.646705235436642
928,185_0.mat,Ball,1,0.9410292257588847,0.00262563751708558,0.6775683699311129,0.885536003732366,0.5458597845096698,4.135474631905915,8.2248920283746,0.8863947296131326,0.9414853847050058,0.08673091491701145,4.388928156890675,1.3888328728408155,6.103405671549067,4.394629325743313,0.10392814604289599,5.586041290881209
929,185_0.mat,Ball,1,1.8392269737622633,0.00527148825783292,1.1137076624986058,3.382755861014693,0.8276145078063512,14.355666511904577,26.69551577484865,3.3860347469838414,1.8401181339750559,3.243844602942699,187.7952846308874,1.651445020710643,12.889977321054534,7.805271843382812,0.5206224905040334,16.379546089315678
930,185_0.mat,Ball,1,1.8216715339361138,0.0016924191489822572,1.1096327209623584,3.318487177553154,0.8333439452714728,14.355666511904577,26.69551577484865,3.3217281884546153,1.8225608874478283,3.1118604717224727,186.50951612203178,1.6416887313439883,12.93731361800624,7.880491210661993,0.5140128522126431,16.903351065811382
931,185_0.mat,Ball,1,1.0501494849409876,0.0019033805395445823,0.7772093263742821,1.1028139407218216,0.6324426704635785,5.034391406197841,9.284795309557301,1.1038883338153347,1.0506609033438594,-0.10275866446726989,5.644468741763945,1.3511797263661682,6.477523152838419,4.793975979977699,-0.08859939080387054,4.632045161951728
932,185_0.mat,Ball,1,1.0022468019276802,-0.0006998622356211891,0.7316138984747087,1.0044986519742625,0.5900688958183605,5.034391406197841,9.284795309557301,1.0054800763041294,1.002736294498274,-0.0074839118032567365,4.996633917005358,1.3699121955116291,6.8812134606611695,5.023105483110424,-0.007422811922257912,4.942316945140259
933,185_0.mat,Ball,1,1.536043467851293,0.0015916149377283172,0.9722917858584603,2.3594295351286267,0.7213319326367321,9.467979995366274,18.855849637827603,2.3617333821465194,1.5367932138536138,0.38525890544028957,56.10868637200725,1.5798173862936657,9.737796958756599,6.163875042289312,0.10614667242908593,10.059313995432237
934,185_0.mat,Ball,1,1.530571627054256,0.0030579524849374644,0.9635737415380423,2.3426495055435126,0.7115853742842899,9.467979995366274,18.855849637827603,2.3449301252955963,1.531316468041664,0.397627716750431,55.99684582591692,1.588432271524535,9.825900797425009,6.185911085770091,0.11073420456095492,10.183656754838347
935,185_0.mat,Ball,1,1.4120725681470665,-0.0010677456457643675,0.9020867468157303,1.9939489377134518,0.6687322857962662,8.281441683600498,14.906752171493256,1.9958969157144402,1.4127621582256655,0.5794699840572023,31.800079171464063,1.565340110726564,9.180316319715283,5.864742273452427,0.20550565842577057,7.982740050141751
936,185_0.mat,Ball,1,1.586613042092723,-0.005177855496375388,1.05828450873162,2.5173409453387245,0.7969816251064323,8.281441683600498,14.906752171493256,2.5197748527808517,1.587379870346368,0.5141134606990602,39.059337954440615,1.4992310942856173,7.825345278386607,5.219572424963909,0.12853351039956437,6.151788601553633
937,185_0.mat,Ball,1,1.1951850803082857,-0.0004920185010770092,0.8487505481390394,1.4284673761915234,0.6758177625589182,5.028006446672644,9.979691737882908,1.4298634851690533,1.1957689932294837,0.2229957197049301,11.240731330065017,1.4081700246644042,5.924009660660684,4.206885217619613,0.13042314354632406,5.498008620644834
938,185_0.mat,Ball,1,0.9049203298128349,0.0039568766368410085,0.6637130112248721,0.8188808033085699,0.5413739866219975,4.582421798669704,7.857756855675772,0.8196656011244489,0.9053538540948776,0.25921302056204226,3.4738179322037372,1.3634211089842203,6.904221736147693,5.063895292983886,0.3493025440162886,5.170512993049994
939,185_0.mat,Ball,1,0.8926569626888798,-0.0017162180975421977,0.6485732948640368,0.7968364530369362,0.5240434037508768,4.367461494654738,8.484547049065943,0.7976124260171603,0.8930914992413489,0.013724366545336474,3.5431411180424344,1.3763393740635512,6.733952090277744,4.892653815743606,0.019266571639204574,5.569351487226373
940,185_0.mat,Ball,1,0.9239880480116713,-0.0007424702012027431,0.6784272599163065,0.8537539128684186,0.5509201759295191,4.367461494654738,8.484547049065943,0.8545879201221632,0.9244392463121431,0.023216896932927025,3.826544435022272,1.3619559569647839,6.437626776947448,4.726751070047222,0.029387933535812163,5.23954122299136
941,185_0.mat,Ball,1,0.8951599975661254,0.001082397788095091,0.6328562001534268,0.8013114212425856,0.5091887193999582,6.273371912926042,11.204539806799865,0.8020935441343077,0.895596753083835,0.06485905443750642,5.463357276810697,1.4144761437869968,9.912792055122857,7.008101266785685,0.09028863382818128,8.491991690591234
942,185_0.mat,Ball,1,0.9113276990879997,-4.6806888005226574e-07,0.6481264793303871,0.8305181751250277,0.5210831492692137,6.273371912926042,11.204539806799865,0.8313300208482932,0.9117730094975904,0.057750670087023684,5.487128417621608,1.4060954584483776,9.679240260940592,6.883771797123209,0.07618979969901019,7.939592199708727
943,185_0.mat,Ball,1,0.9252960306963467,-0.0036574785781847774,0.6907275783721766,0.8561727444224145,0.5651100396730859,3.3597020495944787,6.53713439388086,0.8569962777003064,0.9257409344413298,0.08318395572671576,3.0641229039580797,1.3395961876542315,4.864004500163951,3.63094829993213,0.10485065927348601,4.172038523550638
944,185_0.mat,Ball,1,0.8798754341320187,-0.001725571065596689,0.649692785865649,0.7741807795890084,0.5298898660607909,3.3597020495944787,6.53713439388086,0.7749345740384656,0.8803036828495412,0.08433678610659052,2.7619303017920096,1.3542946039616566,5.171216492904179,3.818383738494695,0.12362875355086461,4.599203643603506
945,185_0.mat,Ball,1,0.7156271316965962,0.0016103208738372917,0.5392653708273671,0.5121221916202975,0.4445088105064881,4.066304237049613,7.370371611919068,0.5126202041551011,0.7159750024652405,0.03845047261443217,1.3234185148061473,1.3270407676972087,7.5404512453735935,5.682154933678393,0.1047630427001363,5.036232458054335
946,185_0.mat,Ball,1,0.6891047249901651,-0.0032656931385690075,0.5191304605477798,0.4748653220037711,0.4305446564435716,4.066304237049613,7.370371611919068,0.4753188358026843,0.6894337066046918,0.048360772443427624,1.217337915670152,1.32742109615703,7.832913970702218,5.900850900567758,0.14757598544213885,5.388167641904579
947,185_0.mat,Ball,1,0.6206009197413864,-0.00393391074512852,0.49744566723622285,0.3851455015838548,0.42591302860116664,2.1114424624184656,4.149159531457182,0.3855064971186966,0.6208916951600308,0.00030584287299895586,0.46239723099144364,1.2475752843283547,4.244569008199958,3.4022548069940544,0.0012777644821666918,3.111371154630642
948,185_0.mat,Ball,1,0.7130791141410543,-0.001971865891031528,0.5541370465205661,0.5084818230241908,0.4632550407780542,2.8411578092926724,5.247372569791065,0.5089749806486382,0.7134248248054158,-0.039533806724526416,0.919038086322577,1.2868280845274662,5.1271753569396115,3.9843514596708243,-0.10887395082965372,3.54764896557623
949,222_0.mat,Ball,1,0.8688893865071936,0.033125149965251066,0.6812011065833132,0.7549687659848472,0.5759139467516406,3.165007212701811,6.217607867062423,0.7546084127026567,0.8686819974551427,0.11836435868685705,2.0914292952487283,1.2755255065042235,4.646215606683066,3.6425893351293284,0.18056704278056301,3.6728221746675875
950,222_0.mat,Ball,1,0.8404399624429091,0.032820726662588506,0.6626597669472694,0.7063393304710385,0.5598229879897327,3.165007212701811,6.217607867062423,0.7059515361694186,0.8402092216641154,0.07897927647056459,1.779596920303852,1.2682827664539926,4.7762175562242755,3.765893287009235,0.13315295821038073,3.570852162842189
951,222_0.mat,Ball,1,0.8200273666951124,0.026877957365086306,0.6401146569228293,0.6724448821289204,0.5348793554944961,2.8087966783013942,5.544417783913838,0.6723790777298967,0.8199872424189883,0.04181468269515011,1.571954825188718,1.2810632561295843,4.387958700710751,3.4252474885295925,0.07584160563805152,3.477055948468215
952,222_0.mat,Ball,1,0.8602093206323825,0.022414661627994763,0.6688923208370301,0.739960075302825,0.5597028519546617,3.1698590331209,5.9750168461079785,0.7401804907574328,0.8603374284299345,0.031997296796482874,1.9136997711718355,1.2860206251951862,4.738967595187074,3.684985685561852,0.05024661835521509,3.4929996078109964
953,222_0.mat,Ball,1,0.871113924921921,0.013254718439319366,0.6873159856901911,0.7588394701928742,0.5813030925836445,3.678087222020462,6.672466031352006,0.7594053894576108,0.8714386894427002,0.08281708133364302,1.9870723030066104,1.267414032347721,5.351377384772504,4.222280366309047,0.1251438202276302,3.445611593088842
954,222_0.mat,Ball,1,0.817615262838632,0.0015823946088257134,0.6437261362854028,0.6684947180266853,0.5453225338657125,3.678087222020462,6.672466031352006,0.6691456766288201,0.8180132496658108,0.0906105108507704,1.6144995524269747,1.270129045179647,5.71374535643218,4.498554991801671,0.16553794686806297,3.605758004807686
955,222_0.mat,Ball,1,0.7981880595571019,-0.006920136389274899,0.6425850483632365,0.6371041784195317,0.5510166827987187,3.088591041101161,5.544417783913838,0.6376790235533244,0.7985480721617981,0.0010778860518868474,1.2501578852559287,1.2421516211573367,4.806509346838171,3.8695029374544725,0.0021167504239117964,3.0744016340253877
956,222_0.mat,Ball,1,0.8698217947756318,-0.01057203149475612,0.6955652928432752,0.7565899546667014,0.5912910419697768,2.491002440851072,4.960986378518399,0.7572176571851202,0.870182542450215,-0.017384878765158172,1.6843408187359765,1.2505250099797167,3.5812632781963196,2.863807800413596,-0.026383995709589363,2.937571922710297
957,222_0.mat,Ball,1,0.9183656597351177,-0.013360406803968838,0.7095750408693982,0.8433954849807181,0.5888844805485859,3.0873780859963884,6.078118030013616,0.8440412435376429,0.9187171727673554,0.0354874591008498,2.3451298249371852,1.294247411251398,4.351024075211644,3.3618178698923833,0.04576457167400192,3.2918463252970334
958,222_0.mat,Ball,1,0.8770113100662296,-0.018985723007643923,0.6739235521222968,0.7691488379840842,0.5581686788541309,3.0873780859963884,6.08539576064225,0.7695398840990266,0.8772342241950132,0.02301828634527031,2.1657604108735136,1.3013513288014262,4.58119927144428,3.5203401034357444,0.03409779441590069,3.657195220895984
959,222_0.mat,Ball,1,0.8519178586472331,-0.023910984067842072,0.6734900331648264,0.7257640378820871,0.5680959707382442,2.9980176746458613,5.937415237860039,0.7259011906044441,0.8519983512920927,-0.014713739555631336,1.7092245387234524,1.2649301648053852,4.451465540704878,3.519139367970191,-0.023790677034070846,3.2437255507375986
960,222_0.mat,Ball,1,0.8859964875255407,-0.02518671907549802,0.7042407824362915,0.7849897759075957,0.597523217827612,3.2212014139239504,6.220033777271967,0.7851221259158974,0.8860711742946485,-0.017957015527642645,1.9409845410733482,1.2580874462555476,4.574005786452419,3.6356819234313917,-0.02581239683731794,3.148818608302194
961,222_0.mat,Ball,1,0.8848397629427556,-0.029589603962644852,0.6871578774340326,0.782941406084592,0.5780632198005741,3.227266189447812,6.429875010397562,0.782830344179914,0.8847770025152745,-0.0579007832619461,2.315202598637206,1.2876804472439638,4.696542520176426,3.6472888364680687,-0.08359551189446729,3.777928186084769
962,222_0.mat,Ball,1,0.8634346463009276,-0.03894736307172744,0.6655788634248335,0.745519388432808,0.5575349234908114,4.199657917072519,7.430562971834647,0.7447297665051696,0.8629772688229799,-0.026505989263109177,2.368095151439613,1.2972687291430813,6.309782578515571,4.86389784688345,-0.041242591690641095,4.2697428812424985
963,222_0.mat,Ball,1,0.841622233291879,-0.042219025180497846,0.6541837365185719,0.7083279835712101,0.5487019206783013,4.199657917072519,7.430562971834647,0.7072361978334654,0.8409733633317201,-0.03415358629138518,1.991569297124837,1.2865227096129428,6.419691720579595,4.989956005132133,-0.057423491129219906,3.981680984231161
964,222_0.mat,Ball,1,0.8646995330321425,-0.047182191087720135,0.6721072309214088,0.7477052824260053,0.563737370517135,3.546273382002907,6.2224596874815115,0.7462078418657392,0.8638332257245834,-0.11924361888248311,1.986040485403295,1.2865499629358512,5.276350586402641,4.10116259640328,-0.18498879981200436,3.5667155887468645
965,222_0.mat,Ball,1,0.8490192669137077,-0.06117618679844186,0.6574332638260874,0.7208337155906896,0.550842112296941,3.546273382002907,6.2224596874815115,0.7177921586644376,0.8472261555596815,-0.1304986928978023,1.920396512189987,1.2914151346272764,5.394119186119579,4.176905660680566,-0.21458931685145108,3.727292617826506
966,222_0.mat,Ball,1,0.8210036370410013,-0.0992279151047924,0.6404802146123358,0.6740469720345522,0.538755569055298,2.927666278569073,5.504390265456355,0.6648500605357502,0.8153833825482036,-0.18148790540043375,1.6017114783172892,1.2818563607568256,4.5710487408834855,3.5659601815129327,-0.3347820153266721,3.6235717285583515
967,222_0.mat,Ball,1,0.859041805551027,-0.1577435226982962,0.6710124447776976,0.7379528236843687,0.5667451450975767,3.3716078469157065,6.553596431084329,0.7137668426633893,0.8448472303697215,-0.3111807383378843,1.95467860342962,1.280217397211377,5.0246576991991185,3.9248472252745428,-0.5160338049885035,3.8367422127450252
968,222_0.mat,Ball,1,0.869930052305158,-0.19815127415249043,0.679870669457579,0.7567782959036549,0.5725460450785987,3.3716078469157065,6.553596431084329,0.7182157510247595,0.8474761064624533,-0.41136603560216745,2.014176393414651,1.2795522610174292,4.959190031834607,3.875722925053201,-0.6758433476798363,3.904699807421172
969,222_0.mat,Ball,1,0.8566219894050147,-0.21045850417063827,0.6643611158870149,0.733801232732205,0.556687904925384,3.348561699925034,6.279468577405805,0.6901824570601852,0.8307722052766241,-0.4299415006174864,2.0790596134358097,1.289392122625984,5.040273459486256,3.909030752580775,-0.7498311764235426,4.364546346901362
970,222_0.mat,Ball,1,0.8454400289447952,-0.21808448558130583,0.6605034666471375,0.7147688425421761,0.5556836258865224,3.348561699925034,6.279468577405805,0.6678602069242378,0.8172271452443548,-0.4374680993009175,1.9017062481152807,1.2799933257506684,5.0697110144145165,3.960732382284356,-0.8015267808291616,4.263559203978927
971,222_0.mat,Ball,1,0.8719855785455274,-0.2292498320828517,0.685315406862911,0.7603588491913782,0.5733464037963342,3.412848320477962,6.196987630281294,0.7084952535774341,0.8417216009925337,-0.49883695610837114,1.8923778816996184,1.2723857800539498,4.979967305996493,3.9138816104810834,-0.836475456912886,3.7699359615825734
972,222_0.mat,Ball,1,0.8929857346897725,-0.23528025633909722,0.694986181240136,0.7974235223594328,0.5817623396466267,3.412848320477962,6.196987630281294,0.7427921062527041,0.8618538775527462,-0.5161386118349036,2.26546667229992,1.2848971084504737,4.910670762378543,3.821839686677391,-0.8062420211837985,4.106039453093539
973,222_0.mat,Ball,1,0.866085304637182,-0.2370191411963293,0.676473659171394,0.7501037549084804,0.5707684021081484,3.1278038708564893,5.9653132052697995,0.6946040058394874,0.8334290646716657,-0.49535256948919104,2.0584721231110845,1.2802942034679683,4.623689080049447,3.6114270200706944,-0.8556743127466013,4.266486961378694
974,222_0.mat,Ball,1,0.8454292110286773,-0.24547666018858874,0.6677761056985952,0.7147505508605717,0.5653685805604483,3.484014405256906,6.707641729390401,0.6551315370548829,0.8094019625963869,-0.4683634962626274,1.8327554093771798,1.2660369303615078,5.217339128369801,4.1210007411662595,-0.883263491729296,4.270192933783012
975,222_0.mat,Ball,1,0.946096565059339,-0.24919370424989268,0.7570688578868229,0.8950987104170802,0.6431927986985374,3.484014405256906,6.707641729390401,0.8338154811100686,0.9131349742015518,-0.5670745170311252,2.4309931305088583,1.2496836386836625,4.6019782334952986,3.6825145909230805,-0.7447923379998631,3.496582850276431
976,222_0.mat,Ball,1,0.9332575624190885,-0.24537123733280286,0.7333542490353164,0.8709696778124189,0.6130954854632226,3.079285666665601,5.803990176335095,0.8115551680459832,0.9008635679424399,-0.5675640320708077,2.329493223317426,1.2725876527550777,4.198906150352327,3.299502506768349,-0.7763146712139798,3.5369209702896436
977,222_0.mat,Ball,1,0.8419771082356139,-0.24407891895457387,0.649546950275522,0.7089254507928067,0.5387466784975777,3.347348744820262,6.568151892341595,0.6499856837590692,0.8062168962252461,-0.47783511430179604,1.8373784265886581,1.2962528849949515,5.1533591888857995,3.975581654269375,-0.9118478415974414,4.349016250229529
978,222_0.mat,Ball,1,0.9220605318668684,-0.23632619321166937,0.7196982500308053,0.8501956244266123,0.6025999000113552,3.40071876943024,6.621521916951573,0.7951220411970495,0.8916961596850407,-0.586699089437464,2.523170759559061,1.2811765650758775,4.725200831431719,3.6881730123956373,-0.8274937560590496,3.9909754665762183
979,222_0.mat,Ball,1,0.9326275901974744,-0.22447026777840257,0.7263178083351642,0.8697942219975483,0.6107171870290358,3.437107422573406,6.604540545484761,0.8202083055544336,0.9056535240114917,-0.5597218277671205,2.657290747022717,1.284048910123684,4.732236196228026,3.685401824582466,-0.7535047590045746,3.9499422842854184
980,222_0.mat,Ball,1,0.8271537507460408,-0.21812594400773844,0.6465264786997589,0.6841833273732434,0.5437516502118745,3.437107422573406,6.152108291404723,0.6372266916150066,0.7982648004359246,-0.3958871533574858,1.6783171748220012,1.2793810895545459,5.3162670606786575,4.155342848254264,-0.7782703238097064,4.13319714892965
981,222_0.mat,Ball,1,0.8480650657447343,-0.20996811021226355,0.66526218705901,0.7192143557366205,0.5570775489996511,3.349376388627189,6.306153589710794,0.6757876973537081,0.8220630738293189,-0.3975008771478745,1.794863815570212,1.2747832091473352,5.034671222528177,3.949433273356168,-0.715521469547063,3.930166412621313
982,222_0.mat,Ball,1,0.9973403103946367,-0.1975649335500859,0.7625572643342778,0.9946876947380702,0.6301774104371264,3.981724264616136,7.6100803273409365,0.956589961653848,0.9780541711244056,-0.5704994699416593,3.9060439078160902,1.3078890688478584,5.221541320030582,3.99234265687769,-0.6097706498024559,4.268600222028252
983,222_0.mat,Ball,1,0.9772595265161244,-0.18673836161881818,0.7526664860442864,0.9550361821665196,0.6263146581907553,3.981724264616136,7.6100803273409365,0.9210644434620076,0.9597210237678486,-0.52081606794533,3.519510622077335,1.2983964938453825,5.290157511246706,4.074377539001013,-0.5891818347962073,4.148606522308656
984,222_0.mat,Ball,1,0.8727464843671893,-0.17398219606872825,0.6805529212432772,0.7616864259752885,0.570568963152502,3.1092112778822885,6.169089662871533,0.7321315936858499,0.8556468860960401,-0.38570156699742975,1.9936146234330814,1.2824079614139607,4.568654664206886,3.5625594987451046,-0.6156979119163265,3.719314590840228
985,222_0.mat,Ball,1,0.8467138372226349,-0.15964231862891132,0.6619409166814649,0.7169243221442787,0.5585014706467226,3.1092112778822885,6.1836451241288,0.6921145453577648,0.8319342193693952,-0.36735030564280335,1.832723542044847,1.279138086018644,4.697112989275728,3.672092200686547,-0.6379893674178306,3.8259651145662072
986,222_0.mat,Ball,1,0.9254673539339774,-0.14585206147094426,0.7176777492900888,0.8564898231975577,0.6006780937377569,4.630655245669275,7.910893193324448,0.836033438266791,0.914348641529472,-0.42415366454885295,2.860356029897824,1.2895305098258099,6.452276457286528,5.003585729934479,-0.5548655372214357,4.092350259538971
987,222_0.mat,Ball,1,0.922039924941558,-0.13628464117675945,0.7115541541051544,0.8501576231862338,0.5923380146694645,4.630655245669275,7.910893193324448,0.8323970074681615,0.9123579382392425,-0.3844602373133238,2.8455410386116293,1.2958113161461522,6.507804386984779,5.0221851791914105,-0.5062390754783817,4.1068026442152155
988,222_0.mat,Ball,1,0.8678397469328478,-0.12760087762882472,0.6597046370892499,0.7531458263564694,0.5476372748037828,3.407996500058873,6.693086268133134,0.737584139395952,0.8588271883190192,-0.24996388169943518,2.412834572427519,1.31549741830013,5.165942921199518,3.9269882626367556,-0.3946025671060121,4.435110129685839
989,222_0.mat,Ball,1,0.9381924859502395,-0.11150434743473316,0.7139343453662624,0.8802051406934903,0.5915355211521226,4.075121807683596,7.360211575757857,0.8686201830941975,0.9319979523015045,-0.31433915150735825,3.233616980640184,1.3141159156135207,5.707978379422649,4.3435881961384535,-0.388287671989759,4.285768851583013
990,222_0.mat,Ball,1,0.9240862910648704,-0.10074766256516618,0.7153995868786709,0.8539354733340283,0.5994173906134472,4.075121807683596,7.218295828499507,0.8446101964666708,0.9190267659141766,-0.3201896300075794,2.919032759012592,1.2917064924449004,5.6962876166281955,4.409893152925385,-0.4124988880248123,4.0919124093465395
991,222_0.mat,Ball,1,0.8471358310947575,-0.09391294483612739,0.645694924523863,0.7176391163246055,0.5332707876699896,3.856789888824596,6.999963909640506,0.709512358279194,0.84232556549068,-0.2495079225971555,2.0794130720932045,1.3119753600636177,5.973083792880406,4.552740832406884,-0.41748838140796984,4.130673238748296
992,222_0.mat,Ball,1,0.8517688670179627,-0.08691476245429701,0.6605165507654704,0.7255102028210639,0.5503032316795357,3.0877763523990063,6.0878216708517945,0.7186578411866109,0.8477368938453788,-0.18866284071989886,1.8323011871973622,1.289549619959653,4.674790281660494,3.6251340850313842,-0.30967283974256715,3.5477460570067216
993,222_0.mat,Ball,1,0.8630564165390693,-0.0798194489019673,0.678517428320859,0.7448663781292594,0.5717030095517511,3.0877763523990063,6.0878216708517945,0.7392171254302986,0.8597773696895602,-0.1727630800927826,1.856141670585914,1.2719738366538655,4.5507694032794985,3.577722490932491,-0.27182719822771484,3.3967773550414475
994,222_0.mat,Ball,1,0.8227735946622285,-0.07260923628209567,0.6383040101291357,0.6769563880734051,0.5359218360552392,3.603282271927201,6.991473223907102,0.6723408697605613,0.8199639441832557,-0.17865557981889632,1.772299342408341,1.2889995701178247,5.645087943584396,4.3794335346919695,-0.32406514092367017,3.9206498096435145
995,222_0.mat,Ball,1,0.8459675779140938,-0.06428201520148168,0.6632809529954677,0.7156611428818385,0.5617310062318227,3.603282271927201,6.991473223907102,0.7122244971389622,0.8439339412175352,-0.10069070870473482,1.8856135648700993,1.275428721558056,5.432512807203119,4.259362138685706,-0.1675189864577495,3.717225256346891
996,222_0.mat,Ball,1,0.899412207229147,-0.05569301377110727,0.7065615878006115,0.8089423185128062,0.5954179114359216,3.6772725333183063,6.963575256497339,0.8066283297081281,0.8981248964972122,-0.10416983891348539,2.2816896109487335,1.2729424055269818,5.204461432385157,4.088528600965879,-0.1437910272318431,3.506788900237902
997,222_0.mat,Ball,1,0.8914516576598999,-0.05012929294384639,0.6975532462696645,0.7946860579445834,0.5870170500056278,3.6772725333183063,6.963575256497339,0.7929474747017969,0.8904759821027162,-0.14972266505712406,2.311502921278537,1.2779693341345284,5.2716728837234195,4.12503863974765,-0.21204152470563317,3.676254811544235
998,222_0.mat,Ball,1,0.88309657375745,-0.045599663724462614,0.6903173629994976,0.7798595585821474,0.5803448384008273,3.230905054762128,6.349819973482594,0.7785405227295914,0.8823494334613647,-0.09584314331281155,2.2032196317504535,1.279261715103077,4.680318398365128,3.65860897977605,-0.13952088264630136,3.6349241093134768
999,222_0.mat,Ball,1,0.9435406867820594,-0.04162439289280677,0.7347032141917929,0.8902690276131603,0.6124328885758153,3.230905054762128,6.349819973482594,0.889404997096943,0.9430827095737377,-0.11495210396531022,2.727497127349765,1.2842473920829556,4.397564883817576,3.4242350118230607,-0.13704638264383298,3.447983441148492
1000,222_0.mat,Ball,1,0.9381033903281574,-0.03541155156025763,0.7486881758138966,0.8800379709451831,0.6350289884176584,3.063517250303561,5.636602371876526,0.8796430193473598,0.9378928613372424,-0.13209828637494728,2.310651873842163,1.2529961346151823,4.091846711708956,3.2656499079793844,-0.16011701788931632,2.986218611151805
1001,222_0.mat,Ball,1,0.8756829357354281,-0.03131782808165137,0.6962160399981709,0.7668206039382179,0.5888913851723392,3.272145528324384,6.398338177673484,0.7665884190854791,0.8755503521131603,-0.10454198867922751,1.8440025756761362,1.257774721387446,4.69989965805482,3.7366784195384475,-0.15575692917269449,3.137884942989266
1002,222_0.mat,Ball,1,0.8992705822541102,-0.02343243537416241,0.6909326807425169,0.8086875801076463,0.5748706720354473,3.3505893437319614,6.643355108837474,0.8089284702893491,0.8994045087108187,-0.07357219581308519,2.696563267086157,1.301531404313369,4.849371635057661,3.7258967543780357,-0.1011226720900187,4.120883840442968
1003,222_0.mat,Ball,1,0.937401069142934,-0.01683106935961593,0.7200131413097727,0.8787207644303158,0.5997139846723243,3.3505893437319614,6.643355108837474,0.8792961671978067,0.9377079327796084,-0.03992081260592584,2.9806116924369546,1.3019221669154677,4.65351137568443,3.5743391532418793,-0.048416858025466684,3.8550946083123363
1004,222_0.mat,Ball,1,0.8801888555733538,-0.017619963988305676,0.6884439374389844,0.7747324214755303,0.5781599208685498,3.0097489592909663,5.926498641917089,0.7751789690565504,0.8804424848089456,-0.05363584623879307,1.9515515921413016,1.2785192921392892,4.371814167589127,3.4194354316460878,-0.07858726318928834,3.247701259790483
1005,222_0.mat,Ball,1,0.903927146304461,-0.012862905686777101,0.6987051013122648,0.8170842858261265,0.5839746187524778,3.6368467484582063,7.135814881374996,0.817717383615857,0.9042772714250077,-0.06445647463412324,2.528486376831615,1.2937176851943217,5.205124081135947,4.023384808524402,-0.08716892759172577,3.781413386179481
1006,222_0.mat,Ball,1,0.9206175568983803,-0.0020410718613874095,0.7080265290328266,0.8475366860695426,0.5882503637408191,3.6368467484582063,7.135814881374996,0.848360997631949,0.9210651429904125,-0.009390254135789228,2.808885104947864,1.3002585625635463,5.136596722471755,3.9504425276300683,-0.012017283447949497,3.9027666647621637
1007,222_0.mat,Ball,1,0.9814399396203117,0.0066533524247728675,0.7595707916908967,0.9632243550819211,0.6306289908813272,3.4577276593545343,6.660336480304284,0.9641216129961244,0.9818969462199811,0.051749980700821256,3.2211119188275807,1.2920980511035915,4.552212508925812,3.523116922150832,0.054665391674875566,3.465310683210477
1008,222_0.mat,Ball,1,1.1174916345591268,0.012517942975287783,0.8661541476759484,1.248787553309629,0.7209103927480309,4.360166257305069,8.021272107858719,1.2498514124332507,1.117967536395065,0.07503106544588012,5.411059409559368,1.290176393608774,5.033937976281897,3.901743979516537,0.05369743432423901,3.463901481468509
1009,222_0.mat,Ball,1,1.0379043846529397,0.016610481927424543,0.8041004659002444,1.0772455116817974,0.673439900401148,4.360166257305069,8.021272107858719,1.0780223597826613,1.0382785559678391,0.10260569447359888,4.417598486974099,1.2907645607314073,5.422414787955816,4.200932496068841,0.09167054448789015,3.8012873714533497
1010,222_0.mat,Ball,1,0.9308523802996053,0.01758416268535694,0.7317764088589609,0.866486153909441,0.6163204029278841,3.4973569114094003,6.708854684495174,0.8670236539191262,0.931141049422227,0.07439859526545291,2.51106555091056,1.2720448063497785,4.779269827593861,3.7571552540693722,0.09215487549300488,3.340382179682697
1011,222_0.mat,Ball,1,0.9732785510449853,0.022135113381191784,0.7713728306030172,0.9472711379242261,0.6557249723806751,3.445598108306812,6.5014393615791235,0.9477066694742364,0.9735022698865352,0.06601542799444272,2.916161469131742,1.2617485506753816,4.4668388250189786,3.540197310013477,0.07155410234278865,3.2468609761030254
1012,222_0.mat,Ball,1,0.8871214199023899,0.028999444271968194,0.7038836925996882,0.7869844136496323,0.5993998215430428,3.445598108306812,6.5014393615791235,0.7869119145481002,0.8870805569665587,0.07435803926130484,2.0877463027542724,1.2603238705881656,4.895124215161343,3.8840208690734213,0.106521861668181,3.371517989693384
1013,222_0.mat,Ball,1,0.8099108164788134,0.03438903970821197,0.6391279641041004,0.6559555306493781,0.5389282754536407,3.4536905276376,5.904665450031189,0.6554129763320243,0.8095758002386338,0.080400777447163,1.40585812209203,1.2672122985775487,5.403754367833706,4.2642849772629035,0.1515261870141892,3.2727393862885785
1014,222_0.mat,Ball,1,0.9412417562247566,0.04029508868515953,0.7387490447030727,0.885936043661064,0.6170286213136582,3.559217621752784,6.872603623639424,0.8851767799380775,0.9408383388967935,0.08958579289309243,2.526355307812795,1.274102163613353,4.8178981039204345,3.7814064221127763,0.10757073162582104,3.2242922843400934
1015,222_0.mat,Ball,1,0.9061074711418147,0.04440184195493034,0.7092658451361855,0.8210307492590145,0.5918956512328506,3.559217621752784,6.872603623639424,0.8198598700944132,0.9054611367112413,0.09511958161045628,2.2465400278551053,1.277528697249698,5.018171460186926,3.9280303221247848,0.12813285034603325,3.3422189883095883
1016,222_0.mat,Ball,1,0.8346390225549567,0.04493606339267671,0.6618961894975774,0.6966222979714936,0.5598339357761237,2.983063946985977,5.736064690467849,0.6952820345401185,0.8338357359457068,0.10223158997856731,1.5475377133962798,1.2609817608819314,4.50684562672254,3.5740767761502354,0.1763370632405806,3.2012473063237623
1017,222_0.mat,Ball,1,0.9211649623755344,0.05102452944592791,0.7222042859196343,0.8485448879083196,0.6079313004458249,3.4973569114094003,6.910205231887362,0.8467683074784133,0.9202001453370964,0.14572430990549762,2.5450409290835854,1.2754908553350301,4.842614450772919,3.7966673226329517,0.18701873486548748,3.5494869265277385
1018,222_0.mat,Ball,1,0.8962064883191045,0.056007832303131756,0.6976368712011891,0.8031860697052613,0.5840219166484494,3.4973569114094003,6.910205231887362,0.800831254197643,0.894891755575859,0.1301215907833841,2.3955359809524643,1.2846317694974094,5.013148037004765,3.902400793778034,0.1815673867346792,3.7352585640040488
1019,222_0.mat,Ball,1,0.8631182962480731,0.056512440579140524,0.6856242348026502,0.7449731933181765,0.5813304204083959,3.338459792684239,6.211543091538561,0.7425046395650408,0.8616870891251887,0.08570692604026661,1.795443402368441,1.2588795034283669,4.869226645175853,3.8679052537670313,0.13395753935287416,3.2566671693891904
1020,222_0.mat,Ball,1,0.8830696435285256,0.060095633149390495,0.7054820431998192,0.7798119953215972,0.5997741928772837,3.338459792684239,6.211543091538561,0.7769592594748018,0.8814529252744028,0.11402025834256162,1.8787866659296477,1.2517251885278038,4.732168344834723,3.780516992228164,0.16648865717237835,3.1122965811937986
1021,222_0.mat,Ball,1,0.9454136498874844,0.06116762960429173,0.7458203142547146,0.8938069693935751,0.6251757876160535,3.3631171611823008,6.452921157388234,0.8909355447250629,0.9438938206838007,0.12980668031376166,2.5276357357452257,1.2676158477004644,4.509286079903169,3.557297021868676,0.15435745682212224,3.184358204389905
1022,222_0.mat,Ball,1,0.9698158843213399,0.06200745887117016,0.7641815881370257,0.9405428494819825,0.6410333241194458,3.3631171611823008,6.452921157388234,0.9376135627712164,0.9683044783389244,0.13053984797830862,2.819617852389788,1.2690908801981928,4.400939794135498,3.4677893150123884,0.14378291407110957,3.2073214582648233
1023,222_0.mat,Ball,1,1.0241999446343948,0.0661023668762459,0.7970699123717035,1.0489855265890973,0.665605904307145,3.847900936688573,7.0521209791457125,1.0456371336958303,1.0225639998043303,0.24720001005136383,3.8227095677798157,1.2849562237088772,4.827557629460896,3.756982176032423,0.23119422793933594,3.4963049708822624
1024,222_0.mat,Ball,1,1.0034547372351812,0.06842048517706548,0.7795274997511175,1.0069214096797263,0.6525146569112852,3.847900936688573,7.0521209791457125,1.003219753678563,1.0016085830695356,0.2565630066129853,3.620432833930766,1.2872602153923633,4.93619652662949,3.8346532174304735,0.2553288704344283,3.5972311456632213
1025,222_0.mat,Ball,1,1.1073864052411744,0.07142207525078895,0.8261623777769671,1.2263046505129704,0.6853314181303509,6.580688787740395,12.087097619055218,1.2223972850285016,1.1056207690833695,0.24406415532090767,9.259140199471965,1.340398007737393,7.96536971998133,5.9425407035778655,0.18058656454147481,6.196492192235367
1026,222_0.mat,Ball,1,1.1719723716566393,0.0734191868783729,0.8771626070446052,1.373519239926488,0.7285662034438167,6.580688787740395,12.087097619055218,1.3694662322920792,1.17024195459404,0.3083217339524753,10.71274352268116,1.3360947699355206,7.502245005524105,5.615054541288085,0.192387631310334,5.712129585529197
1027,222_0.mat,Ball,1,1.0333209800223062,0.07123255101566828,0.8140525924775608,1.0677522477542594,0.6913898494409274,4.945625306507437,8.785433823865223,1.063716957521389,1.031366548575912,0.20683358306709834,4.193167517948534,1.2693540805221626,6.075314239156713,4.786146223795717,0.18853063548380325,3.7058688655428678
1028,222_0.mat,Ball,1,1.1307706525857524,0.07165187338587273,0.8891988985117982,1.2786422687492083,0.7509718152093114,4.488341232008308,8.467639586414899,1.2747531539163748,1.1290496684895552,0.23576340324372405,5.869688114779779,1.271673474266542,5.0476234726731475,3.9692763707129934,0.16380880767517425,3.6121255358515656
1029,222_0.mat,Ball,1,1.0918732103890738,0.07545894145885898,0.8443464148119908,1.1921871075653425,0.7037341319243218,4.488341232008308,8.467639586414899,1.1876528729780187,1.0897948765607308,0.2849739238154414,5.5054738065064015,1.2931578688954417,5.315758026878581,4.110679875005669,0.22017643561909125,3.903153699659739
1030,222_0.mat,Ball,1,0.8983072937479468,0.0774406542423394,0.7033534136733842,0.80695599400076,0.589902837557741,3.384552086665584,6.6263737373706615,0.8017418901358644,0.8954004077148192,0.20100538314737612,2.2799583035292894,1.2771776979869982,4.812021980506736,3.7676996615942837,0.27999857756172014,3.5469719447732655
1031,222_0.mat,Ball,1,0.8194213123158259,0.07716821315435346,0.652338316336621,0.6714512870773904,0.5537176840644047,2.8100096334061666,5.390372485607765,0.6661468880262928,0.81617822074979,0.13721672927324968,1.4179541996069411,1.2561293607836004,4.307595557443589,3.4292611031328506,0.25237832757422757,3.195377673875423
1032,222_0.mat,Ball,1,0.8521846049282317,0.07890946706452454,0.666040971726949,0.7262186008766863,0.5615754555268907,3.734281423242601,6.858048162382156,0.7206957012800602,0.8489379843546054,0.10972127140942788,1.9948026880708611,1.2794777515223417,5.606684245797277,4.382009956108875,0.17933412326991097,3.8405735047875815
1033,222_0.mat,Ball,1,0.8742928748001456,0.07636747326096865,0.6852926028519253,0.764388030926303,0.575558568950876,3.734281423242601,6.858048162382156,0.7592975414593697,0.8713768079650558,0.14277644750496554,2.0994768405835273,1.2757949978744814,5.449178070354916,4.2712019403016965,0.21579361048208437,3.641556905529993
1034,222_0.mat,Ball,1,0.8375282080351673,0.07687800416932494,0.6604929322936168,0.7014534992545984,0.5556649966344108,3.4961439563046284,6.353458838796912,0.6962231771760005,0.8343998904458224,0.15400370216718196,1.6279725778032414,1.2680350796873976,5.293234469835557,4.174359648736337,0.26509921759835986,3.3585369570629466
1035,222_0.mat,Ball,1,0.832849668777221,0.08050739327188558,0.6578562472939731,0.6936385707823267,0.556982427048944,3.4961439563046284,6.353458838796912,0.6878288382607567,0.8293544708149566,0.1309324517521512,1.6560654843352776,1.266005563072176,5.314449730743393,4.197809145356837,0.22952327377169557,3.5003925034576127
1036,222_0.mat,Ball,1,0.8772870875607133,0.08167652089728616,0.6821521229010764,0.7696326340007587,0.5702177494057774,3.2891268997911958,6.187283989443117,0.7637073879309001,0.8739035346826903,0.1164053899174832,2.135523741632544,1.2860578426824727,4.821691217199882,3.7492024519964455,0.17441450593676838,3.661427341371635
1037,222_0.mat,Ball,1,0.8689789851014873,0.07772612512148991,0.6777184225953544,0.755124476548011,0.5689908565217131,3.2891268997911958,6.187283989443117,0.7498153675915231,0.8659187996524403,0.10924252053369465,2.028936699188998,1.282212429422251,4.853235193445793,3.785047689505721,0.16825198874759675,3.608775149210328
1038,222_0.mat,Ball,1,0.8227027961467699,0.07901133634090188,0.6505544372039158,0.6768398907877136,0.5525968871515831,3.3412839692964007,6.589985084227495,0.6712526196537191,0.8193000791246874,0.14898902985919635,1.6080191960753805,1.2646179152685262,5.1360559212417485,4.061349961300309,0.2709101656616105,3.5687756064081118
1039,222_0.mat,Ball,1,0.8635453210931129,0.08325194110172665,0.667817725970469,0.7457105215818075,0.5572854300284341,3.3412839692964007,6.589985084227495,0.7395018056166497,0.8599429083472051,0.17536203787745486,2.1385914107147155,1.2930853547454444,5.003287333285235,3.869263011075076,0.275757114277908,3.910653530338499
1040,222_0.mat,Ball,1,0.894785720826129,0.07873297262056841,0.6996913354135517,0.8006414861943352,0.5860349088120396,3.179960940361694,6.2782556223010335,0.795219186453435,0.8917506301951432,0.15856999033357902,2.2340268281266136,1.2788292144506666,4.544805372611393,3.5538798466991377,0.2236097442760979,3.5327644747415694
1041,222_0.mat,Ball,1,0.838909635971893,0.08000278499587683,0.665501888070748,0.7037693773264941,0.5603546796045963,2.860555481403982,5.623259865724032,0.6980506217797295,0.835494238029042,0.14247760484759892,1.5827084739646535,1.2605668759296593,4.298343149246761,3.409849355332012,0.24429592812486645,3.2480827951003404
1042,222_0.mat,Ball,1,0.9402477100805494,0.082921458216735,0.7343386105339708,0.8840657563117169,0.614339580033596,3.5216160135048447,6.400764087883028,0.8780472561024648,0.9370417579288902,0.27333601891715287,2.7115494317661666,1.2804007532649992,4.79562964956905,3.7454130180220364,0.33221560585986637,3.5170759425590723
1043,222_0.mat,Ball,1,1.6108814154103415,0.08023969028977762,1.1657296965434387,2.5949389345144254,0.9496030986338301,9.460244206469657,17.525988308853872,2.5910308301617064,1.609667925431114,1.0057373235852805,47.79630389874205,1.3818652987784918,8.115298284424396,5.872712985551432,0.2411435757562645,7.119494397436773
1044,222_0.mat,Ball,1,1.8733925088006176,0.07794289346540913,1.3286964947465187,3.509599492030272,1.0700542997485964,9.460244206469657,18.78624866271221,3.506949152420173,1.872685011532952,1.0969512984515353,85.2220099598824,1.409947656373251,7.119943677030102,5.0497929088663005,0.1670294853508526,6.929355372208945
1045,222_0.mat,Ball,1,1.7867457440804713,0.07894737191154862,1.2846652413613753,3.192460353989677,1.0357243321940992,9.326004456242556,18.056049689639334,3.1893422585072604,1.78587296818874,1.0415348575018286,62.75846153715142,1.390825941694853,7.259482202812942,5.219547597711984,0.18286143280292197,6.169785054842797
1046,222_0.mat,Ball,1,2.1000447563136775,0.07843091837084482,1.477939634093381,4.4101879785205735,1.1738718827587182,11.702998195193498,22.056375625178127,4.408341590648698,2.0996051035012986,1.579415126882905,125.90598298311258,1.4209272881436028,7.918454803713685,5.572737514285568,0.1706410182430442,6.4788196257320845
1047,222_0.mat,Ball,1,1.9237284409925666,0.07734944570418756,1.3161566554172097,3.7007311146836908,1.034385988672679,11.702998195193498,22.056375625178127,3.698359857481267,1.9231120241632484,1.1307433146764994,109.96645437505211,1.4616257366273018,8.891797300128275,6.083498037357672,0.15898285029651196,8.039737873282265
1048,222_0.mat,Ball,1,1.1493640142802348,0.08235051645843398,0.8685281692156198,1.321037637322376,0.7170824876234332,4.949264171821753,9.501077335680833,1.3155407375128827,1.1469702426448922,0.3610631070469236,7.8282314713580625,1.3233468470192724,5.698449799602707,4.306089376668731,0.23929116458265398,4.523296499525113
1049,222_0.mat,Ball,1,0.8200519729357488,0.08021244618097906,0.6513251927338972,0.6724852383158142,0.5531500394216076,2.560955570525243,5.078643023681303,0.6667022782370687,0.8165183881806145,0.1098525868088808,1.4644606181337358,1.2590515184778472,3.9319154227274065,3.1229186137483644,0.2017959191316896,3.2946843947278404
1050,222_0.mat,Ball,1,0.8336869406650702,0.07380297345449224,0.6448698769463974,0.6950339150354843,0.5386062824935665,3.1092112778822885,6.116932593366327,0.6902611192690461,0.8308195467543155,0.100457561820021,1.8003411127670477,1.2927987032228438,4.821455287383364,3.72947101150247,0.1751711238569222,3.7785743883201386
1051,222_0.mat,Ball,1,0.887691831410013,0.07741933276588833,0.6835702836348982,0.7879967875520628,0.5685197762142989,3.820002969278812,7.22557355912814,0.7827674558097116,0.884741462693883,0.20288045943079763,2.4702330255172518,1.2986109148694935,5.588310464522074,4.303298548108528,0.29294836458312773,4.031553257140899
1052,222_0.mat,Ball,1,0.8857877804917057,0.07587707930259396,0.6936221752551102,0.7846199920684221,0.5856291141176492,3.820002969278812,7.22557355912814,0.7796240124796172,0.882963199957743,0.2106680096874463,2.352061269014889,1.2770465133480502,5.507325321409065,4.312548731654432,0.30603477728408995,3.8697081897702366
1053,222_0.mat,Ball,1,0.8240527832903032,0.07378283650451067,0.6592985761410591,0.6790629896484953,0.5648258403148197,2.8961294458449944,5.590510077895182,0.6742775568624674,0.8211440536607857,0.11462808845130332,1.485797250298801,1.2498931639020323,4.39274336491357,3.5144950718784367,0.2070298623199474,3.2680007022493283
1054,222_0.mat,Ball,1,0.8369586803179043,0.07348670488713464,0.6546551969198668,0.700499832559488,0.5512568142750249,3.383737397963429,6.676104896666324,0.6957790084522608,0.8341336873980458,0.161853177578237,1.7947600841472837,1.2784725214960355,5.168732202659727,4.042896593980161,0.27887799479051667,3.707351448762309
1055,222_0.mat,Ball,1,0.831135821752889,0.07082507391015888,0.642185722236133,0.6907867542008501,0.5346774265728604,3.383737397963429,6.676104896666324,0.6864409155630753,0.8285172994953547,0.20044415741783153,1.8349783476136616,1.2942296799398234,5.269094719477355,4.071220743226973,0.35244281312695697,3.894257098720516
1056,222_0.mat,Ball,1,0.8129657304903898,0.07099564572176746,0.6375337155887246,0.6609132789517731,0.5362204897977937,3.220803147521333,5.675416935229238,0.6565140242170968,0.810255530198404,0.16856152604045432,1.4950024340927226,1.275172921228784,5.051973046699279,3.961794484958853,0.3168782586187765,3.468597320151461
1057,222_0.mat,Ball,1,0.8549543506797173,0.07285298322594992,0.6534008543101343,0.7309469417461769,0.5415453679393822,3.6404856137725226,6.646993974151789,0.7263487094928707,0.8522609397906669,0.15394043096099233,2.127862238824399,1.3084683698203552,5.571596042081402,4.258105255413879,0.24867661332121416,4.033231673571186
1058,222_0.mat,Ball,1,0.836343292591164,0.07637931852566371,0.6378358230295524,0.6994701030622295,0.5276339358409619,3.6404856137725226,6.646993974151789,0.6943143441154599,0.8332552694795634,0.15207618652586752,1.9671850160225877,1.3112203209557,5.707559033726682,4.3528604175077374,0.26286151533431645,4.08068369305915
1059,222_0.mat,Ball,1,0.8220174445850533,0.07452908818029827,0.6471635091233913,0.6757126792021413,0.5444892318489423,2.79384295064151,5.419483408122299,0.6708131852183443,0.8190318584880226,0.16576539318692007,1.4671494719055969,1.2701850969583228,4.317058844095775,3.398763577393929,0.30171123503135894,3.2604022260877974
1060,222_0.mat,Ball,1,0.8420998175377812,0.06672068969332708,0.6739566136172984,0.7091321026971643,0.571166437877338,2.79384295064151,5.419483408122299,0.7053692894607502,0.8398626610706956,0.18038014053784418,1.458065790469601,1.2494866887896026,4.145434430329412,3.317709958431199,0.3044835959359344,2.9305155210189273
1061,222_0.mat,Ball,1,0.842933715546305,0.06668989200511996,0.6560276032445158,0.710537248804699,0.5482743774241114,3.014600779710055,5.964100250165027,0.706779921876502,0.8407020410802521,0.15228444287346268,1.7638399276910959,1.2849058658143693,4.595234659023719,3.5763200879356414,0.2562885673347635,3.5309434501289827
1062,222_0.mat,Ball,1,0.8813746404453047,0.06791706142752624,0.6706589628476713,0.7768212568200901,0.5531078713338438,3.0428970135224334,6.057497793232488,0.7729633766346345,0.8791833578012237,0.08393749766313166,2.3126319057919833,1.314191995141023,4.537174901230744,3.452444481476789,0.12351441390605365,3.8706925657669253
1063,222_0.mat,Ball,1,0.8806482075156724,0.06349640864333685,0.6832006581853086,0.7755412654005669,0.569072229303093,3.0428970135224334,5.748194241515572,0.7722636351962116,0.8787853180363288,0.11663416440430942,2.072089053691423,1.289003745771451,4.453884780498318,3.455292348919958,0.17186102783272905,3.4743794405874318
1064,222_0.mat,Ball,1,1.0220667766996119,0.06702629752245913,0.7642665205715324,1.0446204960331344,0.6275855698453979,4.251814986577724,8.044318254849392,1.0411447143586812,1.0203649907551127,0.2666378754667077,4.999605060677055,1.3373172174727141,5.5632621240461715,4.160016824246292,0.2509892913006347,4.612257032027317
1065,222_0.mat,Ball,1,1.3734641857274505,0.07009659013141381,1.019531250076708,1.8864038694759686,0.8272737628666174,5.812073517717422,10.983308473712492,1.883329526518658,1.3723445363751254,0.30985323891402083,15.111499424279843,1.3471526111855483,5.700731112728942,4.23168916824347,0.11988547472267613,4.26044465916782
1066,222_0.mat,Ball,1,1.9652122674078931,0.06732361366630464,1.3813064777558448,3.8620592559704727,1.1011199336762956,12.23305957597896,23.755725726964016,3.861297585436661,1.965018469489959,0.7896410347813372,126.88625346733669,1.4227199387345772,8.856151602101136,6.224803182257808,0.10407101704637467,8.510361874343555
1067,222_0.mat,Ball,1,1.92911933743362,0.062207643844516325,1.343126413928386,3.721501418060329,1.069844264244612,12.23305957597896,23.755725726964016,3.72126567561899,1.9290582354141075,0.9446875277749865,125.65498187299326,1.4362902236356747,9.107898891058593,6.341266368853426,0.13159887176946455,9.073991281439588
1068,222_0.mat,Ball,1,1.3245612388376338,0.06206431614170634,1.009239571065046,1.754462475431087,0.8358447248394898,5.748999852269266,11.11794649034221,1.752321747799785,1.323752902848483,0.45796712164688846,13.125437573842447,1.3124349032792262,5.6963678566395055,4.34030506381868,0.19743017198433482,4.274507553384354
1069,222_0.mat,Ball,1,0.9835617123320254,0.06563684797373079,0.7463972318364673,0.9673936419655058,0.6120834309718453,4.434156518696175,8.859424085256327,0.964026878652263,0.9818487045631129,0.1913379582241702,3.8678477499353687,1.317745659252662,5.940746199956084,4.508264670224178,0.20214705604715255,4.161894669765331
1070,222_0.mat,Ball,1,0.8145772962402018,0.06060379500480777,0.6272880746721243,0.6635361715499976,0.5204611277598783,3.2430346058098505,6.21639491195765,0.6605083792951683,0.8127166660621451,0.10562494001667638,1.6025378077810668,1.2985697148230861,5.169928676708503,3.9812484595072317,0.1967655111419547,3.67325959223917
1071,222_0.mat,Ball,1,0.8160146240948432,0.05813405731589166,0.6393184257766016,0.6658798667366482,0.5383915058773889,3.2430346058098505,6.21639491195765,0.6631479034911439,0.8143389364945924,0.09734972992616774,1.5725518352108336,1.2763821457239033,5.072643732839945,3.974235889955015,0.18026821132857968,3.5758901407967754
1072,222_0.mat,Ball,1,0.8787522305751269,0.058949011526910504,0.6757575537044508,0.772205482740761,0.5646001681263345,3.9376596144417175,7.377192947224669,0.7694819439916905,0.8772011992648496,0.19667566689641852,2.474214200314023,1.3003957199687588,5.827030112871021,4.480966849848122,0.29137546607517345,4.178692639455238
1073,222_0.mat,Ball,1,0.9367417054435959,0.055719992371042255,0.7187305119077168,0.8774850227173767,0.601043272418187,3.9376596144417175,7.377192947224669,0.875235026873479,0.9355399654068655,0.2707751716959411,3.1226061857777205,1.3033281458385726,5.478631488712733,4.20357030284333,0.3306905658083054,4.076315930081573
1074,222_0.mat,Ball,1,0.8498470991963922,0.05511469934512565,0.6671739795921816,0.7222400920125226,0.5627720660551537,3.316626600798339,6.193348764966977,0.7199054946382267,0.8484724477779032,0.14871623289684338,1.8064737927401409,1.2738013249776288,4.971157002886559,3.9026156633712215,0.24346982490151614,3.4856252168064072
1075,222_0.mat,Ball,1,0.8475527723933335,0.05764484788398646,0.6748608317063001,0.7183457019916257,0.5722472644397733,2.8763238977660217,5.56139915538065,0.7157217204967303,0.8460033809014774,0.1092823925228686,1.594376303657108,1.2558926708624472,4.2620993286709785,3.3936811859401006,0.180482001519828,3.1124503808089377
1076,222_0.mat,Ball,1,0.9156698345397881,0.0602140857963409,0.712536251797014,0.8384512458861229,0.5973365704028222,3.581050813638684,6.6263737373706615,0.8356415659746057,0.9141343260017127,0.17050900871161243,2.5127294723695686,1.2850852601943927,5.025780519380256,3.9108537581502776,0.22321186603845558,3.598368739450185
1077,222_0.mat,Ball,1,0.891775584027199,0.056226969699990026,0.6824587911441014,0.795263692267052,0.5677379237076186,3.581050813638684,6.661549435409056,0.7928765136157363,0.890436136741842,0.1753147318238647,2.5028889435109622,1.3067097905367795,5.247277725926893,4.015641241782918,0.24831907481004215,3.981351052518234
1078,222_0.mat,Ball,1,0.7886632745827268,0.05313654014105376,0.6116828924680918,0.6219897606755496,0.5094229883449182,3.0804986217703725,6.038090511556133,0.6197715143969159,0.7872556855284794,0.09704324506327816,1.4229150242602637,1.289333548955806,5.036103935056561,3.90597447737924,0.1988922648758436,3.7043818009143945
1079,222_0.mat,Ball,1,0.8598406823805549,0.05375130937872641,0.6657963398474122,0.7393259990766583,0.5514905872895797,2.9143237724165774,5.654796698448109,0.7371566753825339,0.8585782872764335,0.1176604701885619,1.8561741044929394,1.2914469950019891,4.377200050514108,3.389376464887183,0.18590491655412864,3.4158524608879453
1080,222_0.mat,Ball,1,0.9226179860902957,0.050730766881490884,0.723305206324046,0.851223948257313,0.6098943276152897,3.6044952270319737,6.727049011066757,0.8494799077713617,0.9216723429567374,0.14761554932780435,2.5108368156617,1.2755583369542076,4.983366904471237,3.9068122249627364,0.18853953871179358,3.479463343399572
1081,222_0.mat,Ball,1,0.8428004274287489,0.050973594807739234,0.6623822697428441,0.710312560474082,0.5609030184926943,3.6044952270319737,6.727049011066757,0.7084060558954188,0.8416686140610322,0.16498584201218547,1.8477552753733117,1.272377697782696,5.441714538080708,4.276807545084479,0.2767089967862713,3.6819672440388707
1082,222_0.mat,Ball,1,0.8315896727091179,0.053343832273216985,0.6511628239557348,0.6915413837564578,0.5470431220874769,3.1447852423233003,6.165450797557217,0.689369031259454,0.8302825008751262,0.1537742734426549,1.6472802867892589,1.2770840750029846,4.829491375466253,3.781654998281267,0.26866186758073085,3.466282559921029
1083,222_0.mat,Ball,1,0.8981601939166404,0.051276833583932285,0.7145013989402894,0.8066917339363769,0.6037173880931719,3.1447852423233003,6.165450797557217,0.8048484050445339,0.8971334377028503,0.11496673209794367,1.9802991909613912,1.2570446961300383,4.401370307998105,3.501363413364177,0.159221259556464,3.0570506516952336
1084,222_0.mat,Ball,1,0.8918022204093989,0.04919325152407452,0.7070234478775737,0.7953112003271341,0.5977956160827141,3.591152720879479,6.934464333982807,0.7936662890670403,0.8908795031130979,0.1384389255591509,2.0594861772799993,1.2613474462342864,5.079255478237314,4.026848822182641,0.19579487460532732,3.2695125843935084
1085,222_0.mat,Ball,1,0.8605543202754621,0.04984474108230179,0.6707974106016585,0.7405537381447627,0.5631452042345777,3.591152720879479,6.934464333982807,0.7387907152390516,0.8595293568221225,0.1971634709463691,1.961121605482247,1.2828825911869903,5.353557816588934,4.173069190711614,0.31048763680641556,3.593036811586246
1086,222_0.mat,Ball,1,1.0089902724942168,0.0497298420147599,0.7589691940873334,1.018061369987954,0.6231941981341111,4.15881570991288,7.897550687171952,1.016581067750116,1.0082564493967374,0.15382618571408316,4.505140732642551,1.329421905860364,5.479557987736788,4.121759964670616,0.15007807319692767,4.359375984413127
1087,222_0.mat,Ball,1,1.0281815770356508,0.053766708222829945,0.769851898616174,1.0571573553555178,0.627150302357655,4.15881570991288,8.175317406164794,1.055297059977533,1.0272765255653091,0.13768353036155762,4.998064378314009,1.335557629827886,5.4020984002027435,4.0448261307104065,0.12700473157527759,4.487995258235115
1088,222_0.mat,Ball,1,0.903132173268769,0.05264733070914855,0.7020066070775579,0.81564772239317,0.5838108128017141,4.016501696251913,7.727736972503842,0.8136705811392654,0.9020369067500871,0.1438744356142218,2.435970874909972,1.2865009590539427,5.721458538640858,4.447302194661344,0.19602466121220374,3.6793818642029716
1089,222_0.mat,Ball,1,0.8491126405641131,0.046991216817266354,0.6704345920306927,0.7209922763657607,0.5649476573104119,3.111637188091833,5.988359352260472,0.719486725663324,0.8482256336985602,0.0972881361135784,1.64066067659663,1.2665107836857767,4.641224103103469,3.6645752747491005,0.15941372297331616,3.1693718596454916
1090,222_0.mat,Ball,1,0.8521401107217322,0.04560295179500752,0.6620425400048173,0.726142768300846,0.5532278341319774,2.997619408243244,5.9653132052697995,0.724770923193109,0.8513347891359244,0.14971544672383214,1.8768914818995077,1.287137999794159,4.527835036426668,3.5177541469100073,0.24264171555447298,3.57303803967007
1091,222_0.mat,Ball,1,0.8496768747878215,0.04465888419881274,0.6483578120848448,0.7219507915491994,0.535764025239481,3.1358962901872776,6.103590087213833,0.7206601452844457,0.8489170426398834,0.1363708319538008,2.0750812192443644,1.3105061108993339,4.836675415537485,3.6906927600762027,0.22290803971298503,3.9955271857188617
1092,222_0.mat,Ball,1,0.8505042520792173,0.04654938844414132,0.6583655404847555,0.7233574828048288,0.550306175873425,3.436709156170789,6.3801438511019,0.7218956134252908,0.8496444041040292,0.13818003256483294,1.969394246566997,1.2918419932059293,5.220062328345914,4.04079009336528,0.22528573146307956,3.7790606255161645
1093,222_0.mat,Ball,1,0.8837219078485175,0.041396698301798374,0.6916182035577984,0.7809644104114235,0.5811379305687051,3.436709156170789,6.212756046643333,0.7800124546939203,0.8831831376865844,0.1305525655767181,2.115497586153187,1.2777597571915085,4.969084298948206,3.8889034272487466,0.18951042473722676,3.477038180650951
1094,222_0.mat,Ball,1,0.8892861042441845,0.04350397089104621,0.6876069548089193,0.7908297752017985,0.5745600806812156,3.3716078469157065,6.479606169693223,0.789708379307677,0.888655377133159,0.15050117642892533,2.3446967589993584,1.2933058603079677,4.903394044127647,3.7913645910136955,0.2144567773009544,3.759699985945048
1095,222_0.mat,Ball,1,0.8297486381319981,0.044616241245910584,0.6413035148358097,0.6884828024819054,0.534838854831055,3.3716078469157065,6.479606169693223,0.6871632513616499,0.8289531056469056,0.15032226080272845,1.81347515575992,1.2938470146123264,5.25742923422721,4.063408714357276,0.2638963660890052,3.8405352746191204
1096,222_0.mat,Ball,1,0.8059488469062488,0.0391070086362469,0.6302278211442804,0.6495535438295121,0.5251441317144895,3.014600779710055,5.499538445037265,0.6486576404320211,0.8053928485106018,0.11159262109917716,1.3920346641866324,1.278821435463829,4.783350843242332,3.7404368667791954,0.21360537244461625,3.308407329152406
1097,222_0.mat,Ball,1,0.9396507049681473,0.038531328772067885,0.7255869223148723,0.8829434473471361,0.6007879676134816,3.0970817268345665,6.097525311689973,0.8823204250903223,0.939319128459717,0.12974426093758643,2.6888993220492,1.295021555748335,4.268381404876401,3.2959925538886887,0.1565484085823524,3.4539963615091893
1098,222_0.mat,Ball,1,0.8952870451779449,0.04196764006009936,0.6926353760541728,0.8015388932634556,0.5739934494047606,3.0970817268345665,6.097525311689973,0.8005594067468927,0.8947398542296485,0.10989994872933195,2.250335065032759,1.292580593092071,4.471446065134081,3.459317035259389,0.15342888975380495,3.5112362990465376
1099,222_0.mat,Ball,1,0.7916825201141418,0.038553834774988485,0.6251662686186169,0.6267612126542785,0.5234268779935737,2.7077231382026823,5.299400852749849,0.6258860313058686,0.7911295919796381,0.10883411213374924,1.210891354401734,1.2663551439878498,4.3312047916171235,3.4202133676121496,0.2197971972512393,3.0911114261686663
1100,222_0.mat,Ball,1,0.8815703530327766,0.03126425888166008,0.6900143369877216,0.7771662873463344,0.5798358403231332,3.740346198766462,6.722197190647667,0.7769475713255376,0.881446295202117,0.13036640099251356,2.124930619693137,1.2776116462739324,5.420678960222241,4.242822125193625,0.1903610562971398,3.5201512787630467
1101,222_0.mat,Ball,1,0.9720647330183299,0.034749135754941214,0.7521752278421319,0.9449098451779969,0.6277003521628154,3.740346198766462,7.076380081241156,0.944624827925803,0.9719181179121023,0.11971849541670573,3.1659743922655537,1.2923381374918885,4.9727059072284705,3.847836539803861,0.13039838599644685,3.5480414558695537
1102,222_0.mat,Ball,1,1.127776736588676,0.03155328334021908,0.8606478680853065,1.2718803675906036,0.7131756425718587,4.863542625785542,8.789072689179537,1.2721270694923565,1.1278861066137646,-0.021880423163505018,6.587030483994088,1.310381142401879,5.651025008171893,4.312504831845159,-0.015249653501293042,4.070321231060715
1103,222_0.mat,Ball,1,1.423891817825976,0.028742402028085784,1.0829783239125828,2.0274679088717624,0.8964505405566281,6.197394974632371,11.823886361319643,2.0286228602093415,1.4242973215622297,0.13978698774161818,17.03963539559915,1.3147925368260618,5.7225475688531855,4.352433869653324,0.048379878533969696,4.140546510482361
1104,222_0.mat,Ball,1,1.662734746557178,0.03550486364248483,1.2853621141271092,2.764686837408563,1.0707466225902884,6.197394974632371,11.823886361319643,2.7661275384905992,1.6631679225173264,0.05422489550793433,27.114247684087466,1.2935924657193194,4.821516758984457,3.727230087337041,0.011786650970244604,3.5436690721440596
1105,222_0.mat,Ball,1,2.26221045398928,0.0360781744537248,1.6129096716058569,5.117596138138384,1.3067528066819811,12.24073557301021,23.673244779839504,5.121295768865754,2.2630280088557795,-0.18213338803186602,191.418163521848,1.4025648762683398,7.58922572571309,5.41096234058107,-0.01571519517091823,7.298328862267277
1106,222_0.mat,Ball,1,2.584350617217069,0.031321116152196224,1.8030324992560183,6.678868112710247,1.4176766421972493,12.24073557301021,23.673244779839504,6.6844148492694675,2.5854235338275755,0.14296851951189435,263.48328662429384,1.4333355712013018,6.788971123956053,4.73648408674005,0.008272662884627864,5.8969341953150405
1107,222_0.mat,Ball,1,2.2400527794918497,0.028103942261023036,1.5467586950417695,5.017836454909162,1.2098972616184231,9.27384738673735,18.320473902479677,5.021950872237221,2.2409709663976507,0.07342600878781533,145.80392721263962,1.4482238158227452,5.995665268576956,4.140012892391294,0.006524409811321047,5.7812839718242275
1108,222_0.mat,Ball,1,1.6453685519669088,0.02704734465022539,1.1553982389460555,2.7072376718016824,0.9294023663962732,9.27384738673735,18.320473902479677,2.7091517689734426,1.6459501113258088,0.05129645580985054,62.95762100897846,1.4240705035749197,8.026537581698971,5.636334410090407,0.011503694952537825,8.577913023887158
1109,222_0.mat,Ball,1,1.09421886570462,0.023718825270918807,0.8424897133289311,1.197314926063905,0.7032123031309677,4.343999574540414,8.491898688510343,1.197922189279641,1.0944963176181275,0.18302207609483243,5.584609966509575,1.2987919595833783,5.156145536033674,3.969954924638531,0.13959201078570468,3.891666608921712
1110,222_0.mat,Ball,1,0.8746118576292844,0.022726192089474358,0.6836329571555733,0.7649459015057476,0.5770724988827265,3.843447382672102,6.910205231887362,0.7651766645353203,0.874743770789664,0.048752746025333124,2.1116567981240637,1.2793588262143585,5.622092004835619,4.394460638900694,0.07283774755943087,3.60661596653579
1111,222_0.mat,Ball,1,0.8746954224356489,0.025244495363640117,0.6815726944234399,0.7650920820298783,0.5735414122636786,4.092917867852563,7.185546040670658,0.7652020651254375,0.8747582895437102,0.05017419928459097,2.251085277113524,1.2833486869280952,6.005108334495213,4.679249213915943,0.07495769966957684,3.844498366257217
1112,222_0.mat,Ball,1,0.9013579055051911,0.021888731875534927,0.6933093184242164,0.812446073816705,0.5783708912691935,4.092917867852563,7.4536091188253195,0.8127606688242346,0.90153240031861,0.04983039533064876,2.746019965293348,1.3000804713724843,5.903451401964742,4.540835380540688,0.06800648276692425,4.156983803744434
1113,222_0.mat,Ball,1,0.8793125796574212,0.01941544060721032,0.6844830050375392,0.7731906127437886,0.5741221150197904,3.384552086665584,6.745243337638341,0.7735690919761997,0.8795277664611844,0.026016497609960932,2.2663418580896173,1.2846375632188447,4.944683888060917,3.8490886687648107,0.0382384400606341,3.7872781452648487
1114,222_0.mat,Ball,1,0.8401321457253509,0.020820289000042215,0.6694947849565016,0.7058220222810822,0.5681964613979053,3.384552086665584,6.611818276113396,0.7060780672095461,0.8402845156311916,0.037686174439801615,1.6326397622846711,1.2548748169542219,5.055382301268306,4.028594910791576,0.06351890052554131,3.2748010939160728
1115,222_0.mat,Ball,1,0.8142122005978485,0.02119933747028354,0.6426976670296798,0.6629415076023911,0.5410368523063303,3.118100230018312,5.999275948203422,0.663139693049706,0.8143338953093541,0.06836977958842405,1.4555660624133022,1.266866588079557,4.851581684471038,3.8295916319172902,0.12660668684204265,3.3099533526684417
1116,222_0.mat,Ball,1,0.8755057146872235,0.020322787882850482,0.6720013138874448,0.7665102564499859,0.5594164163359777,3.6404856137725226,7.194036726404063,0.7668461139007607,0.875697501367202,0.051646551289648734,2.505283411979498,1.3028333376630292,5.417378714198257,4.158151743268673,0.07690932417631188,4.260302340325455
1117,222_0.mat,Ball,1,0.9264844885129442,0.0195552147306118,0.7139911683121265,0.8583735074550919,0.5941334597098785,3.6404856137725226,7.194036726404063,0.8588298020104574,0.9267307063060215,0.01659971974603248,2.9212631382373755,1.2976133734284891,5.098782415437328,3.929354089469714,0.020856435963846034,3.9605588048354163
1118,222_0.mat,Ball,1,0.9122428980599425,0.016918458809495614,0.7082967251804502,0.8321871050608027,0.5859277241433541,3.172284943330444,6.1327010097283665,0.8327140681444865,0.9125316806251093,0.04451065290279764,2.2608938335327684,1.2879388900552178,4.47875139125876,3.4774564428765977,0.058576054014145874,3.260531240112994
1119,222_0.mat,Ball,1,0.9036736481622812,0.01457072734693844,0.7047636893843212,0.8166260623829265,0.5883599287067037,3.30853418146755,6.540253924931833,0.8172118147003008,0.9039976851188839,0.045591558017281375,2.179686477772099,1.2822363889808863,4.694529856317056,3.661204670726156,0.06171382698732821,3.2638091563203204
1120,222_0.mat,Ball,1,0.8311753481695486,0.013995047482759442,0.6541322722414689,0.6908524594047704,0.5527138095490483,3.30853418146755,6.540253924931833,0.6913317266900715,0.8314636051506232,-0.008892579435564743,1.6260887749286055,1.270653327224092,5.057897801197565,3.9805489765183375,-0.015470274553876355,3.4022895853464235
1121,222_0.mat,Ball,1,0.836062634865285,0.01773815112639248,0.6654737597156731,0.6990007294178828,0.5625350149501441,2.7283433749838104,5.175679432063082,0.6993690650150539,0.8362828857599884,0.00164824996894717,1.4694526734709608,1.256342000954689,4.099851173914669,3.2633241353025735,0.0028181457389195924,3.0042963253803032
1122,222_0.mat,Ball,1,0.9933187211480046,0.015191419216958607,0.777325429583573,0.9866820817831072,0.6493521869260429,4.226741195780125,7.238916065280636,0.9874155755883174,0.9936878662780971,-0.010769334670936227,3.2391936937418113,1.2778672655529424,5.437543961528478,4.2551711809991,-0.010975868953217425,3.322285656296509
1123,222_0.mat,Ball,1,0.9508132366872265,0.011835655728853419,0.7422874723565706,0.9040458110596399,0.6208397572038991,4.226741195780125,7.238916065280636,0.904789311625242,0.9512041377250428,-0.024176821015463652,2.8662732102506334,1.2809231895930557,5.694210603279646,4.445395828209406,-0.028091698782928755,3.5012462878918598
1124,222_0.mat,Ball,1,1.024493775436534,0.012970432086638364,0.7844313861437602,1.0495874959082032,0.6566706329493773,4.716775058108103,9.098376240896457,1.0504450890819956,1.0249122348191555,-0.051145514909166,5.300689497325771,1.306033635996651,6.012986146933267,4.604005579334725,-0.04750589698638391,4.803808152628141
1125,222_0.mat,Ball,1,1.441230213065575,0.014547036817548344,1.0890635721273552,2.0771445270530426,0.8964867579278374,6.373273464824345,11.671054018118344,2.078963148222307,1.4418610016996463,0.0674308592862308,17.855297078283538,1.3233664681750221,5.852067434749531,4.4221064803128325,0.022495130004781063,4.131174104164429
1126,222_0.mat,Ball,1,1.6946531057136949,0.017078369882878645,1.3174303393824882,2.8718491487050715,1.0952720856654934,6.373273464824345,11.671054018118344,2.8743644745443877,1.6953950791908026,0.17978894705092363,27.302688434218844,1.2863322295330877,4.83765499723258,3.7608130202768026,0.03689353197115517,3.304621620702445
1127,222_0.mat,Ball,1,1.5868068708259042,0.017290400120919883,1.234206694161598,2.5179560453002976,1.0265521352869984,5.147374120302243,10.129388079952847,2.5201181402352795,1.5874879968791196,0.05863111901768457,20.68650921444471,1.285689729549347,4.170593260146515,3.243856713085622,0.0146553715165479,3.25720737912744
1128,222_0.mat,Ball,1,1.3703089334389558,0.014265119517806365,1.0546594252133779,1.8777465730626084,0.8760457118265843,4.783089322467959,9.37856887009884,1.879378409906175,1.370904230756538,0.02780742522722748,12.439786966590756,1.299290463516615,4.535198006214862,3.4905189667418486,0.01079293168030257,3.521960462007578
1129,222_0.mat,Ball,1,1.284737364491766,0.007361699253536329,0.9710050012896216,1.6505500957212487,0.7969746076672506,5.344687535977498,9.548382584766951,1.6521092890829694,1.2853440353006542,0.1431940188021213,11.157787773466909,1.3231006666125753,5.504284250723272,4.160140184050507,0.06743210519537494,4.087902703304398
1130,222_0.mat,Ball,1,1.1398633272354217,0.006244690792793938,0.8706301729240111,1.299288404776206,0.7180283733318475,5.344687535977498,9.548382584766951,1.300519447135702,1.140403194986625,0.0887486842915697,6.9762482114723605,1.3092394023123297,6.138872396325558,4.68888454279479,0.059839319660482324,4.124660642782679
1131,222_0.mat,Ball,1,0.9178351492158034,0.009707061663154506,0.7196318833599051,0.8424213611359962,0.6033082779486438,3.219590192416561,6.26006129572945,0.8431505232727474,0.9182322817635783,0.008717671099615066,2.3504520637000446,1.2754231301276249,4.473940450470415,3.507808777168607,0.011260114561819586,3.306291728637377
1132,222_0.mat,Ball,1,0.7931405539357589,0.011108356476577895,0.6201313064502609,0.6290719382975224,0.5199944742529807,2.8536760171779667,5.630537596352667,0.6295633506735538,0.7934502824207411,0.018828983229013205,1.3537055899168458,1.278988087981808,4.601728678250903,3.5979449077641097,0.03769360814709964,3.4154296636268824
1133,222_0.mat,Ball,1,0.8578801759150052,0.007994236388251537,0.6646975591372184,0.7359583962279602,0.5542416405447624,3.403144679639784,6.375292030682811,0.7366138378635676,0.8582621032432736,-0.046757157063305826,1.9718624932038857,1.2906323547016607,5.1198392905970165,3.9669230915681926,-0.07395853289104305,3.63410005336538
1134,222_0.mat,Ball,1,0.9042888974753533,0.009093476951951368,0.7130933149786104,0.8177384100971901,0.5982898596806856,3.403144679639784,6.375292030682811,0.818454991226484,0.9046850232133192,-0.05662711332792059,2.1353901883832362,1.2681214063845345,4.7723693493566,3.7633378991350215,-0.07647724259059166,3.1877748494499696
1135,222_0.mat,Ball,1,0.8484900427895791,0.008451463605480134,0.6713711812664047,0.7199353527130616,0.5646305776906232,2.808398411898777,5.353983832464598,0.7205676047775275,0.8488625358546149,-0.016276788342948077,1.5652676281770739,1.263816598722352,4.1830785864193984,3.309877865699285,-0.026610719444551793,3.014665542797164
1136,222_0.mat,Ball,1,0.8384678212557171,0.00644487576614014,0.6519859280090954,0.7030282872813092,0.546335923675781,3.151664706549316,6.108441907632921,0.703673932432309,0.8388527477646532,0.012080356581311182,1.7588236898710015,1.2860213468330166,4.833945904581726,3.758837997891822,0.02046550941821671,3.55205253798334
1137,222_0.mat,Ball,1,0.8686454926320117,0.005908285275454776,0.6811643330716544,0.7545449918699104,0.5738822968175915,3.151664706549316,6.108441907632921,0.7552476305492225,0.8690498435355837,-0.016505773263088046,1.90826452422723,1.2752363129667277,4.626878645175853,3.628251954656538,-0.02514790539230153,3.345490752237645
1138,222_0.mat,Ball,1,0.9061052730808257,0.004496329723805861,0.7167617934546647,0.8210267659048777,0.607268106507088,3.197757000530661,6.26006129572945,0.8218090968700547,0.9065368701106727,-0.047513548517368,2.1798285754901494,1.2641651401538785,4.46139432894934,3.5291230451120974,-0.0637765540885471,3.227605544744056
1139,222_0.mat,Ball,1,0.8490620220877848,0.004499883303214372,0.6608043563728879,0.720906317351798,0.5556139903667259,3.197757000530661,6.2673390263580835,0.7215907468657915,0.8494649768329425,-0.0733958473276602,1.9453207422002565,1.2848916837457702,4.839188739732441,3.766223099537336,-0.11973884244250217,3.7360209810992404
1140,222_0.mat,Ball,1,0.8275611267615554,0.0019045858085308277,0.6501652753647313,0.684857418526855,0.5477689764513877,3.201794132247595,5.892535898983467,0.6855232473760187,0.8279633128200903,-0.03340896047454208,1.6236665997474322,1.272847317624023,4.924584953335935,3.8689518256773523,-0.05886127728616006,3.4550352507992033
1141,222_0.mat,Ball,1,0.9078558533293731,0.0008539108300806696,0.714530392675208,0.8242022504244042,0.6045912053146819,3.585087945355618,7.0848707669745625,0.8250071923469748,0.9082990654773211,0.006403850234137674,2.436193096215768,1.2705629636397724,5.017404412887183,3.948961646503795,0.008545836203549772,3.579284656478313
1142,222_0.mat,Ball,1,0.8822755528984447,0.0016179304029108374,0.6782077550037722,0.7784101512422563,0.5676089989574763,3.585087945355618,7.0848707669745625,0.7791684402233734,0.88270518307268,-0.042316965886820754,2.4593353857669173,1.3008927520922209,5.286120541824816,4.06345606378172,-0.061527248137178796,4.050932921523639
1143,222_0.mat,Ball,1,0.8448746361349044,0.0020550206701578557,0.6377486977097235,0.7138131507840871,0.525244782203156,3.9708076686731855,7.202527412137469,0.7145066881117416,0.8452849744977972,-0.0668638134772378,2.2998616966192693,1.3247767328536846,6.226288948808335,4.699877945009645,-0.11070868564806575,4.504941166764137
1144,222_0.mat,Ball,1,0.8777187112472834,0.004434734347391646,0.6799529159646492,0.7703901360735921,0.5663031297211326,3.9708076686731855,7.202527412137469,0.7711235195168884,0.8781363900425083,-0.04853916768761292,2.2564811124891824,1.290852190847322,5.839827398980944,4.524009364031832,-0.07168138713429711,3.794755540949852
1145,222_0.mat,Ball,1,0.9121837528250233,0.002224407955296948,0.7115007983589865,0.8320791989179432,0.594335291366166,3.205432997561912,6.323134961177606,0.8328876177413923,0.9126267680390447,-0.06134732847664538,2.3497139882526215,1.2820558387673102,4.505171329323106,3.5140211471989127,-0.08070789988408446,3.3872105321903425
1146,222_0.mat,Ball,1,0.9162882429492087,-0.0010768673152110556,0.6998620302016727,0.8395841441669483,0.5783318979155789,3.205432997561912,6.323134961177606,0.8404036912534735,0.9167353441716282,-0.09477873019726923,2.676142605227308,1.3092412552855044,4.580092731468304,3.4982801779069597,-0.12302091674117945,3.789076291431243
1147,222_0.mat,Ball,1,0.8740478000374021,-0.0025847695108898046,0.6668812419809013,0.7639595567502225,0.5525665377091258,3.2624418874862067,6.28674630803444,0.7646996527214089,0.8744710702598508,-0.10478309237905681,2.25159001698104,1.310649850398886,4.892088249161981,3.73256690005154,-0.1566949037050848,3.850414893300268
1148,222_0.mat,Ball,1,0.8238327938876913,-0.0014322252560622839,0.6403909518704172,0.6787004722847991,0.5356491501426853,3.306922959960161,6.5693648474463675,0.6793618603323458,0.824234105295544,-0.051132536995516335,1.6747474086009746,1.2864528948764833,5.163912685362474,4.01407055471861,-0.0913157306974355,3.6286659624991366
1149,222_0.mat,Ball,1,0.8754963545754966,-0.0005319851392391502,0.673455081336824,0.7664938668749837,0.5601563672466827,3.799382732497684,7.204953322347013,0.7672428444570853,0.8759239946805233,0.005628469095469607,2.394420574312022,1.3000070514522157,5.641627538024035,4.339689951462513,0.008375119562191695,4.067567250878707
1150,222_0.mat,Ball,1,0.9176224864575068,-0.0026131981461579045,0.7119003904416114,0.8420310276524572,0.5935796179193528,3.799382732497684,7.204953322347013,0.8428472919064085,0.9180671499985219,-0.03240966106833273,2.6023177170615215,1.2889759561544718,5.336958349096403,4.140463849312487,-0.04188428882112023,3.6632159964056856
1151,222_0.mat,Ball,1,0.8960855872200353,-0.002410644119872694,0.7081339674702539,0.8029693796234754,0.5957737026703502,2.8949164907402225,5.595361898314271,0.8037484790424676,0.8965202055963198,-0.05795912692733764,2.025683630277309,1.2654181671583367,4.08809155289919,3.2306249894254133,-0.08043435594071535,3.1356767822685057
1152,222_0.mat,Ball,1,0.8529568883092842,-0.008069127064693902,0.6655419492062941,0.7275354533142566,0.5544244790710668,2.8949164907402225,5.595361898314271,0.7281814572069741,0.8533354892461547,-0.02210625888142323,1.7904284533404433,1.2815974850649372,4.34971303339822,3.393977503921775,-0.035575894470316144,3.376585411198793
1153,222_0.mat,Ball,1,0.8411721883758104,-0.010965294282631495,0.6666636603121783,0.7075706504969499,0.5626731589750973,3.571347172800506,6.103590087213833,0.7081419576988103,0.8415117097811594,0.008083255525179973,1.611560986175445,1.2617639725264962,5.35704491695677,4.245679091806457,0.013564563309629312,3.213705607598775
1154,222_0.mat,Ball,1,0.9317801316158165,-0.007795501450238457,0.739760806475646,0.8682142136739884,0.6261364350532233,3.571347172800506,6.483245035007539,0.8690020786735824,0.9322028098399953,-0.043891904968918344,2.343400457624732,1.259569476319955,4.827705308977129,3.8328217694484823,-0.05418177235916789,3.1031650822660843
1155,222_0.mat,Ball,1,0.9283878593091655,-0.006635850036593921,0.7201739188990638,0.8619040173126548,0.6011994165369768,2.911897862207033,5.810054951858954,0.8627024656835907,0.9288177785139509,-0.10126528279448177,2.5374276292357747,1.2891161911654772,4.04332590474039,3.136510062045303,-0.12637728496111408,3.409349985592872
1156,222_0.mat,Ball,1,0.8775067533045875,-0.009113879410796551,0.6791585585571183,0.7700181020951581,0.5642857628716023,2.783324621101177,5.458297971475009,0.7706876639690883,0.8778881842063306,-0.08559250146922591,2.0520092186122745,1.2920499082976598,4.098195606943819,3.1718554992498134,-0.12650803431728905,3.454796671509087
1157,222_0.mat,Ball,1,0.8970124570638516,-0.008794057264030436,0.7029746832137044,0.8046313481277282,0.5879246335346747,3.601671050419812,7.081231901660246,0.8053404779951071,0.8974076431561674,-0.06770400111183694,2.2353866779215927,1.276023843364902,5.123471920708957,4.015185098103293,-0.09367960325904875,3.4466215736858827
1158,222_0.mat,Ball,1,0.9479678145816098,-0.006154932289975236,0.7385948966887244,0.8986429774826333,0.6160085032440762,3.601671050419812,7.081231901660246,0.8994834961428412,0.9484110375479827,-0.018722075967982248,2.8416152864181194,1.2834746338354959,4.876382258477524,3.799360057393539,-0.021946446175779084,3.5121971154054203
1159,222_0.mat,Ball,1,0.8892839805234023,-0.011161925676569172,0.6766997818866209,0.790825998015547,0.5580202417490541,3.729031336420895,6.8944368155253235,0.7914743335846288,0.8896484325758287,-0.01858520878210506,2.4615882777120746,1.3141484663151333,5.510614065840165,4.193296425087879,-0.026394424092048927,3.9295402662768466
1160,222_0.mat,Ball,1,0.7863851163316488,-0.01327512089816454,0.6118770129661457,0.6184015511879408,0.515017532466735,3.729031336420895,6.8944368155253235,0.6188296481813821,0.7866572622059635,-0.051877376272475115,1.5153217855776073,1.2852012735668388,6.094413186626971,4.741991244457223,-0.10656665508684868,3.9569689448753396
1161,222_0.mat,Ball,1,0.8620451803926867,-0.012512285851803879,0.6794660755856831,0.7431218930382598,0.5730009168548097,4.117575236350624,7.938791160734208,0.7436915970662826,0.8623755545389042,-0.049414673974616685,2.0479234258544734,1.2687096697923532,6.060015921759325,4.7765190618781395,-0.07704893190745479,3.7027804746689705
1162,222_0.mat,Ball,1,0.9347620534912358,-0.015038880811256171,0.7221922810816264,0.8737800966471518,0.6019077631603994,4.117575236350624,7.938791160734208,0.8744078426199051,0.9350977716901614,-0.04780350868936542,3.013636532266556,1.2943395796060706,5.701494386201464,4.4049447888556434,-0.05846402453566696,3.941511368478073
1163,222_0.mat,Ball,1,0.8507319055553831,-0.014881338790812132,0.6560266480767674,0.7237447751298933,0.5469677810936542,3.4528758389354457,6.847131566439207,0.7242305773088394,0.85101737779486,-0.04738896901739201,2.04722413211726,1.2967947385188152,5.263316435472194,4.058712052978954,-0.0768886038400476,3.903117974496585
1164,222_0.mat,Ball,1,0.8048492620483337,-0.017996643405607984,0.6442912086024606,0.6477823346197473,0.5466298527367359,2.7307692851933547,5.18538307290126,0.6480913571618571,0.805041214573426,-0.061919669287558904,1.2208261271728278,1.2492010620366718,4.238408422664123,3.3928953084210822,-0.11867911071232168,2.906573806916831
1165,222_0.mat,Ball,1,0.8869950876762548,-0.01720064161810121,0.711248476490614,0.786760285561807,0.6074400477043882,3.3360338824746942,6.049007107499083,0.7872332059173862,0.8872616332950424,-0.032165558160030396,1.8697483439620717,1.2470959404391961,4.690391603972776,3.7610511363830184,-0.04605067338311835,3.01700721017884
1166,222_0.mat,Ball,1,0.9177235740096656,-0.014950041326043375,0.7179615591949595,0.8422165582930743,0.6049393060688203,3.3360338824746942,6.529337328988884,0.8428161171718496,0.9180501713805458,-0.04487386605198725,2.4958349149628205,1.2782349726876998,4.646535513977513,3.635118435386213,-0.05799549228225458,3.5135827950819247
1167,222_0.mat,Ball,1,0.8877688782487394,-0.014778284987965278,0.6987631785700067,0.7881335811870251,0.5903178743829337,3.1933034465141894,6.135126919937911,0.788685384050201,0.8880796045683073,-0.07302468236915617,2.153388170007774,1.2704860609058644,4.569936631527434,3.596998638665814,-0.10425910388646376,3.461901745978564
1168,222_0.mat,Ball,1,0.8534163631769742,-0.01842425746109897,0.6775964684240356,0.7283194889382132,0.5742964051425037,2.779685755786861,5.327298820159609,0.7286916486133193,0.8536343764243092,-0.06776421962208104,1.6450493832238569,1.259475813326778,4.102273086292487,3.2571273246224086,-0.10893934331754984,3.0980709203444214
1169,222_0.mat,Ball,1,0.866738679884099,-0.019816076062766308,0.6803773476423975,0.7512359392072306,0.5742932829624118,3.699920413906362,7.209805142766102,0.7515772244699768,0.8669355365135154,-0.07433043018910951,2.0519078305483616,1.273908784421168,5.438041737752829,4.268784236555417,-0.11407913773553834,3.632541854651045
1170,222_0.mat,Ball,1,0.8906966957962252,-0.01738424322087434,0.7029674519423107,0.7933406039023133,0.5963684341494542,3.699920413906362,7.209805142766102,0.7938136005842713,0.8909621768539174,-0.026061890860563784,2.259334979138708,1.2670525403899549,5.263288369437529,4.153962208869226,-0.03684920464879352,3.585449047354299
1171,222_0.mat,Ball,1,0.8441367707009754,-0.019707099627571938,0.6724638975013061,0.7125668876494711,0.5730162668804129,2.9491012040523548,5.743342421096482,0.7128746845578786,0.8443190656131594,-0.00923582743490922,1.6075099839996945,1.2552893528356006,4.38551603291423,3.49362959464485,-0.015344615877660596,3.1632046769671396
1172,222_0.mat,Ball,1,0.7486708758630923,-0.020623923114968128,0.598907190528407,0.5605080803656098,0.5106018461702382,2.7942412170441275,5.311530403797571,0.560630224614683,0.7487524454816045,-0.04681555471055304,0.9503977185403889,1.2500615916821787,4.665566320174156,3.732269154745872,-0.11152581666830634,3.023795175280447
1173,222_0.mat,Ball,1,0.846264477064124,-0.01864221033148773,0.6573419145810551,0.7161635651406153,0.5547619678154742,3.905308093015485,7.673153992789091,0.7165157555521033,0.8464725367973277,-0.04217227028427189,2.2069384328061945,1.2874037974623722,5.9410605141443344,4.614760750160795,-0.06953258324034822,4.298715749804517
1174,222_0.mat,Ball,1,0.9759194239551173,-0.020286333071159457,0.7453292476784168,0.9524187220528881,0.6192453605749769,3.905308093015485,7.673153992789091,0.9529377900540137,0.9761853256702918,0.021411809161775663,3.6934219899018546,1.3093802866231847,5.239708632359007,4.001670626847867,0.02301741453247604,4.067240288964863
1175,222_0.mat,Ball,1,0.904905283295889,-0.02435873507331464,0.6925039988622023,0.8188535717368133,0.5722296077159927,3.532532609447795,6.683382627294957,0.819060087128778,0.9050193849464099,0.02216409872828274,2.529042544057866,1.3067148850856596,5.101100665478777,3.9037595145621578,0.029900360957447497,3.7698546741630374
1176,222_0.mat,Ball,1,0.8417329334280395,-0.021563252605284904,0.6624724167310388,0.7085143312173723,0.5569048941787442,2.9931658542267723,5.648731922924249,0.7087414877135481,0.84186785644396,-0.022196107572142076,1.6463685274100306,1.2705931781738002,4.518174309795404,3.555956688106828,-0.03720017964198581,3.2775652289161927
1177,222_0.mat,Ball,1,0.8106877500054518,-0.01879501424605376,0.6325288252995482,0.6572146280089018,0.5300113645432565,2.9931658542267723,5.925285686812316,0.6575034686795249,0.8108658758879455,-0.02129871194518255,1.5635770184702507,1.281661352935577,4.732062373291145,3.692131593456237,-0.0399490326501317,3.6167890728156826
1178,222_0.mat,Ball,1,0.8216412210284127,-0.020646429117888707,0.6434229152395777,0.675094296093061,0.5404874415232728,3.185627449482938,5.6960371720103655,0.6753275205895668,0.8217831347682714,-0.03486583524070794,1.5852121909474899,1.2769847040980793,4.951063094002213,3.8771514475524356,-0.06282440747049876,3.4758298385891138
1179,222_0.mat,Ball,1,0.8942430030759232,-0.024990087681560337,0.7015630456726168,0.7996705485502456,0.5902768069938412,3.185627449482938,6.171515573081077,0.7998271252449104,0.8943305458525446,-0.044498302597020395,2.180948099396252,1.2746438236599273,4.540757197985261,3.5623733577134953,-0.062208431593175025,3.409204659645365
1180,222_0.mat,Ball,1,0.9042595412858613,-0.027436134841086354,0.6951227220668186,0.8176853180065162,0.5804200584850634,3.870947083679246,7.326248832824236,0.8177311420799352,0.9042848788296391,-0.057096456183643576,2.710678628004424,1.3008631606745817,5.568724716930751,4.280792081187731,-0.07721351926817564,4.053749952472212
1181,222_0.mat,Ball,1,0.8420935597385518,-0.02976254482719246,0.6393070746900847,0.709121563353146,0.5278464855584394,3.870947083679246,7.326248832824236,0.7089280668438325,0.8419786617508976,-0.07218995475763598,2.1900341233143577,1.3171973110816177,6.054910444327087,4.596813547507094,-0.12094098842108067,4.357591753838775
1182,222_0.mat,Ball,1,0.8801510636461565,-0.03147063199621741,0.6815527513714432,0.7746658948374606,0.5655973900392501,4.103019775093357,7.597950776293214,0.7744317751896781,0.8800180538998493,-0.08404221247892249,2.298375534957476,1.2913909625833007,6.020105951932706,4.661722225377229,-0.1233169376179634,3.8322573191371854
1183,222_0.mat,Ball,1,0.8965044596327048,-0.027904022796540487,0.7038609206412463,0.8037202461413279,0.5934938259355999,4.103019775093357,7.597950776293214,0.8037265008140493,0.896507947992682,-0.06513098915832084,2.434279858652954,1.2736954607661393,5.829304703192654,4.576686407973671,-0.0903910104992112,3.7683733961215804
1184,222_0.mat,Ball,1,0.8604807272826925,-0.025947185068919666,0.6709019669415364,0.7404270820249514,0.5648429158775449,3.3299691069508333,6.528124373884111,0.7404769476311217,0.8605097022295111,-0.03994550119227146,2.080265020747764,1.2825729684533684,4.96342129108119,3.8698938876442415,-0.06269033065842806,3.7939847521307777
1185,222_0.mat,Ball,1,0.8422176380876875,-0.028164618619831383,0.6592793577620257,0.7093305499060029,0.5548934032398509,3.3299691069508333,6.528124373884111,0.709229911499451,0.8421578898873127,-0.04684860957399888,1.7836933159333488,1.2774821904713993,5.050922750333967,3.953810697324983,-0.07843612693056459,3.546060148353192
1186,105_0.mat,Inner,2,1.0053861610771873,0.008171764430206065,0.7275344195371264,1.0108013328855239,0.585510321749062,4.702796417600516,8.784516148612088,1.0117225654694622,1.005844205366548,0.10248015212990308,5.361302818152254,1.3819087235975096,6.464019146456433,4.677602099234373,0.10070420528074937,5.237782551933892
1187,105_0.mat,Inner,2,1.001174965244865,0.005979308913551006,0.7066025560381071,1.0023513110330566,0.5580217757174099,4.702796417600516,8.784516148612088,1.0032953395029565,1.0016463145756374,0.10675500172135899,5.657770147060005,1.4168855698131027,6.655504395515149,4.69727728004627,0.10622947608479388,5.620665111212146
1188,105_0.mat,Inner,2,0.9745837061757441,0.006347532498460026,0.6895334307422034,0.949813400343249,0.5449187917341253,5.045274855294834,8.853123392645314,0.9507015286359887,0.9750392446645358,0.20615650991392256,5.233913535256226,1.4133958742584873,7.316940166130682,5.17685122716371,0.22239794244782643,5.790794581399993
1189,105_0.mat,Inner,2,0.9785414142557366,0.007153702477254928,0.6936179207511162,0.957543299413617,0.5519658309808457,5.045274855294834,8.853123392645314,0.9584280888850358,0.9789934059456354,0.1948881050022989,5.354437004557952,1.410778737081457,7.273853088778404,5.155913466500583,0.20770456081019187,5.829009283654875
1190,105_0.mat,Inner,2,0.986293056837599,0.00642597065855899,0.7004586405523955,0.9727739939660554,0.559807225236142,4.102357682468721,7.923857794601771,0.9736835637223483,0.9867540543227316,0.09668803376140282,5.249632781354389,1.4080675142480659,5.856673677731585,4.159369929682114,0.10063428611427361,5.537238719826212
1191,105_0.mat,Inner,2,0.978500344150017,0.008100407492893803,0.7026188097457293,0.9574629235017017,0.5645332777283176,4.102357682468721,7.969038174818776,0.9583331791454098,0.9789449316204716,0.08747964689164571,4.888574202133663,1.3926475217803147,5.838667604056152,4.192494879527179,0.09324643454182506,5.3229104848803255
1192,105_0.mat,Inner,2,0.955119698824475,0.00834933970931899,0.6876620952088606,0.9122536390825557,0.5520784031974488,4.087562351188734,7.663373380264236,0.9130756030025312,0.955549895611177,0.1475524230529219,4.350698399113654,1.3889375399308461,5.944143758485471,4.279633595888841,0.16911659952404712,5.218497748840937
1193,105_0.mat,Inner,2,0.9700642276739068,0.00683014506684671,0.7047078914030536,0.9410246058125733,0.5653930974040471,4.087562351188734,7.366633105258735,0.9418977769787699,0.9705141817504626,0.1338970964295946,4.383503994157067,1.3765479846424873,5.8003640956038005,4.213702798819813,0.14647567281430646,4.940988724462809
1194,105_0.mat,Inner,2,0.9874396650277969,0.005959154664081137,0.7117338399464918,0.9750370920702078,0.571537641854491,4.397689405517792,8.469369052036697,0.9759546612697939,0.9879041761576848,0.06904649445748434,5.011630723230054,1.387372089966448,6.1788398396825315,4.453628470950214,0.07161387436813059,5.261623610509411
1195,105_0.mat,Inner,2,1.0163717146485156,0.007311123506897989,0.7175626931264032,1.0330114623375635,0.5712931651888876,4.513708159655281,8.585387806174186,1.0339677439355672,1.0168420447323996,0.1509186229787302,6.183526485051602,1.416422180783664,6.290332820931471,4.441001352749946,0.143543108909139,5.783919557570636
1196,105_0.mat,Inner,2,1.003724463012758,0.006606814194342711,0.7234205260301636,1.0074627976502493,0.5824749274896157,5.326397221089519,9.219586476627672,1.00840391710675,1.0041931672276754,0.20061661545362702,5.794172259172745,1.3874702567805208,7.362795261438391,5.3066328632627044,0.19811397564964975,5.697998813883012
1197,105_0.mat,Inner,2,0.9715347770184249,0.004880629962720379,0.7108893751216521,0.9438798229562406,0.578757999316495,5.326397221089519,9.12866793372185,0.9447786377958802,0.9719972416606336,0.09208446034769747,4.824551226194627,1.3666469228785463,7.492582400982626,5.482456569831079,0.10027467194787096,5.405013612772091
1198,105_0.mat,Inner,2,1.0064553088347867,0.00835859976988622,0.7173819872446907,1.012952288681726,0.5768342640814673,5.330301698392223,9.137592453270887,1.0138725323865214,1.0069123757241845,0.18932131792319518,6.016045206597631,1.4029559240802258,7.430214018695019,5.296113649157485,0.18544899450861643,5.852539805937101
1199,105_0.mat,Inner,2,1.0075298770952281,0.007041492331557797,0.7157147142255853,1.0151164532395256,0.5726338694034286,5.330301698392223,9.137592453270887,1.0160591158555978,1.007997577306413,0.2293189665857212,6.159742858412722,1.4077255323498328,7.447522864123656,5.290465146060508,0.22390382412199153,5.966568480041791
1200,105_0.mat,Inner,2,0.9887016384131102,0.0007468299836159843,0.7072026056001282,0.9775309298007686,0.5624400598681611,4.490839078310873,8.502836000345587,0.9784859247065905,0.989184474558002,0.01214967759092328,5.239280689481744,1.3980458083475322,6.350144983549123,4.5421580220239495,0.012552576570416548,5.472206786453752
1201,105_0.mat,Inner,2,0.9814242263738927,0.006963598880903971,0.7019565639956933,0.9631935121135937,0.5615723163348088,4.124933776800329,8.136930698835044,0.9640865111377526,0.9818790715448378,0.09591039368822851,5.169499799492837,1.3981267171091172,5.876337637352389,4.20300790009707,0.1013191794322162,5.5618146246895215
1202,105_0.mat,Inner,2,1.0171535392754965,0.006709764279472597,0.718871046870808,1.0346013224606687,0.5724012241354961,5.296276967611516,9.069542991709476,1.0355675980064105,1.0176284184349464,0.20887397794897405,6.221315966017965,1.4149318486280327,7.3674923905454905,5.206959188657761,0.1982059364716891,5.801300368735469
1203,105_0.mat,Inner,2,1.0190299662047275,0.0027328406205661196,0.7172604895076121,1.038422072023208,0.5667984606835419,5.296276967611516,9.069542991709476,1.0394296716440654,1.0195242378894507,0.1678104527888225,6.228535008446192,1.4207250798142452,7.384035570173316,5.197371169889888,0.15835301772423144,5.7649519208362365
1204,105_0.mat,Inner,2,0.9872188137135665,0.005291885593794809,0.7044767694134322,0.9746009861500213,0.562264801858964,4.5878932284066565,8.78953619085842,0.975525643858464,0.9876870171559733,0.08727318298347686,5.34538629354217,1.4013504157619736,6.512483345930849,4.647291121959057,0.09057801108727505,5.616964966654471
1205,105_0.mat,Inner,2,0.9744541399565576,0.003912136569276242,0.6968937207616955,0.9495608708784744,0.5589608141542729,4.5878932284066565,8.78953619085842,0.9504737631002153,0.9749224395305583,0.04477263015036781,5.163941694585816,1.3982822788101663,6.583347060991692,4.708167414226884,0.048317272219485265,5.716116398918361
1206,105_0.mat,Inner,2,0.9814389451797374,0.004483536777219384,0.6958127861640531,0.9632224031155157,0.5572443224064125,5.395004465122745,9.38636343570031,0.9641438477397914,0.9819082684954799,0.22857420336214315,5.740142828753125,1.4104928289531766,7.753528783018083,5.497035237509579,0.24144291361183287,6.175029407118866
1207,105_0.mat,Inner,2,1.0231697524797885,0.0010622167523472307,0.7158185334830915,1.0468763423895515,0.5637324263544218,5.395004465122745,9.38636343570031,1.0478985525153135,1.0236691616510256,0.19551949924968084,6.67190258813028,1.4293703007377185,7.536832608767099,5.27283420179492,0.18226833047860438,6.075908373124736
1208,105_0.mat,Inner,2,0.9883840260917127,0.0029850410936621014,0.7103022334014286,0.9769029830332635,0.5669074020724367,4.839453123195153,8.429766496537841,0.9778490032301497,0.9888624794328834,0.09236001749352565,5.147318795481322,1.3914978436112198,6.813230897520372,4.896328750198966,0.09551604036575471,5.3831622776650745
1209,105_0.mat,Inner,2,0.9797414122162613,0.0011063382174029126,0.710331378310163,0.9598932348115141,0.573978819860723,5.129500008538876,9.153210362481703,0.9608303216882865,0.9802195272939049,0.17565772283924358,5.262295691819845,1.3792737335433918,7.221277512383638,5.235565165026821,0.18650788552538794,5.700091769859984
1210,105_0.mat,Inner,2,0.9803890692005918,0.003041146166510674,0.7086882760343304,0.9611627270080028,0.5715448115270724,5.129500008538876,9.153210362481703,0.9620930224051892,0.9808634065990989,0.14157708164250993,5.104866936357407,1.3833854775829766,7.238020130987964,5.232106486781042,0.15002628611445523,5.515060695225841
1211,105_0.mat,Inner,2,0.9842137385276908,0.006404182280753727,0.7084255608968915,0.9686766831066538,0.5687730401826483,5.142886787862433,8.791209538273865,0.9695825274929736,0.9846738178163231,0.1387124420097005,5.02391601691688,1.3892973275558445,7.259600827141386,5.225375938716906,0.1452908439790934,5.344078261948609
1212,105_0.mat,Inner,2,0.9951489431110013,0.0019490037290216308,0.7135054936513754,0.990321418974943,0.5673235226426208,5.142886787862433,8.791209538273865,0.9912856727742259,0.9956333023629864,0.1405103465714303,5.200864389843909,1.3947319985119058,7.207914772367656,5.1679568404903735,0.14236723848059485,5.29270722970743
1213,105_0.mat,Inner,2,1.0134436209800577,0.0036288876578077596,0.7307558695384367,1.0270679729051708,0.5837766963553955,4.724549934001295,8.934001851058467,1.0280587677198891,1.0139323289647535,0.15175421334840747,5.34765611856026,1.386842943346848,6.46529180392211,4.661877420894636,0.14558406643552235,5.059732879749733
1214,105_0.mat,Inner,2,1.0104081131382152,0.00492475142777605,0.728092267882557,1.0209245550955282,0.5844431767453478,4.724549934001295,8.934001851058467,1.02189824942811,1.010889830509789,0.13119254153290036,5.388404911714687,1.3877473470159263,6.48894397372846,4.675882816620199,0.12699822842486808,5.159943104719957
1215,105_0.mat,Inner,2,0.9846372133489222,0.0032290709250810995,0.7117337298232347,0.9695104419115308,0.5736009885130682,5.079857368547355,8.724275641656083,0.970447717861966,0.9851130482650029,0.10567408162485688,5.101046227474811,1.3834348044627336,7.137300307239682,5.15911576332233,0.11053766024615265,5.416452926809358
1216,105_0.mat,Inner,2,0.9793753177290171,0.0006264491962418932,0.7006822024834006,0.9591760129768132,0.5588862022603216,5.079857368547355,8.724275641656083,0.9601132311154787,0.9798536784211603,0.1999238144433993,5.082378475235658,1.39774538907433,7.24987355256886,5.186834175402113,0.2125107222601119,5.513432903193079
1217,105_0.mat,Inner,2,0.9815959045507484,0.0025868584892708452,0.7029866095564374,0.963530519830802,0.5606726939517824,4.625822436490066,8.426419801706952,0.9644656890183905,0.9820721404349023,0.17135444623936752,4.88084300037676,1.3963223355971295,6.58024260149455,4.71255270630176,0.18091109594177213,5.2471233503470085
1218,105_0.mat,Inner,2,0.9991103374452965,0.0033412810707782402,0.7233922286698311,0.9982214663900544,0.5802848954631785,4.625822436490066,8.426419801706952,0.999186069877225,0.9995929520946139,0.1074121796833993,4.936396148754238,1.381146075181196,6.394625561556838,4.629941522088105,0.10754345224527563,4.944441733263644
1219,105_0.mat,Inner,2,0.9917925178044329,0.0013797823588590288,0.7213603965658741,0.9836523983728562,0.578723262550712,4.626938001433695,8.3193255671185,0.9846120297588099,0.9922761862298268,0.0987209037841435,4.717834807887527,1.3748918328821622,6.414183566847299,4.665227775333343,0.10104420616274609,4.866452123389624
1220,105_0.mat,Inner,2,0.989758615733878,0.0024479575807622622,0.719147962796622,0.9796221174194424,0.5790449205454159,4.626938001433695,8.3193255671185,0.9805737164430893,0.9902392218262662,0.18220097590311174,4.846705652956918,1.3762934290789468,6.433916580162487,4.674814573852713,0.1876421181058158,5.040645426408642
1221,105_0.mat,Inner,2,0.9829428369037001,0.0048735487399336795,0.7085934798720506,0.966176620620294,0.5694644254989157,4.8589755097086735,8.643954965714745,0.9670973001001025,0.9834110534766743,0.195157116155007,4.953592053941849,1.3871745434064693,6.857211712672254,4.943294083112352,0.20520084065112634,5.296389261082233
1222,105_0.mat,Inner,2,1.0114007423016473,0.00327264768069165,0.730899931421267,1.0229314615283234,0.5861783125156576,4.8589755097086735,8.643954965714745,1.0239206738385271,1.011889654971592,0.08135842768851964,5.135508704757669,1.3837745754518687,6.647935375029431,4.804204017733155,0.0785241201928071,4.898361646311232
1223,105_0.mat,Inner,2,0.9987553849295862,0.0031233972927255647,0.7271951314264251,0.9975123189258459,0.5836644386485562,4.010588370078286,7.316990465267214,0.9984776391346654,0.9992385296487848,0.10638343793023941,4.495059258349601,1.3734351919671275,5.515147443583438,4.015586229211693,0.10662683201208464,4.508776779508282
1224,105_0.mat,Inner,2,1.0040351180555256,0.0041109555167493025,0.7239276229927669,1.008086518288773,0.578238858723409,4.88965354565849,8.946273065438394,1.009055023630026,1.0045173087757253,0.22969076772003713,5.255527146081599,1.3869274857939362,6.754340337833179,4.8700025105926725,0.22660592757973688,5.161626624364959
1225,105_0.mat,Inner,2,1.0196555365900846,0.002163074540958376,0.733379421284692,1.0396974132988135,0.5865351423093951,4.88965354565849,9.037191608344214,1.0407090518407822,1.0201514847515452,0.13734179033881855,5.739526408272694,1.390351988337115,6.6672903598609405,4.795397435888589,0.12936259129520267,5.299286435744874
1226,105_0.mat,Inner,2,0.9940012532069906,0.0028733756574101095,0.723453043411986,0.9880384913770679,0.5820806167999802,4.147538062685724,8.181553296580233,0.9889960515459871,0.9944828060584995,0.01721451903353174,4.760271874640917,1.3739678922596792,5.7329747942163065,4.17256824304815,0.017502619705829087,4.8667903913559165
1227,105_0.mat,Inner,2,1.013190873271195,0.002598297387618605,0.7290307471948904,1.0265557456800467,0.5813869342847972,4.461276607304685,8.009756295261258,1.0275524637335969,1.0136826247566824,0.15790254306031326,5.222131680062365,1.3897779718733192,6.119462895720557,4.403194625013324,0.15159438558481106,4.945837110628534
1228,105_0.mat,Inner,2,0.9790369487372003,-0.000582261062505337,0.7115552578409313,0.9585133469926473,0.5727098445103539,4.461276607304685,8.009756295261258,0.959449970826838,0.9795151713101936,0.19603982614037244,4.545608595355967,1.3759113406125498,6.269754257505236,4.556801061547733,0.20859832062491376,4.93795774893317
1229,105_0.mat,Inner,2,0.9875586474549186,0.0026222646032043975,0.7195138974204935,0.9752720821629882,0.5812808612553276,4.436734178544831,8.264662884880645,0.9762185443135201,0.9880377241348227,0.11213959679885471,4.751530021240373,1.372535889847314,6.166293930450349,4.492628554237709,0.11626216615539757,4.985851865008146
1230,105_0.mat,Inner,2,1.0030082735968446,0.0050957901935474005,0.7179667465994468,1.0060255969037226,0.573007008691977,4.436734178544831,8.264662884880645,1.0069830116733631,1.0034854317195459,0.16237260963681419,5.2062063683784086,1.3970121573820262,6.179581713989746,4.423427298989296,0.16068656055344507,5.1342509411799515
1231,105_0.mat,Inner,2,1.0062697808051053,0.0011254030479825078,0.7241380184926591,1.0125788717615547,0.5774228012047739,4.158400725109221,7.392848881434034,1.013567417160355,1.0067608540067274,0.21825309753478223,5.084929408055455,1.389610481850314,5.742552688725643,4.132490912902102,0.21388555482673458,4.9497087640934065
1232,105_0.mat,Inner,2,0.9969884566768574,0.0011096064740736928,0.723826675748545,0.993985982746902,0.5813514594806662,4.158400725109221,7.5005008984943,0.9949563886186351,0.9974750065132635,0.16697487410650957,5.00628618194721,1.3773856229385923,5.74502275811135,4.170961757135836,0.1682461198791772,5.0571703413303295
1233,105_0.mat,Inner,2,1.015603956211651,0.004765696269797602,0.7346430921357692,1.0314513958727571,0.5867423164180602,5.120017706518024,9.408674734572905,1.0324369231946282,1.0160890331042,0.10772971058930397,5.592355451439756,1.382445390261119,6.969394745992965,5.041352660353339,0.10269284868779587,5.246476255806886
1234,105_0.mat,Inner,2,1.01170415535662,0.003645228941161711,0.7250351657607781,1.023545297965852,0.5759920880566631,5.120017706518024,9.408674734572905,1.02453253032096,1.0121919434183222,0.12328267546976165,5.51830260733078,1.3953863248738358,7.061750861613088,5.060785486947205,0.1188812662352554,5.257194046432497
1235,105_0.mat,Inner,2,0.9916316137622408,0.0022273502554839217,0.7158688778105449,0.983333257412706,0.5746215364411642,5.013481254401388,8.907228292411354,0.9842895165545558,0.992113661106708,0.22004775685996752,5.138180176587779,1.385214030806479,7.003351325633694,5.055790058341557,0.2253370769735056,5.30351266313019
1236,105_0.mat,Inner,2,1.0244266940264473,0.006344264241789235,0.739010462343578,1.0494500514339562,0.5906676658997976,5.013481254401388,8.907228292411354,1.050435617778173,1.024907614264902,0.1798049587095644,5.70904013089435,1.3862140608623594,6.7840463834512725,4.8939385156895,0.1670119342390962,5.1739737067483995
1237,105_0.mat,Inner,2,0.9951107900632562,0.004863743969921304,0.7198095094643144,0.9902454845003179,0.5739914178821879,4.477452298987316,7.991907256163184,0.9911897872715453,0.9955851481774651,0.11634249132027706,4.794719550315495,1.3824640783121076,6.220329462322937,4.499451059814354,0.1178971024094697,4.880334306337234
1238,105_0.mat,Inner,2,1.0125592996936497,-0.0013279682928906095,0.7274743363132763,1.0252763353960943,0.5796391762357276,4.477452298987316,7.991907256163184,1.0262767953292462,1.0130532045895941,0.21333812033074112,5.360075280595234,1.3918831897544957,6.1547907266009885,4.421916129097377,0.20519732751400785,5.089110378995614
1239,105_0.mat,Inner,2,1.0170258347815022,0.002293260098344861,0.7298404440196714,1.0343415486130114,0.5812352310843509,5.06089276450565,9.16325044697437,1.0353473709881136,1.0175202066731224,0.19561809941561756,5.656044930717207,1.3934906500641897,6.93424543126896,4.976169327682768,0.18568631922935439,5.276436071530022
1240,105_0.mat,Inner,2,0.9887227811765384,0.005601825268074746,0.7240059234987948,0.977572738017469,0.5824982628125478,5.06089276450565,9.16325044697437,0.9784969209705203,0.9891900327897165,0.09405968459118688,4.661699447350371,1.365628027457456,6.990126185766054,5.118616523104972,0.09717718692355594,4.868838207722929
1241,105_0.mat,Inner,2,0.9987602350934605,0.0037111387840226503,0.7324463615359957,0.9975220072039443,0.5939970308201482,4.18238537139726,7.944495746058921,0.998483316016167,0.9992413702485337,0.10357224451596689,4.761613711403408,1.3635950528822625,5.710159256741708,4.187576982379259,0.10380832157355036,4.7760903643207415
1242,105_0.mat,Inner,2,1.0458147271760667,0.0035891238683131484,0.7572157030759679,1.0937284435783508,0.6110616846195215,4.18238537139726,7.770467614852688,1.0947846874395364,1.0463195914439987,0.2140204635228649,5.961024794667653,1.3811318530854133,5.523373794814366,3.999164730340559,0.1868367175423148,4.97351577188531
1243,105_0.mat,Inner,2,1.0355704800053032,0.006635683794934689,0.7523117390030758,1.072406219058414,0.6076171905553444,4.668213904347994,8.179322166692973,1.0734104391409616,1.0360552297734718,0.26023696309907796,5.644837519017933,1.3765177735711136,6.205158928568445,4.507866914398313,0.23400237232619475,4.899139620184502
1244,105_0.mat,Inner,2,0.9934363419812664,0.004682900434137586,0.7303813021558858,0.9869157655691196,0.5927411768479267,4.668213904347994,8.667381829530967,0.9878585416196941,0.9939107312126648,0.13973741013986343,4.58244700435458,1.3601612459787153,6.391475097407769,4.699056906890694,0.14232151260587758,4.695782060469577
1245,105_0.mat,Inner,2,1.0409735293072697,0.0023014307400218486,0.7559518286972039,1.0836258887184331,0.6057167316833628,4.108200302645884,8.107368227828857,1.0846798498008028,1.0414796444486099,0.11269302669749512,5.51536368289824,1.3770368557741186,5.434473661794643,3.946498337355222,0.09975729969606366,4.687820895015829
1246,105_0.mat,Inner,2,1.0376751890762999,0.0062200704882992165,0.744899453808968,1.0767697980245348,0.5940760617720203,4.40884505495409,8.252949452972535,1.0777836318256102,1.038163586254888,0.13996619216828038,5.902443097723564,1.3930406093988386,5.918711622627709,4.248771774985226,0.1250909157974613,5.081227519310191
1247,105_0.mat,Inner,2,1.0074503360340128,0.0036588466772900013,0.7290025432389878,1.0149561795750455,0.584787608465624,4.787579353316373,8.661246222341004,1.0159349163577933,1.007935968381818,0.06581299109820611,5.309362696291667,1.3819572309809622,6.567301304654435,4.752174059674923,0.06427066583801133,5.1441144284102895
1248,105_0.mat,Inner,2,0.9833889578691563,0.0009592666672173507,0.7219269327316126,0.9670538424589852,0.5861018871743839,4.787579353316373,8.661246222341004,0.9679982330409004,0.9838690121357113,0.09444506103897464,4.604067975872845,1.3621724211713044,6.631667466947929,4.868449370923799,0.09916705243283767,4.913518526915222
1249,105_0.mat,Inner,2,0.9983970028487099,0.005655751503142792,0.7301586919896996,0.9967965752972869,0.5926825698559283,4.761363577141075,8.483871396303883,0.9977389422079718,0.998868831332709,0.23990023547222,5.090280171249697,1.367369879726676,6.520998283482356,4.769008283829764,0.24071618361394784,5.113377312923378
1250,105_0.mat,Inner,2,1.0324474648760953,0.0023902183795783075,0.7371385712888029,1.0659477677290758,0.587849075055696,5.5818615931807205,9.610591989369881,1.0669840311781211,1.0329491909954338,0.19003420896829842,6.566212605623585,1.4006151693698212,7.572336885606052,5.4064364367878,0.17242288516244794,5.767652696789712
1251,105_0.mat,Inner,2,1.0257503039416016,0.002197935945446816,0.7410578658697824,1.052163686036288,0.5961836606213959,5.5818615931807205,9.610591989369881,1.053187358393549,1.0262491697407354,0.08786528757068353,6.24174063589613,1.38417032081063,7.53228843556196,5.441735256354423,0.08129407211841834,5.6272271105326785
1252,105_0.mat,Inner,2,0.9874072346164877,0.008307941791488992,0.727414214746625,0.9749730469729797,0.5924718631330773,4.473547821684612,8.422515324404248,0.9758570104379248,0.9878547516907153,0.1247818866344773,4.713058570182625,1.357420867777607,6.149931814621881,4.530600612236371,0.12944112178923478,4.94914826069944
1253,105_0.mat,Inner,2,0.9894863168846525,0.007494690589907373,0.7161477139848238,0.979083171301955,0.5786892081341629,5.329186133448593,9.283731460886377,0.9799840165560847,0.989941420769979,0.20671445961164722,5.325330517875317,1.3816790831845613,7.4414621863249915,5.385810841954722,0.21307984283219789,5.545089786042409
1254,105_0.mat,Inner,2,1.0033527509061089,0.004960157541709614,0.7107575554359302,1.0067167427508563,0.5657445875605995,5.329186133448593,9.283731460886377,1.0076761983754938,1.0038307618196873,0.17126848616774032,6.092788876899211,1.4116666692193078,7.497895861511505,5.311378404684288,0.16931520402407924,6.000316081014106
1255,105_0.mat,Inner,2,0.9708744729123723,0.00406247637613259,0.6982410182780072,0.9425972421528768,0.5600960186418432,5.062008329449279,8.672401871777302,0.9435021272346978,0.9713403766109477,0.09420491562390625,5.056023947307878,1.390457517527887,7.249657635304622,5.213864892604859,0.10279198184832633,5.679673293640714
1256,105_0.mat,Inner,2,0.9997699824071786,0.0026925321216263874,0.7168761832286645,0.9995400177224503,0.5716422515060051,4.90917593217201,8.691366475819006,1.0005098283724942,1.0002548817039056,0.22756110046369904,5.602164783536521,1.3946201670461744,6.848010921572582,4.910305388792648,0.22738718564287314,5.596456863865959
1257,105_0.mat,Inner,2,0.9909402360267251,-0.0010065897202629218,0.7010828117029007,0.9819625513767016,0.553876489599267,4.90917593217201,8.691366475819006,0.9829214223553556,0.99142393674722,0.22894408357658944,5.4997859851548245,1.4134424913632664,7.002276835515088,4.954058533187523,0.23493689475101942,5.692567501633699
1258,105_0.mat,Inner,2,1.0041152389117023,0.0036005627666609147,0.7093941368827784,1.008247413014705,0.5631992654690424,5.536681212963718,9.617843161503476,1.0092200153837416,1.004599430312272,0.10126912556998112,6.278545221147652,1.4154546629361398,7.804802612670599,5.513989827461503,0.0998845407967013,6.1643503870124725
1259,105_0.mat,Inner,2,1.0048112070680684,0.0030504062270779045,0.7077718820319192,1.0096455618495885,0.5608237938034596,5.536681212963718,9.617843161503476,1.0106231935839227,1.0052975646961066,0.0728482726270259,6.5563590414431685,1.419682291110476,7.822691680066208,5.510170641023851,0.07170267643182031,6.419248770105542
1260,105_0.mat,Inner,2,0.9929044131168105,0.0032884442546004507,0.7120619860909623,0.9858591735868381,0.5711549673235422,4.962165266994421,8.943484153079318,0.9868120433573138,0.9933841368560874,0.16085713476255709,5.528674404702648,1.394407274240557,6.968726548974293,4.997626359029636,0.16409247555434808,5.677434492642056
1261,105_0.mat,Inner,2,0.9866851351154529,0.007591104161695674,0.7129083819762542,0.9735475558577994,0.5743516273153493,4.369242499455234,8.144181870968637,0.9744415340560073,0.9871380521771042,0.19764124907139363,4.87662315453788,1.3840279621609692,6.128757368986354,4.42820342979988,0.20546786569497086,5.135794321505948
1262,105_0.mat,Inner,2,0.9919845738580486,0.004646949610758884,0.7117694495881123,0.9840333947723342,0.5683304412873035,4.027321844232731,7.892621976180141,0.9849736889998133,0.9924584066850426,0.10594576545097663,4.916177800424433,1.39368804664305,5.658183062728542,4.059863379291798,0.10837937910463015,5.0673198996301645
1263,105_0.mat,Inner,2,1.0100385021237577,0.004103874293962596,0.7215058172688973,1.020177775772404,0.5779871381475103,4.300077472950193,8.165377604897602,1.0211581587525902,1.0105237051908234,0.1678356468509632,5.636615989419993,1.3999034767947374,5.959865284553405,4.25734015476081,0.1626464877265767,5.4054571019605815
1264,105_0.mat,Inner,2,1.0006112955583957,0.004224255081336708,0.7101562788009477,1.0012229647990512,0.5694696258047526,5.454687189606934,9.227395431233079,1.0021838156004816,1.001091312318952,0.30080580745958474,6.045233593345815,1.409001547161497,7.680967348214024,5.451354800624622,0.2998231337963466,6.018916481384455
1265,105_0.mat,Inner,2,1.0274317425035249,0.0045690561601050665,0.74069013193269,1.0556159855038296,0.598098651972464,5.454687189606934,9.227395431233079,1.0566269715064975,1.0279236214361929,0.25375809031400187,6.12631308974067,1.3871276235600036,7.364330850968139,5.309050678452161,0.2336347070641749,5.487263344658655
1266,105_0.mat,Inner,2,1.0007936137210471,0.0034006544002975823,0.7316617764073191,1.0015878572648325,0.5936875900430729,4.1450139457856645,7.777718786986281,1.0025553507742226,1.0012768602011246,0.08160756796166263,4.903063828874002,1.3678364047304468,5.66520498874941,4.141727014394068,0.08129576020302291,4.87810145508182
1267,105_0.mat,Inner,2,0.996076590349163,0.00019286047791705597,0.715218005085241,0.9921685738416142,0.570703124633458,4.021186237042768,7.698513675988572,0.9931383983636022,0.996563293706728,0.0983906301904619,5.019810674734413,1.392689478264821,5.622322436580569,4.037025140435387,0.09941206194944105,5.089414121601503
1268,105_0.mat,Inner,2,1.021210881363934,0.005213447433695842,0.7197665049489632,1.042871664216103,0.569814733922764,5.800512322132142,10.292202169927629,1.0438638825047175,1.0216965706630896,0.2506089069758817,6.620887156212278,1.4188085640841632,8.058880598417653,5.680033799071226,0.23497988955072416,6.076149394332764
1269,105_0.mat,Inner,2,0.9806468995963348,0.006098055572589703,0.6984152427080067,0.9616683416879039,0.5584098602386102,5.800512322132142,10.292202169927629,0.9625711663107379,0.9811071125574098,0.18869563119091579,5.784050803338382,1.4041029456811545,8.305248750919535,5.91498563296728,0.19980786199330602,6.242612853729476
1270,105_0.mat,Inner,2,0.9608597666734628,0.0003116071369557653,0.6874597218845869,0.9232514912117815,0.5500787203943382,4.5600041048159135,8.344983560821984,0.9241538881441645,0.9613292298396864,0.13328586158197175,4.605483093633804,1.397696091980466,6.6331218537554255,4.745754024646172,0.1500263837507076,5.392455902689846
1271,105_0.mat,Inner,2,1.0050567917392483,0.0031103242660423945,0.710309710867602,1.0101391546211909,0.5598068135828893,4.5600041048159135,8.344983560821984,1.0111168993511737,1.0055430867701163,0.2513363853102265,5.608686075719583,1.4149557247502853,6.419740621650399,4.537061131560835,0.24720275768437258,5.4860327343759785
1272,105_0.mat,Inner,2,1.0111330330003305,0.0043794972731992406,0.7146249541535638,1.0223900104244474,0.564674830937279,5.624253061038649,9.408674734572905,1.0233702154040623,1.0116176231185685,0.2620606074895426,6.2491941631553996,1.4149142527447147,7.87021643778507,5.562327485577507,0.25313522528000076,5.967033452352428
1273,105_0.mat,Inner,2,0.9768526395112229,0.001497984308452592,0.7044186506876886,0.9542410793200433,0.5704908440789507,5.624253061038649,9.455528462205352,0.9551716201483563,0.9773288188467361,0.10824915144996683,5.341856531873365,1.3867501074200463,7.984247798578287,5.757524557488055,0.11595844562734342,5.855033701546729
1274,105_0.mat,Inner,2,1.006664051355385,0.003212184932282016,0.7269069801299504,1.0133725122912374,0.5881122978737577,4.517612636957985,8.348888038124688,1.0143527730391193,1.0071508194104393,0.10570451792955304,5.390451779810723,1.3848595196788964,6.214842834696881,4.487706331492544,0.10346894447529847,5.238984623474569
1275,105_0.mat,Inner,2,1.0084022353742383,0.0053692343350035185,0.7237707083297675,1.0168750683077608,0.5786843688418991,4.517612636957985,8.28362748892235,1.0178402242243856,1.008880678883477,0.17821908707220654,5.4071884266454155,1.3932620148443373,6.241773236964723,4.47997086725708,0.17355406886914754,5.219300286325509
1276,105_0.mat,Inner,2,1.0093415735221847,0.0020606691652736405,0.7258209396196148,1.0187704120402397,0.578746521165844,5.4998675698239365,9.00930248475347,1.0197620270373595,1.0098326727915667,0.19784267660587151,5.559047487216544,1.390620631652988,7.577444063130373,5.448965656518262,0.1921196225982052,5.345676972990597
1277,105_0.mat,Inner,2,0.9994512198788633,-0.0007996001311128735,0.7198629352395787,0.9989027409173481,0.5779938430704611,5.4998675698239365,9.10579885237744,0.9998785454490187,0.9999392708804964,0.22175674504514953,5.483313674957409,1.388390999107137,7.640159397824639,5.502887445057134,0.22179715122766036,5.484645864431835
1278,105_0.mat,Inner,2,0.9899965637112013,0.001104704089067507,0.707687589721995,0.9800931961599866,0.5663567898911398,4.116009257251291,7.779949916873539,0.9810500324611876,0.9904796981570029,0.20855662225544508,5.128435021983496,1.3989175140102548,5.816138811848306,4.157599539353394,0.21462843049942149,5.328470237602997
1279,105_0.mat,Inner,2,1.0027759341761027,0.0002762010230222037,0.7057331997636769,1.0055595741627552,0.5557161122019526,4.289479605985711,7.95342026560796,1.0065424494865771,1.0032658917189288,0.14777110567122298,5.592041288923197,1.4208994766159126,6.078047068518268,4.2776052553612,0.14633269795892953,5.519581859669034
1280,105_0.mat,Inner,2,1.0225502374183062,0.0011782398641602822,0.7292096046085933,1.0456089880442345,0.578368726484469,5.667202311368393,9.495131017704207,1.0466296991105946,1.0230492163677145,0.1515405306818714,6.1744710434225265,1.4022720366742325,7.771705522724868,5.542223847770233,0.14152697450499674,5.636553714634995
1281,105_0.mat,Inner,2,1.0116669428896587,0.0031773235277935898,0.7325893339999356,1.0234700033357083,0.5895604677360436,5.667202311368393,9.495131017704207,1.0244603575187974,1.0121562910533122,0.19723824169666876,5.694300797342451,1.3809468633191522,7.735851517817969,5.601845895226513,0.19021658738862904,5.42562894660588
1282,105_0.mat,Inner,2,0.9880936153518421,0.002885903974648134,0.7054804103314944,0.9763289926990742,0.5608091442246662,4.537135023471505,8.26633623229609,0.9772750344081126,0.9885722201276509,0.16395856644071755,5.309902768897177,1.400596814426288,6.431270035312736,4.5918068419572995,0.1697105753824886,5.55972051001211
1283,105_0.mat,Inner,2,1.0230685153368884,0.0022720164299847192,0.7229488076506796,1.046669187073625,0.5673470912143027,4.792041613090891,8.62052810189852,1.0476871570042292,1.0235659026189907,0.10762019677672356,6.275023468266505,1.4151327237955802,6.628466030197426,4.683988942332201,0.10035669524578633,5.716788352783281
1284,105_0.mat,Inner,2,1.005165415136391,0.0021401967442628567,0.7200150576408288,1.010357511786313,0.5727311422763541,4.792041613090891,8.62052810189852,1.0113405686182502,1.0056542987618808,0.11664769652447354,5.505895736869739,1.396033880775324,6.655474162978811,4.767415930676337,0.1146911807787671,5.383108402923515
1285,105_0.mat,Inner,2,1.0175897153904445,0.0004499633360192227,0.7319223785805933,1.0354888288684057,0.5872296479214798,4.399920535405052,8.149201913214974,1.0365008342473465,1.0180868500512845,0.23005823579264828,5.509433528298634,1.3902973118029969,6.011457859686903,4.323864980998258,0.2180134568000946,5.1282316616079475
1286,105_0.mat,Inner,2,1.019266799453647,0.0009423806744182639,0.7384717063595413,1.0389048084684813,0.5942060002940276,4.074733354336994,7.824014732146915,1.0399194667413854,1.0197644172755713,0.15672293321713215,5.331804098541418,1.380238119720208,5.517792109353478,3.997710272243888,0.1477858960807102,4.930316142518791
1287,105_0.mat,Inner,2,0.9872970882045359,0.003307509085180062,0.719174939679563,0.9747555403771551,0.5803592931363389,4.012819499965545,7.984656084029591,0.9756974302825668,0.9877739773260718,0.04070060846511969,4.685364120465261,1.372819092727376,5.579754352602894,4.064449847876139,0.04223068832393063,4.921676056225852
1288,105_0.mat,Inner,2,0.9953974848507383,0.0004951742199651403,0.7125031623987174,0.9908161528471757,0.5751436786750757,5.30352813974511,9.275364723809155,0.9917844471488364,0.9958837518248986,0.15693779609805256,5.707661936830251,1.3970429008318086,7.443515228596007,5.328050573219055,0.15889184543420642,5.80261364577177
1289,105_0.mat,Inner,2,1.020952439411873,0.0012599462809300339,0.7265474718961634,1.0423438835410541,0.5811497767282873,5.30352813974511,9.140381365629962,1.0433612035017181,1.0214505389404414,0.19743795546100298,6.188056004242857,1.4052109172521903,7.299630574581063,5.194686779724088,0.1852587030677439,5.684403104209227
1290,105_0.mat,Inner,2,0.9987441439129956,0.003825527767500303,0.7182755142623936,0.9974898650005025,0.5737957935210192,4.645344823003586,8.482198048888439,0.998450279438817,0.9992248392823394,0.13645149293893566,5.094333324705883,1.3904749975185058,6.4673579020266105,4.651186043303207,0.13676930102743703,5.110159691041433
1291,105_0.mat,Inner,2,0.9723914970954077,0.003327118625204805,0.6959618054935179,0.9455452236234483,0.5579598518698811,4.645344823003586,8.483313613832067,0.946458429715371,0.9728609508636735,0.11469568335329659,4.965705004118098,1.397190893837158,6.674712299337779,4.777237189830161,0.12456463441786632,5.543420565395557
1292,105_0.mat,Inner,2,0.9969693691937644,0.002671833162711385,0.7078350958583688,0.9939479231106126,0.563361946779724,4.7507657101765925,8.588734501005074,0.994912378537829,0.9974529455256669,0.17359620577461482,5.564154716590711,1.4084768825758256,6.711684314563098,4.765207294195715,0.17492946876525914,5.6212063580907445
1293,105_0.mat,Inner,2,0.9999416416308456,0.0032688347145757163,0.7102805826776947,0.9998832866673906,0.5626301621606764,5.41620019905171,9.651310109812364,1.000849993959225,1.0004249067067579,0.2052211039497927,5.6787510022437235,1.4078121604560085,7.625437511786528,5.416516298103949,0.20495972663227205,5.669109488708451
1294,105_0.mat,Inner,2,0.9788594182808088,0.0027878562745244284,0.6995420430222973,0.9581657607570434,0.5561757826990167,5.41620019905171,9.651310109812364,0.9590946044390836,0.9793337553863257,0.07334651653235111,5.210907788326508,1.399286044410356,7.742494183257162,5.533174731626695,0.0780885432146938,5.664877102179795
1295,105_0.mat,Inner,2,0.9466112606948733,-0.00015956653308314564,0.6825629049080973,0.8960728788743375,0.5487545198365956,4.688851855805144,8.478293571585734,0.8969487799557846,0.9470737985794901,0.04523319184700634,4.326698434790681,1.3868483825984383,6.869479460548178,4.95330242781844,0.0532483027222664,5.378006707639658
1296,105_0.mat,Inner,2,0.9936503082965135,-0.0011073609676122845,0.7084603672397515,0.9873409351777562,0.5648194793614832,4.756343534894741,8.538534078541737,0.9883048503848977,0.9941352274137043,0.1958603960202528,5.384800264324715,1.4025488993357447,6.713633895173735,4.786737844467736,0.1993472450268933,5.512996862010175
1297,105_0.mat,Inner,2,1.0312048446113782,0.003723122391815555,0.7261180373257128,1.0633834315499766,0.5667991959564981,4.756343534894741,8.538534078541737,1.0644090318548032,1.031702007294162,0.22358456304060637,5.940169700174787,1.4201614497938622,6.550372378030668,4.612413876587841,0.20360056961605366,5.243022846231999
1298,105_0.mat,Inner,2,1.0028610164420535,0.002299796611686446,0.713588234425407,1.0057302182991885,0.5611823395073603,4.0005482855856185,7.6683934225105705,1.0067080425575436,1.0033484153361403,0.11065748131628773,4.991262811734716,1.4053777347494643,5.606241936992305,3.9891353038876303,0.10955330243196618,4.924967416791138
1299,105_0.mat,Inner,2,0.9560637014235948,0.0010213635439623569,0.685195733433747,0.9140578011797846,0.5481908787600689,4.024532931873656,7.692378068798608,0.9149502641135941,0.9565303257678734,0.17181356339533613,4.3135756468699205,1.3953147323773336,5.8735522355042855,4.209481989408081,0.19631849447374705,5.152790019296299
1300,105_0.mat,Inner,2,0.975166342028981,0.0033135008890765078,0.6996716179966228,0.9509493946261836,0.5632715010825938,4.464623302135574,7.912702145165475,0.9518679739063095,0.9756372142893636,0.24369803717475175,4.84720427033493,1.3937486056956139,6.381026737818516,4.5783197283467265,0.2624139742942815,5.349804258238813
1301,105_0.mat,Inner,2,1.011859894101234,0.00020756763293561112,0.7189067499168585,1.0238604452905604,0.574507826398628,5.218745204029252,9.600551904877214,1.024861243264113,1.0123543071791186,0.09247509037311641,6.169302921977293,1.4074981132349196,7.2592797391672015,5.157576888309769,0.08913066761660064,5.8736214807203035
1302,105_0.mat,Inner,2,0.9792042958671283,0.0008988039188077288,0.696817885213578,0.9588410530446385,0.5548493453857155,5.218745204029252,9.600551904877214,0.9597775279382813,0.9796823607365202,0.035191198537309336,5.454052090875738,1.4052513815221495,7.489396174758334,5.329577521310296,0.037426411852464946,5.920769132797952
1303,105_0.mat,Inner,2,1.0081957801651413,0.0016020238124727477,0.7203933062422643,1.016458731142798,0.5740866061954313,4.42502074663672,8.371757119469098,1.0174497679515175,1.0086871506822706,0.23126506078593995,5.475235802396076,1.399507423830353,6.1425067505311715,4.389049065358632,0.22534117757172928,5.28904026848054
1304,105_0.mat,Inner,2,1.012733765335224,-0.0011378646965396542,0.7262232488410659,1.0256296794500603,0.5823452963261713,4.42502074663672,8.071670149632709,1.0266309540050134,1.0132279871800884,0.2926309289362151,5.602027164800091,1.3945212673237708,6.093196208868609,4.369382060810058,0.28131875977350984,5.315161944399629
1305,105_0.mat,Inner,2,0.9787269334213741,-0.0006737722492874605,0.7065062083399344,0.9579064102044068,0.5645499109775844,4.591239923237546,8.295898703302278,0.9588423256940485,0.979204945705468,0.1368053765813626,4.7732764168760164,1.3853054960687279,6.498513203470647,4.691032571447766,0.14570765573572503,5.1918506566080085
1306,105_0.mat,Inner,2,0.9828753602641571,0.0035847661927520947,0.6955055149753702,0.9660439738143967,0.5437530805305565,4.591239923237546,8.295898703302278,0.9669754352141913,0.9833490912255888,0.08789882268501445,4.933999829129801,1.4131812603923786,6.60129909019274,4.671233107317835,0.09243999129228266,5.276770998613826
1307,105_0.mat,Inner,2,1.014301648771048,-0.002428826081501762,0.7127386253450727,1.028807834699666,0.5576385911218019,4.94710514025542,9.039980520703288,1.029807606994738,1.0147943668520918,0.1749326305106293,5.895596916699841,1.4231046455193168,6.940980836913863,4.877350979607075,0.16739276513369825,5.559242155782687
1308,105_0.mat,Inner,2,1.0074001689380396,-0.006373067173700327,0.7186832430474819,1.0148551003763906,0.5693410106917323,4.94710514025542,9.126994586306406,1.0158064829096567,1.0078722552534407,-0.0028950761616061277,5.576027534719252,1.4017304266965929,6.883568231354592,4.910764652209208,-0.0028277663559559104,5.403845818224031
1309,105_0.mat,Inner,2,0.9652783712069524,0.0017398353020910695,0.6982645617193922,0.931762333919947,0.5561199354726368,4.6063000499765465,8.786189496027532,0.9326701175547433,0.96574847530542,-0.04335425226156703,4.451760950818909,1.3823963353212263,6.596783371946432,4.771991362670033,-0.04813263158433374,5.117710453567486
1310,105_0.mat,Inner,2,0.9584068285467477,-0.0010120368147142358,0.6887692417334851,0.9185436490050352,0.5521108098412092,4.6063000499765465,8.440364363502324,0.9194405159153445,0.958874609068018,0.15991234560008916,4.686057926205972,1.3914773925346187,6.68772612199811,4.806205374137797,0.18138298196552932,5.543197826099743
1311,105_0.mat,Inner,2,0.9980875795083833,-0.00435873164560334,0.7113756246592821,0.9961788163689034,0.5689486448040755,4.679927336256107,8.29980318060498,0.9971335810901284,0.9985657620257808,0.2737418270297788,5.513630843191112,1.4030387672968423,6.578700722970385,4.688894474126766,0.2749230464778684,5.545376021760141
1312,105_0.mat,Inner,2,1.0244791102574906,-0.0006165777575486309,0.7397242794940287,1.0495574473539795,0.5950949315665537,4.679927336256107,8.141392958609563,1.0505830271733225,1.0249795252459057,0.21098788879344996,5.538940443484256,1.3849472548837374,6.3265833851646045,4.5681042096361475,0.19593497063019746,5.018407632442071
1313,105_0.mat,Inner,2,0.9857043210089047,-0.001540404976491984,0.70670923649691,0.9716130084556259,0.5644461765267917,4.766941401859222,8.637261576052966,0.9725604016253467,0.9861847705300193,0.04911022659057493,4.930320394058603,1.394780583162535,6.74526545808535,4.836076397611047,0.05120319526633466,5.212450893385642
1314,105_0.mat,Inner,2,1.0099301564324672,-0.003651154076377277,0.7152239034847074,1.0199589208717077,0.5637102680532111,4.766941401859222,8.637261576052966,1.0209426042075398,1.0104170446936946,0.13006264008158322,5.4028508825820385,1.41204754414734,6.664963766768852,4.720070364760181,0.12608126983090023,5.183466862150729
1315,105_0.mat,Inner,2,1.033514798807154,-0.0031146152729225607,0.7410011334950459,1.0681528393533921,0.5930866838797987,4.4517943052838325,8.329923434082984,1.0691872667152456,1.0340151191908393,0.18585524336910736,5.795782162090234,1.3947546799706332,6.007810385228767,4.307431601770606,0.16811023336104167,5.069959591661123
1316,105_0.mat,Inner,2,0.9983047414667401,-0.0008627864267481597,0.7265518571025388,0.9966123568349748,0.5892530106892349,4.4517943052838325,8.329923434082984,0.9975858173342973,0.9987921792516686,0.11883285118143153,5.01907748272417,1.374030954165567,6.12729051857536,4.459354063308023,0.11926447977069074,5.043399463492171
1317,105_0.mat,Inner,2,0.9757923444879262,-0.005868666227508394,0.7027650229355258,0.9521706995612436,0.5637640748747454,4.219756797008855,7.53731454163408,0.9530669877982254,0.976251498230976,0.1476378163591766,4.483120027888604,1.3885044255767698,6.0045060002793935,4.324441384318263,0.15867644902670214,4.935526782783473
1318,105_0.mat,Inner,2,0.9774525591732679,-0.0057036192656334875,0.696514740641955,0.9554135054343709,0.5533885449258699,4.495859120557205,8.554151987752553,0.9563148754071584,0.977913531661751,0.20470094582844625,4.914851710244499,1.4033479869657581,6.4547939307171935,4.599567598815452,0.21888625078721247,5.374135304245783
1319,105_0.mat,Inner,2,0.9947031295005312,-0.0030813879967695338,0.7178577496487919,0.9894343158381504,0.5761652404937366,4.495859120557205,8.554151987752553,0.9903920005742245,0.9951844053110079,0.16841621841636445,5.235893210836288,1.3856549295257992,6.262883033233977,4.519799915388006,0.1708729139849259,5.337974963617392
1320,105_0.mat,Inner,2,0.9946212573543252,-0.004767263729452115,0.7243466146793303,0.9892714455810987,0.5842092290016757,4.274977261718525,7.834612599111395,0.9902157263228698,0.9950958377577859,0.1400013617213542,4.811682996042575,1.3731288822179046,5.901839223208304,4.2980956118770175,0.1420814991250217,4.907240789765342
1321,105_0.mat,Inner,2,1.00472983433536,-0.0015218848553574982,0.7259665805691519,1.0094820400035596,0.5822341358607924,4.692198550636033,8.087845841315337,1.0104665075688444,1.0052196315078832,0.16370374379767455,5.046609609964868,1.3839890998099058,6.463380927192165,4.670109705396879,0.1611668533639993,4.942604542870768
1322,105_0.mat,Inner,2,1.0001807259965656,-0.00013777815527787245,0.7123706052878507,1.0003614846550168,0.5648408891119576,4.692198550636033,8.401319590475284,1.001339336117624,1.00066944398119,0.18504622484782593,5.334463988207083,1.4040174012949542,6.586738020631058,4.691350701600556,0.18467508762488033,5.320203363655885
1323,105_0.mat,Inner,2,1.0262683859285695,-0.0021150734411059073,0.7373711071602457,1.053226799956431,0.5866913806825114,5.100495320004504,9.221817606514929,1.0542518692618459,1.0267676802772114,0.12311527465451048,5.8902501407765495,1.3917935975000832,6.91713476493614,4.969942940787947,0.11373532388530634,5.299623032310079
1324,105_0.mat,Inner,2,1.009327416326146,-0.004671939576554067,0.7252882688439045,1.0187418333476135,0.5801510534743296,5.100495320004504,9.221817606514929,1.0197158225611767,1.0098097952392702,0.13690333035039468,5.522014449762635,1.3916224206047105,7.032369802599404,5.053360522559427,0.1329521227592447,5.310546579614037
1325,105_0.mat,Inner,2,0.9864854700241098,-0.004047702552433157,0.708296954406212,0.9731535825686889,0.5648055299708524,4.827181908815227,8.289763096112315,0.9740884569314582,0.9869591971968538,0.2121013193870428,4.86297380450636,1.392756899328643,6.815195065825454,4.893312730386548,0.22062045436391065,5.125132955507538
1326,105_0.mat,Inner,2,0.996315163596203,-0.006512512791654053,0.7150006384858192,0.9926439052117286,0.5684598898761414,4.827181908815227,8.43422875631236,0.9935717773276639,0.9967807067392827,0.1618125681010789,5.1521289476977215,1.3934465369216167,6.751297340141067,4.8450350704155225,0.1633854506862412,5.219011219954129
1327,105_0.mat,Inner,2,0.9975199832722988,-0.005564718357124904,0.721484045609919,0.9950461170275673,0.5749545264839354,4.296730778119304,7.945611311002552,0.99598779526849,0.997991881364017,0.11872438470560606,4.922964710949166,1.382594652425953,5.9554065044931574,4.307413234990896,0.11944250486210015,4.962707620310797
1328,105_0.mat,Inner,2,1.0012030844573818,-0.005407842036926978,0.7279559695860298,1.0024076163269753,0.5845612658116286,4.296730778119304,7.945611311002552,1.003358213576925,1.001677699450739,0.16588673454812594,4.7386408904312,1.3753621459074858,5.902459705848479,4.291567659765746,0.16505460398743282,4.7069737606737405
1329,105_0.mat,Inner,2,0.9962640884955823,-0.005992315271553285,0.7163533172229667,0.9925421340259335,0.5731777921667482,4.372589194286124,7.904335408088253,0.993476417998071,0.9967328719361427,0.1952172693273602,4.831480297368891,1.3907440149175745,6.103956091431124,4.388986057787752,0.19714323984112847,4.895139664315045
1330,105_0.mat,Inner,2,1.0003003193275648,-0.0013753580146170776,0.7200455613697563,1.000600728846828,0.5729615134432138,4.396016058102347,7.927762271904475,1.0015769397173522,1.0007881592611656,0.19286095356382266,5.03816380725773,1.3892180897876594,6.105191523899707,4.394696245876539,0.19240565600569143,5.022311552938732
1331,105_0.mat,Inner,2,0.987430951318999,-2.175504346482596e-05,0.7120397631269688,0.9750198836227434,0.5682680777524612,4.89188467554575,8.72260229424064,0.9759729817644658,0.98791344851888,0.15385830798128716,5.0315301517234055,1.3867637770413905,6.870240861347196,4.954153674245548,0.15957478186896823,5.282317353291417
1332,105_0.mat,Inner,2,1.0153210061909455,-0.0022087634656685613,0.7352237691231065,1.030876745612594,0.5907437537549974,4.89188467554575,8.72260229424064,1.031879561861177,1.0158147281178673,0.21137063479762985,5.528707264300201,1.3809686912061168,6.653599735184834,4.818067040583758,0.2016513509151408,5.192369308623529
1333,105_0.mat,Inner,2,1.0194055726495999,-0.004570078910314443,0.7457170243433091,1.0391877215490588,0.6001256636971559,4.563908582118618,8.387932811151728,1.0401826392864906,1.0198934450649688,0.23193463869282646,5.055162499718103,1.3670139468063485,6.120161446135083,4.477029265449084,0.21862569964680206,4.672140759636965
1334,105_0.mat,Inner,2,1.012987874000938,-0.003729047527031115,0.7384118433822053,1.02614443287294,0.5934843578687612,5.151253524939655,8.855912305004388,1.0271335872212517,1.0134759924247103,0.1619920432067909,5.314103773094409,1.3718467317096361,6.976125276292957,5.0852074907757485,0.1556156556652242,5.037048925966715
1335,105_0.mat,Inner,2,1.0410443175711368,-0.004323870241114906,0.754900566998914,1.0837732711471537,0.6039011908108478,5.151253524939655,8.855912305004388,1.0848139639299421,1.0415440288004834,0.19488046637499157,6.025600109732215,1.379048265533036,6.823751034406419,4.94815968733503,0.17247867608677342,5.120233567877408
1336,105_0.mat,Inner,2,1.0369853809131142,-0.007424901112249614,0.7537501131199815,1.0753386802275164,0.602949937865262,4.608531179863805,8.119081659736969,1.076334659136553,1.0374654978053743,0.1897878478883672,5.408564459552006,1.3757681264144257,6.11413663446324,4.444162149905463,0.16996027035073213,4.668607458416003
1337,105_0.mat,Inner,2,1.027378688146804,-0.0037344946214824238,0.7411705106016676,1.0555069688582481,0.5912738277707709,4.295057430703859,7.853019420681285,1.0565247848934178,1.0278739148813039,0.14743899936411717,5.353395732279548,1.3861569955224098,5.794965354478852,4.1805981380119395,0.13576656820401511,4.795898346199064
1338,105_0.mat,Inner,2,0.9942621730424941,5.3959569408479693e-05,0.7137161477405829,0.9885572687431825,0.5668657812038019,4.937065055762753,8.49502704574018,0.9895235974697014,0.9947480070197182,0.1798151337606804,5.092657170824068,1.3930778730292779,6.9174069710838735,4.9655565600470455,0.18267831929204884,5.201063191214514
1339,105_0.mat,Inner,2,1.0023802119616223,-0.0062929948852659765,0.7166486048038565,1.004766089332227,0.5667518752602596,4.937065055762753,8.464349009790363,1.0057086248765819,1.0028502504744075,0.24594034868113374,5.292891173438498,1.398705314209843,6.8891016080427825,4.925341698531905,0.2438493051981126,5.232974462769597
1340,105_0.mat,Inner,2,1.0129733745485259,-0.005569076032685957,0.7253299528818642,1.026115057544228,0.5738739171312603,4.40772949001046,7.93501344403807,1.0270870576410978,1.0134530367220267,0.23803047910277722,5.232875664831141,1.396569065598914,6.076861258095981,4.351278721388505,0.22867657855609463,4.960505122711287
1341,105_0.mat,Inner,2,1.008682184209495,-0.0007206172615687777,0.7300351255380975,1.0174397487416376,0.5869604881378749,4.230354663973337,7.972384869649664,1.0184337937040642,1.009174808298376,0.1879484658040545,5.211465363954326,1.3816899337064494,5.7947275630736454,4.19394208621269,0.1828687863017474,5.024516218582371
1342,105_0.mat,Inner,2,0.9830430728651671,-0.0025927836244864022,0.7104292883562155,0.9663736831081904,0.5744521895462127,5.052526027428426,8.794556233104753,0.9673116008164393,0.9835200052954893,0.15587913367637302,5.246696846547076,1.383731060889028,7.111933742359919,5.139679192995325,0.16384696044572206,5.607292082498764
1343,105_0.mat,Inner,2,0.9957063105312356,-0.0033815229010370966,0.717763921970158,0.9914310568317253,0.5748918739563456,5.052526027428426,8.42753536665058,0.9923887517750003,0.996187106810262,0.21341201912332874,5.245715800718158,1.3872337129968566,7.039258832560063,5.0743135540917645,0.21587190550674967,5.326489701869632
1344,105_0.mat,Inner,2,1.0133502441466657,-0.0003502148388792401,0.7300606826323774,1.0268787173121072,0.5797644557115709,4.359202414962567,7.692935851270423,1.027882386054305,1.0138453462211605,0.2038600925898461,5.0302782617585065,1.3880356362863482,5.971013805645079,4.301772699161004,0.19562172361667818,4.76107652285942
1345,105_0.mat,Inner,2,0.9843335200827197,-0.00462454985482761,0.7118793599607847,0.968912478758438,0.5667668635393273,3.71217474765734,7.0353103170007145,0.9698381999141819,0.9848036352056089,0.14129403447028246,4.370056865039805,1.3827251855364384,5.214612132955531,3.7712570708164157,0.1479363492050864,4.646099604273642
1346,105_0.mat,Inner,2,1.0132847447586686,-0.006235255684082017,0.7235371105702488,1.0267459739606402,0.5742683935900805,4.616340134469214,8.570327679435183,1.0277107192965071,1.0137606814709808,0.29966700009148334,5.657717803167415,1.400459948707617,6.380239613175487,4.555817264932888,0.2876289465706359,5.356726944983913
1347,105_0.mat,Inner,2,1.003800772183453,-0.002413029507592938,0.7160741398669295,1.0076159902360964,0.564279365558324,4.616340134469214,8.570327679435183,1.00859512370018,1.004288366805162,0.30826243400593273,5.538441901696727,1.401811231960689,6.446734880442181,4.598860911835342,0.3043303791284436,5.444448274001031
1348,105_0.mat,Inner,2,0.9955305509605012,-0.004944294299119911,0.721436600826564,0.9910810778957191,0.5773252921818492,4.923678276439196,8.964122104536468,0.992025406660795,0.9960047222080802,0.09421349632230278,5.067198868192527,1.379927979559843,6.82482462186035,4.945783202417866,0.09535180718937845,5.148993683821748
1349,105_0.mat,Inner,2,0.9786945345580188,-0.005043976127579027,0.7053865885597004,0.957842991973737,0.5690578718151657,4.923678276439196,8.964122104536468,0.958753833318912,0.9791597588335174,0.06218630754211363,5.162192223138951,1.3874583815875876,6.980113254613573,5.030863157581351,0.06624210126852302,5.615907494642223
1350,105_0.mat,Inner,2,1.001040109977133,-0.0021662761289482986,0.7152710070863042,1.0020813017830306,0.5725217148409159,4.500879162803539,8.35502364531465,1.0030561560581643,1.0015269122984984,0.2173469020028826,5.5645166407625,1.399525634421456,6.292550820886513,4.496202617597268,0.2163543257245509,5.530659864578643
1351,105_0.mat,Inner,2,1.007676221598521,-0.0008954689934560513,0.7291579122729342,1.015411367575072,0.5850751227036726,4.500879162803539,8.09621257839256,1.0164031469085066,1.0081682135975656,0.24188757503305602,5.181388075110737,1.38197255304548,6.172708390103327,4.4665926081486065,0.23605573663979412,5.015498665952493
1352,105_0.mat,Inner,2,1.0127462090310564,-0.002807399145868286,0.7397370005269664,1.025654883906776,0.5964317870372403,5.9254555958186685,10.167258896241101,1.0266495899069554,1.0132371834407556,0.19612784743734613,5.600556231719543,1.3690625293965792,8.010219296303337,5.850879068194182,0.18854104281797668,5.313573423107302
1353,105_0.mat,Inner,2,1.020203260650556,-0.003219199486387848,0.7399481826067921,1.0408146930420261,0.5929433844151174,5.9254555958186685,10.167258896241101,1.04182173383364,1.0206966904196564,0.18990951919914917,5.843833128889724,1.3787495998099,8.00793317031423,5.808112779441968,0.17858978502680456,5.384073497642997
1354,105_0.mat,Inner,2,1.0122250797713641,-0.0021041792522032772,0.7316192340089704,1.0245996121181444,0.5814612373458822,5.053641592372056,8.623317014257594,1.0255967438680027,1.0127175044739785,0.20385044315785167,5.233714699891564,1.3835408265900915,6.9074750327069525,4.992606578675715,0.19626674045685719,4.9757296788476335
1355,105_0.mat,Inner,2,1.0256622224149634,-0.005144202665483245,0.7318321603403884,1.051982994489202,0.582048966689902,5.053641592372056,8.664035134700079,1.0529848371731905,1.0261504944077113,0.20202531342269797,5.942116337403907,1.401499248046858,6.905465305070236,4.927198722858412,0.18697029489676847,5.359162371351393
1356,105_0.mat,Inner,2,0.9928978479080882,-0.005190502968319443,0.7103601102566839,0.985846136380513,0.5711881526215895,5.446878235001527,9.322218451441604,0.9867828501865842,0.9933694429498947,0.17094671603630432,5.614946063751146,1.3977387434493098,7.66777041158134,5.485839501487422,0.17439272852361623,5.7663686354778365
1357,105_0.mat,Inner,2,0.9940189925297718,-0.003628820989126887,0.7112483278340066,0.9880737575099026,0.5693982644113659,5.446878235001527,9.322218451441604,0.9890264352963506,0.9944980820978744,0.22877680568367417,5.77169112219036,1.3975695318054393,7.658194784909327,5.479652074990819,0.2325948754402135,5.900479171588038
1358,105_0.mat,Inner,2,0.9979846505049461,-0.003611934996327798,0.7169770921300851,0.9959733626434795,0.5735606579599858,4.771961444105557,8.403550720362542,0.9969338848159524,0.99846576547018,0.1849981115757772,5.422727555401979,1.391933802987508,6.655667937620939,4.781598035286741,0.18585222251907405,5.456134535812369
1359,105_0.mat,Inner,2,0.9932993303556212,-0.001397146392422344,0.7205661551332436,0.9866435596849257,0.5796436486965911,4.25489709273319,7.886486368990176,0.9876060667164115,0.9937837122414572,0.15532122283021624,4.9245208237135145,1.3784984533038005,5.904936087291651,4.28360008176545,0.15825417544036655,5.048896641039455
1360,105_0.mat,Inner,2,0.9758145128926312,-0.0030933716045624254,0.698922763444811,0.9522139635718831,0.5589612482330115,5.295161402667887,9.172732748995223,0.9531351907086755,0.9762864286205537,0.17633148923429265,5.104456578407702,1.39616931072855,7.576175336687875,5.4264015678203865,0.18949515864194688,5.618760296491399
1361,105_0.mat,Inner,2,1.0149807542224918,-0.0031865169196799445,0.721288615854361,1.0301859314420585,0.5768680343956144,5.295161402667887,9.172732748995223,1.031182791997289,1.015471709107294,0.2046860545908587,6.267127573187807,1.4071770050312626,7.341251873757173,5.217006707401989,0.19547209575774527,5.893824790274311
1362,105_0.mat,Inner,2,1.0356719803453773,-0.0018432634279851989,0.7408519381687083,1.0726164508725158,0.5911977979909219,4.792041613090891,8.599890150441372,1.0736615508607132,1.0361764091411816,0.18881229670922484,6.035780025132539,1.3979473184669378,6.46828518115204,4.626987795390783,0.16971849574823508,5.2359875102382585
1363,105_0.mat,Inner,2,0.9907740921737368,-0.0017550204978738645,0.7207379421361471,0.9816333017226924,0.5806189660601107,4.189078761059037,7.583052704322897,0.9825897819596895,0.9912566680530777,0.1326911907826303,4.716871197338409,1.3746662056334553,5.812207899916431,4.228086699223293,0.13623344098487788,4.885505765071783
1364,105_0.mat,Inner,2,1.0007608437141005,-0.004027548302963282,0.7134388906330109,1.001522266311358,0.5684951710142223,5.778758805731362,9.803026942146005,1.002485034457488,1.0012417462618546,0.26994128245418336,5.7799422418796675,1.4027281899711908,8.099865148360443,5.774365416095832,0.26893817894871486,5.751322257192166
1365,105_0.mat,Inner,2,0.9813759572078533,-0.004994407568072026,0.6892559425761301,0.9630987693856304,0.5420020167561926,5.778758805731362,9.803026942146005,0.9640152464177544,0.9818427809062683,0.2801407210215432,5.552091999129898,1.4238193631504803,8.384053656649757,5.888425086515081,0.295971837157841,5.9743250609872165
1366,105_0.mat,Inner,2,0.9951174681456926,-0.004569534200869304,0.714611281355807,0.9902587754086934,0.5716007222938814,4.920331581608306,8.889937035785092,0.9912058692475676,0.9955932247899076,0.1300311207508985,5.219484423062744,1.392529748839535,6.885325924698877,4.944473129159249,0.13176543749418074,5.3125114106897415
1367,105_0.mat,Inner,2,0.9866979254198536,-0.0038112986532459975,0.7095769281978415,0.9735727960278429,0.5714247105980786,4.920331581608306,8.889937035785092,0.9745099398935959,0.9871727001358961,0.13417513369609224,5.258853652137474,1.3905439793884558,6.934176388877042,4.98666456556058,0.1394737978559512,5.5375611949895776
1368,105_0.mat,Inner,2,0.9713527681594262,-0.0027186115063118285,0.6914663735044746,0.94352620021098,0.5561981148687017,5.333648393223112,9.154883709897149,0.9444411151389607,0.9718236028925006,0.2122670561070468,5.50615124880427,1.4047722425532174,7.7135325701863415,5.490948878772557,0.23127051570559048,6.173029696701949
1369,105_0.mat,Inner,2,1.0050321234414394,-0.0032654997892240414,0.7068725667380068,1.0100895691492089,0.5643239372597999,5.333648393223112,9.154883709897149,1.0110662750695831,1.0055179138481736,0.22010619732540454,6.445020122867954,1.4218010016684095,7.545417157478138,5.3069431999390035,0.21650245940080184,6.304708750272337
1370,105_0.mat,Inner,2,1.0227477310795863,-0.003497001303405007,0.7259866522261791,1.0460129214284417,0.5794911130865288,5.094359712814541,9.093527637997514,1.0470231759806194,1.0232415042308534,0.17608640914601348,6.400859324395716,1.4087693319732597,7.017153410721924,4.981052079609195,0.16435820696039022,5.8388281431418205
1371,105_0.mat,Inner,2,0.9862734891026368,-0.0027654565185931544,0.70852719050463,0.9727353953066891,0.568819888101108,4.771961444105557,8.77112936928853,0.9736786055701849,0.9867515419649391,0.18341777893306688,5.279562489900975,1.3920051373029132,6.735043493108736,4.838375457544235,0.19090530145190174,5.568864869812725
1372,105_0.mat,Inner,2,1.002376626741523,-0.001920612169193904,0.7132430154792775,1.0047589018377148,0.5665801472791308,4.55386849762595,8.138046263778675,1.005737378495297,1.0028645863202554,0.24415443840199264,5.369277925339572,1.405378818980164,6.384736196203064,4.543071312850639,0.24206819783739422,5.308192968440394
1373,105_0.mat,Inner,2,1.0278840079008609,-0.004730223487183156,0.7306834123702468,1.056545533698337,0.5808455761332675,4.55386849762595,8.469926834508511,1.0575559281451774,1.0283753828953597,0.22276820148133888,6.054661248808643,1.4067433179646507,6.232341422460283,4.430333055693127,0.20483217782223492,5.41356258378628
1374,105_0.mat,Inner,2,0.9700047150106832,-0.005002578209749007,0.698079118637559,0.9409091471429567,0.5631220546594853,4.693314115579663,8.609372452462225,0.9418038516781164,0.9704657910911215,0.17070961431656378,5.00408764377266,1.3895340644230296,6.723183648198618,4.8384446415017015,0.18677437326981128,5.641621984982478
1375,105_0.mat,Inner,2,0.9975783671681144,-0.004710613947158423,0.7149605502333934,0.9951625986418013,0.5720888820896664,4.693314115579663,8.338290171160207,0.9961131755310217,0.9980546956610252,0.2469674586570616,5.2924873894033855,1.3952914840421158,6.5644378756855915,4.704707188968172,0.24841436495543534,5.333870444762192
1376,105_0.mat,Inner,2,1.038432568933599,-0.002094919191636044,0.7480039731832875,1.0783422002220338,0.5981185538079781,4.549406237851431,8.268567362183349,1.0793919051930294,1.0389378735964097,0.21768270080522137,5.74129226923224,1.3882714613305376,6.082061594518541,4.3810319263377755,0.19411325044086938,4.927780359684225
1377,105_0.mat,Inner,2,1.0167892626963206,-0.005155641563831017,0.7277752469854903,1.0338604047345274,0.5823739416955451,4.924236058911011,8.825234269054569,1.0348444143429745,1.0172730284161546,0.10958050881315799,5.691614227531641,1.397119875822316,6.766149411237697,4.842926887178257,0.10409280767882716,5.314780545034535
1378,105_0.mat,Inner,2,0.9893327707986886,-0.0019848878837194434,0.6954164136848698,0.9787793313762105,0.5516896164466114,4.924236058911011,8.825234269054569,0.9797321612850545,0.9898142054370883,0.19844195465564468,5.7175455785147875,1.4226480010084797,7.080989119614544,4.977330382911198,0.2046314818090617,5.956551567693881
1379,105_0.mat,Inner,2,1.0115306719189594,-0.0004030516550570084,0.7108772981094292,1.0231943002328217,0.5636847891609965,4.871246724088601,8.652879485263782,1.0241943275551881,1.0120248650874089,0.3033952402889162,6.04791840222541,1.4229328670470864,6.85244378606094,4.815718256810361,0.2927084189807888,5.765555946527581
1380,105_0.mat,Inner,2,0.9988741138798998,-0.006572430830618536,0.708278627000777,0.997749495379355,0.5624550514846609,4.77809705129552,8.400204025531654,0.998681573506459,0.9993405693288244,0.18319175858914638,5.404174872042192,1.4102841393199257,6.746069793919578,4.7834827080775,0.18355464387169293,5.4184531176917465
1381,105_0.mat,Inner,2,0.9847932632869459,-0.0017506628223128164,0.7052712035617623,0.9698177714153521,0.5618205488251535,4.9945166503596825,8.62387479672941,0.9707627170609144,0.9852729150143702,0.08546267567033236,5.051357546999382,1.3963327274843271,7.0816965518077035,5.071639740593275,0.089352529755395,5.360211583148155
1382,105_0.mat,Inner,2,0.9845271657002469,-0.0016308267443838381,0.7112116012426817,0.9692937400017615,0.5706277978519085,4.9945166503596825,8.62387479672941,0.9702385790182139,0.9850068928785289,0.17853914890666533,4.92646215558349,1.3842957060579772,7.022546653662384,5.073010501241223,0.18681668066691118,5.233329414657025
1383,105_0.mat,Inner,2,0.9721310357049239,-0.0034016771505069624,0.7095914593559873,0.9450387505807281,0.5738211545157292,5.111093186968986,8.442595493389582,0.9459509594070878,0.9726001025123778,0.21621197903906272,4.629508439783962,1.3699869451442424,7.202867395840025,5.257617542533769,0.23500484658903895,5.17365704051041
1384,105_0.mat,Inner,2,1.0218151200876504,-0.0034256443660927545,0.7312168313830893,1.0441061396397395,0.5828219649541918,5.111093186968986,9.86215188415838,1.0451150247417658,1.022308673905179,0.11406694445599504,6.1582515426906514,1.3974173955398428,6.989846195545602,5.001974512302733,0.10676125521120035,5.638054138150392
1385,105_0.mat,Inner,2,1.0091282399410484,-0.0016008677249015918,0.7189820850051722,1.018339804646518,0.574165527911781,4.751058697189393,9.009860267225289,1.0193326839432086,1.0096200691067945,0.0911163055222705,5.9099621835961855,1.4035512997968307,6.6080348819103145,4.708082193262408,0.08853646494922288,5.687911135065585
1386,105_0.mat,Inner,2,1.0063648187387664,-0.005379517145780129,0.7129546714671031,1.0127701483951101,0.5686383401715064,4.758574664782,8.656783962566486,1.0137311810468794,1.0068421827907685,0.23178385733522153,5.854749669304363,1.411541096527888,6.674442086175312,4.728478754594172,0.22709050628752414,5.697216464238564
1387,105_0.mat,Inner,2,1.0007349794831948,-0.004570623619759569,0.708881620356538,1.0014704991612304,0.5630596226348821,4.758574664782,8.629452621447559,1.0024285426846724,1.0012135350087275,0.25666825881623684,5.704012573226228,1.4117095869666574,6.712791710387303,4.7550797786989465,0.2557360944052775,5.6764082950909875
1388,105_0.mat,Inner,2,0.9660972569953936,-0.0031718097646613965,0.6948686286987671,0.9333439099740236,0.5591784923572337,4.009472805134656,7.913817710109104,0.9342461994009429,0.9665641206877807,0.11053457962634508,4.793221164575373,1.3903308008064021,5.770116306210501,4.15017512584618,0.12240697182914884,5.491674508955555
1389,105_0.mat,Inner,2,0.9511025332985966,-0.004823913511745813,0.680657335272154,0.9045960288470081,0.545563855856518,4.333544421259084,8.237889326233532,0.9054569940511924,0.9515550399483954,0.07084126058251115,4.466944826195222,1.397329440248977,6.366704943420603,4.556337796961814,0.0822213378508002,5.448474628009072
1390,105_0.mat,Inner,2,0.9903756001831087,-0.0033036294503832565,0.7091688582309952,0.9808438294380526,0.5647709852859133,4.333544421259084,8.024258639528444,0.9817916964240463,0.9908540237714364,0.1689697495799214,4.967122602992536,1.3965300205823765,6.110737056422495,4.375657498481877,0.1736920449700966,5.153071522966761
1391,105_0.mat,Inner,2,1.0077901528240387,-0.0032578738569921935,0.7164692193995355,1.0156409921290994,0.5698167495529822,4.974436481374347,8.665150699643707,1.0166231744558358,1.0082773301308703,0.2553510059895173,5.771963837051551,1.4066063489332443,6.942987007224709,4.9359844084902,0.24911367291270614,5.584748119415499
1392,105_0.mat,Inner,2,0.9627853582673545,-0.0022855674974321376,0.690786345058449,0.9269556460939982,0.5567249702807111,4.974436481374347,8.75830037243679,0.9278565321699102,0.9632530987076606,0.16146035931250696,5.04704596158328,1.3937527357818533,7.201121615897383,5.1667138876325085,0.18065278879103208,5.862402064581036
1393,105_0.mat,Inner,2,0.9964063427714812,-0.005468849494781734,0.7097501733322076,0.9928255999152384,0.567724174754072,5.270061191436219,9.571547216342841,0.9937661663722899,0.9968782104009947,0.1544153272996364,5.927822324405422,1.4038831975088462,7.425234102707397,5.289068289923142,0.1558705601794908,6.002425307501793
1394,105_0.mat,Inner,2,1.0022569350233346,-0.004677931380450515,0.7094700442113514,1.0045189638023688,0.5621748960447345,5.270061191436219,9.571547216342841,1.0054789938402908,1.0027357547431381,0.20993852685616998,6.089545505880821,1.4126839366925394,7.428165902743651,5.258193789707489,0.20822489060930346,6.023360775169672
1395,105_0.mat,Inner,2,0.9960620472544889,-0.00469590679213986,0.7115187898389217,0.9921396019808035,0.5647920584421625,4.793157178034521,8.738220203451455,0.9930873623174663,0.9965376873543049,0.10549177485771985,5.313270710278376,1.3999096882298556,6.736515249460792,4.812107028112759,0.10659514295322839,5.3874968992502525
1396,105_0.mat,Inner,2,1.0088885241935976,-0.004902896381289912,0.7126760112896968,1.0178560542495356,0.5646466098040169,4.573948666611285,8.525147299218181,1.0188269640637033,1.0093695874473845,0.14605879366279922,5.758772377478369,1.4156341846927654,6.417991617716448,4.53365119824581,0.14202901128611545,5.5479054634010785
1397,105_0.mat,Inner,2,1.0022681634870156,-0.006007567136016981,0.7048210425015824,1.004541471539635,0.5571593487498593,4.652038212665364,8.60323684527226,1.0054873018699737,1.0027398974160615,0.23208340861785604,6.001876475881276,1.422017935117684,6.600311188422442,4.641510508001873,0.2301861604353475,5.936546478398365
1398,105_0.mat,Inner,2,1.0024630483955312,-0.005690546238950331,0.7067191238593652,1.0049321633984611,0.5563689974242703,5.05977719956202,8.852007827701684,1.0058820878083385,1.002936731707608,0.16579209722948632,5.844013771613827,1.4184744894403052,7.15953060945007,5.047345343706463,0.16433997383309532,5.7758656349954425
1399,105_0.mat,Inner,2,1.0168603944167283,-0.0016553386694147698,0.7311499697754094,1.0340050617333443,0.5818349353092509,5.05977719956202,8.8414099607372,1.0350130765447971,1.0173559242196397,0.1230604225954269,5.4614720211326,1.3907685652065214,6.920300087148105,4.975881868680051,0.1168690858403559,5.098213745484901
1400,105_0.mat,Inner,2,0.9868492138317259,-0.0018612388396745427,0.7061276244635806,0.9738713708402953,0.5614458993354496,4.438407525960276,8.104579315469783,0.9748198791685275,0.9873296709653405,0.22176237631018136,5.1414113825411185,1.397550782098352,6.285559964214241,4.497553895515998,0.23040998790703077,5.410452650292933
1401,105_0.mat,Inner,2,1.0056055165610667,-0.0013606508595985182,0.7154630859927487,1.0112424549380497,0.5697425479291096,4.500879162803539,8.169282082200308,1.0122291085561124,1.0060959738295907,0.2829070904524272,5.834016999269986,1.4055309578471433,6.2908614726810175,4.475790047563588,0.27779575121600736,5.693902759929825
1402,105_0.mat,Inner,2,1.0353714036533308,-0.0018748565758028362,0.7396616654386529,1.0719939435030685,0.5919839061189238,4.500879162803539,8.177091036805715,1.0730383173977225,1.0358756283443116,0.17278441564451838,6.294287110999282,1.3997905421229433,6.085051278314158,4.347115582792552,0.15544677728173895,5.466584781941553
1403,105_0.mat,Inner,2,0.9883206806449661,-0.0049028963812899045,0.6950508202427566,0.9767777677905292,0.5502011295304113,5.476998488479529,9.501824407365985,0.9777085228769755,0.9887914455925352,0.06239779155365519,5.836069209254448,1.4219401687755133,7.87999715842178,5.541722029837284,0.06454388718108768,6.1052244026700695
1404,105_0.mat,Inner,2,1.0206534782545569,-0.005120235449897449,0.7136674100106508,1.0417335226731252,0.5640524387753609,5.476998488479529,9.516884534104985,1.0427255925735603,1.0211393600158405,0.1987594182428748,6.788288290060791,1.430152847021408,7.674441079480028,5.36616844518132,0.18666920053102704,6.243386371638148
1405,105_0.mat,Inner,2,1.013116457638706,-0.005941657293156039,0.7102244225432176,1.0264049567384,0.5643125602302018,4.692198550636033,8.73208459626149,1.0273729473408983,1.0135940742431846,0.2765060795739788,6.447357136162351,1.4264736968766105,6.606642072131648,4.631450328590671,0.26552932778472116,6.108371976967033
1406,105_0.mat,Inner,2,0.9614077534627292,-0.0045047137768986405,0.6903711112763732,0.924304868418252,0.5535857853420644,4.692198550636033,8.256296147803422,0.9251880799563728,0.9618669762271562,0.14468274007797893,4.611153493651004,1.3925955732473583,6.796632237339997,4.880549937038816,0.1625817080992336,5.387031581172571
1407,105_0.mat,Inner,2,0.9714518910776808,-0.001780077132349922,0.7007853452842302,0.9437187766784022,0.5635991916259818,5.009576777098683,8.774476064119419,0.9446381061543464,0.9719249488280185,0.10732484269785426,4.760754944647205,1.3862331705613582,7.14851817436295,5.156793479022568,0.11689665108446765,5.335128763363019
1408,105_0.mat,Inner,2,1.029754971218631,-0.004824458221190944,0.7283538385394771,1.0603953007494835,0.5805870574532405,5.009576777098683,9.123090109003702,1.0614085571464438,1.0302468428228468,0.10526322609025,6.561678473495117,1.413811415179909,6.877943812498057,4.864824076707678,0.09626153864068908,5.824381002062956
1409,105_0.mat,Inner,2,1.0332088096559529,-0.00490561992851557,0.7381378653432913,1.067520444350671,0.5920164506489418,4.841684253082414,8.955197584987431,1.0685398752156783,1.0337020243840476,0.13666247991959177,6.297646577875589,1.399750450647903,6.559322425254659,4.68606559277205,0.12372663368249241,5.515651491912852
1410,105_0.mat,Inner,2,0.9784535706601484,-0.003984516256797873,0.7207949714430004,0.9573713899375941,0.586590078878831,4.841684253082414,8.428093149122397,0.9582913449593551,0.9789235644111113,0.12600684874879342,4.376571940062966,1.3574644793927586,6.71714488155051,4.948302503317405,0.1343222017716412,4.765834316940964
1411,105_0.mat,Inner,2,0.9890278442405027,-0.004651240617639056,0.7154251873900906,0.9781760766830161,0.574950644461315,3.93751886627054,7.505520940740633,0.9791106053442645,0.9895001795574696,0.12483808755902494,4.707704438725373,1.3824336376066753,5.503746493227776,3.9812012262306635,0.12885446582223406,4.910725736915242
1412,105_0.mat,Inner,2,1.0123305579037558,-0.005295631891229843,0.719465038755317,1.0248131584657294,0.5720574159593733,4.571159754252211,8.139161828722305,1.025786859728806,1.012811364336324,0.21436029618649785,5.549284524767183,1.4070601118487878,6.3535536933858765,4.515481349998212,0.2063282293623809,5.273788753277812
1413,105_0.mat,Inner,2,1.0378818560019576,-0.0036260974419012174,0.7496814472157919,1.0771987470180682,0.5999130598625981,4.571159754252211,8.851450045229868,1.0782385657848095,1.0383826682802488,0.20126684130282768,5.616342953025976,1.3844304935851297,6.097469493506525,4.4043160864729325,0.17976284747567717,4.8308538271501495
1414,105_0.mat,Inner,2,0.9901701958882034,-0.005127861382129291,0.7151433307364692,0.9804370168252832,0.5723860371763794,4.280290290977658,8.494469263268364,0.9813690901149943,0.9906407472514919,0.1473805885244657,4.8113026842297515,1.3845758651865234,5.985220174763767,4.322782395135439,0.15159738987310165,4.995718166403612
1415,105_0.mat,Inner,2,0.9965520624490412,-0.010097245650065702,0.7141996078573714,0.9931160131714376,0.5739469885151933,4.88965354565849,8.466580139677621,0.9939847470312425,0.9969878369525089,0.2154498077057655,5.616580288316533,1.3953410943998465,6.846340283384933,4.906571096383253,0.21740850552202654,5.684765196357965
1416,105_0.mat,Inner,2,1.0227856470898178,-0.005852869653599569,0.7258878179461218,1.0460904798929374,0.5812806157745982,4.88965354565849,8.984202273521802,1.0470787616629418,1.0232686654358873,0.20632199765482603,6.348090349590059,1.4090133789300263,6.736100847493053,4.780721707981022,0.19256462490659648,5.7900777807328705
1417,105_0.mat,Inner,2,0.9957498384225107,-0.002961007209395424,0.7134185053250399,0.9915177407184563,0.5722227365952336,4.725665498944924,9.074005251483994,0.9924781901373181,0.9962319961421225,0.08849754335808072,5.677891255309595,1.3957443365832547,6.623973815741216,4.745836069053934,0.08950550707591484,5.764280773932046
1418,105_0.mat,Inner,2,0.9661321710907679,-0.008511596455287353,0.6958491332308183,0.9334113720165609,0.5606696744655455,4.725665498944924,9.074005251483994,0.9342512795074872,0.9665667486042996,0.11532458905701282,4.922388342298871,1.3884218934119248,6.791221362879235,4.891324024128845,0.1277104290005591,5.639602195244915
1419,105_0.mat,Inner,2,1.0056950894021879,-0.005024911296999404,0.7208019317305429,1.0114226128476747,0.580227059810692,4.636420303454548,8.298129833189536,1.0123860213380946,1.0061739518284574,0.19054903322699882,5.501441290112567,1.3952447199832856,6.4323083767502265,4.610165001606948,0.18706284697935313,5.367650161099122
1420,105_0.mat,Inner,2,1.039243185256862,-0.0008606075889676414,0.7407569384787415,1.0800263981028282,0.5898238623583185,4.636420303454548,8.443153275861398,1.081081401013083,1.0397506436704345,0.2238573848176265,6.318608309330537,1.4029476219145582,6.259030543770393,4.461342993848102,0.19915161480027987,5.406356034766997
1421,169_0.mat,Inner,2,1.0692457333055156,0.08423514292604004,0.6222915699451337,1.14328643819205,0.4637096239646584,8.013762933362083,15.352108899187328,1.1373015249086986,1.0664433997679852,0.03486620217827363,23.82369153762738,1.7182391421405097,12.877826601533046,7.494781305865463,0.028746912825383265,18.418650810846522
1422,169_0.mat,Inner,2,1.0298017096775098,0.0920537397931688,0.6019185962297035,1.0604915612547223,0.44919226782587546,8.084636779572756,15.650612863227577,1.0530460355138704,1.0261803133532967,0.7564969169853055,21.19624832699393,1.7108654162311465,13.431445431657798,7.850673293304854,0.7000613904924036,19.114559058195745
1423,169_0.mat,Inner,2,0.9879855515770096,0.08383778036916033,0.5832162882398522,0.9761154501249278,0.4364213500082855,8.084636779572756,15.650612863227577,0.9700339755119111,0.9849030284814394,0.3291754238999361,17.770624448611944,1.6940294218411798,13.862158760960437,8.182950415276805,0.34454581956429214,18.885513482264138
1424,169_0.mat,Inner,2,1.0783496165023412,0.08223204479094975,0.6323212647460676,1.1628378954107463,0.4714267319422297,8.613241387661951,15.816541044356095,1.1572058700777432,1.0757350371154335,-0.03244918367228687,24.677984169854696,1.7053824956111314,13.621622216212039,7.987429360425114,-0.026066806835979565,18.428433733966262
1425,169_0.mat,Inner,2,1.0426659497240716,0.08096585877466303,0.6199484997373222,1.087152282714,0.47144098692826636,8.613241387661951,15.816541044356095,1.0816531142963115,1.0400255354058916,-0.09572947530733428,23.33737089926853,1.6818589772604928,13.89347887977399,8.260787062177561,-0.08509688658979765,19.946923330912906
1426,169_0.mat,Inner,2,1.0002866695866313,0.07764690430367606,0.5645229371928814,1.0005734213527142,0.429349024347508,10.004036393301991,19.499479617444862,0.9955165637490562,0.9977557635759646,0.06442360048702905,34.896567355118314,1.7719150165249884,17.72122217571857,10.001169362205097,0.06485930002009563,35.21159746464704
1427,169_0.mat,Inner,2,1.0165240584779434,0.07925345414942123,0.571210093943668,1.033321161464469,0.4262896571753496,10.004036393301991,19.499479617444862,1.0280440006892777,1.0139250468793428,0.14451587671586286,34.943570440384285,1.7795975058109044,17.513759822092823,9.841416255579176,0.13864301920403585,33.06312293432293
1428,169_0.mat,Inner,2,1.0378762848230432,0.07901243095918273,0.621771493850555,1.0771871825980828,0.46546605563743787,7.591824192272831,14.091388246592757,1.0719910846456022,1.0353700230572653,-0.013745180812303928,17.570934365605265,1.669224618828909,12.209990756001664,7.314767957685741,-0.012384078519410514,15.290176880909618
1429,169_0.mat,Inner,2,1.0681201646605005,0.07748323652922356,0.631055862817973,1.1408806861543748,0.4726021174683533,7.591824192272831,14.091388246592757,1.1359863959261027,1.0658266256413857,-0.09681368814959852,19.136089052992883,1.692592094603367,12.030352048960602,7.107649910044313,-0.07996078872449565,14.828831229583592
1430,169_0.mat,Inner,2,1.0803290317215417,0.07634000491065984,0.6063866928726775,1.167110816780404,0.44548479616069103,8.872587187444363,16.892155886847497,1.1624181944486607,1.0781549955589227,0.16601364008007607,28.48685502180535,1.781584332930927,14.631896266385748,8.21285638625982,0.13246470408563965,21.08238341047305
1431,169_0.mat,Inner,2,1.1549247035072079,0.07464307136857523,0.6326093041979137,1.3338510707712121,0.4541577324871532,8.872587187444363,16.892155886847497,1.3295778985844642,1.1530732407720092,0.3598357627467375,35.39419599995794,1.825652414280743,14.025382062124276,7.682394497661125,0.23471110775407203,20.021862612341955
1432,169_0.mat,Inner,2,0.9961510874105188,0.07721941384801656,0.6081487979968719,0.9923169889491591,0.4584131079645254,7.215775902378552,14.191445441243122,0.9873183291299189,0.9936389329781311,0.4467158853861897,14.405190638940795,1.6380055188631724,11.865148671072111,7.243656101534376,0.4553502685663272,14.77762395735727
1433,169_0.mat,Inner,2,0.9636497977946714,0.07304384993064139,0.5896619093262924,0.928620932789711,0.44993182380047764,6.9223057017177085,13.025779123566393,0.9241880561756299,0.9613470009188305,0.2759760263549189,12.911772097498082,1.6342412195049838,11.739448643740488,7.183424639897541,0.31062101164135136,15.116983834759553
1434,169_0.mat,Inner,2,1.0728375734757338,0.07019065648943965,0.6112250102045232,1.1509804590613006,0.45770473459609273,8.472327505196024,16.53028236619535,1.1471740179297667,1.071062098073574,0.2682461370030846,27.676227300588238,1.7552252534872457,13.86122518505455,7.897120416597488,0.21831798944191397,21.03043637872082
1435,169_0.mat,Inner,2,1.1536007504222885,0.0728875105640002,0.6375813123021454,1.3307946913748672,0.4633221646165902,8.472327505196024,16.652018619686622,1.3267777836079544,1.151858404322317,0.2802868535607093,36.705875076858256,1.809339025723821,13.28823060166443,7.344245833827074,0.18340258055051228,20.85159113713154
1436,169_0.mat,Inner,2,0.9884098535108964,0.07009864425803101,0.5891202101603916,0.9769540385174316,0.44521384092891375,8.1796911144906,16.354348465601795,0.9729904045325439,0.986402759795685,0.16240649576129734,19.402103171612673,1.677772781280272,13.884587514405158,8.275606607347678,0.1692156629177017,20.494234204262067
1437,169_0.mat,Inner,2,0.9136952232247924,0.07015890005559064,0.5579257114482943,0.8348389609438032,0.4329322906592977,7.888691440049129,15.312919831282603,0.8307279474479725,0.9114427834197671,0.35663635936792054,14.408992887338442,1.6376646648015816,14.139322275643277,8.633832419740774,0.47101787177562354,20.87930240273384
1438,169_0.mat,Inner,2,1.0396352856545499,0.0697566518935034,0.5827102357694174,1.0808415271780176,0.4344693271368924,7.888691440049129,15.752337677788779,1.0770273211879737,1.0377992682537283,0.33595856861861345,26.94089588186897,1.7841376757008898,13.537931815491916,7.587941222170864,0.3005700072625954,23.225153494642587
1439,169_0.mat,Inner,2,1.1167583124322769,0.06785452293270224,0.6250257590341974,1.2471491283865868,0.4535320225948786,7.863646237739649,15.170338328905835,1.2437595009918496,1.1152396607867967,0.15864938383279742,28.36145935336376,1.7867396603879622,12.5813154483075,7.041493356432464,0.11437570202832362,18.333937702184258
1440,169_0.mat,Inner,2,0.9658348122512795,0.06789686484450089,0.5688921458867756,0.9328368845564643,0.4223342513083538,7.306692091166186,13.959646273636446,0.9291342579745552,0.9639161052573794,0.14994248915510233,15.027832197713202,1.6977467859818338,12.843721158716022,7.565157103964121,0.16741987232722225,17.40761971935856
1441,169_0.mat,Inner,2,0.9136796683291045,0.0659646079849199,0.5145292024749741,0.8348105363179825,0.38873380974861493,9.351163198208376,17.911071652370353,0.8312709948923278,0.9117406401451719,0.11861793563891329,25.2815644065859,1.775758623480207,18.17421276228734,10.234618895809644,0.1565079564442362,36.58631674824382
1442,169_0.mat,Inner,2,1.0987787049540336,0.06397046679271012,0.5981255865821546,1.207314642460463,0.43177489163078947,9.351163198208376,17.911071652370353,1.204398592339117,1.0974509521336782,0.24141241847810743,32.94349754192412,1.8370367855869605,15.634113316615869,8.51050639772916,0.1826435113604481,22.710632356143687
1443,169_0.mat,Inner,2,1.1116976364389035,0.06304383033834723,0.634394600569814,1.2358716348638443,0.46423069399139855,8.327244572952997,15.952452067089503,1.2331013108189606,1.110450949307965,0.2874557190162522,26.917430916726882,1.7523756277853295,13.126285383671819,7.490566049614115,0.20992918240010924,17.70256053969921
1444,169_0.mat,Inner,2,0.8997514069034498,0.06400792309930126,0.5350298954759644,0.8095525942247372,0.4110995828653447,8.327244572952997,15.952452067089503,0.806242926613272,0.8979103110073255,0.13271226473756786,18.652402606468097,1.6816843591540738,15.564073415990128,9.255050349520953,0.18332098592081883,28.694783081504497
1445,169_0.mat,Inner,2,0.9276050786148625,0.06410400666838281,0.5376810600305598,0.8604511818720852,0.40836865037278797,8.000421974075367,14.682559504985317,0.8571789470165911,0.9258395903268509,0.33760964213620487,17.394054621665298,1.725195748126995,14.879493753426564,8.624814760623451,0.4254099051995299,23.673247453558115
1446,169_0.mat,Inner,2,1.0983686089342974,0.06153092125907986,0.6165768587366109,1.2064136010922635,0.45197338518260916,8.000421974075367,14.682559504985317,1.2038031358210979,1.0971796278737123,0.35101329745184917,25.17878942323297,1.7813977176878069,12.975546942283167,7.283913532298204,0.2657604581078119,17.374963668256797
1447,169_0.mat,Inner,2,0.9860373510167808,0.060142595112604696,0.5854611025406276,0.9722696576001901,0.4380097346010417,6.445335503570758,12.076903394298787,0.9695994002676351,0.9846823854764719,0.08858279007161082,13.903936249780443,1.6842064259028573,11.008990137158566,6.536603808078799,0.0927813842635626,14.78948636944519
1448,169_0.mat,Inner,2,0.8200013982592912,0.05788870257686085,0.5178214666186582,0.6724022931471927,0.4003852518362797,6.445335503570758,11.47155736666409,0.6697052002457753,0.8183551797635152,0.055584725546358175,6.675944594853714,1.5835600706403028,12.447022611182863,7.8601518451616466,0.1014214835158762,14.884881489919369
1449,169_0.mat,Inner,2,0.9964900154684551,0.059436625160115567,0.5552739131275028,0.9929923509283218,0.4153489773230961,10.49848569686587,20.250742387278006,0.9904268522407892,0.9952019153120583,0.034085575853525674,37.01727345066096,1.7945918075892842,18.906859207045596,10.53546501609446,0.03458095844616011,37.736325947324616
1450,169_0.mat,Inner,2,1.108431538273332,0.05913534617231744,0.5901765258334355,1.2286204750389853,0.4245452994242351,10.49848569686587,20.250742387278006,1.2263210650371408,1.1073938165969417,0.06689014201109816,42.88264132913176,1.8781355912218791,17.788721233909346,9.471478692504993,0.049255625140328815,28.51498522064822
1451,169_0.mat,Inner,2,0.8934472961238256,0.05598005947578297,0.5083286451623853,0.7982480709509748,0.37259878641268646,6.089329556253439,12.063562435012074,0.7958915417257793,0.8921275366929211,0.1579861677921685,10.884525420792906,1.7576174481307398,11.979119442100744,6.815544221427343,0.22250420902059664,17.18310798621658
1452,169_0.mat,Inner,2,0.8109898332072778,0.05837889163268376,0.4894134819479543,0.6577045095655683,0.3716177908755198,6.089329556253439,11.740044172309233,0.654936000515311,0.8092811628323687,0.13216198653906203,7.602970785297067,1.6570647583669627,12.442096061604929,7.50851528207701,0.24934936287888027,17.724973515467237
1453,169_0.mat,Inner,2,0.9953198612000845,0.056500376430385676,0.5765914371830569,0.9906616260993555,0.43589531693857825,7.973740055501936,15.01858491701945,0.9884346017283305,0.9942004836693304,0.2315149420925276,20.41836309730087,1.7262133930760457,13.829098979415809,8.011233741362066,0.2355901428980344,20.898977683383198
1454,169_0.mat,Inner,2,1.0654200016752786,0.05527164672069006,0.5824775659352062,1.1351197799697506,0.4302195016637126,7.973740055501936,15.270395523556196,1.1331714377707318,1.0645052549286602,0.23613965839981937,28.904023979302615,1.829117658742526,13.68935135327638,7.4841283652986155,0.19576069654546857,22.509563334835473
1455,169_0.mat,Inner,2,0.8710501857564024,0.053907748600252575,0.5125035758882819,0.758728426106263,0.39150629762412376,7.296655468054261,14.179772101867243,0.7565612100538084,0.8698052713417,0.1604483834336608,13.520571763989688,1.6995982598657589,14.237277184638778,8.376848529926685,0.24381995110251448,23.621469750717893
1456,169_0.mat,Inner,2,0.9178909286431286,0.052200229580218305,0.5634694555044613,0.842523756885345,0.43267894979855615,6.49286267102968,12.626384154920363,0.8406198107010053,0.916853211098159,0.08687389925051461,11.143741693337407,1.6289985547126649,11.523007338889819,7.073675606120953,0.11271712001210213,15.770003705150575
1457,169_0.mat,Inner,2,1.0344447549480522,0.05170189784904951,0.6157341823763387,1.0700759510395357,0.4730668381237,9.226091704895424,17.089768846281963,1.0684462693582624,1.0336567463903394,-0.05994763667073636,25.16616518950783,1.680018398449278,14.983887477667146,8.91888296668856,-0.05428039957590974,22.045079481174298
1458,169_0.mat,Inner,2,1.0220533152226505,0.05150973071088638,0.5720521371124616,1.0445929791576107,0.43148286914413236,9.226091704895424,17.089768846281963,1.042958240706643,1.0212532696185814,0.053399786360537334,29.951798131680647,1.7866436447206824,16.12806089922099,9.027016073888989,0.05013478301241742,27.535252297178467
1459,169_0.mat,Inner,2,0.8715147896759091,0.05265703366712304,0.5198581609780653,0.7595380286238441,0.4016114710359283,7.605165151559547,15.005243957732738,0.757505016421823,0.8703476411307283,0.10319915816768925,14.871384383748065,1.6764472602191296,14.629307996697598,8.726375319894409,0.1565301079655138,25.91674004759882
1460,169_0.mat,Inner,2,1.0000152352737188,0.05169701224384198,0.5819597521418924,1.000030470779551,0.43688383629005123,7.603528435295594,15.012748247331512,0.9983328241031495,0.9991660643272215,0.1436138852676293,20.9511852411238,1.7183580678757635,13.065385376390513,7.603412595215905,0.14397377958377977,21.021218952196516
1461,169_0.mat,Inner,2,1.010475216684455,0.05054482368239779,0.5604053667718008,1.0210601635334964,0.4093748181391784,7.603528435295594,15.012748247331512,1.0195009907687094,1.0097034172313717,0.13031604164672958,22.603348973836756,1.803114810451345,13.567907957559251,7.524705514536584,0.12659495581716587,21.746906429208174
1462,169_0.mat,Inner,2,0.8523753348214826,0.05139817605864762,0.4856362457517067,0.7265437114120347,0.3628568060008046,7.262469259882054,12.822329494443988,0.7246095654386278,0.8512400163518088,-0.006692375912967799,11.342297571358516,1.7551723996637703,14.954545348289784,8.520271485090017,-0.010849862471345511,21.60194776022951
1463,169_0.mat,Inner,2,0.8176015017360986,0.04934785040655115,0.48800235631051064,0.6684722156411236,0.3733823652164099,7.262469259882054,12.822329494443988,0.6666880678676532,0.816509686328125,0.009238882277426877,9.47405101129518,1.6754048236894008,14.882037281078498,8.882651566138287,0.016972093271229345,21.31524623773739
1464,169_0.mat,Inner,2,0.956235101814474,0.04663878231897175,0.5707131794921697,0.9143855699421375,0.4386415837590486,8.758324319904977,16.631173370801132,0.9131020951907757,0.9555637577842598,0.08869196577258051,20.56595599329867,1.6755090580940724,15.346280118645476,9.159174666644985,0.10164950585590746,24.66665295271139
1465,169_0.mat,Inner,2,1.0294977318589054,0.04508027425776737,0.5799580712864727,1.0598655799026306,0.42958085385613576,8.758324319904977,16.631173370801132,1.0588673989697817,1.0290128274077937,0.037139649796380146,24.948747813212858,1.7751244147244665,15.101650883937204,8.50737602314292,0.034085952817401184,22.251823101530107
1466,169_0.mat,Inner,2,0.8925863254659846,0.04531071197005621,0.5168238379920728,0.7967103484088686,0.3899187984030709,7.996222020651381,15.029424446439908,0.7954340788822938,0.8918711111378671,-0.2821228830466866,15.226955329816448,1.7270610599775553,15.47185217249704,8.958485910556503,-0.3976784184165199,24.066042898812963
1467,169_0.mat,Inner,2,0.9494123544091779,0.038871484306522125,0.5685060321786668,0.9013838187047785,0.4337198270809487,7.996222020651381,15.029424446439908,0.9007524674941235,0.9490798003825197,-0.5781657593496967,15.832704123195196,1.6700128066699775,14.065324847994418,8.422285620686948,-0.6763074588367766,19.513904484393127
1468,169_0.mat,Inner,2,0.9972109379309054,0.04466011220991918,0.5947243609108315,0.9944296547290362,0.45065771417463385,7.522648869619885,14.280663106473027,0.9934052514222755,0.996697171372667,0.163580444607495,17.11207526367086,1.6767615444606667,12.64896709138694,7.5436886855863685,0.16521204504085332,17.340027375262398
1469,169_0.mat,Inner,2,0.9749375198823587,0.049982164815996405,0.5471087093300055,0.9505031676743645,0.4077589855515604,7.522648869619885,14.875169604687265,0.9489316419312446,0.9741312241845267,0.5626699415439582,20.41328223947878,1.781981356272859,13.749824744735724,7.716031762240408,0.6086972262969981,22.669554401328856
1470,169_0.mat,Inner,2,0.8912452520702303,0.0417922619530948,0.5197298381056521,0.7943180993377283,0.3974462504132421,7.352520735067381,14.231468319103266,0.7933462583840255,0.8906998699809188,0.05197858536985665,14.38651522754679,1.7148241003768208,14.146812816928541,8.249716582478637,0.07355806376191543,22.857569768666075
1471,169_0.mat,Inner,2,1.1005673604753319,0.043896329262474186,0.6184093826255175,1.2112485149436392,0.4587819308745962,8.43063700742504,16.597820972584344,1.210503759798848,1.1002289578986948,-0.16929535750426455,28.819622917322313,1.7796744218222982,13.632776675570984,7.660264432861438,-0.127114716970975,19.667810206901855
1472,169_0.mat,Inner,2,1.0099136405952986,0.042708312929508045,0.5726809321505034,1.01992556146045,0.427266369626377,8.43063700742504,16.597820972584344,1.0190967731597036,1.0095032308812606,-0.10216348232547398,23.714281003635744,1.7634839644497275,14.721350989899388,8.34787913394972,-0.09930532752219084,22.833848164264197
1473,169_0.mat,Inner,2,0.8057382745791458,0.038438293978120486,0.49168100577638757,0.649214167121779,0.3817841602962342,6.606291728613645,12.81315758493437,0.6483698383480926,0.805214156822949,0.13185277520541494,8.411463659212975,1.6387419182589904,13.43613369438293,8.199054130891389,0.25255447591589275,20.009026791147733
1474,169_0.mat,Inner,2,0.8993599301993258,0.03929978902971622,0.5366169626848474,0.8088482840481362,0.40956282881740114,6.606291728613645,12.81315758493437,0.8080929639154296,0.8989399111817372,0.18612727832071813,11.425355782778375,1.6759811797560333,12.311000560899485,7.345548213541315,0.2562229568983904,17.496334860864593
1475,169_0.mat,Inner,2,1.067148563156872,0.03867361729561686,0.6072708968772138,1.1388060558477764,0.4479106994418336,8.199671649773785,15.947449207356987,1.1384221475515166,1.0669686722446525,-0.24794221406724143,25.089897134951087,1.757285864747912,13.502494013669493,7.683720835934575,-0.2041246583048801,19.359414049479444
1476,169_0.mat,Inner,2,0.9803959254291117,0.03785609269088896,0.5596838961315291,0.9611761705980044,0.41890322756728426,8.199671649773785,15.947449207356987,0.9606812521294658,0.9801434854802973,-0.32780629219096646,21.80879168455022,1.7516957915061415,14.650540611288488,8.36363293347684,-0.34813550082437844,23.630503388012723
1477,169_0.mat,Inner,2,0.8613156800695798,0.03618765851251499,0.5101128562273843,0.7418647007337227,0.3898598649407643,7.2616663535735215,13.982159142432778,0.7412790594365853,0.8609756439276232,0.16326395801872556,12.40285557147668,1.6884806363005236,14.23541137007215,8.430899984287375,0.25581012104513773,22.57138574100502
1478,169_0.mat,Inner,2,0.9956506832963483,0.03264803753965426,0.5622348146666248,0.9913202831484852,0.4137982956067478,7.2616663535735215,13.982159142432778,0.9912223793981756,0.995601516369966,-0.03213585025038909,18.123330135818136,1.7708805241542096,12.915718066776753,7.293387606107679,-0.0325636551398058,18.445728161729868
1479,169_0.mat,Inner,2,0.9842037180633934,0.03876807232962924,0.5696580094847123,0.9686569586498074,0.4273381649199399,7.423394581278054,14.094723486414438,0.9680994047926448,0.9839204260470685,-0.33121947091256587,18.534988422852784,1.7277097867050675,13.031317839241654,7.542538648276438,-0.3477250109146353,19.77663566753291
1480,169_0.mat,Inner,2,0.8842326089441789,0.037979861356146574,0.5381994466566666,0.7818673067202291,0.41732218305676666,7.423394581278054,14.094723486414438,0.7811877154799953,0.8838482423357503,-0.20196016490744148,13.429744167401056,1.642945964429083,13.793017862390826,8.395296108943088,-0.29250453840470464,22.00680165257537
1481,169_0.mat,Inner,2,0.9457673474985271,0.03136475190514115,0.563576395590859,0.8944758755943998,0.42766374465670287,8.05045057140055,15.085289713453028,0.8943655317719498,0.9457090100934588,-0.01952666389852068,16.139987711212427,1.678152873143839,14.28457727181085,8.512083434350725,-0.023086360386635328,20.177766536965883
1482,169_0.mat,Inner,2,1.0740923870240702,0.032419228362434604,0.6108293359666808,1.1536744558630652,0.45361013404216133,8.209677369238822,16.26012794063937,1.1537501586347412,1.0741276267905695,-0.10303624870410462,26.680687290677263,1.7584165065066568,13.440214616138213,7.643362403840594,-0.08314236579575729,20.043495608605916
1483,169_0.mat,Inner,2,0.9717406087137771,0.031259711393179096,0.5736711418312497,0.9442798106234221,0.4407237515551778,8.209677369238822,14.790954799189878,0.9442247355353336,0.9717122699314512,-0.16507540350289973,18.86537187745408,1.693898364157089,14.310772794005139,8.448424708829377,-0.17991580136088353,21.159949354020533
1484,169_0.mat,Inner,2,0.8753593663308276,0.027637035131790222,0.5430570649746014,0.766254020223108,0.42695699342326865,6.581277429951056,12.510484571117026,0.766238494291814,0.8753504979674221,-0.10341381983597007,10.812239545782111,1.611910465376518,12.118942657060805,7.518372091601352,-0.1541816292910118,18.41567858160825
1485,169_0.mat,Inner,2,1.002758974261512,0.029059560514718155,0.5699144132200801,1.0055255604619997,0.42859123793033743,9.26361315288931,18.171220358461298,1.0056631953689186,1.0028276000235128,-0.1915800736806349,27.541597883089526,1.7594904620749146,16.25439353346515,9.238125402669485,-0.1899640855550524,27.232281039468994
1486,169_0.mat,Inner,2,1.090829017524261,0.03093400437934328,0.5899420771421591,1.1899079454729447,0.42781502748849826,9.26361315288931,18.171220358461298,1.1901132528194598,1.090923119573263,-0.14463022941206793,35.626996825330835,1.8490442702556265,15.702580832594762,8.492268727784174,-0.1113978061368363,25.1537437465313
1487,169_0.mat,Inner,2,0.9166848529548516,0.030440558253382016,0.5437208137326623,0.8403111196368579,0.4110909503167166,7.653526128973889,15.13198307095653,0.8402050047500315,0.9166269714284168,0.066741858949153,14.070156759731148,1.6859476955831287,14.07620590504544,8.349135588195969,0.08666034280070875,19.930968732072646
1488,169_0.mat,Inner,2,0.8817428345832247,0.027128932190206345,0.5320729279057577,0.7774704263388599,0.40848807704606716,7.708588489678475,15.362114618652363,0.7774937185866362,0.8817560425574844,0.17355712406595974,13.685704935575803,1.6571841722000644,14.48784195806586,8.742445288272027,0.2531611801203555,22.63984213809578
1489,169_0.mat,Inner,2,1.0594157041045293,0.03032818933360865,0.6083284191492468,1.1223616341032958,0.4585603377654519,8.64826140578958,16.971367832612366,1.1225380636127877,1.059498968198076,0.20664937185929222,29.844309075495104,1.7415193352044787,14.21643496101997,8.163236935487335,0.17375306537053714,23.684235817518925
1490,169_0.mat,Inner,2,1.1333724300284007,0.03155854757837345,0.6469544358561163,1.2845330651484823,0.4769840295227372,8.64826140578958,16.971367832612366,1.284791802718068,1.133486569271144,0.19634969145736691,31.024421303070444,1.751858194660733,13.367651454977578,7.630555655536138,0.1348283089726402,18.794820195073182
1491,169_0.mat,Inner,2,0.9219177381514948,0.02316100649415152,0.5516076581759835,0.8499323159183682,0.4166093371201752,7.323368290274579,13.837076210189753,0.850226182703092,0.9220771023635128,0.07487389441019869,13.208588739720325,1.6713287505803578,13.276407935447617,7.9436244549871295,0.09550557205523727,18.272058138323192
1492,169_0.mat,Inner,2,0.8755790984878639,0.02188342073238054,0.5316365106865604,0.7666387577088204,0.4080713521891098,8.147975432537764,15.306249351639245,0.7669088079886714,0.8757332972935719,0.029276195411948668,13.500979313411694,1.64695065309846,15.326214939602373,9.305813085990877,0.04359122249511914,22.955027661379134
1493,169_0.mat,Inner,2,1.0907281838335132,0.023709822812464875,0.6311910608333401,1.1896879710087545,0.46837824164069863,8.147975432537764,15.306249351639245,1.1902882061372617,1.0910033025327017,0.033683742773943384,23.79959015306943,1.7280475778470847,12.908889143276777,7.470216276884972,0.0259383380788419,16.798295524771223
1494,169_0.mat,Inner,2,1.1659714656737048,0.02227182634637974,0.6646292885393115,1.3594894587652875,0.48433021815493127,8.132997756987098,15.768180066941753,1.360321863836637,1.1663283687866968,0.044659854067570455,29.052404354483347,1.7543185137604504,12.236893403914161,6.975297420576953,0.028148469235814898,15.699966416547555
1495,169_0.mat,Inner,2,0.9357133779551637,0.022130143795361164,0.5446406644326647,0.8755595256842632,0.40791771810404165,8.132997756987098,15.768180066941753,0.8759251781015998,0.9359087445374147,0.036916653197887464,18.17677002714914,1.718038036928714,14.932777311888854,8.691761760157407,0.04503205919365199,23.690961789833796
1496,169_0.mat,Inner,2,1.0305115390989936,0.024221997091721695,0.5961356368702712,1.0619540322161767,0.4441665326285456,7.802809014640901,14.881006274375203,1.062404831791612,1.0307302420088449,0.15042235066635612,20.880400223607747,1.7286528020828944,13.088982661048044,7.571782283442991,0.13736538742624854,18.499446915382073
1497,169_0.mat,Inner,2,1.1421796257125423,0.024573760666664377,0.6653094433654352,1.3045742973928434,0.49645557360036374,7.802809014640901,14.881006274375203,1.3052450810790321,1.142473229917897,0.14983115488821908,25.421712285314733,1.7167644877144175,11.728089977438238,6.831507793501684,0.10047639144521413,14.921781241171724
1498,169_0.mat,Inner,2,1.0386444476295869,0.02176535193986505,0.6002209679880202,1.0787822885917697,0.45419086958755467,8.638255686324541,16.30682129814287,1.079362623108333,1.0389237811833614,-0.030465997678416377,25.70374510282082,1.730436794151761,14.391792601425015,8.316855403242762,-0.0271684174852164,22.062852212258704
1499,169_0.mat,Inner,2,0.9141576655443585,0.018671135308424798,0.5330824078185327,0.8356842374735112,0.4080163151913492,8.638255686324541,16.30682129814287,0.8361521810441066,0.9144135722112323,-0.020514150135740546,21.154430978119386,1.7148524358242063,16.204353322514628,9.44941557884462,-0.026830300650538822,30.257336424471184
1500,169_0.mat,Inner,2,1.0334878370661915,0.019343720291995756,0.5866402518940238,1.068097109363755,0.4416833830473265,9.93316254709132,19.434442440922126,1.0687666472780024,1.0338117078452935,0.05691900372456097,34.92242772029579,1.7617063161413082,16.932289448267873,9.611300869567486,0.05151491068668518,30.573041251735106
1501,169_0.mat,Inner,2,1.175199927792437,0.020385982736270375,0.6457920233941171,1.3810948702833492,0.4754795637963224,9.93316254709132,19.434442440922126,1.3820289196080304,1.1755972608032184,0.009665839952799564,46.8848172029558,1.8197808043742443,15.38136456822397,8.452317186354742,0.005949273069967901,24.546974146315826
1502,169_0.mat,Inner,2,0.9891689269872277,0.01886248817905334,0.5756123248796511,0.9784551661170633,0.4326797345395763,8.102949694945101,15.531378039602561,0.9790554815254355,0.9894723247900548,-0.021887815872174532,19.276284375945796,1.7184637719359546,14.077095546251876,8.191674317567333,-0.022593914017925612,20.109844763196232
1503,169_0.mat,Inner,2,0.88519993257618,0.013392238881680793,0.5494469537165774,0.7835789206328737,0.42265587345521777,6.138493439976313,12.087742923719244,0.7841653550501508,0.8855311146708233,-0.09988892271648395,9.25875004911109,1.6110744205366618,11.172131173797672,6.934584170272857,-0.1438486706899907,15.056951726398827
1504,169_0.mat,Inner,2,1.0389419080131927,0.015790256771047,0.6144929664648231,1.0794002882260934,0.4654129280798188,9.158584002153315,17.653424376145672,1.0802058445372535,1.0393295168219046,0.297729636964119,25.99709998792433,1.6907303495897323,14.904294275047162,8.815299422908833,0.26519313889272916,22.27982929740742
1505,169_0.mat,Inner,2,1.1404713212742883,0.018509096069041477,0.6441491327280247,1.300674834649121,0.47366310687865737,9.158584002153315,17.653424376145672,1.3016033450284574,1.1408783217453373,0.4340995803641782,35.14531268040064,1.7705081996191283,14.218111205632987,8.03052547775781,0.292328650668947,20.744840470667796
1506,169_0.mat,Inner,2,0.9551954325076126,0.014220348964358361,0.5720077134007364,0.9123983142834051,0.43695328194036914,7.876987197026366,15.223702166052696,0.9130877832470643,0.9555562690114404,0.06220031415670639,16.368995913627934,1.6698995662611864,13.770770939751552,8.246466564794154,0.071289206380047,19.633466060539693
1507,169_0.mat,Inner,2,1.1399399608695915,0.01459572629780414,0.6292290678317167,1.2994631143873656,0.46202939416917566,9.196074546500316,18.39051237673668,1.3005201183392707,1.140403489270035,0.017724858579213177,36.14535724223217,1.8116454231778267,14.614827916604026,8.067156922437492,0.011951080354842011,21.370681493542687
1508,169_0.mat,Inner,2,1.0688437105198234,0.01529029650480902,0.6015185784653867,1.1424268775177842,0.4472101193406284,9.196074546500316,18.39051237673668,1.1433095976295142,1.0692565630518778,0.006434975434962256,31.68297156160513,1.776908891567264,15.288097285284763,8.60375979760341,0.005263821086519192,24.238079691851723
1509,169_0.mat,Inner,2,0.9091808246809564,0.01456885546916269,0.5612949381015926,0.8266097719675439,0.43436375830505003,8.07296344019688,15.181177858326292,0.8272053381308808,0.9095082947015276,0.21305236413572728,14.019836652372899,1.6197915978974637,14.382747629057215,8.879381549892356,0.28318246980530926,20.48878932739488
1510,169_0.mat,Inner,2,0.9378557813352182,0.011431482658389187,0.5600092398438183,0.8795734665838926,0.4261928199662967,8.07296344019688,15.181177858326292,0.8803024581574179,0.938244348854507,0.32970693704987064,15.21141211455543,1.6747148343393463,14.415768287026733,8.607894306195837,0.3991905143512174,19.629340268057646
1511,169_0.mat,Inner,2,1.091761372069245,0.012051954519746416,0.6107818966195586,1.1919428935425205,0.4486931499906542,9.63382477309565,18.404687145978812,1.192962646519266,1.0922282941396757,0.14767804732390857,31.77158558940464,1.7874815512868572,15.772937649919504,8.824112136178234,0.11333803350645674,22.324677729676182
1512,169_0.mat,Inner,2,1.0751606641406684,0.011002363667660497,0.6044415574798218,1.155970453715403,0.4451022533177829,9.63382477309565,18.404687145978812,1.156979264271893,1.0756297059266693,0.038606869562981844,31.00112921691324,1.778766947497289,15.93838916908244,8.960358292857197,0.031022459416697946,23.15934979950619
1513,169_0.mat,Inner,2,0.9713433128002997,0.006724202040927047,0.5721092258031935,0.943507831321861,0.4343679994888256,9.343689812256487,18.445543833794375,0.9443848672757226,0.9717946631237088,0.1644150803466428,25.605159348040324,1.6978284372794674,16.332003384707523,9.619348472487868,0.17915053934446132,28.709752209391006
1514,169_0.mat,Inner,2,0.9865849267764089,0.012766067147581436,0.575898857088516,0.973349817742412,0.43720100695236247,9.343689812256487,18.445543833794375,0.9741381520611175,0.9869843727542588,0.31428242194692063,27.11358191837149,1.7131218696324955,16.22453265401104,9.470740489393865,0.3268806870337114,28.57233868991865
1515,169_0.mat,Inner,2,1.0400011294002727,0.013238342317643365,0.5913011494413571,1.081602349153843,0.44197537469034376,8.224716852083263,16.446067560697962,1.0824842089318087,1.0404250136034834,0.08596990403929064,25.167033696750472,1.7588349530202578,13.909522854538352,7.908373000343011,0.07633330869986611,21.477755358919115
1516,169_0.mat,Inner,2,1.0541693622781525,0.015600532435487627,0.6068314326938421,1.1112730443659267,0.4547511654396343,8.224716852083263,16.446067560697962,1.112115718259769,1.0545689727370937,-0.10485733828578982,24.610710537535233,1.7371700038621165,13.553544541288181,7.80208299195978,-0.08940748137116891,19.898676633511602
1517,169_0.mat,Inner,2,1.0238401678621325,0.02411451377715587,0.6171402709371443,1.0482486893279597,0.46669375463778257,7.59018747600888,14.53580895283145,1.0486912921432348,1.0240562934444741,0.16195449975404028,18.095970102469266,1.6590072242502412,12.298966431846482,7.413449593260673,0.1508070088899712,16.454570334593484
1518,169_0.mat,Inner,2,1.1657538480160758,0.023153678086340213,0.6619281820510221,1.358982034164288,0.48641921392681586,8.354791205128736,16.5111047372207,1.3597738455013595,1.1660934119963802,0.32529121446395903,32.91538248683929,1.761148534879056,12.621899824884807,7.166857067930824,0.20515037192983507,17.801866468739643
1519,169_0.mat,Inner,2,0.9967458941164467,0.021300405177614418,0.5869044965113108,0.9935023774379947,0.44800922737942,8.354791205128736,16.5111047372207,0.9940193922399985,0.997005211741643,0.18732233494078954,22.482154236291674,1.6983102021532035,14.235350478275791,8.38206733976703,0.18901543795940445,22.75349991283573
1520,169_0.mat,Inner,2,0.8517445811796882,0.01907338347051202,0.5332581688886335,0.7254688315689625,0.4133738246089806,7.03400533209706,13.426841712123265,0.7258138401902602,0.851947087670508,0.0021803069076640758,9.634525501785287,1.5972461949400922,13.190618995567347,8.25835055193016,0.0035259793359666064,18.288573836416578
1521,169_0.mat,Inner,2,0.9703436259806596,0.0181719893097214,0.5708702420136003,0.9415667524812943,0.4293051581679654,7.179088264340086,14.283998346294705,0.9421566060964628,0.9706475189771325,-0.09448603015352208,18.53950140931567,1.6997621430683063,12.57569187527641,7.398500976473439,-0.10331965706579857,20.885835595248185
1522,169_0.mat,Inner,2,1.114918492927709,0.017488818848200784,0.6110486147935092,1.2430432458721938,0.44737909684863475,8.813386680609565,17.341579452818706,1.2439521841423151,1.1153260438734116,-0.1257245975301444,36.672093203643996,1.8245986750213763,14.423380508887066,7.904960529857421,-0.09061805232788524,23.69890749559008
1523,169_0.mat,Inner,2,0.981455167967438,0.01467308171359015,0.5564174755694011,0.9632542467299919,0.41851527462665034,8.813386680609565,17.341579452818706,0.963980334448378,0.9818250019470771,0.02408838041699607,24.530531514228485,1.763882715871419,15.839521703689634,8.979917746882748,0.02545102864999557,26.397974798103917
1524,169_0.mat,Inner,2,0.879224007950843,0.012626013131632044,0.548710855290591,0.773034856157144,0.4232511959551513,5.951720009962302,11.47322498657493,0.7736309389133265,0.8795629249310856,0.1865423317992063,8.57362807974429,1.6023448405875143,10.84673276018841,6.769287412688907,0.27414268165193156,14.325077518265383
1525,169_0.mat,Inner,2,1.0160406495944991,0.010806125191824417,0.6119461784766509,1.0323386016284117,0.4560487421207621,6.670464191534075,12.191969168146704,1.0332308437826316,1.0164796327436334,-0.0065589942255785405,14.282945655878867,1.6603431565209232,10.900409915343053,6.565154843154834,-0.00624512600443544,13.378981692600867
1526,169_0.mat,Inner,2,1.1292388165125606,0.01134028469451516,0.6346760951273234,1.2751803047186887,0.4627542797708369,9.473733261655072,18.493904811208722,1.2762980875128227,1.1297336356472807,-0.004576355392040127,34.35097017374983,1.7792364092179067,14.926878977125497,8.389486017585284,-0.003173887770881709,21.087969773254034
1527,169_0.mat,Inner,2,0.9990821068879049,0.014089251891289453,0.568078600932258,0.998165056303575,0.4243902698137285,9.473733261655072,18.493904811208722,0.9989420786584086,0.9994708993554583,0.17399353147499902,28.172838022937814,1.7587039984371533,16.676800087331777,9.482437125368842,0.1742700042556657,28.232542042541116
1528,169_0.mat,Inner,2,0.935708982997911,0.011120432460175985,0.5824375757132658,0.8755513008629849,0.45052948102061496,7.604362245251014,14.946877260853359,0.8762833823354456,0.936100092049694,0.0830744929807999,14.666910048489544,1.6065395194505006,13.056098305342834,8.126845401098244,0.10127466972186881,19.100708496236745
1529,169_0.mat,Inner,2,1.0983230636204808,0.007558826263881338,0.6626611133701806,1.206313552080679,0.5051815813207612,7.604362245251014,14.946877260853359,1.2074355525079374,1.0988337237762307,0.02766549652099628,23.629871495907313,1.6574430601985093,11.475491909529833,6.923611546658491,0.02085175099148325,16.20814977211559
1530,169_0.mat,Inner,2,1.1331950241368254,0.007249404600737308,0.6345866464158891,1.28413096272846,0.46872167675439486,8.918446734992447,17.3665937514813,1.2853336174722072,1.1337255476843622,-0.011203111541961713,34.86813479895909,1.7857215094822174,14.05394643166429,7.870178164414297,-0.007688026297459058,21.105565022135394
1531,169_0.mat,Inner,2,0.9619621631470222,0.005040296779395881,0.5455962221868181,0.9253712033264982,0.4088043640608138,8.918446734992447,17.3665937514813,0.9262503400826108,0.9624190044271833,-0.04686038199052056,24.91277235640226,1.763139340095857,16.346239897391236,9.271099297509604,-0.05256700742061546,29.037906246781088
1532,169_0.mat,Inner,2,0.9790900462615847,0.004478452180529101,0.6042610315218842,0.958617318688512,0.45738362534251825,7.137428670215988,14.117236355210768,0.9595343073766264,0.9795582205140368,-0.05953863400771727,13.32741868073312,1.6203097588372375,11.811830149344464,7.289859290737579,-0.06334438231880984,14.475215129325791
1533,169_0.mat,Inner,2,1.1029231016896988,0.005021568626100325,0.6528344422247261,1.2164393682408257,0.4862108955337833,7.494268427488727,14.840149586559637,1.2176032177316753,1.1034505959632608,-0.16325731832805973,23.176273778389533,1.6894376741666284,11.479584934180734,6.794914727962968,-0.12151054752314924,15.632629614852938
1534,169_0.mat,Inner,2,1.0095408619318964,0.001248252870812384,0.5711127428421947,1.0191727519101965,0.42418665964363417,7.494268427488727,14.840149586559637,1.0201674510513845,1.0100333910576345,-0.2323146670273275,21.433622761681242,1.7676735015682832,13.12222240074647,7.423442388592356,-0.2254599648700726,20.594566587080894
1535,169_0.mat,Inner,2,0.8664037055350248,-0.0014119591646916461,0.5160449757182078,0.750655380964822,0.3929800509245175,7.111549657951091,13.92462625550882,0.7513871638633497,0.8668259132394173,-0.2064535526462196,11.665466417358003,1.678930609347615,13.78087180877942,8.20812470273466,-0.3169762353980218,20.662105014522822
1536,169_0.mat,Inner,2,0.9587956508632669,0.0008223909502220641,0.5832008160072603,0.9192891001143156,0.44593613888922523,7.954531522880396,15.252051704536964,0.9201870439475456,0.9592638031050403,-0.36979103783623274,15.908193181091487,1.6440231641405778,13.63943825957838,8.29637839482283,-0.4189307219900049,18.787484176464936
1537,169_0.mat,Inner,2,1.1252600977607607,0.00258935150028137,0.6311817713429729,1.266210287612557,0.4674493560836901,9.15938690846185,17.708455833203374,1.2674413185339957,1.1258069632641272,-0.3920274810541989,34.83212547371271,1.7827829459725189,14.511488329200006,8.139795347476248,-0.27474178816988004,21.68324386054011
1538,169_0.mat,Inner,2,1.0342525463919374,-0.0018907484750302881,0.5666086065975825,1.0696783297182069,0.4182610038096247,9.15938690846185,17.708455833203374,1.0707203801596605,1.0347561935836194,-0.29544806869342516,29.92104393741483,1.8253385747185804,16.165280233646143,8.856044822327155,-0.2666656347478759,26.099044242496696
1539,169_0.mat,Inner,2,0.8824067349840868,-0.0018988911503761883,0.5339700499692633,0.7786416459452764,0.4090912055257968,7.592658002228251,14.094723486414434,0.7793991721617396,0.8828358693221179,-0.3144969754765773,12.642041651015294,1.6525397539304458,14.219258182460017,8.604487818598269,-0.45706352312294124,20.811210235350853
1540,169_0.mat,Inner,2,0.9993525738171423,-0.0017677940773072626,0.5970763869120888,0.9987055667949467,0.45023514056317987,7.763589043089287,14.810132428164529,0.9996786904201602,0.9998393323030257,-0.294554823319714,19.22513076349887,1.6737432524904212,13.002673046956998,7.768618650200295,-0.2946968452883574,19.23749115774847
1541,169_0.mat,Inner,2,1.1408131744657084,-0.006568715461247189,0.6269870869408477,1.3014546990345268,0.4555767757457194,7.763589043089287,15.47718039250028,1.3026837030654908,1.1413516999879971,-0.21111665175199149,33.08912678141058,1.8195162200709207,12.382374700819557,6.805311524140228,-0.14199204676406812,19.498775823919825
1542,169_0.mat,Inner,2,0.955703400283968,-0.0077559175266787485,0.5317144679650477,0.9133689893143385,0.393397310242788,7.713591349410994,15.070281134255474,0.9142016100674895,0.9561389073076618,-0.0681299235618612,18.980942391753928,1.7973996531254701,14.507017984516343,8.071114267366825,-0.07794260719820148,22.710871887198053
1543,169_0.mat,Inner,2,0.9809769731705011,-0.005719434422670314,0.565121663541394,0.962315821890758,0.4163454097744699,7.462583649182779,13.344294526536714,0.9632237581619728,0.9814396355160988,-0.2162034338569106,15.342668451618868,1.7358686393676195,13.205269113918785,7.607297473106047,-0.228702972004517,16.536611677631253
1544,169_0.mat,Inner,2,0.9684995191379642,-0.005712920282393599,0.5779792195266469,0.9379913185704679,0.4349560630207196,7.462583649182779,13.344294526536714,0.9388755517683386,0.9689559080620431,-0.2806740401491033,14.446966459613078,1.6756649485243946,12.911508575137997,7.705304444360822,-0.30852488619430024,16.389307516461724
1545,169_0.mat,Inner,2,0.9624463814551745,-0.00911900137958164,0.5307964570555133,0.9263030371761592,0.400259124899118,10.192477443226844,19.4077605223487,0.9271252767680924,0.9628734479505042,-0.3738986233700927,32.46048053887273,1.8132117663187493,19.20223337538529,10.590176907108008,-0.41883815096981475,37.76400977858392
1546,169_0.mat,Inner,2,0.9614793553725337,-0.010861533903603258,0.5358885240647242,0.9244425508075829,0.40723789299625934,10.192477443226844,19.4077605223487,0.9252281209757339,0.9618877902207377,-0.26604076215130484,32.13565402203552,1.7941779161044562,19.019771809811672,10.60082817822654,-0.2989337479614371,37.53958739968557
1547,169_0.mat,Inner,2,0.9562825098386335,-0.009436565718071565,0.5797027522832889,0.9144762386232761,0.4410803038383548,7.183257314117184,13.850417169476467,0.9152810189708134,0.9567032031778787,-0.17101068882810927,13.131111033881897,1.6496083657882448,12.39127688425133,7.511647698462874,-0.19529520131965744,15.674459045955349
1548,169_0.mat,Inner,2,0.9888462934893141,-0.008891820737431163,0.5876624286893004,0.9778169921475546,0.43892642354225375,7.183257314117184,13.850417169476467,0.9786936832215489,0.9892894840346524,-0.24716154468600346,14.095244056723539,1.6826774100449402,12.223441491956907,7.264280972083702,-0.2552764330432222,14.715635753306449
1549,169_0.mat,Inner,2,1.0085445570532412,-0.010607482432811323,0.5781295270477766,1.0171621235617185,0.4300115137013438,9.023506789375324,17.48249333528463,1.0180437882651343,1.0089815599232397,-0.09591013728479286,23.193837065139128,1.7444958436937794,15.608105739622625,8.947058140625138,-0.09337160521287828,22.37894893273373
1550,169_0.mat,Inner,2,0.9417919487277493,-0.013817325054163297,0.5415300411584446,0.8869720746884115,0.4090175003122106,9.023506789375324,17.48249333528463,0.8876479999667266,0.9421507310227629,-0.06852337394138654,21.602086330525854,1.739131492523153,16.662984698052053,9.58121037406982,-0.08193653047806522,27.416634327070934
1551,169_0.mat,Inner,2,0.9110577494929927,-0.014339270543835188,0.5344561972920386,0.8300262229112365,0.4035523500172442,7.168248734919629,13.954643413903927,0.8306317720714207,0.9113900219288231,-0.07071073136077949,13.6651639498856,1.7046443733039287,13.412228675101934,7.868050887993567,-0.09340551527167414,19.806045318768966
1552,169_0.mat,Inner,2,1.0297969214634675,-0.014371841245218765,0.5889207430696078,1.060481699455635,0.43226334370600783,7.168248734919629,13.954643413903927,1.0613115867312746,1.0301997800093312,-0.0805872095529277,18.14834450148051,1.7486171672170179,12.171839452529188,6.960837215094515,-0.0737058161535896,16.112064933111622
1553,169_0.mat,Inner,2,1.0203750850912074,-0.016067146252234196,0.5925155235541394,1.0411653142748887,0.44233659134408465,7.922846744574449,15.75150386783336,1.0419246656424892,1.0207471115033777,-0.2560632821956067,20.830328800550713,1.7221069229863841,13.371542904119627,7.764641513035857,-0.24076470907600483,19.18772505169286
1554,169_0.mat,Inner,2,1.0745248486877101,-0.013229423894189653,0.5748049638167929,1.1546036504473463,0.4205020245605549,8.51235038305617,16.38936848372942,1.1555571065276173,1.074968421176928,-0.36526926185020514,34.85167629464612,1.8693729461743536,14.809110774754016,7.9219669916839655,-0.29405326629817924,26.100020357982793
1555,169_0.mat,Inner,2,0.9170697061384204,-0.012853232293209279,0.541209340467187,0.8410168459168087,0.4156880728781066,8.51235038305617,16.38936848372942,0.8416735871989244,0.9174277013470459,-0.19346469913902087,20.3089507604693,1.6944824073898757,15.728387791113033,9.28211926102164,-0.2505452562233621,28.668177799897837
1556,169_0.mat,Inner,2,0.8715909148054238,-0.01650685072091254,0.5444404138284062,0.7596707227713556,0.42216464766221806,6.316928770436126,12.392917367402848,0.7601405714274176,0.8718604082233679,-0.0927367430775996,9.393370254167065,1.6008931237763078,11.602608127499256,7.247584460926932,-0.13993004373147752,16.256745805508206
1557,169_0.mat,Inner,2,0.9760451577727549,-0.01677881607746545,0.5613950018956018,0.9526641500116421,0.42003609999216013,6.547091221778848,12.864019992214974,0.9533135916470235,0.9763777914552458,-0.09618500436824691,16.606346135199885,1.7386067821681885,11.662182954355368,6.707774911472333,-0.10333648661144434,18.272691249333587
1558,169_0.mat,Inner,2,1.079244303318035,-0.016799172765830192,0.5877721133717286,1.1647682662444305,0.4313135998791022,9.387850836246844,17.31322991433444,1.1656243590769755,1.0796408472621697,-0.45267898259186345,32.80280842742357,1.8361611222505299,15.971922829713515,8.698541013722362,-0.3597099152220452,24.143142528754954
1559,169_0.mat,Inner,2,0.9420860099981325,-0.01914344899791348,0.5415813400131237,0.8875260502342015,0.41296733691145576,9.387850836246844,17.31322991433444,0.8880267922589814,0.9423517348946631,-0.4061012180602349,24.688817170676288,1.7395097289976131,17.33414750959112,9.964961517956825,-0.48528312406185126,31.307482451878702
1560,169_0.mat,Inner,2,0.8344073949559153,-0.018450507325977777,0.5161259492068095,0.6962357007571168,0.40025137534250654,6.627970787454558,13.108326309152943,0.6965755290766447,0.8346110046462631,-0.0856017334927071,9.17252344587926,1.6166739847834217,12.841770109849517,7.9433269977153,-0.14724150209795758,18.903943193049987
1561,169_0.mat,Inner,2,0.9405953773070027,-0.017618325905627265,0.5469818031625455,0.8847196638113028,0.40734832882318833,6.627970787454558,13.108326309152943,0.8852737835828661,0.9408898891915388,-0.0933213934570784,13.51475038544556,1.719609997749355,12.117351526359315,7.046569595551175,-0.1120378613370648,17.24458797686968
1562,169_0.mat,Inner,2,1.0470219912448402,-0.020689743046099014,0.5721151357818997,1.09625505015031,0.41426128959847996,7.577649423030696,14.830143867094602,1.0968981743063424,1.0473290668678792,-0.26115069530973734,25.28620201385515,1.8300896546148244,13.244972819432947,7.237335496663381,-0.2273221296361019,21.016044335099483
1563,169_0.mat,Inner,2,0.9589570182550826,-0.022249065374837985,0.5469584610181264,0.9195985628606789,0.413783152165692,7.577649423030696,14.830143867094602,0.9200019813855717,0.9591673375306166,-0.23045347650733303,20.997075741503426,1.75325383296621,13.854158886054266,7.901969826354761,-0.2611560673143989,24.80740229175941
1564,169_0.mat,Inner,2,0.8739296364946102,-0.019715879074729926,0.5384564824340784,0.7637530095436016,0.4202083167854607,6.83642327630948,12.993260535305026,0.7641104953114896,0.8741341403420242,0.1827341539769144,11.356256041935348,1.6230274219049443,12.69633387157475,7.822624374798646,0.27358071454106553,19.450145115697516
1565,169_0.mat,Inner,2,1.0408631111899989,-0.02169617771885169,0.5855374312840458,1.083396016236124,0.4303039346105022,7.148237295989556,13.984660572299036,1.083983870106667,1.0411454605897617,0.15248656652943088,20.9453788790334,1.7776201068916733,12.207993740556818,6.867605566125064,0.1351130681078634,17.82553531602824
1566,169_0.mat,Inner,2,0.9707100321377973,-0.022798695960685927,0.5497244674744418,0.9422779664929634,0.4051211364842629,7.148237295989556,13.692827087902145,0.94267877069246,0.9709164591727035,-0.07901761383124496,17.131535111999536,1.765811946838918,13.003309328429873,7.3639264654962,-0.08633329579979576,19.27830412065046
1567,169_0.mat,Inner,2,0.7974632665139982,-0.021707577464335943,0.4959437857085571,0.6359476614391762,0.38424427190424854,6.244418207961501,12.247834435159824,0.6360976316131783,0.7975572904896414,-0.0656714408215255,8.158121039033439,1.6079710836038623,12.590979840643596,7.830352155592435,-0.12944666825722578,20.162416756778317
1568,169_0.mat,Inner,2,0.9426950616332089,-0.02530419716461794,0.550622695103122,0.8886739792276396,0.41629144491623393,8.172186824891822,16.247620791308073,0.8889017449437905,0.9428158595101116,-0.05691969955331173,19.23883572036224,1.712052681473557,14.841718108525246,8.668961106813192,-0.06791754214515125,24.348447147197035
1569,169_0.mat,Inner,2,1.0564058248110677,-0.025744715900830883,0.5809125124049477,1.115993266694752,0.4229888980449678,8.172186824891822,16.247620791308073,1.116420730917975,1.0566081255214608,-0.13521610465284212,26.503483734837985,1.8185282675971015,14.067844383391442,7.73584036830319,-0.11462690912683224,21.264108450559398
1570,169_0.mat,Inner,2,0.8769848112232823,-0.024907648875272845,0.5084750612724636,0.7691023591163362,0.38392025843658456,7.063188680536748,13.534403196372404,0.7692331724137776,0.8770593893310633,-0.07664836340117612,11.838742260960364,1.7247351502881871,13.890924488699921,8.053946419752064,-0.11360982202138348,20.007349409298918
1571,169_0.mat,Inner,2,0.7691277619390103,-0.027071157714677253,0.4893322345463994,0.5915575141853109,0.38314819647410703,5.534815032252458,10.589386433830061,0.5914022078238759,0.7690267926567161,-0.04265777282452964,5.648302424201349,1.5717905088562247,11.3109553008945,7.196223184418296,-0.09379372082677341,16.149238887083463
1572,169_0.mat,Inner,2,0.9719022466241468,-0.026549212225005357,0.5617607287360031,0.9445939769930639,0.42161766628158853,8.204674509506305,16.37852895430897,0.9448117840811872,0.9720142921177585,-0.1673830040283978,21.89130940135865,1.7301000175096928,14.605283156679057,8.44187215123371,-0.18226085610332018,24.523425664239937
1573,169_0.mat,Inner,2,1.1147394600747538,-0.02854009634707678,0.605484693975599,1.2426440638477534,0.4377281062365838,8.204674509506305,16.37852895430897,1.2430434363540677,1.114918578351831,-0.11054136305367446,31.85223690288483,1.8410695945979383,13.55058945523634,7.360172312325557,-0.07976187569797645,20.61423998916136
1574,169_0.mat,Inner,2,0.9010725333844674,-0.02843912717278768,0.512418709839194,0.811931710419902,0.383235483533261,7.1699472584773565,13.669480409150395,0.8119158130016864,0.9010637119547575,0.017201607949050034,13.851543193092283,1.7584692285445263,13.992360389638035,7.957125528550701,0.023512702311273646,21.01242425219099
1575,169_0.mat,Inner,2,0.7711584316095157,-0.029227338146270362,0.48877524537339745,0.5946853266424481,0.38039630704097677,6.232713964938737,11.650826507079325,0.5944115693955695,0.7709809137686675,-0.08449353658215554,6.199979598025331,1.5777362681672131,12.751697275840012,8.082274289502493,-0.18437099852603683,17.547520273221686
1576,169_0.mat,Inner,2,1.0259855808506906,-0.029169525151314497,0.5931863587105531,1.0526464121135288,0.44933959562846437,8.932590600587693,17.468318566042498,1.0528236990595887,1.0260719755746128,-0.3643204942366882,29.123542461616864,1.7296176248543729,15.058658159283997,8.706351012430968,-0.33724857548041504,26.274405297050574
1577,169_0.mat,Inner,2,1.13183160943333,-0.025713773734516485,0.6148998280433166,1.281042792112442,0.447712691669992,8.932590600587693,17.468318566042498,1.281633188863772,1.1320923941374097,-0.15624488638023298,38.30119546748085,1.8406764123403816,14.526903721859409,7.892155092798696,-0.10768623537762745,23.317653207562106
1578,169_0.mat,Inner,2,0.9019995757101876,-0.02980872516596728,0.5391097356775005,0.8136032345813585,0.4132709034644769,7.287514462191533,13.694494707812986,0.8135091169823914,0.9019474025587032,0.07670973473768465,14.320423656721099,1.6731279663776977,13.517682912959785,8.079288126544453,0.10454586115811736,21.63869260770168
1579,169_0.mat,Inner,2,1.0038300789091916,-0.02914265432267303,0.5891854398023175,1.007674827322834,0.4498408178782013,7.705222346209909,14.610851848819223,1.0078097222037028,1.0038972667577608,-0.07809939880208107,21.10423000725006,1.7037591411700386,13.077754176651199,7.675823337128017,-0.07719334763243112,20.778415390949657
1580,169_0.mat,Inner,2,1.0221655023472502,-0.029585615861489743,0.5981917819630458,1.0448223141888062,0.4548574034353949,7.705222346209909,14.610851848819223,1.0449674815791323,1.0222365096097539,-0.0917904630769737,21.814718865338055,1.7087588515361574,12.880856237963213,7.538135779879559,-0.08592972009306132,19.97763475570557
1581,169_0.mat,Inner,2,0.9405402047375913,-0.03260980548495531,0.5432731163359168,0.88461587672783,0.41064387885228176,8.810051440787886,16.757912484024924,0.8844161649751718,0.9404340301026818,0.028088900917564004,21.391213466833147,1.7312474636685409,16.21661587120434,9.36701206009211,0.03377145238335921,27.34778002799787
1582,169_0.mat,Inner,2,0.9120394045966289,-0.03239646739089286,0.5290217455868453,0.8318158755369733,0.40227351447377113,8.810051440787886,16.757912484024924,0.831578432750797,0.9119092239640945,0.056965121052913986,20.543089935071954,1.7240111813989367,16.653476939777242,9.659726757830908,0.07511976121277267,29.70703671406627
1583,169_0.mat,Inner,2,0.9638445265230011,-0.03252919299903094,0.5810636945522973,0.9289962713083482,0.4439270768886979,7.576815613075277,14.636699957437234,0.928845198300145,0.963766153327738,0.18001565096939526,15.938746489961876,1.658758816903839,13.039561211787777,7.861035057594014,0.20109221359121687,18.474278334296606
1584,169_0.mat,Inner,2,1.0478806022468323,-0.03226374178275475,0.6100268587848781,1.098053756565184,0.4544165150765844,7.576815613075277,14.636699957437234,1.0980851563168255,1.0478955846442075,0.20523494890520178,20.054698444510308,1.717761418460171,12.420462318913684,7.230609667572887,0.17835992713072274,16.63198536845075
1585,169_0.mat,Inner,2,1.004588025325486,-0.033891462584399235,0.5616784273563242,1.0091971006273592,0.42234768746748436,9.003464446798366,17.694281063961235,1.0090338540143102,1.0045067715124225,-0.18705201927728662,28.342101567988824,1.7885465711261774,16.029571385106113,8.962344981040646,-0.18454564233927429,27.836881144627892
1586,169_0.mat,Inner,2,0.9102213997269343,-0.032609805484955304,0.5263621365634773,0.8285029965208595,0.4043561422256181,9.003464446798366,17.694281063961235,0.8282484334679013,0.9100815531961415,-0.2157364830077279,24.012295725056607,1.7292683810197198,17.105076184930862,9.891510405588692,-0.2862085871202476,35.00357780932391
1587,169_0.mat,Inner,2,0.9725228446198293,-0.03271810306705571,0.5967497141592877,0.9458006833074446,0.45578332045441533,7.838631939077059,15.570567107507287,0.9456536989795478,0.9724472731102431,0.175902300646095,16.41271253449175,1.629699724260963,13.135543684519627,8.06010057494661,0.19128165961209737,18.353382325938224
1588,169_0.mat,Inner,2,1.1069332576084896,-0.034698401711177475,0.6313563861727698,1.225301236799743,0.4693824760468981,8.329746002819258,16.061681171249486,1.2252938337279324,1.1069299136476223,0.029848975865400917,29.519899977192125,1.7532621540693907,13.19341371249968,7.525066164158809,0.02200741650976113,19.662303061954688
1589,169_0.mat,Inner,2,1.0448039339653503,-0.03338661671295373,0.5721809405554881,1.0916152604294722,0.42869247571619434,9.298633171016936,17.304058004824824,1.09156657723952,1.0447806359420717,-0.36959041050281327,33.436813769356874,1.826002685355443,16.251210957801796,8.899883383590335,-0.3240748659840493,28.062375225002597
1590,169_0.mat,Inner,2,1.1352882699774407,-0.03643604862999156,0.6271415865170209,1.2888794559483703,0.45981559950595313,9.298633171016936,17.32990611344283,1.2888104742873994,1.135257888890185,-0.23178775608700047,35.34814885560103,1.8102583122907259,14.827007761746861,8.190548089775929,-0.15841886800344393,21.28082994247195
1591,169_0.mat,Inner,2,0.9797476673341339,-0.038266522047748844,0.5912730412596663,0.9599054916466766,0.4460581930851669,8.031272942425895,14.781782889680258,0.9593780575713927,0.9794784620252722,-0.1026793386841023,16.359216021473124,1.6570139325905884,13.583018981048486,8.197287128297603,-0.10926935788701775,17.773907870331957
1592,169_0.mat,Inner,2,0.9021651178636697,-0.0371558611305687,0.5395466653708058,0.8139018998899691,0.41453607517460855,8.609072337884852,16.830453950146435,0.8133155953847327,0.9018401163092784,-0.1474084785435477,18.423650212938348,1.6720798695734331,15.956121852689561,9.542679236215234,-0.2009711944463601,27.852070102419948
1593,169_0.mat,Inner,2,1.0172691851570026,-0.039167101941004874,0.5659812880484619,1.0348365950699923,0.42346413479456335,8.609072337884852,16.830453950146435,1.0343126040979747,1.0170116047017235,-0.2356302416259139,26.922525957267364,1.79735480065571,15.210878026646869,8.462924527245644,-0.2240027257743908,25.16588283520854
1594,169_0.mat,Inner,2,1.1286763799056765,-0.03650770417303544,0.612913286873002,1.2739103705569832,0.44069946369519425,8.35309268157101,16.228443162333424,1.2738215244254443,1.1286370206693754,-0.34259144597222,29.862045947950296,1.8414943909311943,13.628506446929377,7.400786292933389,-0.23829429244247727,18.403583379487365
1595,169_0.mat,Inner,2,1.0215334616436196,-0.036541903409488194,0.5806142490525465,1.0435306132575966,0.4289579136627014,8.35309268157101,16.228443162333424,1.043214066289419,1.0213785127411967,-0.1997253055285949,21.39548391681559,1.7594012949368898,14.386647753111989,8.177013279744095,-0.18744460397230278,19.659625703348105
1596,169_0.mat,Inner,2,0.9275282100901225,-0.04000905457177045,0.5417374071909635,0.8603085805129865,0.4122336115861879,9.151882618863072,17.811848267675416,0.8595472576840918,0.9271177151171753,-0.08475801280432482,21.437099082706325,1.7121361710978449,16.893577030799577,9.866958782810466,-0.1063594608773978,29.015262042616534
1597,169_0.mat,Inner,2,0.9829666300457561,-0.039953684379418375,0.5525805558336699,0.9662233957835105,0.4147408687439326,9.151882618863072,17.811848267675416,0.9655700383786244,0.9826342342797876,-0.07592412358600317,24.930452080601746,1.7788657593298598,16.562078636732345,9.31047132131815,-0.08002102604930282,26.740073189945626
1598,169_0.mat,Inner,2,1.0713822757118414,-0.03852953046142127,0.5984343733296682,1.1478599807094843,0.43970837168108806,7.4809583718489,14.775946219992322,1.147496057610667,1.0712124241300915,-0.2636398909967211,24.29292437830796,1.7903087179784094,12.50088348069414,6.982529524180772,-0.21447877485707056,18.44919384452703
1599,169_0.mat,Inner,2,1.0293457141157765,-0.040281019928323364,0.5863900895354143,1.059552599168518,0.4320749902885014,7.4809583718489,14.775946219992322,1.058964183312318,1.0290598540961153,-0.30380162910795344,21.394961642943912,1.7553941181535864,12.757648032154098,7.2676830235484955,-0.2787842221716769,19.07870835469105
1600,169_0.mat,Inner,2,0.9636585121727291,-0.04141040899879906,0.5647153434669165,0.9286377280829579,0.42408379123414175,7.997920544209108,15.831549623553649,0.9278289891066845,0.9632388017032353,-0.11644597041811676,17.943626948568134,1.7064500253435702,14.16274701355533,8.299538107299192,-0.13029344233496945,20.843678056617655
1601,169_0.mat,Inner,2,1.1283739345063188,-0.04200156722891107,0.6388673704131623,1.2732277360732702,0.46662761602849534,7.997920544209108,15.831549623553649,1.2727064818472646,1.1281429350251964,-0.13711372502500851,26.243349711339476,1.7662099940631202,12.51890598047643,7.088005402837698,-0.09549673989305933,16.201780937717817
1602,169_0.mat,Inner,2,1.0635859261766072,-0.040971518797655294,0.614042886624159,1.1312150223609514,0.4568665272871939,6.8372261826180125,13.59860656293972,1.1306404981198102,1.0633158035691044,-0.37594850583328443,20.574611433603295,1.7321036516230677,11.134769788143123,6.428466205067356,-0.3127098470812222,16.09468819427043
1603,169_0.mat,Inner,2,0.8411323559340553,-0.04250722736789117,0.5065535106082029,0.7075036401991743,0.38934173933222227,6.8372261826180125,13.59860656293972,0.7063866064910702,0.8404680877291357,-0.3909646538027366,11.355138887041935,1.660500496625665,13.497539824361839,8.12859728243045,-0.6585273417438446,22.756608507132675
1604,169_0.mat,Inner,2,0.9855614443945446,-0.042253990164633826,0.5539595936392125,0.971331360677061,0.4101178154023855,8.573249413448693,16.79209869219713,0.9704937087546839,0.9851363909402007,-0.3043260195654771,23.53964701693854,1.7791215383023953,15.476308221528653,8.69884821712639,-0.3183097921917201,24.992776032918165
1605,169_0.mat,Inner,2,1.1458659764027344,-0.04141448033647201,0.6077082473571643,1.3130088358773917,0.43263322542352106,8.573249413448693,16.79209869219713,1.3125754886965317,1.1456768692334378,-0.38801635004417245,36.77737195728953,1.8855527819213496,14.107508744069893,7.481895431048207,-0.2580260721036705,21.34676712576797
1606,169_0.mat,Inner,2,0.9860424052984357,-0.04415204778776204,0.5508961375233135,0.9722796250467245,0.40778365843190434,8.016233459581454,15.50803136085081,0.9712787361136075,0.9855347462741268,-0.27972153152239015,19.67548228990277,1.7898880353920024,14.55126096110569,8.129704581160615,-0.2922200938845786,20.85631726822279
1607,169_0.mat,Inner,2,0.8439008882760769,-0.04129478300888735,0.5117195250663482,0.7121687092331517,0.3932539130183832,5.2230010125723805,10.432630162211158,0.7111579403054802,0.843301808551055,-0.15352525422227797,8.117763164806862,1.6491473296138344,10.206765145193499,6.189116619175212,-0.2559945562201509,16.051079647545162
1608,169_0.mat,Inner,2,0.9697817356205345,-0.039680904755330884,0.5524302784918829,0.9404766147431762,0.41755601107067,9.228593134761685,17.458312846577467,0.9398198333469774,0.9694430531738197,-0.3248082440095509,24.85178916270261,1.7554825891626586,16.70544409683471,9.516154816884715,-0.3565004930475872,28.136394772104538
1609,169_0.mat,Inner,2,1.1061999956149637,-0.04110587294086258,0.5854341400245234,1.223678430298546,0.4307813595198663,9.472065641744232,17.92858166143417,1.2231832524032404,1.1059761536322745,-0.5877559578111344,44.50538716432603,1.8895379001414851,16.179558030782548,8.562706273082124,-0.4344699568551776,29.746065581592358
1610,169_0.mat,Inner,2,0.9331219253593135,-0.04240381539099831,0.5266911006474515,0.8707165275862723,0.399208308417182,9.472065641744232,17.92858166143417,0.8697678266697905,0.9326134390355901,-0.3349583087081205,24.41901090910397,1.7716682970539517,17.984100414991662,10.150941033870478,-0.41293885275964054,32.279098071769305
1611,169_0.mat,Inner,2,0.8612378436859177,-0.04248849921459562,0.5279316520387113,0.7417306233967693,0.4070366136978093,6.839727612484271,12.487971702320694,0.7406486405192677,0.8606094587670227,-0.37949425985719476,10.089785223904396,1.6313434520518861,12.95570664509008,7.9417406731730775,-0.5953698888914077,18.39320713595202
1612,169_0.mat,Inner,2,1.0080526699361692,-0.04333533745056873,0.5910960434112338,1.0161701853654392,0.44073662536030134,7.018193846590972,14.026351070070021,1.0152837219031554,1.0076128829581108,-0.6052010800270287,17.443390067421205,1.7053957325056013,11.87318698003269,6.962130110749478,-0.5915869151652102,16.922169709580164
1613,169_0.mat,Inner,2,1.1155976682790365,-0.042115564683753604,0.6329466204884805,1.2445581574696232,0.464094574313616,8.305596417758974,15.925770148516076,1.2439992797276007,1.1153471565963669,-0.3880711143544663,27.107403178009022,1.7625462119006252,13.12211195840805,7.444974701824232,-0.2796926954662064,17.516513068616838
1614,169_0.mat,Inner,2,0.9142442301239373,-0.04214080697732588,0.519192360024703,0.8358425123149108,0.3916524473749202,8.305596417758974,15.925770148516076,0.8348819791349595,0.9137187636986337,-0.16445325905915312,17.732249912055597,1.7608969247518915,15.997146832722652,9.084658282857264,-0.21557820632299865,25.439798645760153
1615,169_0.mat,Inner,2,0.9212714259419941,-0.04645642491065044,0.5100315786464867,0.8487410402571951,0.3788910662229945,8.002058690339318,15.347939849410228,0.8474103900507501,0.9205489612458156,-0.2968921957835415,18.108669709764253,1.8063027163632543,15.689339690611625,8.685886118902015,-0.38059064136744336,25.21732283946094
1616,169_0.mat,Inner,2,0.9924061569337357,-0.04696778492237268,0.5747465768396092,0.9848699803199865,0.4313270636581838,8.002058690339318,15.347939849410228,0.9836245783767933,0.9917784925964029,-0.36970381912054506,19.68664348505899,1.726684763202954,13.922760069884642,8.063290049565426,-0.3789744040688888,20.347587849181267
1617,169_0.mat,Inner,2,1.0306969923557294,-0.0459076085923371,0.6019285462173052,1.0623362900511466,0.4564252671845612,8.595762282245026,16.55029380512542,1.0612651732952754,1.030177253338121,-0.22238918903668886,24.506360793657294,1.7123244923857128,14.28036988152336,8.339756830560333,-0.20341257721400652,21.758602484348472
1618,169_0.mat,Inner,2,0.9559693561314914,-0.047350490663629764,0.5422760901467499,0.9138774098624582,0.41172390040911394,8.595762282245026,16.55029380512542,0.912526480037033,0.955262518911442,-0.13446094556927501,22.741365496890253,1.7628831023529463,15.851265505552721,8.991671361747821,-0.15425098545481256,27.31024439068235
1619,169_0.mat,Inner,2,0.8883927013541748,-0.047218579323026255,0.5172584136966503,0.789241591819368,0.3934247964045645,7.615170871024582,14.845986256247576,0.7877813152767831,0.8875704565141762,-0.11635739217713954,14.390322818625773,1.7175026598474266,14.722178836274724,8.571852131842398,-0.16641231618457117,23.187780720296534
1620,169_0.mat,Inner,2,1.0140444493233265,-0.04848069400164004,0.5882797334438299,1.0282861452034484,0.43991624921038663,7.615170871024582,14.845986256247576,1.0269386372755325,1.013379808993416,-0.26409567165522585,18.907520492224812,1.7237453403082867,12.94481254085009,7.509701252345188,-0.2537724909258695,17.928567550540635
1621,169_0.mat,Inner,2,1.00252720572594,-0.05037305175202613,0.5895728506474434,1.0050607982206612,0.44483932347669675,8.83253340593733,15.767346256986333,1.0035033376059797,1.0017501373126831,-0.6759581573890672,20.45654903182707,1.700429734210637,14.981241751927422,8.81026804607541,-0.6724214851474972,20.313966346375516
1622,169_0.mat,Inner,2,0.8800765351722587,-0.0516685513995581,0.5192632013002123,0.7745347077608079,0.3948286789085688,8.83253340593733,15.767346256986333,0.7726195798655416,0.8789878155387262,-0.5405069719689054,15.974187499422992,1.6948563521676305,17.009742619550245,10.036096922182443,-0.795889427065555,26.760076947004393
1623,169_0.mat,Inner,2,0.9589322449119606,-0.04999686015104578,0.5660144623366988,0.9195510503318924,0.4279006617278295,7.854505231876922,15.059441604835019,0.9179477977031236,0.9580959230176922,-0.18282169685590677,16.89532066381319,1.6941832916273383,13.876863144869118,8.190886554857535,-0.20787428056061905,20.050742996314618
1624,169_0.mat,Inner,2,1.1052284622979776,-0.047797523540119416,0.6440950283439124,1.2215299538735522,0.47889417989301747,7.854505231876922,15.059441604835019,1.2204371838042927,1.1047339878017208,-0.3241726905183167,23.98754856298621,1.7159400611086981,12.194637260374629,7.1066802021537,-0.24043809527840587,16.104787724419918
1625,169_0.mat,Inner,2,0.9860914713262069,-0.05275559855823513,0.5739498308593258,0.9723763898222835,0.4331288369594795,6.920638081806869,13.809560481660903,0.9705410306182589,0.9851604085722583,-0.4327714379975729,18.60988271870111,1.7180795573161833,12.057914663783652,7.018251635917911,-0.45262416848750797,19.756765061959506
1626,169_0.mat,Inner,2,1.0996003901287295,-0.05181430528824963,0.5870039868978094,1.209121017971254,0.42870683444894714,8.969309142273048,17.63257912726018,1.2076156078557967,1.0989156509285856,-0.4041824858631555,35.759135780872555,1.8732417746223655,15.279809579588461,8.156880647536747,-0.30456810030573234,24.520514553327015
1627,169_0.mat,Inner,2,0.9835883567153648,-0.0513884433676593,0.5578733244131273,0.9674460554660318,0.419823057863944,8.969309142273048,17.63257912726018,0.9657483970232486,0.9827249854477338,-0.21692661613030717,25.800644356230944,1.763103402996225,16.077680630620797,9.118966365377084,-0.2285687471130089,27.663209159628423
1628,169_0.mat,Inner,2,0.8898114500670442,-0.05567881900741158,0.548114297831729,0.7917644166704159,0.4163509944878883,7.144068246212457,13.54774415565912,0.7894352186150344,0.8885016705752637,-0.13623304976828654,11.333333349993982,1.6234049240922972,13.033902371203334,8.02874389362617,-0.19422616401380574,18.185475792242695
1629,169_0.mat,Inner,2,1.0001054161211673,-0.05500541975630603,0.5868955384189958,1.000210843354893,0.4385423534342149,7.360889738268464,14.50495798448092,0.9981600127898156,0.999079582811007,0.011066105048775393,18.326089508347202,1.7040603491612663,12.542078200296089,7.360113863606252,0.011096717684142688,18.393715638420815
1630,169_0.mat,Inner,2,1.1653827860815875,-0.05351693870307635,0.6353351080274556,1.3581170380952834,0.4666493949577442,9.617148573987258,18.783236865739354,1.3565777583342575,1.164722180751383,-0.17892285105274985,41.15434415681419,1.8342804786877793,15.137127560651853,8.25235166405291,-0.11323971595137682,22.362806212849843
1631,169_0.mat,Inner,2,1.052019520197561,-0.055836786909121944,0.5850809887745356,1.1067450708767066,0.43436733363448643,9.617148573987258,18.783236865739354,1.1047061386929393,1.0510500172175155,-0.28964806866254506,33.3762838408036,1.798075036413745,16.43729459423069,9.1416065855623,-0.24945975187148425,27.349188557062337
1632,169_0.mat,Inner,2,0.9073196648975752,-0.05778532911939473,0.5644366527146882,0.8232289743098481,0.43021879529458423,7.261635449926635,14.203952590574417,0.8206912863827694,0.9059201324525079,-0.106265304200754,11.661761933805613,1.6074782892502912,12.865279770526145,8.00339255375709,-0.14292946109726457,17.314283594523285
1633,169_0.mat,Inner,2,0.9784765917715341,-0.05576024576087054,0.5854848352923493,0.9574164406448374,0.43628969923563526,7.261635449926635,14.203952590574417,0.9552400872852643,0.9773638459065612,-0.054816072346671296,14.337704833594259,1.671224484031737,12.402772902372938,7.421368595820985,-0.05871365343552057,15.712835223363832
1634,169_0.mat,Inner,2,1.0867399053684694,-0.05617470793597661,0.6172291456663506,1.18100362192027,0.4495734217193544,7.564308463743981,14.777613839903161,1.1789993907010594,1.085817383679714,-0.0184356203734968,23.03342312158498,1.7606749664964088,12.25526778319164,6.9605509343767675,-0.014400825422023786,16.5703363631303
1635,169_0.mat,Inner,2,1.041761767564039,-0.05703538872003776,0.5834667181895246,1.0852675803581509,0.4234778429697524,7.564308463743981,14.777613839903161,1.0830722325187743,1.0407075634003888,-0.11207128786344861,21.58761088088611,1.7854690509079958,12.964421496401343,7.261073211992038,-0.09942789159624288,18.403047112173823
1636,169_0.mat,Inner,2,1.0007942343045642,-0.0557635028310089,0.5926468910918576,1.0015890994172587,0.4427423544521637,7.907035259068363,14.94520964094252,0.9994555619915324,0.9997277439340835,-0.03251715868252017,17.286145514349343,1.6886855382959511,13.341899498515154,7.900760204274092,-0.032543732131767804,17.304983366223503
1637,169_0.mat,Inner,2,1.1723302761301866,-0.056658382851522804,0.6608409828461971,1.3743582763314794,0.48344532752787467,8.823361496427713,17.348249932462068,1.3724884247113869,1.1715325111627874,-0.07464899451271632,35.84132924410586,1.7739975373186845,13.351716563359533,7.52634447482303,-0.046425963623025986,19.0268426732574
1638,169_0.mat,Inner,2,1.0015039332807032,-0.060912930719753164,0.5735776496626158,1.0030101283767192,0.42955727070819727,8.823361496427713,17.348249932462068,1.000276575841445,1.00013827836027,-0.16914082186859158,23.959704332007504,1.7460651297484342,15.383028787126419,8.81011167626226,-0.16907067572185858,23.946456477446993
1639,169_0.mat,Inner,2,0.8169805709878157,-0.060132862421616376,0.5139682899874258,0.6674572533715775,0.39695504226179756,5.683233204317162,10.551031175880755,0.6644902084477479,0.8151626883314446,-0.0704829817110513,6.178426695159448,1.5895544275819302,11.057556108072628,6.956387221593993,-0.1301221976324791,13.992674340772725
1640,169_0.mat,Inner,2,1.049575044220649,-0.05920785450232265,0.6096356180368205,1.1016077734507776,0.4523210462712402,7.850336182099824,15.690635741087721,1.0991756171045879,1.0484157653834607,-0.1813051251859194,22.10936571596439,1.7216432458438404,12.87709567785261,7.479537766564875,-0.1573292426840277,18.299621693042898
1641,169_0.mat,Inner,2,1.206722589994601,-0.06118163900616769,0.673299969675581,1.4561794092032778,0.49711296625981777,9.28946126150732,18.13870177019993,1.4538559974993546,1.2057595106402248,-0.22573708423575567,44.15283987719285,1.792251068382268,13.796913233145553,7.698091788885118,-0.12877181665653872,20.88891379196252
1642,169_0.mat,Inner,2,0.9695230731717688,-0.06284274477673035,0.5556919016879619,0.9399749894124309,0.423420259450013,9.28946126150732,18.13870177019993,0.9369407600523461,0.96795700320435,-0.09045910328069331,26.341029093468265,1.7447133388574037,16.716927551531825,9.581475179448297,-0.0997433796080869,30.00602541414284
1643,169_0.mat,Inner,2,0.822219253789642,-0.06291684312237801,0.5274980391995124,0.6760445013023958,0.410085833779071,5.844158525713162,10.765320334423615,0.6727429476887622,0.8202090877872313,-0.12422647483702765,5.890123847859643,1.5587152798441024,11.079014690880552,7.107786030027988,-0.22513365950613737,13.014458981272515
1644,169_0.mat,Inner,2,1.0290968024576614,-0.060456126632848425,0.6193182543666806,1.0590402288285832,0.47122376939406657,7.895331016045599,14.925198202012448,1.0564169427517922,1.0278214547049465,-0.5700030824081256,20.2247653436553,1.6616606973879071,12.748422899477868,7.672097510343544,-0.5249575274795468,18.122277481887295
1645,169_0.mat,Inner,2,1.20112518092457,-0.05989916763918917,0.6836746428718143,1.4427017002510811,0.5090668527458851,9.465426065747762,18.700689680152802,1.4405205483151773,1.2002168755334084,-0.3016019650222096,43.57160724370007,1.7568666520633534,13.84492779485554,7.880465929832424,-0.1744435757486989,20.997358580125756
1646,169_0.mat,Inner,2,1.005831183943438,-0.060419484593791886,0.5841489838454825,1.0116963705930582,0.44489331688419864,9.465426065747762,18.700689680152802,1.0090312385433686,1.0045054696433309,0.12879612304085275,28.354099117639187,1.7218744049168384,16.203787608120408,9.410551409460606,0.1270708317633741,27.848809199533235
1647,169_0.mat,Inner,2,0.8420465788155858,-0.062288228585674885,0.5334501236219633,0.7090424408950324,0.41724148013611784,6.396974526156417,12.331215430701793,0.7058519259961719,0.840149942567499,-0.21717905013606054,8.099951129203319,1.5784916743420516,11.991701272296881,7.596936662514253,-0.36622460835498993,16.257553447181568
1648,169_0.mat,Inner,2,1.084541898661749,-0.06440695271067687,0.6441302525285812,1.1762311299528316,0.4813544854612874,6.698813730018343,13.163357766210643,1.173228605455371,1.0831567778744549,-0.2406874394295292,19.466093307855196,1.6837307274462197,10.399781261183202,6.176629725673159,-0.1893997762804955,14.142087308660738
1649,169_0.mat,Inner,2,1.1849987688437789,-0.06225484361675672,0.6681880886314558,1.4042220821612714,0.48970341880073315,8.579086083136632,16.349345605869278,1.4017152791848535,1.1839405724886927,0.04597625812144206,33.8588231290275,1.773450902528136,12.839328071074988,7.239742612981898,0.027704091401462634,17.232657008806477
1650,169_0.mat,Inner,2,0.960724793703051,-0.0635723284877226,0.5551529169387489,0.9229921292357698,0.4222688409671761,8.579086083136632,16.349345605869278,0.9198489783042942,0.959087575930527,0.05647699260701782,22.195325806754163,1.730558850341624,15.453554905967874,8.929806058257512,0.06401721357899323,26.231822430409885
1651,169_0.mat,Inner,2,0.9150340072421064,-0.06398679066282867,0.5518197275882193,0.8372872344095472,0.4243944226984135,7.6168384909354225,14.544147052385648,0.8340073853674915,0.913240048052806,-0.15937727241371136,14.681295356050189,1.658211842551718,13.803128286499902,8.324104274423737,-0.2092529288256037,21.106906335687036
1652,169_0.mat,Inner,2,1.0663186388738628,-0.06350474428235166,0.6294083256825449,1.1370354396098072,0.4729909747280301,7.6168384909354225,14.544147052385648,1.1341101164740592,1.0649460627064917,-0.1483406897443597,20.371378664165164,1.694160365158545,12.101585219203203,7.14311671319223,-0.12282236548046091,15.838351340354652
1653,169_0.mat,Inner,2,1.0811281829518002,-0.06504778126039884,0.614887915249007,1.168838147972661,0.45700472311852874,9.023506789375324,16.889654456981233,1.1657453573262744,1.0796968821508537,0.006260052595216725,27.06544695492849,1.7582524491674631,14.675043313717525,8.346380134805226,0.004973618162082904,19.916261243664994
1654,169_0.mat,Inner,2,0.9394879477605395,-0.06589136242623361,0.5462840356693703,0.8826376039873101,0.4173612323273726,9.023506789375324,16.889654456981233,0.8791544816434046,0.9376323808633129,0.016050951644260195,21.36133267101087,1.7197792474525646,16.51797636425923,9.604707341775999,0.019471660773518397,27.637449045644935
1655,169_0.mat,Inner,2,0.9456695611567166,-0.06677484270126324,0.5632609107534263,0.894290918898337,0.4316956212997615,8.635754256458283,16.505268067532757,0.890701865320911,0.9437700277720791,-0.2251946996577166,20.104033885469775,1.678919206181192,15.331712340719038,9.13189406867039,-0.2678919242146618,25.340692792562116
1656,169_0.mat,Inner,2,1.0680100820244618,-0.064303540733784,0.6021900764179043,1.1406455353058975,0.4435538456670027,8.635754256458283,16.505268067532757,1.1376215484984515,1.0665934316779058,-0.2129561186511706,26.759475168366592,1.7735431450077848,14.340578821579504,8.085835894058912,-0.1755065818856466,20.676735484733715
1657,209_0.mat,Inner,2,1.0117345837926321,0.012016539589311443,0.7107662131408325,1.0236068680420507,0.5622044945869895,4.589254417614654,8.5140471355765,1.0244629228914852,1.0121575583334272,0.3232821498723724,6.439586590315009,1.4234421460755926,6.4567706409799115,4.536026039958662,0.3117721786754244,6.135719497563104
1658,209_0.mat,Inner,2,0.8991953033311971,0.008213058320766523,0.6136066633991746,0.8085521935328835,0.4807606967994378,4.967364403019877,8.788544159745937,0.8092750468688611,0.8995971581040377,0.24331025270551637,5.226881912178853,1.465426236326203,8.09535603067648,5.524233038820425,0.3342074951274111,7.98087280428621
1659,209_0.mat,Inner,2,0.9719050651116181,0.012304991017658501,0.6472522808769825,0.9445994555896187,0.5029794007160596,6.504547738368717,11.757751407099834,0.945371256903744,0.9723020399565888,0.33709254714246883,8.982966100744752,1.5015861570904807,10.049478280007683,6.692575202923767,0.3667292581279006,10.051131918866052
1660,209_0.mat,Inner,2,1.0853066718886528,0.011439636732617307,0.7479825060708751,1.177890572046024,0.5849831506726388,6.504547738368717,11.757751407099834,1.1789109870182097,1.0857766745598332,0.4699137115396445,10.324834136651951,1.450978683429748,8.696122817802483,5.99328089179024,0.3671103211195152,7.428840830271855
1661,209_0.mat,Inner,2,1.027683995409461,0.010282810585424369,0.7236861365460188,1.056134394420753,0.5680502481726916,4.496466691134844,8.456828037580618,1.0570609443056407,1.0281346917139023,0.39433997066055565,6.42809768371599,1.420068650634834,6.213282891654099,4.3753398040795,0.36284467944429966,5.752841566848266
1662,209_0.mat,Inner,2,0.8686124288916406,0.010286586127680223,0.6070951174571364,0.7544875516250353,0.47466479831905733,4.430742051544979,7.942629386671674,0.7551191588244126,0.868975925342246,0.23804435337006297,3.3745433364157797,1.4307682666407504,7.298266653990198,5.100942496521212,0.36277274409767196,5.918123600590974
1663,209_0.mat,Inner,2,0.9933889218103304,0.01191762038220813,0.6841916814187954,0.9868215499754908,0.5304166385583704,5.062471822661681,9.123353206127248,0.9876440164096912,0.9938028055956026,0.35110415974192677,5.844968018790356,1.4519161059498804,7.3992010720684736,5.096162954415524,0.35771349081498294,5.992130531248512
1664,209_0.mat,Inner,2,1.064026045499011,0.011210838871912722,0.7362465882657085,1.1321514255002632,0.5737157675637686,5.238768502973319,9.306608965924871,1.133132317120489,1.0644868797314926,0.42541694108892547,8.0379803278896,1.445203363188371,7.1155080192718705,4.92353408558857,0.35269056493169504,6.26016366087281
1665,209_0.mat,Inner,2,0.9439957742131501,0.010424015865793232,0.6458958425254222,0.8911280217322847,0.4999824569118433,5.238768502973319,9.306608965924871,0.89189034829377,0.9443994643654612,0.30845070472137837,5.694623538683074,1.4615294170662405,8.110856515938966,5.549567748154855,0.36620019443323165,7.158830678947654
1666,209_0.mat,Inner,2,0.9133105327967248,0.00951713061593766,0.6354476660084214,0.8341361293174374,0.49383379491301266,4.620956890828588,7.907060758187748,0.8348608473385056,0.9137072000036476,0.2525840660530019,3.973596082861846,1.437271047877582,7.271970829396478,5.059568158787471,0.3311195389468131,5.701058930354538
1667,209_0.mat,Inner,2,1.0294658506065781,0.01170921044968512,0.7196271516934734,1.0597999375651252,0.5665883381540174,5.21402510924537,9.359961908650764,1.0606986705011814,1.0299022625963987,0.3957467028724304,6.856053084902442,1.4305544866984823,7.245453561567462,5.064786856376164,0.36226741197021106,6.09382702617066
1668,209_0.mat,Inner,2,1.0313862923101365,0.009825969972466334,0.7037542716118494,1.0637576839652503,0.5512845777749572,5.571257856192635,10.067468323059307,1.0647008812336802,1.0318434383343629,0.40483170077340136,8.92149115770376,1.4655488910162162,7.916481762056722,5.4017179573993825,0.3684962670884551,7.870135729489453
1669,209_0.mat,Inner,2,0.901176137115466,0.010816672260401795,0.6005803008622819,0.8121184301063531,0.46375364795508955,5.571257856192635,10.067468323059307,0.8127951749956459,0.9015515376259118,0.2723717875243187,6.222842069806071,1.5005089840943897,9.276457866141193,6.182207480570048,0.3716981895476567,9.4194716951277
1670,209_0.mat,Inner,2,0.9469316706805432,0.011581597121437325,0.6365657536626702,0.8966795889378447,0.4914231277575448,5.3145451462651625,9.50687580891046,0.8974218440655567,0.9473235160522284,0.31448310500075083,6.1531083310465124,1.487563013295332,8.348776407901303,5.612385044044498,0.3699153593127853,7.640139500812327
1671,209_0.mat,Inner,2,1.0463842336724656,0.00951864083284,0.711101999536838,1.0949199644783132,0.5488816115446679,5.3145451462651625,9.50687580891046,1.0958995743831172,1.0468522218456229,0.4484219965126429,8.019911194114766,1.4714966831095055,7.473674873251955,5.0789614132542615,0.39086858856913576,6.677717506598345
1672,209_0.mat,Inner,2,1.022468609518093,0.010435342492560782,0.6911668773040986,1.0454420574498624,0.5345617769320825,5.79317516869018,10.532180186512353,1.0463549921239212,1.0229149486266789,0.42970123713708686,8.42801342545022,1.4793368187792213,8.381731473125736,5.665870927240432,0.40146531327800766,7.697808758418994
1673,209_0.mat,Inner,2,0.9465698128094221,0.010031359471184656,0.6539755207586067,0.8959944105220643,0.5135457857048036,5.79317516869018,10.532180186512353,0.8967695338471217,0.9469791623088238,0.3040677893935802,6.148578039975061,1.447408630387206,8.858397577269074,6.120177392399508,0.358054510142636,7.645625099337664
1674,209_0.mat,Inner,2,0.9791838853299428,0.01114061378595385,0.6744684090149181,0.9588010812898425,0.5192658642574614,4.9449407024539225,8.779265387097956,0.9596140911502037,0.9795989440328137,0.33566037256005316,5.741568990149764,1.4517861359268396,7.33161203156843,5.050063401301422,0.3570714666343689,6.23501287232357
1675,209_0.mat,Inner,2,0.9893987770591885,0.010741916523735916,0.6735217532361624,0.9789099400462178,0.5186591593517383,4.955765937209901,8.951695912139602,0.9797513396932841,0.9898238932725781,0.39676562683856115,6.7956174022057745,1.468993053756348,7.357989424084515,5.008866042805332,0.40912897863888403,7.079412002513439
1676,209_0.mat,Inner,2,0.9382094500909127,0.01044893444468184,0.6243687148128503,0.880236972239893,0.48540132916424367,5.358619316343073,9.782919295187892,0.8809881319815019,0.9386096803152533,0.2851646472040198,7.0647482869077685,1.5026528841545674,8.582459673593183,5.71153841588156,0.3448582314560091,9.102413842301699
1677,209_0.mat,Inner,2,0.9868238640615388,0.008656306981603497,0.6545312761272526,0.9738213386813463,0.5030377051767858,5.358619316343073,9.782919295187892,0.9746982608011001,0.9872680795007505,0.29366804706324345,7.874714258036498,1.5076802286651538,8.186956852605887,5.43016794738101,0.30517672522903827,8.288852695109684
1678,209_0.mat,Inner,2,1.0708670620544634,0.011950845154059623,0.7354373711278968,1.146756264593158,0.5682085622262495,4.89777360816002,9.063814414969372,1.1477342761473115,1.0713236094417558,0.4348997037160877,7.939038173806947,1.4560955209696265,6.659674637749147,4.573652306346079,0.3536935045780156,6.026777896776729
1679,209_0.mat,Inner,2,1.0052095554462424,0.011601229941167766,0.6790516759973411,1.0104462503604323,0.529866219515308,5.173817094437452,9.85251009004775,1.011299258756664,1.00563375975385,0.4217584257965107,7.673656349529388,1.4803137831423276,7.619180214570433,5.147003494346503,0.4147097388054841,7.50313859057734
1680,209_0.mat,Inner,2,0.8865955103733625,0.007060762824280609,0.5966716093000124,0.7860515990142032,0.4663365760294751,5.173817094437452,9.85251009004775,0.7867700747937082,0.8870006058587041,0.29337923202569605,5.4201806914274515,1.4859019543631204,8.671130004825375,5.835600376831169,0.42039507347187083,8.75624891607305
1681,209_0.mat,Inner,2,0.8935432989604544,0.010972979709794047,0.6144574204046316,0.798419627117132,0.47246869045266876,4.143873330511569,7.490289220082605,0.79907957197793,0.8939125080106721,0.24809515642657115,3.8557420831130873,1.4541988904138963,6.743955224392942,4.637574178361476,0.3473227597178782,6.038483986188978
1682,209_0.mat,Inner,2,0.9840767993581948,0.011149675087367913,0.6872778185615596,0.9684071470350688,0.5316132747257718,4.528942395402778,8.201661789761143,0.9692293448125584,0.9844944615448877,0.3443562189479356,5.361934350213319,1.4318471697753754,6.589682182490705,4.602224540149618,0.36088439135928246,5.707795217073451
1683,209_0.mat,Inner,2,0.9720164738772357,0.008716715657697126,0.6664101329402092,0.9448160254887348,0.5159539257584942,4.815811116436188,8.88365157938774,0.9456635439114787,0.9724523350331772,0.38580024599983553,6.07529228325709,1.458585975557168,7.2264974351178415,4.954454215391687,0.4195246944797481,6.793504741140643
1684,209_0.mat,Inner,2,0.8840505794488192,0.009209046367860158,0.6000512022513613,0.7815454270237928,0.46516094948634923,4.815811116436188,8.88365157938774,0.78222451161341,0.8844345716973133,0.24428782241470431,4.651920825554956,1.473291905974746,8.025666973684055,5.447438447959917,0.3531056665315164,7.602728346642246
1685,209_0.mat,Inner,2,0.9841854068991557,0.011638985363726269,0.6783997627335536,0.9686209151532565,0.5273548108184051,4.491827304810854,7.991342943073574,0.9694321602669702,0.9845974610301259,0.39397154139718876,5.811398787231359,1.4507455057649405,6.621210017386798,4.564005189793008,0.41275155398948954,6.183663272352602
1686,209_0.mat,Inner,2,1.0239756299629044,0.0088216757324098,0.7184653033603807,1.0485260907579268,0.5666914735910182,4.781788950060258,8.472292658660585,1.0494731449132784,1.024437965380666,0.3932901641766371,6.45225585304758,1.4252262776952154,6.655560021741324,4.669826908115789,0.3658104354994746,5.858263750226989
1687,209_0.mat,Inner,2,0.9104870000580788,0.008294610033492912,0.6112627978639109,0.82898657727476,0.4732721032819821,4.869164059162079,8.913034359439681,0.829728058025818,0.9108940981397442,0.2795716616833547,5.614503896341008,1.4895180980068354,7.965745790795148,5.347867744235924,0.36990438797696457,8.15529799364301
1688,209_0.mat,Inner,2,0.9220312828161944,0.01039003598549056,0.6135256076730564,0.8501416864916771,0.4670303032412921,4.869164059162079,8.913034359439681,0.8508646561596783,0.9224232521785638,0.38007233904725546,5.561772224930477,1.5028407474493481,7.936366466628215,5.280909823671849,0.4842565878897785,7.682317127434287
1689,209_0.mat,Inner,2,0.9973123834908368,0.00897269742264386,0.6707849855386937,0.9946319902641739,0.5187604417440831,6.679297956572357,12.275042982224768,0.995523672051123,0.9977593257149356,0.4061024151669419,9.295869632128836,1.4867839993294258,9.957435095537198,6.697297724496798,0.4088445240393437,9.379654506388237
1690,209_0.mat,Inner,2,1.0009673364807772,0.009083698364965904,0.6776650377591493,1.0019356087014213,0.5254958843812194,6.679297956572357,12.275042982224768,1.0028324236641701,1.0014152104218161,0.2893748871827346,9.137685454745597,1.477082748416861,9.856341384600702,6.672843072031607,0.2881497773245152,9.086140958683544
1691,209_0.mat,Inner,2,0.9416553077279587,0.008034097617839157,0.635166524348405,0.8867147185722366,0.4830994237876665,5.103453068523597,8.94241713949162,0.8875168875582097,0.942081147013467,0.2852369056394215,5.3476120299771,1.4825329604586563,8.0348268885093,5.419661554111421,0.34114638858303625,6.78901300475988
1692,209_0.mat,Inner,2,0.9468020610099899,0.008173037572854492,0.6487990021068222,0.8964341427327646,0.5013891533857232,5.103453068523597,8.94241713949162,0.897243558602295,0.9472294118123101,0.3618149154990712,5.33998154209025,1.4593149156117897,7.866000181787375,5.390200632932884,0.42571695048716207,6.633138378628572
1693,209_0.mat,Inner,2,1.0080516695457309,0.007613502210537284,0.6974576947136295,1.0161681684739352,0.5470160312385047,5.065564746877675,9.22000708787705,1.017103468163654,1.008515477404117,0.3750280616489676,6.992422213464808,1.4453230313247651,7.262898933175141,5.025104267874879,0.36560831343765804,6.75923231509011
1694,209_0.mat,Inner,2,0.9789991652716223,0.007775850527538907,0.6627088504344152,0.9584393656025334,0.5114199809168863,5.065564746877675,9.22000708787705,0.9593157335221245,0.9794466465929241,0.25395767816202064,6.8933193667872406,1.477268886070251,7.6437258134541,5.1742278508144235,0.2702831656490857,7.490404394805665
1695,209_0.mat,Inner,2,0.9521420104497791,0.007744135972589751,0.6592814087231376,0.9065744080633472,0.5101713421765502,5.135155541737531,9.22000708787705,0.9074005697903211,0.9525757554075797,0.26656202822586383,5.474369183772244,1.4442118310182517,7.789019186321739,5.393266430189715,0.3083895922524791,6.648688512912811
1696,209_0.mat,Inner,2,1.0260826849957339,0.009908276793643884,0.7181023464143796,1.0528456764480543,0.5646524960597297,5.135155541737531,9.006595316973488,1.0537765811916049,1.026536205494772,0.5255182793257366,7.134394495886447,1.4288808414534908,7.151007885395696,5.004621573702783,0.4858083921495796,6.42480623728658
1697,209_0.mat,Inner,2,0.9885600696247053,0.006599391560615529,0.699104559537139,0.9772510112564022,0.5584376686371363,4.6650310609064976,8.486984048686555,0.978162696295533,0.9890210798034251,0.3317130130601308,5.923491573671027,1.4140375086064294,6.672866021626914,4.719016278568485,0.34288292987011787,6.190925563889458
1698,209_0.mat,Inner,2,0.9028629147084095,0.0066779228395372515,0.6211728367256546,0.8151614427557647,0.48416766627950547,4.453938983164932,8.531831449818464,0.8159136387651704,0.9032793802391209,0.1321012958278515,4.462225174351492,1.453480998084454,7.170208869137778,4.9331287292915915,0.17924241575985014,6.702905496279868
1699,209_0.mat,Inner,2,0.9877350489302729,0.00933590458765679,0.641256978896533,0.9756205268852886,0.481358896174883,5.875137660414011,10.67986731782605,0.9764869683258244,0.9881735517234937,0.41707278028625777,8.438406613133328,1.5403107980647863,9.1619083358979,5.948090701824237,0.43222727554126467,8.849679546714405
1700,209_0.mat,Inner,2,0.9831803517346998,0.0050046025117438196,0.6532080669989591,0.966643604037168,0.5016404790291115,5.875137660414011,10.67986731782605,0.9675634441668115,0.9836480285990571,0.43684730318553766,8.169642782071922,1.5051564752563924,8.994282154838084,5.975645922990715,0.4589976704134954,8.72658179760725
1701,209_0.mat,Inner,2,0.9228556296560876,0.007423969989293533,0.6320927058056249,0.851662513187934,0.49571891368394744,5.304493142563184,9.944524585473562,0.8524398586570019,0.9232766966933595,0.20064645530594613,5.934934994321603,1.4600004416732113,8.39195436655771,5.747912210856009,0.2549387600150511,8.167487334288184
1702,209_0.mat,Inner,2,0.9044205747156422,0.008374651529316962,0.610348625102802,0.8179765759689726,0.4714268617732468,5.304493142563184,9.944524585473562,0.8187059587185462,0.9048237169297377,0.19210602158834023,5.467677069933383,1.4818098010163083,8.690923390973559,5.865073496614226,0.25932778532404777,8.157309754425684
1703,209_0.mat,Inner,2,1.03860905520957,0.008835267684530853,0.6893724849536904,1.0787087695633155,0.5258065817147148,6.380830769728972,11.55052548462826,1.0796850875765946,1.0390789611846611,0.49922677948228544,10.248202848831287,1.506600680875497,9.255998620467652,6.143630981953366,0.4449920161860728,8.7913082305106
1704,209_0.mat,Inner,2,1.0544205273021563,0.007087946728522731,0.7072612454780962,1.1118026483961574,0.547861502059308,6.380830769728972,11.55052548462826,1.1128391664057744,1.0549119235300046,0.5279683325115987,11.149623172275707,1.4908501406547388,9.021886623247143,6.051504693339889,0.4497376756059496,9.00316864079901
1705,209_0.mat,Inner,2,0.8866654210698581,0.006304899264659106,0.5996320948038841,0.7861755689209888,0.4669289971251446,4.792614184816236,8.95710852951759,0.7869042783756026,0.8870762528529341,0.189959658864489,4.987453920575541,1.478682393340491,7.992591167715459,5.405211561118534,0.27213131554388514,8.054435037833967
1706,209_0.mat,Inner,2,0.9256214690848226,0.007670135344375047,0.6366822549718383,0.8567751040307452,0.49466560456479003,4.498013153242841,8.268932891459004,0.8575537278669142,0.926041968739492,0.2108812915720256,4.575684547592347,1.4538201149085126,7.064769149934503,4.8594520583940675,0.2655498399668357,6.222048581218705
1707,209_0.mat,Inner,2,1.06682373108884,0.007827953010669648,0.7559151438609382,1.1381128732143138,0.5937918843014225,5.398054100096991,9.668481099196129,1.1391640612695602,1.0673162892364945,0.40621381268398127,7.261788719572484,1.4113009108912453,7.141084742023508,5.059930654694451,0.33409907557487667,5.595914348922395
1708,209_0.mat,Inner,2,1.0068305576058436,0.007735829779626866,0.6920095649813581,1.013707771728894,0.537570330411383,5.398054100096991,9.668481099196129,1.0146387868568043,1.0072928009555138,0.36987545997565097,6.928995771635961,1.4549373427107348,7.800548393048017,5.361432526370413,0.3618997873977714,6.730500733778754
1709,209_0.mat,Inner,2,0.8962587325943224,0.006332083168901232,0.6073823044361776,0.8032797157515812,0.46703391052700766,4.347233097713152,8.220992566111104,0.8040248009439952,0.8966743003699812,0.1554212525012068,4.351052041426073,1.4756088974716315,7.157325898293096,4.850422026153924,0.21557889261332,6.7306248924814955
1710,209_0.mat,Inner,2,1.0611617639946591,0.006883312338255571,0.7163900195689683,1.1260642893642565,0.548722987803606,6.154274070907437,11.382734345910604,1.1271176101666887,1.0616579534702733,0.3989405894135978,9.706000315848526,1.4812626293030282,8.590675334368422,5.7995625923557235,0.33339138408217595,7.640149038161603
1711,209_0.mat,Inner,2,1.0717823282749512,0.004757682048211115,0.755936554922245,1.1487173592024753,0.5980906056201899,6.154274070907437,11.382734345910604,1.149817592406588,1.0722954781246576,0.37712602815463997,9.109437797340545,1.4178204788413442,8.141257398952376,5.742093248362366,0.3058743669198083,6.8902293212800485
1712,209_0.mat,Inner,2,0.922917356907767,0.004998561644134445,0.6610327509889979,0.8517764476816185,0.5234529427044246,4.395173423061053,7.805767490113956,0.8525840636878034,0.9233547875479952,0.18428032007147738,3.858076085999177,1.396174933126319,6.648949566384731,4.762261095383786,0.2340847610129475,5.307577775696683
1713,209_0.mat,Inner,2,0.8854977411531565,0.00678137269734758,0.6144717674652037,0.7841062495873425,0.47833536503673807,4.395173423061053,8.168412854439211,0.7848266948909116,0.8859044502038081,0.18593599664153102,3.8220573969155276,1.441071482917007,7.152767068834923,4.963506081147525,0.2674255059262287,6.205112667552262
1714,209_0.mat,Inner,2,1.0362968677831934,0.007848340938851256,0.7043800152016888,1.0739111981772576,0.5443753390574837,6.596562233794528,11.987401030137363,1.0748993080773095,1.0367735085722964,0.3949216620574347,9.6012969606453,1.471218440922112,9.36506160228912,6.3655140132762105,0.3543719032758862,8.309872026728145
1715,209_0.mat,Inner,2,1.0628677685774788,0.006639412308527574,0.7333265972392793,1.1296878934808692,0.5743948673985403,6.596562233794528,11.987401030137363,1.1307480578352964,1.063366379868809,0.341099252066989,9.83325491228615,1.4493784523530968,8.995394764923713,6.2063809147369575,0.2836821380213256,7.690695150002532
1716,209_0.mat,Inner,2,0.9136377081785834,0.0062006942983976136,0.6343034398401329,0.8347338618058142,0.49548982163338096,3.949792335957968,7.893142599215777,0.8355113422411894,0.91406309532832,0.11917328456572629,3.992224616643618,1.440379557782963,6.226976062036223,4.323149428483968,0.15604518928506056,5.718870580002007
1717,209_0.mat,Inner,2,0.9442578518640706,0.005135991382247461,0.6469074687908871,0.8916228908069492,0.5007090655918125,4.665804291960496,8.602968706786317,0.892468063242481,0.9447052785088484,0.3258136569681659,5.095560638686296,1.4596490184716702,7.212475534830323,4.941239601815051,0.3864383850975201,6.3974456694583655
1718,209_0.mat,Inner,2,1.0485080039260233,0.006438553460516257,0.7218796713632231,1.0993690342969338,0.5650560421389598,5.799361017122167,10.836833221787728,1.1004021908407626,1.049000567607455,0.4154089111300771,8.996772803545326,1.4524692210053947,8.033694876269912,5.53106032133428,0.35987248184797055,7.429915260465141
1719,209_0.mat,Inner,2,0.9942192495614262,0.006495941702805189,0.6862883718200989,0.9884719161984854,0.5375547814768556,5.799361017122167,10.836833221787728,0.9893959258987647,0.9946838321289658,0.16688546298103746,7.527412038749034,1.4486902159266053,8.450326794454183,5.833080600355073,0.1695755878811254,7.689630184150663
1720,209_0.mat,Inner,2,0.9145273471309149,0.001509960599727558,0.6146600485913881,0.8363602686503089,0.4723925878942351,5.630023416296515,10.294025021880842,0.8371755429104196,0.9149729738688568,0.14485983697635976,5.896088227835819,1.4878587753104218,9.159572725101686,6.156211111622908,0.18911378786038016,8.412612958829511
1721,209_0.mat,Inner,2,1.01982614532222,0.007896667879726147,0.6778193301022002,1.0400453666827776,0.5151167662219053,5.630023416296515,10.294025021880842,1.040999610501305,1.0202938843790572,0.45271987669346303,8.443553548588088,1.5045692856929118,8.306082707082616,5.520571758348239,0.42623951806744675,7.791554772122301
1722,209_0.mat,Inner,2,1.074925409349712,0.004260065578889868,0.747162932022435,1.1554646356656462,0.5903700080431763,6.320518747517096,11.710584312805931,1.1565759562141502,1.0754422142607896,0.3989759100927215,10.323987032190896,1.4386760414340212,8.459358028375599,5.879960314022982,0.3207638626564324,7.717899715017671
1723,209_0.mat,Inner,2,0.9316757837365109,0.003466446596709862,0.6366417337859025,0.8680197660010419,0.49779093755587445,6.320518747517096,11.710584312805931,0.868856242173031,0.9321245851135088,0.2033324209127385,7.313554485229355,1.463422415295763,9.927905149920171,6.784032447598563,0.2510641730105896,9.687966982169863
1724,209_0.mat,Inner,2,0.8849346386048356,0.008399570108205585,0.5917890736033296,0.7831093146026709,0.4496524051438357,5.667911737942436,10.321861339824785,0.7838041956094428,0.8853271686836697,0.2542168643894809,5.311246684426853,1.4953548114957311,9.57758767565892,6.404893074218352,0.3663472888094168,8.645324623230673
1725,209_0.mat,Inner,2,1.0278205424390532,0.005617750574094128,0.6947934352331353,1.0564150674597095,0.5301800245062884,5.667911737942436,10.321861339824785,1.057416141288674,1.0283074157510845,0.4219562359744238,8.025282213863175,1.4793181546004284,8.157693280496286,5.5144954823405,0.38805966662793373,7.177421354158777
1726,209_0.mat,Inner,2,1.0955436503033076,0.007741115538785074,0.7483273359626326,1.2002158897198958,0.5784501753443145,5.412745490122961,10.150977276891137,1.2013291378362791,1.0960516127611324,0.3834798755004669,9.376184457524737,1.4639898847107586,7.233125438552751,4.940693589542936,0.29123902026015336,6.496839244771409
1727,209_0.mat,Inner,2,0.9640356535227801,0.005488627028943994,0.6553760011679312,0.9293647412630938,0.5058421797718599,5.412745490122961,10.150977276891137,0.9302430567215108,0.964491086906204,0.20905541456351778,6.4866726483074375,1.470965753709813,8.258992517987792,5.61467355521353,0.23300581766462314,7.4959918790511555
1728,209_0.mat,Inner,2,0.9693549550844811,0.004624782960805143,0.6605215692760487,0.9396490289468363,0.507355873322871,4.86375144178409,9.059948259699379,0.9405461424216104,0.9698175820336578,0.35326372987527277,6.145492793253684,1.4675598802102034,7.3635013117096895,5.017513364188856,0.38728340702055236,6.94698723134044
1729,209_0.mat,Inner,2,1.060726235651837,0.002886523306211065,0.7384819862086776,1.1251401470001166,0.5792009930601486,4.86375144178409,9.059948259699379,1.1262316505795884,1.0612406186061616,0.4308736867820411,7.860538252512367,1.436360338450645,6.586147709232169,4.585303236881507,0.3605025827536065,6.197218791717704
1730,209_0.mat,Inner,2,1.0500256848420821,0.0029635443682304407,0.7152903269936368,1.1025539388280836,0.5594690987818074,7.065140252517565,13.313492287744637,1.103622912983822,1.0505345843825524,0.3278549844515103,12.030537935245054,1.4679713190780437,9.877304341864166,6.728540410488523,0.2827813268366777,9.877422476368208
1731,209_0.mat,Inner,2,0.9819952114338355,0.004519067777641301,0.6575967706714076,0.9643145952789832,0.5092763861529586,7.065140252517565,13.313492287744637,0.9652367873555562,0.982464649417757,0.28341526944144774,10.954881341809703,1.493309053859439,10.743879178867163,7.19467892536297,0.29886320299685676,11.758175737271323
1732,209_0.mat,Inner,2,0.9855016721787576,0.005690240985406467,0.6774171208709847,0.9712135458671275,0.5276189335364956,5.937769375787882,10.933487103537527,0.9721305132289807,0.9859667911390224,0.3230125053826791,7.278356052846069,1.4547929802987565,8.765307508237566,6.0251235927936815,0.33700199655300994,7.701656542567029
1733,209_0.mat,Inner,2,1.0297820904713098,0.0038870420040117387,0.7157172312932221,1.0604511538554608,0.5599668834582167,5.937769375787882,10.933487103537527,1.0614726391340743,1.0302779426611415,0.36504765888778246,7.6907667465368466,1.4388113705313037,8.296250413100564,5.766044516335026,0.3338000223224961,6.825775992704075
1734,209_0.mat,Inner,2,1.0184135037110846,0.0016443699040358858,0.6800066335176442,1.0371660645410872,0.5256502696965254,7.106894729433479,13.553967145538142,1.0381772055159675,1.0189098122581641,0.3212194335174503,11.680180571938543,1.4976523073626193,10.451213825164288,6.978397972463125,0.30366488776497047,10.83693774669733
1735,209_0.mat,Inner,2,0.966929660165146,0.006022488703921415,0.6422861961668938,0.9349529677070847,0.4977917465874164,7.106894729433479,13.553967145538142,0.9358305944017412,0.9673833750906314,0.3054366100926135,11.228827580189517,1.5054498538722922,11.064996837602495,7.349960418229712,0.33738458219100653,12.82153242326128
1736,209_0.mat,Inner,2,1.0439801684334051,0.0047652331327228264,0.7294080937185601,1.0898945920822412,0.5770423775907556,5.95323399686785,11.142259488117098,1.09093725304661,1.0444794172441167,0.3352450299935922,9.149634255103145,1.431270337445406,8.161732846299792,5.70243973675818,0.29421356328015225,7.687837406658498
1737,209_0.mat,Inner,2,1.1230078027419375,0.0029197480780625545,0.7849737544253914,1.2611465250192744,0.6207116518975061,5.95323399686785,11.142259488117098,1.2623707840592426,1.123552750901907,0.32725211442543134,10.68407035767801,1.430631019711684,7.583991137663058,5.301151053739006,0.2307289337341757,6.7044455762906425
1738,209_0.mat,Inner,2,1.0467136671700707,0.003563100478459666,0.7027827106084517,1.0956095010406175,0.5424384167762925,6.703268119246309,12.796973943673699,1.0966677699747136,1.0472190649404325,0.31717188959551657,11.340638340517053,1.489384487365039,9.538180177246037,6.404108716152603,0.2761735416293477,9.429471244433183
1739,209_0.mat,Inner,2,1.023645930781723,0.003137219311999605,0.6710115180740448,1.04785099160598,0.5152291840559537,6.703268119246309,12.796973943673699,1.048865432109513,1.0241413145213472,0.48342950612448626,12.940019384574033,1.5255266164704495,9.98979591062195,6.548424526164732,0.45004246566855816,11.762384774630876
1740,209_0.mat,Inner,2,1.0136718450227435,0.0010878549755233514,0.7082413762477153,1.0275306093918128,0.5613978824944775,5.786216089204194,10.682960242042043,1.028533853554727,1.014166580771979,0.2319503045098198,7.6492248392008495,1.4312519418051752,8.169836277924873,5.708174807862658,0.22236532255808367,7.230698366805682
1741,209_0.mat,Inner,2,0.97329889863008,0.0004784824554288948,0.6685405396485571,0.9473107460745267,0.5280083366150962,6.295002122735148,11.316236475266741,0.9482365293647742,0.9737743729246392,0.13319745451938766,7.755033377765743,1.4558562135069244,9.416036499499238,6.467696749260589,0.14425168755679502,8.624825313836087
1742,209_0.mat,Inner,2,1.0317379431363038,0.0035638555869108362,0.6659331368124195,1.064483183307131,0.5098536000579579,7.021066082439655,13.383083082604493,1.0655110203462936,1.032235932501041,0.43556854267598377,14.859375788076198,1.5493116141859378,10.543199751308983,6.805086629934371,0.3960222510847417,13.088343192494188
1743,209_0.mat,Inner,2,1.0860843078400644,0.0007933626795669337,0.7051708461634139,1.1795791237364317,0.5373186944966617,7.021066082439655,13.383083082604493,1.1807315524687982,1.0866147212645327,0.5859035471108629,16.251548365234015,1.5401718799742308,9.956546162719071,6.464568203177746,0.4566667312151553,11.657150587346212
1744,209_0.mat,Inner,2,1.0270467875854499,0.0011852639657243319,0.6954350004891251,1.0548251038895922,0.5409314663050563,6.189069468337366,11.327061710022718,1.0558548072491278,1.0275479586127003,0.30711516035464326,9.218452799484623,1.4768408073531145,8.899565687627838,6.026083274045986,0.2830707222493994,8.268936049331609
1745,209_0.mat,Inner,2,0.9827647296947702,0.0023760699932199292,0.6665022784283295,0.9658265139320349,0.5122919952604632,5.527183686114725,9.98318613817348,0.966764974643973,0.9832420732678058,0.15282649054180783,6.435129958131169,1.4745106828602907,8.29282039236237,5.624116860426756,0.1607745410701479,6.885183295262799
1746,209_0.mat,Inner,2,1.0520297928081257,0.0010349973839414344,0.7040442688684229,1.106766684955908,0.5395219981951038,5.674870817428422,10.48423986116445,1.1078474960566909,1.052543346402746,0.3649752802578035,9.839149139852609,1.494266538803745,8.060389194760884,5.394211129967531,0.31299938199900235,8.016736011797533
1747,209_0.mat,Inner,2,1.1049404487091303,0.0019290457901270897,0.7660250540488923,1.2208933951935341,0.6018530193161731,5.674870817428422,10.48423986116445,1.2220831145173947,1.1054786811682054,0.4034456664209013,9.996419763675505,1.4424338249348747,7.408205237447508,5.1359064862301596,0.29863034749571077,6.693341712837298
1748,209_0.mat,Inner,2,1.0425746731421062,0.0006574431583562716,0.727118077748095,1.0869619490773694,0.569492682465342,4.857565593352103,8.59678285835433,1.0880240403227408,1.0430839085724315,0.17394347427318144,6.700927842236707,1.4338450728244239,6.680573268635321,4.659201607792502,0.15326761633460548,5.660541237096188
1749,209_0.mat,Inner,2,1.0025657795268135,0.0007646685584224472,0.6939814167206222,1.0051381422782073,0.54077815816484,5.815598869256133,10.269281628152893,1.0061200967171533,1.0030553806830176,0.1574157661982692,6.533403995037217,1.4446579625473952,8.380049853105726,5.800715512148392,0.15598164341788498,6.454162058550126
1750,209_0.mat,Inner,2,1.0517633633950558,0.0006755657611843434,0.7077669357270306,1.1062061725800802,0.5421647503951296,5.815598869256133,10.269281628152893,1.1072870512019217,1.05227707910128,0.4456550798294616,9.214667350811112,1.4860306554348715,8.216827568066643,5.5293795844704565,0.38247982270191283,7.515523192581195
1751,209_0.mat,Inner,2,1.0414530931012411,0.0008545264641117154,0.6987343150798846,1.0846245451301426,0.5429981644746676,5.658632965294455,10.245311465478942,1.0856840532479144,1.041961637128697,0.3776343600705976,9.827810584617303,1.4904851108975288,8.098404276365644,5.433401660403861,0.33382304521778744,8.33776902111487
1752,209_0.mat,Inner,2,0.9318410255650024,-0.0019378645883161483,0.6455895231646744,0.8683276969260354,0.5124854281637089,5.658632965294455,10.245311465478942,0.8691727431138199,0.9322943436028237,0.12018474793849959,6.15033097417444,1.4433955201064634,8.765063189915349,6.0725304102782856,0.14831675297262736,8.14116000540253
1753,209_0.mat,Inner,2,1.0747229509095757,0.0014185924771359533,0.710475505289963,1.1550294212117864,0.5448715799535849,6.632130862278454,12.370923632920572,1.1561564678578127,1.075247165938052,0.41487222000870455,12.03225229232983,1.5126812154761642,9.334777642421859,6.171014452291428,0.3337255332319343,9.001475493407854
1754,209_0.mat,Inner,2,1.1103085629749105,-0.0006360576184984952,0.7495798151155277,1.2327851050154108,0.5813492198766538,6.632130862278454,12.370923632920572,1.2339897685794952,1.110850920951815,0.48628549257672105,12.622991054476113,1.4812412775580208,8.847798097721508,5.9732322017788,0.3547512832733157,8.289706544023796
1755,209_0.mat,Inner,2,0.9700676868408237,-0.005095728131110424,0.6869241686845688,0.9410313170527064,0.5438923086328645,4.520436853808795,8.040829730529474,0.9419251994350936,0.970528309445476,0.17076575418852247,5.044170172429169,1.412190356756628,6.5806926876057705,4.659919008874155,0.18679969244561975,5.685345972787464
1756,209_0.mat,Inner,2,0.9379286605967304,-0.0004465253972547341,0.6589743208996921,0.8797101723687767,0.5216450491931511,4.302385696581244,8.095729135363362,0.8805699045312401,0.9383868629361987,0.13591108486524162,4.6586687906128486,1.423315948510347,6.528912523785,4.587114006985763,0.16447849425934832,6.008058580017124
1757,209_0.mat,Inner,2,1.0362447202122578,-0.0006405882692055167,0.7158903790904744,1.0738031201677805,0.5595936852016182,6.209173475741325,11.149218567603086,1.0748523703323523,1.0367508718744114,0.2575410225557265,8.31275243488068,1.4474907757907576,8.673357900997766,5.99199528318319,0.2311123682690082,7.195271895786375
1758,209_0.mat,Inner,2,1.0473843232878777,-0.0015459633021587408,0.7157333387897085,1.0970139206692056,0.5554207398731994,6.209173475741325,11.149218567603086,1.0980838782039826,1.0478949747966075,0.34130221183715903,9.177302278130451,1.46337227361453,8.675260937589194,5.928266575772283,0.29661002787285506,7.6110400242037475
1759,209_0.mat,Inner,2,1.0192919791492727,-0.002724687594435613,0.690646120497465,1.0389561387580415,0.5385131937468175,6.106333745559535,11.41443681912454,1.0399643049771334,1.0197864016435665,0.30262234781584263,9.20609117334623,1.4758527542493278,8.841479832178551,5.990760126112291,0.2853470234338964,8.512133091066934
1760,209_0.mat,Inner,2,1.0652281683715574,-0.0014364725767390344,0.7263327872159553,1.134711050692223,0.5662901491454257,6.106333745559535,11.41443681912454,1.1358181846847404,1.0657477115550098,0.30845849127148117,9.666741438286557,1.4665841706707565,8.40707435080385,5.732418581165307,0.2548199955070238,7.493116197130588
1761,209_0.mat,Inner,2,1.1426085394536216,-0.001856312875589728,0.7956784175967784,1.3055542744323385,0.6245856364753442,6.271805191115195,11.403611584368562,1.306827026803209,1.1431653540950273,0.3903354051993537,10.850730878516975,1.4360180120296027,7.882336698348958,5.489023558417294,0.26128277750823564,6.353642531126007
1762,209_0.mat,Inner,2,1.0644979703857709,-0.0005990573043911458,0.7281608958734076,1.1331559289554254,0.5675429443596638,6.271805191115195,11.403611584368562,1.1342632490399118,1.065017957144344,0.37288733892689385,10.111770440068346,1.461899391215557,8.613213407434817,5.891796288570113,0.30867883055408785,7.859582552476436
1763,209_0.mat,Inner,2,0.8872479719168308,-0.0037614514978924736,0.6081301253760947,0.7872089636705293,0.4766256130150487,5.363258702667063,9.585745376418298,0.7879643115511574,0.8876735388368617,0.1791944592162155,5.509064065648472,1.4589771742793671,8.81926166598204,6.04482497838131,0.25619152277272916,8.872882433124381
1764,209_0.mat,Inner,2,1.018542466500128,-0.0031686913637237633,0.6654884358030817,1.0374287560641642,0.5094818448590899,6.421038784536888,11.541246711980278,1.0384328100002211,1.0190352349159577,0.3372686352595772,10.586202139332611,1.5305186562249815,9.648610613013307,6.304144398214718,0.3187192927428947,9.81710371907127
1765,209_0.mat,Inner,2,1.0872763090729178,0.0036363459982231925,0.7347132399288865,1.182169772271227,0.5665623902571214,6.421038784536888,11.541246711980278,1.183312127508528,1.0878015110802743,0.3649977512619049,10.608180039781818,1.4798648642519037,8.739516910229693,5.905618223215012,0.28355755013233963,7.576039857451175
1766,209_0.mat,Inner,2,0.9522824536694757,-0.0005167504832135818,0.6579015709124221,0.9068418715667572,0.5130048249624163,5.266604820917262,9.232378784741025,0.9077280577170596,0.95274763590211,0.212685175639435,5.3534552770679635,1.447454293728679,8.005156171925803,5.530507047166175,0.245925510047115,6.497146502552838
1767,209_0.mat,Inner,2,0.9385315789272414,-0.002783586053626895,0.6217107330647308,0.8808415246436606,0.4759834912888969,5.448314118606889,10.34428504039074,0.8816948063766951,0.9389860522801684,0.23474725894746273,7.15221174607132,1.5095952651472313,8.763422969618995,5.805147360974902,0.2835457264061975,9.200338333194313
1768,209_0.mat,Inner,2,1.1099700400109822,-0.002264826547672886,0.7366052603285989,1.2320334897219816,0.5635686345326236,5.745234843342277,10.647391613558113,1.2332326890806211,1.1105101030970501,0.36595635569647894,12.308306135478452,1.506872269028216,7.799611478163398,5.176026952295268,0.26721556527779744,8.092975649095875
1769,209_0.mat,Inner,2,1.119676418676882,-0.00010521637732575527,0.7732569645505158,1.2536752825410882,0.6061510176904114,5.745234843342277,10.647391613558113,1.2549007604945226,1.1202235314858024,0.26138988445939826,10.492437199351308,1.4480004319473374,7.429916711677439,5.131156419393267,0.1859408033789475,6.66281283247201
1770,209_0.mat,Inner,2,0.9381302373671715,-0.0018691497192596346,0.6563171076142703,0.8800883422625856,0.5128208722783669,4.032528058735798,7.51193968959456,0.8809451465365771,0.9385867815692788,0.14641037567928297,4.239628789883334,1.4293856224102857,6.14417636222831,4.298473600050078,0.17707145429772367,5.462986134171717
1771,209_0.mat,Inner,2,0.9561434872816164,-0.002850790705781049,0.657884471442719,0.9142103682710504,0.5130875744174629,5.698840980102372,10.582440205022248,0.9150958895930829,0.9566064444655821,0.32375153207090857,6.4465713850425885,1.453360778045683,8.662373452281583,5.960236152733332,0.3698383351049236,7.698313392382453
1772,209_0.mat,Inner,2,1.1088740939939061,-0.0025532779760199433,0.7562403587386273,1.2296017563308064,0.5983502168319943,6.147314991421451,11.161590264467058,1.2307971874807828,1.109412992298532,0.46767741601252993,13.096421959596123,1.4662984872190488,8.1287846124303,5.543744799082384,0.34250479486281865,8.645292052126498
1773,209_0.mat,Inner,2,1.0757314096648614,-0.0030131390227826735,0.734528725442127,1.1571980657395498,0.580800310589281,6.147314991421451,11.161590264467058,1.158320158762821,1.076252832174123,0.30444914701922765,10.88129264974279,1.46451918407397,8.36906002241491,5.714544482187148,0.24421472126651902,8.110044952641308
1774,209_0.mat,Inner,2,0.9418210535121295,-9.464485900937845e-05,0.6417236403707718,0.8870268968386976,0.4978220486917869,5.36480516477506,9.62440692911822,0.8878939718379212,0.9422812594113932,0.1882069434814132,5.745514415546619,1.4676427581294986,8.359993036359157,5.696204331771472,0.22495413498936226,7.287972139269645
1775,209_0.mat,Inner,2,1.0009669245781185,0.0017682076900278048,0.6698688065740743,1.0019347840993766,0.518595157486861,5.674870817428422,10.33345980563476,1.0029110628757811,1.0014544736910316,0.42450581871985227,8.953586075841924,1.4942730796734556,8.471615280077117,5.66938894590804,0.4226588962865811,8.901683917214585
1776,209_0.mat,Inner,2,1.0675108635627801,0.0022039052663530893,0.7424057799399705,1.1395794438245526,0.5916967195017256,6.149634684583447,11.257470915162862,1.1406885402787454,1.0680302150588932,0.44863997389271315,10.96200153985529,1.43790753305781,8.283387401795837,5.760723281122869,0.3682538948882302,8.424724383059974
1777,209_0.mat,Inner,2,0.981750120586231,-0.0055367114665938934,0.6910206275807524,0.9638332992710791,0.5441436715360181,6.149634684583447,11.257470915162862,0.9647447776691572,0.9822142218829644,0.18916050989224534,6.810330391308418,1.4207247676844252,8.899350379892825,6.263951035631206,0.1996235715643236,7.317172757402437
1778,209_0.mat,Inner,2,0.939143488838587,-0.005798734099149994,0.6599174736122815,0.8819904926279132,0.51279650391301,4.086654232515687,7.539776007538503,0.8828189952357954,0.939584480095215,0.13799111364387237,3.9589206147154288,1.4231226272831425,6.192674684214392,4.351469483715624,0.16635797142178899,5.07964608910394
1779,209_0.mat,Inner,2,1.0491473171680088,-0.0017173729205744023,0.7264611645554853,1.1007100931208307,0.5694072278003954,5.924624447869909,10.600224519264213,1.1017831038134003,1.0496585653503716,0.38133545521702483,8.32339969653634,1.444189129928959,8.155459282516466,5.647085352948104,0.32973346336697074,6.85659557723397
1780,209_0.mat,Inner,2,1.0171651921363123,-0.0024687058294888802,0.7199453337303365,1.034625028093701,0.57757135170864,5.924624447869909,10.600224519264213,1.0356302912915678,1.0176592215921634,0.2753896138833948,7.460764353176851,1.4128367036765737,8.229269876872086,5.824643326046998,0.26130061994104564,6.9562284093224545
1781,209_0.mat,Inner,2,0.9064738087046245,-0.004076331722030499,0.6482712035565317,0.821694765867468,0.5150032743354142,4.067323456165727,7.2474946691271045,0.8224813538342639,0.9069075773386525,0.17322209800447264,3.640432120990342,1.3982941147626933,6.274107863877633,4.486972946271393,0.2322277972618853,5.381468662828837
1782,209_0.mat,Inner,2,0.9869676338227789,-0.0016924543416857864,0.6836268870058131,0.9741051102137348,0.5301212812316304,4.710651693092403,8.826432481391858,0.9750544474208455,0.9874484530449402,0.34974900213166515,5.680605012757165,1.4437226688729443,6.89067645322946,4.772853264541278,0.36325632316600603,5.974985526412361
1783,209_0.mat,Inner,2,1.0224560382367498,-0.00047521951839921963,0.7045164485151698,1.04541635012679,0.5549602622503687,6.189842699391363,11.1414862570631,1.0464380364381582,1.0229555398149806,0.3710486198490599,8.575725151612541,1.4512876745322474,8.785944902249215,6.05389617538945,0.34662552846049083,7.831479567543013
1784,209_0.mat,Inner,2,0.9836411071697868,-0.00354851091466243,0.6769929956890233,0.967549827714204,0.535412407002797,6.189842699391363,11.1414862570631,0.9684830199836952,0.9841153489219113,0.25171088553541976,8.277705444862477,1.4529561065358045,9.143141419184674,6.292785706358893,0.26409731221855826,8.825228253874041
1785,209_0.mat,Inner,2,0.9480652015563923,-0.0003853616127099473,0.6685556685260736,0.8988276264021627,0.528945705268855,5.026129963123756,9.417181006646643,0.8997060971340727,0.9485283849912308,0.22327044792396078,5.114339264686946,1.4180796696333744,7.517892973964395,5.301460231709067,0.26162560656050043,6.31812489622031
1786,209_0.mat,Inner,2,0.9837931099708531,-0.0034745102864477463,0.6963824202791631,0.9678488832261231,0.5457636359893593,4.255991833341338,7.600861260804377,0.9687828880434974,0.9842676912524851,0.28459940770595366,4.882936505215936,1.4127196226106071,6.1115727643284,4.326104533770423,0.29846561376175795,5.202692508330274
1787,209_0.mat,Inner,2,0.9866213236347338,-0.0034541223582661524,0.6915222876170035,0.973421636250754,0.5418923685202349,5.3454743884251,9.547857054772376,0.9743612299280897,0.9870973761124531,0.3159068197393379,6.117259423467773,1.4267382863872968,7.7300102746333135,5.417959515335471,0.32845736844404305,6.443426942819879
1788,209_0.mat,Inner,2,0.8760466054699644,-0.0018540475502362326,0.6081605621274913,0.7674576549554475,0.4755651399946291,5.3454743884251,9.547857054772376,0.7682044170891926,0.8764727132599124,0.19982107044350253,4.347086178528051,1.4404857204220924,8.78957749203033,6.101815080433264,0.29677415779392224,7.366219399156896
1789,209_0.mat,Inner,2,0.8720298472910806,-0.004169965169975604,0.6101754550484721,0.7604360545665053,0.4792196076917227,4.655752288258517,8.398062477476739,0.7611619882110989,0.8724459801105733,0.17958347375691056,3.694750177896683,1.4291460596696366,7.630186120615153,5.338982722570853,0.2704274233914591,6.3772125927384415
1790,209_0.mat,Inner,2,1.0051021937331315,-0.0039011465613589696,0.7210739706458243,1.0102304198471534,0.5764653891351796,4.655752288258517,8.398062477476739,1.011202703542839,1.0055857514617235,0.30705953950597065,5.473656065542316,1.3938960975550478,6.456691654092259,4.632118323174262,0.3019710166860425,5.3530470566289665
1791,209_0.mat,Inner,2,1.0322007492272582,-0.0032925291497156945,0.7241867689977293,1.0654383867053134,0.5773653491268477,6.502228045206722,11.481707920822402,1.0664690196090736,1.0326998690854345,0.37654795286812565,8.516491529756461,1.4253239542810117,8.978661753509792,6.299383186912253,0.3418990743272262,7.487972330889414
1792,209_0.mat,Inner,2,0.9606383601133841,-0.002936873069214472,0.6418087218581576,0.9228260589213317,0.500267628584544,6.502228045206722,11.481707920822402,0.9237195035255686,0.9611032741207204,0.30035348671596174,8.43573448793368,1.4967673816127922,10.131099537524841,6.768653340506302,0.3383159768792906,9.886502375974757
1793,209_0.mat,Inner,2,1.0143371157173176,-0.0026325643633928284,0.690243151706383,1.0288797843217268,0.5349893509794656,4.7377147799823485,8.739830603344036,1.029878594741777,1.0148293426688928,0.3059617092982674,6.692254586167749,1.4695359355732207,6.863834531734439,4.670749701027421,0.2927440190211222,6.3095791179867176
1794,209_0.mat,Inner,2,1.0366108020653542,-0.00010144083506989556,0.7416365835500707,1.0745619549585768,0.5899270132972092,4.247486291747356,7.86762597443383,1.0756123473512942,1.0371173257405808,0.25436509433241317,5.778781479221342,1.3977341801315968,5.727180112137585,4.097474465132452,0.22802047486565583,4.994876035207835
1795,209_0.mat,Inner,2,0.9682509401201973,-0.0028447498381716776,0.6813384079607432,0.9375098830436459,0.5401002874903789,5.91921183049192,10.43552630476255,0.938418214479582,0.9687198844245853,0.22786592601288813,6.19712156435023,1.4211013628554523,8.687623890453393,6.113303468366377,0.2506598321905613,7.037155665916165
1796,209_0.mat,Inner,2,0.9685524262018366,-0.0038845341754332272,0.6494033479896014,0.938093802301464,0.5020648190693123,5.91921183049192,10.43552630476255,0.938995700684654,0.9690179052446111,0.34481402875304645,7.42510344796338,1.4914496964001702,9.114846495336497,6.111400550301553,0.3789566399942711,8.421225582371628
1797,209_0.mat,Inner,2,0.9998596364644591,-0.002470216046391214,0.6826661210312506,0.9997192926308404,0.5328596958671279,4.842100972272134,8.896796507305714,1.0006904274090413,1.0003451541388308,0.3370167566643928,6.8885302318134585,1.4646393099932722,7.0929270152596064,4.842780722091294,0.33666802923525063,6.879028013645632
1798,209_0.mat,Inner,2,0.964645942473744,-0.0029059136227164942,0.6759627819940306,0.9305417943310579,0.5348046264513767,4.842100972272134,8.896796507305714,0.931442962264912,0.9651129272084754,0.21452177918185106,5.510894943286198,1.4270696082211753,7.163265643089402,5.019562887342895,0.23863656649124226,6.351987001148993
1799,209_0.mat,Inner,2,0.9603306888143578,-0.0033680399948327233,0.6345563967198595,0.922235031878659,0.48264132653031294,6.212266399957318,10.939672951969516,0.9231251776165184,0.9607940349609371,0.23247763243620356,7.226127193557925,1.5133890285827596,9.7899358229779,6.468882513398202,0.2621140372526328,8.479776568072595
1800,209_0.mat,Inner,2,1.0375429100303797,-0.0031097929045324746,0.7157547186911066,1.0764952901543086,0.5550345414348001,6.212266399957318,10.939672951969516,1.0775379024502612,1.0380452314086612,0.40457135239747644,7.897775072463372,1.44957886121418,8.67932301069415,5.98747901401922,0.36169815552159446,6.802047338615835
1801,209_0.mat,Inner,2,1.045190802567126,-0.0019552320826930567,0.7510306197664068,1.0924238137709128,0.6032069675849392,6.2207719415513,11.206437665598965,1.093487850066997,1.0456996940168801,0.3968251448320404,7.84251164431637,1.3916753525852517,8.282980450887429,5.951805092683857,0.3470389659331298,6.558843199081208
1802,209_0.mat,Inner,2,0.9721139037814174,-0.00265521761692794,0.6644209359636457,0.9450054419251468,0.5177547643656872,6.2207719415513,11.206437665598965,0.9459221438381455,0.9725852887218404,0.25658554109892756,7.105250501372304,1.4630994466934502,9.362697056677804,6.399221240789556,0.2789003705161617,7.940879563452007
1803,209_0.mat,Inner,2,0.9247664961977525,-0.0028553213564880787,0.6406904017905589,0.8551930724898679,0.49392910621878866,3.894119700070083,7.781024096386008,0.8560208775180204,0.9252139631015197,0.15213699845690432,3.8419470517352234,1.4433905886709606,6.0780053660566455,4.21092212583051,0.19209157103766553,5.243033850237538
1804,209_0.mat,Inner,2,1.0111625991188034,-0.004262088401018398,0.6901454791429236,1.0224498018566939,0.5302943213384843,4.829729275408159,8.716633671724084,1.0234310808740719,1.0116477059105466,0.31696383862361566,6.580107474483733,1.4651441321807668,6.99813216395925,4.776412101883852,0.30614122433378665,6.282258216324983
1805,209_0.mat,Inner,2,0.9912288954705196,-0.001298287730174882,0.6982190942514211,0.9825347232157063,0.5503385957415473,4.829729275408159,8.709674592238098,0.983493480516743,0.991712398085626,0.27814896569371,6.09414557525798,1.4196530911716505,6.917211682071399,4.872466185633839,0.2851807594893105,6.300425108345238
1806,209_0.mat,Inner,2,0.8750995874579113,-0.0029995470706616124,0.6222058517953487,0.7657992879690065,0.4938631331342231,4.227382284343397,7.770972092684028,0.7665388637955527,0.8755220521469192,0.13714532306869182,3.5479785964372885,1.4064470543493637,6.794185995099002,4.830744231772234,0.2043523959114139,6.038271466254078
1807,209_0.mat,Inner,2,1.0404459927092142,-0.005459690404574525,0.6925759185768134,1.0825278637446623,0.5276746778182025,5.145207545439511,9.422593624024632,1.0835562158924306,1.0409400635446935,0.3129696871893912,8.218704757900355,1.5022843919345954,7.429088143874625,4.945194254664747,0.27747579479501555,7.000039389411777
1808,209_0.mat,Inner,2,1.0919700921731532,-0.0028001984395526463,0.7320217742870725,1.1923986822006447,0.5605636932455493,5.224850344001347,9.502236422586469,1.1935564235342015,1.0925000794206843,0.4671409493477519,9.891353399152905,1.4917180479161953,7.13756137798329,4.784792533647579,0.35824777960917353,6.943362024223769
1809,209_0.mat,Inner,2,0.9152288773483592,-0.00398345338253654,0.6443969834097576,0.837643897932338,0.5121084093554606,5.224850344001347,9.435738551942606,0.8384468257597681,0.9156674209339154,0.2795448637606069,4.703921485337837,1.4202873398073705,8.108123530228996,5.708790962904604,0.3641147144294908,6.691277085992942
1810,209_0.mat,Inner,2,0.8559852762827349,-0.004061229553007084,0.6166291301158595,0.73271079321283,0.49491726484318144,4.317077086607213,7.742362543686086,0.7334105208391049,0.8563939051856364,0.12345073855870907,2.921217568135561,1.3881687297525407,7.0010917028669555,5.0434011030538155,0.19654997322718407,5.430872818374128
1811,209_0.mat,Inner,2,1.0730700072124635,-0.0032366511243290936,0.7402589888076312,1.1514792403789567,0.5798394764181768,7.044263014059608,12.433555348294444,1.1525943448833813,1.0735894675728619,0.37786556978198155,10.762210393937055,1.4495872707192068,9.515943906870495,6.564588486031841,0.3053673464442881,8.10118423919554
1812,209_0.mat,Inner,2,1.1716755406448705,-0.0027949126803944527,0.8156195673428807,1.3728235725454496,0.6400996328876871,7.044263014059608,12.433555348294444,1.3741577118990849,1.172244732084169,0.5087130076127391,13.96907828701941,1.4365466297731304,8.636701835145665,6.012127734762263,0.31580425214866586,7.3976638362024065
1813,209_0.mat,Inner,2,0.9811261585967255,-0.0032902638243621786,0.6818830869216334,0.9626085390827669,0.535060090666412,6.057620189157635,10.73244702949794,0.9635386689781569,0.9816000555104696,0.3089729069545093,6.470240984694481,1.4388480626856264,8.88366393789869,6.1741501193031985,0.3266755839385531,6.969187663560946
1814,209_0.mat,Inner,2,0.9309260791187198,-0.001851782224882714,0.6495344955439242,0.866623364783353,0.5135590247771322,5.007572417827794,9.260215102684967,0.8674670714979542,0.9313791233960284,0.2709382841676374,5.026120817847365,1.4332203839885724,7.709478791617854,5.379130019177179,0.3353442613421065,6.679238132445735
1815,209_0.mat,Inner,2,1.1269331131500648,-0.004160903868561556,0.781283548327353,1.269978241514097,0.6135202249991583,5.342381464209105,9.607395845930252,1.2712023369252472,1.127476091509371,0.37375857224039266,10.266347909911886,1.4424124449583884,6.837954639694835,4.740637578099953,0.2607769119407331,6.353113475790622
1816,209_0.mat,Inner,2,1.1168269901434151,-0.004825399305591442,0.7753773491441417,1.2473025259127997,0.6068785357082751,5.342381464209105,9.607395845930252,1.2484984782294875,1.1173622860243169,0.3756277782378501,9.970605062264726,1.4403657669065568,6.890040662264785,4.783535418962511,0.2692623770993282,6.39654529332485
1817,209_0.mat,Inner,2,0.9015321657605386,-0.0038331868007536463,0.6147141839865226,0.8127602459008874,0.47958873986213113,5.183869098139431,9.180572304123132,0.8135400252607566,0.9019645365870859,0.27491459782703104,5.402123506825594,1.4665875446577266,8.432974597255516,5.750065604992068,0.3746531724032055,8.162189244256332
1818,209_0.mat,Inner,2,0.973262053907621,-0.00910761933217834,0.6437805646945908,0.9472390255764809,0.5018743129576342,7.185764296941318,12.905999522287473,0.9480819381142707,0.9736949923432238,0.2580164012723395,9.919072415526013,1.5117916061473902,11.161822352215742,7.383175238450203,0.2794978710298257,11.03517729433573
1819,209_0.mat,Inner,2,1.1058084887466362,-0.0036202462175235982,0.7588248625536334,1.2228124137841194,0.6028786145055663,7.185764296941318,12.905999522287473,1.2239946148425012,1.1063429011127162,0.43046837056534404,13.31212330820089,1.457264440471626,9.469595227481047,6.498199615992664,0.31788642761067715,8.88563189237159
1820,209_0.mat,Inner,2,1.0310254779764652,-0.0006541802213265876,0.7055632924017503,1.0630135362365982,0.5536111376371715,6.475938189370776,11.123701942821137,1.0640522217826711,1.0315290697710227,0.3939155582961824,9.471897945720146,1.461279929211417,9.178394424853632,6.281065141158732,0.3588878204398334,8.3658702449518
1821,209_0.mat,Inner,2,0.9119434176623867,-0.004910726560573696,0.6128004845008296,0.8316407970177544,0.4721694744817493,5.857353346172047,10.505117099622408,0.8324296013149359,0.9123758004873518,0.2445137722421239,6.0160752188134765,1.4881571420488393,9.558336676143016,6.422935055751553,0.32194527286284585,8.681968920156768
1822,209_0.mat,Inner,2,1.0700082195453062,-0.003895105693749594,0.7116544976069138,1.1449175898945163,0.5410497001192958,5.599094174136577,9.818487923671817,1.1460215797451205,1.0705239743906347,0.47611928376944557,9.524895645983838,1.5035501400495996,7.8677141688232535,5.232758096485134,0.3880847509585436,7.252281202023181
1823,209_0.mat,Inner,2,1.1020862208385924,-0.002860607115646259,0.7636995835925462,1.2145940381622906,0.602161273572462,5.599094174136577,9.818487923671817,1.2157731335399429,1.102621028975932,0.36954561282908616,9.696711447367395,1.443088675854433,7.331540168963231,5.080450211845557,0.27566982958950953,6.56023486776348
1824,209_0.mat,Inner,2,0.9908253866476106,-0.004133719964319443,0.6874525032842073,0.9817349468253869,0.5413263815922313,6.291909198519154,11.174735192385032,0.9826775051858014,0.9913009155578347,0.19280042812530884,7.471696216613895,1.4413001362459819,9.152500235945457,6.35016954884558,0.19792081565881425,7.737437908769347
1825,209_0.mat,Inner,2,1.0013590011393854,-0.006888355594188784,0.6913063265999687,1.0027198491628677,0.5355121607062103,6.291909198519154,11.174735192385032,1.003652529143067,1.0018245999889737,0.3419972950412625,7.231832199269967,1.4485025850448832,9.101477820194939,6.283370091399479,0.340132080933201,7.179291279289336
1826,209_0.mat,Inner,2,1.089361254856236,-0.005395506186225047,0.7529913906464998,1.186707943581953,0.5915255317649177,6.008133401701737,10.771108582197861,1.1878388309533001,1.0898801911005174,0.47968232339005545,10.007082256811584,1.4467114344023118,7.9790200476732185,5.515280973058951,0.37052493269304126,7.092387125066996
1827,209_0.mat,Inner,2,1.0787666212292606,-0.0028115250663202107,0.7194834486744013,1.1637374230783952,0.5544864932530682,6.008133401701737,10.771108582197861,1.164867083916834,1.0792900833032952,0.3893734766565679,10.916236592256679,1.4993626652778664,8.350620730418411,5.5694468881970645,0.30970755866086386,8.044891531278177
1828,209_0.mat,Inner,2,1.0388129070837615,-0.003421652694865832,0.6880732157853158,1.079132255923816,0.5244828025720144,6.667699490762382,11.770123103963808,1.080175407012562,1.0393148738532332,0.304228032419636,10.269068021982235,1.5097418170777477,9.69039244340106,6.4185759007115735,0.2709928303032316,8.801211553175039
1829,209_0.mat,Inner,2,1.0745241632205191,-0.005480833441207294,0.7392773834324339,1.154602177344757,0.5735295079797661,6.667699490762382,11.770123103963808,1.1557007518250009,1.075035232829604,0.4158675501955781,10.2681038540805,1.4534790151838477,9.019212057855082,6.205257842477943,0.33472406749838224,7.687753700096208
1830,209_0.mat,Inner,2,1.062662246752761,-0.004061229553007086,0.7536684727081877,1.129251050673626,0.5926663532978046,5.637755726836499,10.831420604409738,1.1303384031850041,1.063173740827436,0.4060581457899604,8.183798536982184,1.409986333822408,7.480418686708017,5.3053129007441555,0.33789012746672736,6.405277706499061
1831,209_0.mat,Inner,2,0.9953484055642435,-0.00370481836405469,0.6847399035085916,0.9907184484592819,0.5296646970065136,5.637755726836499,10.831420604409738,0.9916731535942279,0.9958278734772531,0.29821756295887164,7.024699191128852,1.4536153077433454,8.233426587147228,5.664102836066635,0.30198153090090946,7.143163968466468
1832,209_0.mat,Inner,2,0.98952805301821,-0.004420661175764151,0.6674660692881124,0.9791657677100094,0.5160737409426218,6.745795827216221,12.0654973665912,0.9801033576499835,0.9900016957813675,0.263104669050391,8.406561143184803,1.4825143906897187,10.106574907097317,6.817185027381193,0.2711569495897623,8.751341310121639
1833,209_0.mat,Inner,2,1.074087760760591,-0.005307158497438104,0.7209096339309742,1.1536645178157006,0.5587071407314547,6.745795827216221,12.0654973665912,1.1547640511530877,1.0745994840651505,0.44888428554237736,11.525547298187064,1.489906238181779,9.357338991883637,6.280488497916648,0.3617383212666245,8.643209630861438
1834,209_0.mat,Inner,2,1.0680583005221709,-0.004183557122096665,0.725327992537875,1.1407485333143077,0.5626498021775018,6.073858041291603,11.378868190640613,1.1418461152610486,1.0685719981643953,0.3816811673415137,10.27860631196863,1.4725176906293558,8.373946826498724,5.68682256232307,0.31281629199969363,7.883500051096534
1835,209_0.mat,Inner,2,0.9697264836357052,-0.0035568171076253,0.6685254641880267,0.9403694530644697,0.5216786638999231,6.073858041291603,11.378868190640613,0.9412760169768615,0.9701938038231648,0.24264234629927545,6.740273115505563,1.4505453203821619,9.08545502998852,6.263475468374534,0.2656997261963916,7.6075270952368514
1836,209_0.mat,Inner,2,1.0649061564332958,-0.0054272207411741906,0.7313494909007656,1.1340251220095352,0.5684671379044254,5.542648307194694,9.822354078941812,1.135104167448085,1.0654126747172126,0.338937399549651,8.373402729510282,1.4560838144841661,7.578658871233397,5.204823236024434,0.28026309637833285,6.49876066783197
1837,209_0.mat,Inner,2,1.114561881208011,-0.0038565951627399274,0.7594588900793582,1.2422481870419402,0.5864805853688954,5.679510203752413,10.324954264040777,1.2434476180301735,1.1150998242445262,0.3897870587199843,11.034629888117808,1.4675736840608704,7.478364237926645,5.095733399379867,0.28111639442321373,7.136787761881228
1838,209_0.mat,Inner,2,0.9413332769352452,-0.0041020054093702865,0.6595660979634754,0.8861083382656469,0.5161995203545469,5.679510203752413,10.324954264040777,0.886957681428038,0.9417843072742494,0.22047197847031536,5.538637669169457,1.4272008216315961,8.610979583820747,6.033474373961897,0.26393625520185765,7.040397119488769
1839,209_0.mat,Inner,2,0.9063086432658434,-0.005648467517367105,0.6278017058565446,0.8213953568583738,0.49109124090858675,4.791840953762237,8.626938869460268,0.822166348497784,0.9067338906745375,0.24412774830822895,4.566576202947926,1.4436224604198435,7.632730062778072,5.2872065044969245,0.3274745846259645,6.7557149256229385
1840,209_0.mat,Inner,2,0.9786455103030055,-0.006391494233318703,0.6730319425217802,0.9577470348362301,0.5257270415057393,4.791840953762237,8.626938869460268,0.9586423578152495,0.9791028331157302,0.2903576325934758,5.966102779969874,1.454084789251858,7.119782362484298,4.896401100612728,0.3093487211984542,6.491984912894384
1841,209_0.mat,Inner,2,1.0136385671841202,-0.006923090582942607,0.6943562140856612,1.0274631448830762,0.5408844453416353,6.255567338981229,11.405931277530557,1.0284195316487323,1.0141102167164733,0.286781525354147,8.042452176071812,1.459825010016559,9.009161597566527,6.171398308524283,0.2749765736810078,7.604100617457897
1842,209_0.mat,Inner,2,0.9797110116777565,-0.005843285497769039,0.662161919502418,0.9598336664026532,0.5075564269269667,6.255567338981229,11.405931277530557,0.9607377428692654,0.9801723026434003,0.21843738142779415,7.380607533762664,1.4795641108635205,9.44718679031336,6.385114859801541,0.23196351603940885,7.996177155117099
1843,209_0.mat,Inner,2,0.9553696647397082,-0.006060001623254924,0.6759866996968718,0.9127311963048623,0.5310908572092548,3.9768554228479127,7.359613171956873,0.9135866471452913,0.9558172666076352,0.1651519973935491,4.250581784410834,1.4132965414359557,5.883037971938419,4.162635228665388,0.18912947433873617,5.092709339468699
1844,209_0.mat,Inner,2,1.0351978396755128,-0.005533691032789194,0.7300590016548845,1.0716345672688488,0.5777216147449088,4.796480340086228,8.338523686318862,1.0726514567206062,1.035688880272742,0.2804115381158807,6.382251424061243,1.4179646265952852,6.569989999722056,4.633394850964017,0.25241080347137373,5.546980703901248
1845,209_0.mat,Inner,2,1.0704269995965614,-0.004107291168528458,0.7417916220987416,1.1458139614652967,0.5815037133878039,6.235463331577271,11.037873295827314,1.1469171278822512,1.0709421683182763,0.2960545286909678,8.906736620502073,1.4430292385435317,8.405950061726159,5.825211185743222,0.2410314154088609,6.771026805571777
1846,209_0.mat,Inner,2,0.9672578737677029,-0.0031339563749699347,0.6716037777701898,0.9355877943656175,0.5232910453632794,6.235463331577271,11.037873295827314,0.9364925161558658,0.9677254342817831,0.25616720697744505,6.469858316135566,1.4402210139104372,9.28443754779123,6.446536648269597,0.28266176499463536,7.377108107929862
1847,209_0.mat,Inner,2,1.0603503563238956,-0.007125459647856255,0.706940074167337,1.1243428781562126,0.5413847237389336,5.2070660297593845,9.409448696106661,1.1253911207473744,1.060844531845913,0.44873656144893875,9.30767961719705,1.4999154738417113,7.365639917761226,4.9107033337610515,0.3758687583570348,7.349105083350698
1848,209_0.mat,Inner,2,1.076786187422843,-0.007462993125529383,0.7312518005316441,1.1594684934246222,0.5713352462872506,5.2070660297593845,9.409448696106661,1.1605461430010051,1.0772864721145463,0.359788321304462,9.431613888861353,1.472524493804339,7.120756524587777,4.835747421887931,0.28777525222145167,7.002630131753266
1849,209_0.mat,Inner,2,0.968694994063166,-0.0046675816392968555,0.6686875533831854,0.938369991523037,0.5250059046578979,5.86585888776603,10.573934663428268,0.939265456627165,0.9691570856301701,0.12501060881979495,6.714780010910232,1.4486511512898093,8.772196907328825,6.0554239711261255,0.1373296598592229,7.6112342391914245
1850,209_0.mat,Inner,2,0.9791066253110164,-0.007028805766106441,0.661756680934567,0.9586497837279271,0.5105885889119305,5.86585888776603,10.573934663428268,0.9595374278868501,0.9795598133278285,0.2140478956548027,7.436493090091171,1.4795568424436485,8.864072032447178,5.991031759076014,0.2277288658267552,8.076893187151317
1851,209_0.mat,Inner,2,1.0500207300442677,-0.006578006020757756,0.736014309595915,1.102543533522697,0.5767441812454067,4.71761077257839,8.57358592673438,1.1035779762268971,1.050513196598166,0.36713942370221847,6.9184513366086735,1.4266308634941096,6.409672626014613,4.492873938188828,0.3166842645708226,5.680712900843549
1852,209_0.mat,Inner,2,1.031441643841358,-0.007068071405567305,0.7310970211048162,1.0638718646501628,0.5817081394180853,4.71761077257839,8.57358592673438,1.0648618111291996,1.031921417128843,0.24700564982241308,6.14471169729669,1.4108136322061025,6.4527834697545305,4.573802891072152,0.22478483510283012,5.418948285803622
1853,209_0.mat,Inner,2,0.9227533704416878,-0.006601414382744046,0.6397744552392892,0.8514737826614946,0.5020273624550076,5.209385722921379,9.377746222892725,0.8522624915790745,0.9231806386504618,0.09179116450861663,4.812334198035235,1.4423104312520827,8.142534732751741,5.645480027260366,0.11666506208342949,6.625353099229438
1854,209_0.mat,Inner,2,0.9749554214271284,-0.004598111661789188,0.6791088184720335,0.9505380737701496,0.52588441321426,5.209385722921379,9.377746222892725,0.9514460776995488,0.9754209746050927,0.2256100925743715,5.20109569431669,1.4356394658801541,7.670914559222789,5.343204015718583,0.2430984857149548,5.745482209043609
1855,209_0.mat,Inner,2,1.0733629920435075,-0.005470261922890918,0.7440889077747981,1.1521081126885906,0.5788664305217487,5.964832462677826,11.314690013158744,1.1532043650608403,1.0738735330851767,0.3932897696948626,8.712465725457223,1.4425198129239192,8.016289989468696,5.557143768592398,0.3175800649841627,6.551315690340751
1856,209_0.mat,Inner,2,1.0102146414951314,-0.0068007630138530225,0.6820648089365224,1.0205336218911367,0.5290790133958024,5.964832462677826,11.314690013158744,1.021484915376238,1.010685369131382,0.3200015704976648,8.416223993502928,1.481112393217853,8.745257612644561,5.904519908604659,0.30995894447459615,8.065909970323311
1857,209_0.mat,Inner,2,0.9263074893383094,-0.0074139110762033115,0.6420423094914122,0.8580455648042422,0.5015346741897575,4.340274018227166,8.091089749039371,0.8588292992143104,0.9267304350318437,0.1300772115684807,4.544747686483749,1.4427514754761763,6.760105921459466,4.685565072266527,0.16343344691098205,6.161636487150696
1858,209_0.mat,Inner,2,1.043738585198522,-0.009636195247997572,0.7088925566601292,1.0893902342322122,0.5456065682617077,5.2070660297593845,9.335991745976813,1.090362184794443,1.0442040915426654,0.32438416695459604,7.937207764630646,1.4723508878616407,7.345352946410623,4.988860336866819,0.2849072340904741,6.676151542450734
1859,209_0.mat,Inner,2,1.0495335556185774,-0.009620337970523004,0.7273232392848789,1.1015206843693734,0.5645699477132805,5.2070660297593845,9.335991745976813,1.1025047983088048,1.0500022849064685,0.27709200555815644,7.47203197420524,1.4430084162429078,7.1592185544242115,4.961314482875649,0.23936093002858008,6.147205688933057
1860,209_0.mat,Inner,2,0.8953978615161303,-0.00344581616530327,0.6374658562907117,0.8017373304076594,0.50677282899251,4.213464125371426,7.858347201785849,0.8025091571073519,0.8958287543427884,0.14965694401421828,3.5626175555326043,1.4046208948740715,6.60970949861085,4.705689287924233,0.20817179054325927,5.531834905026282
1861,209_0.mat,Inner,2,0.9436519895092227,-0.006995580994254951,0.6406302566877237,0.8904790773047142,0.5025093365244595,6.271805191115195,11.356444490074658,0.8913005498444746,0.9440871516149738,0.24227938286477194,7.119225849436159,1.4730056528811977,9.79005459956383,6.646311628474824,0.2879255446880776,8.961576609456488
1862,209_0.mat,Inner,2,1.0824872062732889,-0.007317257194453505,0.7222350594190503,1.1717785517453496,0.5553772202023006,6.271805191115195,11.356444490074658,1.1728703907334501,1.0829914084301178,0.38403473875880495,11.467814056855755,1.4988017988804345,8.683883604530928,5.793883895128454,0.3023399085393684,8.336439396490798
1863,209_0.mat,Inner,2,1.0412907979923656,-0.0047159085801717435,0.7162591355879039,1.0842865259835777,0.558675285812703,5.591361863596594,9.884985794315682,1.0853241730776124,1.041788929235482,0.27057522617333607,8.09414409321023,1.4537905993146218,7.8063393341565,5.36964493911932,0.23930337081939507,6.871506781870188
1864,209_0.mat,Inner,2,0.8937739673214579,-0.007940976775120187,0.6125550831570302,0.7988319046615384,0.4745207554112257,4.229701977505393,7.687463138852199,0.7995496557600986,0.894175405477079,0.12573897853988836,4.05436761143241,1.4590915852230015,6.90501490200546,4.732406774138445,0.17587405099390252,6.342087689737377
1865,209_0.mat,Inner,2,0.9870070139037221,-0.0078058123623606975,0.661627566292248,0.9741828454951424,0.50795676590031,6.0467949544016575,10.97601481150744,0.9750741356240764,0.9874584222255013,0.2709511384052966,7.78294480183318,1.4917864130622678,9.139273002602774,6.126395121023291,0.2814067594101541,8.185942259494283
1866,209_0.mat,Inner,2,1.0759751358736596,-0.007409380425496283,0.7479928273701797,1.1577224930183403,0.5859552470425793,6.0467949544016575,10.97601481150744,1.158799233976981,1.0764753754624306,0.3646943796070966,9.332565639462597,1.4384832267111083,8.08402799215751,5.619827775561208,0.2923592042793508,6.949997594607845
1867,209_0.mat,Inner,2,0.9719886244470853,-0.006413392378402629,0.6840208033983121,0.9447618860545371,0.5377785698218939,5.086441985335632,9.111754740317274,0.9456442351511276,0.9724424071126925,0.22624274399693892,5.329696985123347,1.420992782115233,7.436092528265271,5.233026248865635,0.2460271243635287,5.960009604808596
1868,209_0.mat,Inner,2,0.8868420069370483,-0.00800289566811617,0.6326079934053211,0.7864887452681315,0.5030910125144183,4.320943241877205,7.687463138852199,0.7871934425252727,0.8872392250826564,0.12778534871343314,3.23697364499065,1.4018823919087502,6.830364596897978,4.872280753587545,0.1829611413912868,5.223675954568665
1869,209_0.mat,Inner,2,1.004423697623143,-0.007480360619906308,0.7196276921942367,1.008866964346947,0.5712791150407646,4.671216909338486,8.535697605088457,1.009797138570078,1.0048866297100774,0.2445656905426457,5.260741055133023,1.3957546499623037,6.491157802847828,4.6506438671128025,0.24101514145566771,5.159155928017887
1870,209_0.mat,Inner,2,1.0571550480801575,-0.00878141248127277,0.7572456894660554,1.11757679568136,0.6014493292332623,5.349340543695091,9.69245126187008,1.1185920575323778,1.0576351249520686,0.28366441925099284,7.231323067696968,1.3960529096232641,7.064207321483629,5.060128647547662,0.23977133842368467,5.779287529584149
1871,209_0.mat,Inner,2,0.9412367016656613,-0.00837818456834781,0.6591867877533915,0.885926528562453,0.5172180258138209,5.349340543695091,9.69245126187008,0.8867222743067946,0.9416593196622622,0.22898039773527165,5.3496424424893,1.4278755568996018,8.115060318363389,5.683310621252803,0.27423120903617754,6.803768367695279
1872,209_0.mat,Inner,2,0.9308092941470664,-0.007250052542299349,0.6430083256138088,0.8664059420705599,0.5008535870562107,4.496466691134844,8.087996824823376,0.8672002540567962,0.9312358745542378,0.19369041825175007,4.7441836139409705,1.4475851354756228,6.992859208837729,4.830706697283556,0.23984410151100882,6.308450451230005
1873,209_0.mat,Inner,2,1.0148419596880152,-0.00639375955867221,0.6928600762192189,1.0299042031434111,0.539490050486695,4.734621855766355,8.719726595940077,1.0308700319977397,1.0153177000317386,0.2911502160016231,7.313346263541833,1.4647141529994254,6.833445912478152,4.6653784961918765,0.27817061118459663,6.881899199596647
1874,209_0.mat,Inner,2,1.0196625143405023,-0.0073195225198070205,0.6924160724499306,1.0397116431511948,0.5398214112317044,5.550380617734677,10.200464064347035,1.040674351287456,1.0201344770604786,0.32643085596717286,8.634173112437322,1.4726153174510006,8.015961556305461,5.443350657368346,0.30748145492715634,7.972436153813899
1875,209_0.mat,Inner,2,0.9390680654250113,-0.01000317795526635,0.6521146922187422,0.8818488315010734,0.5122465314276174,5.550380617734677,10.200464064347035,0.8826106924362008,0.9394736251945559,0.21428992782785378,5.708798636978712,1.4400351297537932,8.511356489824912,5.910520037987586,0.25843300764423954,7.32835257955724
1876,209_0.mat,Inner,2,1.0029796727366143,-0.00888335212218076,0.6975276695805765,1.0059682239228458,0.546200087526247,5.126650000143549,9.259441871630969,1.0068725839857178,1.0034304081428456,0.25777423326451065,6.07577779259719,1.4379066472563993,7.349744280709114,5.111419642384629,0.2551395177109839,5.993118305368181
1877,209_0.mat,Inner,2,1.0399534062841693,-0.008640962309355085,0.7144851400685084,1.0815030872420466,0.5603541920829812,5.126650000143549,9.464348100940548,1.0824855357934633,1.0404256512569572,0.2871117858516072,8.080837309665466,1.455528390951557,7.175306682578178,4.929692012314782,0.2549281929518605,6.896236697741729
1878,209_0.mat,Inner,2,0.950878421990009,-0.008431797268380913,0.6435572983606408,0.9041697734062097,0.5014974260005586,4.780242487952261,9.11794058874926,0.9049824501249849,0.9513056554677812,0.18360063829107287,6.297911621911055,1.4775349831487299,7.427842866706253,5.027185786741368,0.21326223231373004,7.689821298244818
1879,209_0.mat,Inner,2,0.9303500340358486,-0.009570500812745762,0.6420981786139678,0.8655511858305046,0.49946342114970504,4.710651693092403,8.604515168894315,0.8663055929002645,0.9307553883272793,0.13072892117417367,4.431673118047767,1.4489217771068157,7.336341777597739,5.063311141778093,0.16213060372424448,5.905075880778122
1880,209_0.mat,Inner,2,0.9669114156568469,-0.0087882084573333,0.6755560243064462,0.9349176857275279,0.5274853981504201,4.796480340086228,8.522552677170484,0.9357542756544571,0.9673439283183913,0.21371889139251554,4.978990948903682,1.4312823524119809,7.100048208441918,4.960620241330898,0.2361022807976579,5.686141938732219
1881,209_0.mat,Inner,2,0.9354753157488466,-0.010083974559541567,0.6428127614277868,0.8751140663754042,0.4998267481415065,4.796480340086228,8.522552677170484,0.8758677194022155,0.9358780472915345,0.25652671237962793,5.117436479725115,1.4552842940914172,7.46170677978614,5.127318978204706,0.31294989819444924,6.670761594553171
1882,209_0.mat,Inner,2,0.8941590503167054,-0.009721522502979819,0.6115608332887732,0.7995204072632724,0.47405476890269516,4.300066003419248,7.849841660191865,0.8002073517554451,0.8945430966451225,0.18029018433251326,4.276329564620935,1.4620933873524073,7.031297246895088,4.809061656191237,0.25186526473508714,6.678302601627055
1883,209_0.mat,Inner,2,0.9234156012166396,-0.007936446124413188,0.6437752611297705,0.8526963725702879,0.5004939881412003,4.300066003419248,7.849841660191865,0.8534668491130392,0.9238326954124535,0.11003023043888599,4.138357921791731,1.434375716138408,6.679452074418519,4.6566962890263826,0.13955070586509008,5.6813917499924855
1884,209_0.mat,Inner,2,0.9922058655053944,-0.009458744761972563,0.6962520278332913,0.9844724795433086,0.5444306346628314,5.307586066779177,9.424913317186629,0.9853452629241609,0.9926455877724742,0.23641952604703026,5.8025707885473405,1.42506711052846,7.62308166381727,5.3492790672733355,0.2417133807952459,5.976454001455438
1885,209_0.mat,Inner,2,0.987974305155861,-0.008117672152694065,0.6806864902455403,0.9760932276482065,0.5341378338826934,5.307586066779177,9.424913317186629,0.976981414459586,0.9884237018908368,0.3129003068681231,6.490306791872749,1.4514380986142728,7.797401803665596,5.37219038903698,0.3240235203016002,6.7997449318220795
1886,209_0.mat,Inner,2,0.945729140829441,-0.009826482577692499,0.6435688841092513,0.8944036078139926,0.5021330993772134,5.17459032549145,9.468987487264538,0.8951812484921237,0.9461401843765667,0.18846732444890896,5.992050080959549,1.4695072496193369,8.040460707862593,5.471535244169026,0.22252028147592037,7.477449381094478
1887,209_0.mat,Inner,2,1.0860956250899236,-0.009769849443854717,0.7275832557139243,1.179603706839472,0.556721419122885,6.387789849214957,11.561350719384237,1.1806612463797341,1.0865823698089963,0.3254492181772714,10.869651771929183,1.4927441176786354,8.779462417587256,5.881424896339303,0.25368528110995714,7.797672917647348
1888,209_0.mat,Inner,2,1.091939064756864,-0.008543553319154105,0.7484355889472394,1.1923309211420952,0.5766639693326352,6.387789849214957,11.561350719384237,1.1934233813596369,1.0924391888611635,0.279990145598075,9.700812491375988,1.4589619746588252,8.53485582933273,5.849950840096961,0.21475878242033045,6.811127744643856
1889,209_0.mat,Inner,2,0.9405934753328806,-0.009792502697389831,0.6371071708735748,0.8847160858387864,0.48978380876408095,4.852152975974113,8.86973342041577,0.8854849241009002,0.9410020850672437,0.2206238224445301,5.542668759882769,1.4763504765480848,7.615913299662641,5.158607946171171,0.2647772379878176,7.068977220773858
1890,209_0.mat,Inner,2,0.9774271036472051,-0.010691081754282534,0.6739159376533352,0.9553637429441642,0.5228170030278114,4.852152975974113,8.86973342041577,0.9561832163873407,0.9778462130556833,0.2876297024526271,5.80817080488624,1.4503694734528547,7.199938011353099,4.964209563929278,0.30762530509790786,6.352682447266238
1891,209_0.mat,Inner,2,1.0125393592126668,-0.008727044672788519,0.7190731879206503,1.025235953954798,0.5658589229051062,4.2644973749353206,7.794942255357977,1.0261619038803353,1.0129964974669632,0.2714284813643214,5.488865595397221,1.4081172490094185,5.930547052186817,4.211685537090735,0.2611148584611008,5.212557052488952
1892,209_0.mat,Inner,2,0.9663831512752578,-0.008462001606427723,0.6766406102613387,0.9338963950686978,0.528560206796388,4.2644973749353206,7.794942255357977,0.934737619303862,0.9668182969430512,0.1792137223543029,4.886324070583436,1.4282074362941115,6.3024555580279795,4.4128432592221785,0.19830637602822684,5.5924591910500565
1893,209_0.mat,Inner,2,0.9422891855582424,-0.012479933675105005,0.6413732789522597,0.8879089092200158,0.49167636662739234,5.212478647137373,9.23933786422701,0.8886209543762388,0.9426669371396447,0.1966708469764425,5.248399748935893,1.469174373924786,8.127059262032702,5.5317186348093355,0.23478219743283799,6.646512195844663
1894,130@6_0.mat,Outer,3,0.9639304983640907,0.016357175969162044,0.5871259562091122,0.9291620056764442,0.42068035746492705,4.384298759213098,8.664888637715354,0.929802458684317,0.9642626502588997,0.11069677552403603,6.907511287262476,1.6417780344548982,7.4673904514691705,4.548355681918196,0.12346644260532909,7.989879375229848
1895,130@6_0.mat,Outer,3,1.0237539024061804,0.015088231150972952,0.6209771834075257,1.0480720526918832,0.4401143355243867,5.267356332083858,9.58921625522887,1.0488686837966383,1.0241429020388895,0.1981365444300976,8.374346972955871,1.648617581706988,8.482366941682933,5.145139197710093,0.18445180362474323,7.612174113113083
1896,130@6_0.mat,Outer,3,1.0397220129419587,0.01691430260582611,0.6285178802745441,1.0810218641960785,0.44300549036091746,5.267356332083858,9.745799659902861,1.0817922082668225,1.0400924037155654,0.2554542702907969,8.607005514136606,1.654244128243641,8.380599020945327,5.066119853685194,0.2270373940866405,7.35469018844427
1897,130@6_0.mat,Outer,3,1.0124716472913766,0.018196286558064795,0.6257245710659067,1.0250988365689135,0.4512939075206424,4.672582159291182,9.151025487110186,1.0257694597124105,1.0128027743407946,0.11656032917036815,7.785104096081151,1.6180787747635315,7.467474309541791,4.615025192840641,0.11219567564709397,7.398861446783957
1898,130@6_0.mat,Outer,3,0.9603443694910573,0.017123521438530805,0.5727283602109806,0.9222613080131763,0.402281752483875,4.606428705378527,8.914329642835549,0.9228693326093468,0.9606608832513931,0.14948116892254448,6.78978562594063,1.6767885723968876,8.042955483597105,4.796642591672555,0.1686072184093242,7.9721531592762025
1899,130@6_0.mat,Outer,3,1.0341445326259322,0.01719820011536024,0.6146857085438353,1.0694549143601075,0.4262150595356482,4.9347683252569325,9.576471094383313,1.07020425761823,1.0345067702138202,0.13902453267664874,9.038875643879784,1.6823956019314243,8.028116249748452,4.771836208157135,0.12557160125264125,7.89189071530447
1900,130@6_0.mat,Outer,3,1.0908995504011556,0.015624613710739954,0.668723343488015,1.1900618290654434,0.47578478971581334,4.9347683252569325,9.576471094383313,1.190980767667759,1.0913206530015636,0.0595393728385496,10.436073416588615,1.6313166887661903,7.379386966679137,4.523577192270132,0.045808612019266434,7.357455242098648
1901,130@6_0.mat,Outer,3,1.001553164280011,0.015287966977096138,0.6058369282007339,1.003108740879303,0.43021135474916744,4.744877880733274,9.285760044620362,1.0038553464317597,1.001925818826803,0.09374623427429614,7.829452170627027,1.6531728550335416,7.831939024940564,4.7375197343013715,0.09320669891273563,7.769429007363366
1902,130@6_0.mat,Outer,3,0.9937825924918273,0.01701328148702068,0.6014922188387487,0.9876038411397773,0.4240239616040729,4.744877880733274,9.03571212707895,0.9882795060979945,0.9941224804308544,0.09838122239919136,7.3880247071211596,1.6521952593315157,7.888510827099191,4.774563286353318,0.1001365282232153,7.564300269703028
1903,130@6_0.mat,Outer,3,1.0222825972340794,0.01634947102631456,0.6172059893184452,1.0450617086076552,0.4333671141601999,4.547631343837743,9.002331943912015,1.04581570780697,1.0226513129150963,0.14518168381524482,8.118246849886823,1.6563069946247397,7.368093347331472,4.448507052880985,0.13574663985732963,7.422529488960665
1904,130@6_0.mat,Outer,3,1.0384153373363558,0.016451413347065864,0.6299841263999755,1.0783064128153779,0.4422423798866607,4.831593213650041,9.379224557487785,1.0790895622148624,1.038792357603223,0.23093956975746954,8.446315978523556,1.6483198446105292,7.66938881659187,4.6528523221150895,0.20602129598552696,7.253578926490879
1905,130@6_0.mat,Outer,3,1.024478107906814,0.01739378712610401,0.6120859225661246,1.0495553935803255,0.42303048297317286,5.184816242798344,10.02073098671417,1.0502785123594633,1.0248309677012417,0.20445155516970695,8.59036025414255,1.6737488482174074,8.470732705390311,5.060934150546915,0.1899475506964396,7.78757812502612
1906,130@6_0.mat,Outer,3,0.9744469917294365,0.015461031847208796,0.5807415509456371,0.9495469396905485,0.4036611034559931,5.184816242798344,10.02073098671417,0.9502358608926712,0.9748004210568804,0.14384149819313832,7.284267078176731,1.6779357188082038,8.927923676800534,5.320778130364049,0.15528770570735959,8.067203797646696
1907,130@6_0.mat,Outer,3,1.0417538323950337,0.01487723425453423,0.6417596209050425,1.08525104730974,0.45691916453462095,4.66233779144776,9.30882271662661,1.0860903503184087,1.0421565862759823,0.10184863073244255,8.252809798131075,1.6232773120319965,7.264928548894096,4.475469776506013,0.08998212849037807,6.9963241999195676
1908,130@6_0.mat,Outer,3,1.042736787554798,0.015350199207787331,0.6373075636020831,1.0873000081200996,0.45503473367500824,4.66233779144776,9.30882271662661,1.0881270035312667,1.0431332625946057,0.05703316840540368,8.978107526761903,1.636159441855012,7.315679363804753,4.4712508919690075,0.050246766229650144,7.582730593259965
1909,130@6_0.mat,Outer,3,0.9927404966616992,0.01472669152505265,0.6031215391627807,0.9855336937121171,0.42958905221689525,4.440814757703548,8.774132873534416,0.9862799823140715,0.9931162984837534,0.018547694537228196,7.632429697576107,1.646004050921676,7.363051175158947,4.473288611306034,0.0189360593806629,7.846254220751045
1910,130@6_0.mat,Outer,3,0.9949850203870207,0.016980683651896717,0.6036139199590665,0.98999519079456,0.42970793612285824,4.761798285210083,9.202613042913631,0.990674302550859,0.9953262292087248,0.11748061939138439,7.705789333011143,1.6483798459333845,7.8888145679693915,4.785798969469002,0.11914337021494245,7.8515488323472304
1911,130@6_0.mat,Outer,3,1.0059020023390124,0.01434085169476723,0.6168157072949121,1.0118388383096346,0.4436722678652038,4.761798285210083,9.328850826526772,1.0126220670196273,1.0062912436365663,0.10761404681182798,7.818022327649453,1.6307982926518432,7.719969236979321,4.733859038089986,0.10560825881145151,7.62433783788091
1912,130@6_0.mat,Outer,3,1.0553379792510833,0.01383647428221285,0.6548164641629465,1.1137382504497597,0.4706189046628889,4.567052541316688,8.809333793965004,1.114635313477515,1.0557629059014695,0.07589329959505742,8.548094613674056,1.6116546192810115,6.974553621139915,4.327573375643461,0.06449176128806873,6.8802421621479315
1913,130@6_0.mat,Outer,3,0.9858226901288805,0.014385303288118087,0.5963448170134855,0.9718463763729426,0.4237074558621945,4.60582179295731,9.13585267657976,0.9725892335956849,0.9861993883569817,0.15237839353165866,7.2430787913739785,1.6531085070282994,7.7234205136814875,4.672059021435691,0.1588653573974748,7.657099563655765
1914,130@6_0.mat,Outer,3,0.986158629636816,0.01352531312875686,0.5914490218344608,0.9725088428071629,0.4153036846106466,4.60582179295731,9.13585267657976,0.9732763739208391,0.9865477048378548,0.16630799452270245,6.994876317325648,1.6673603188596737,7.787352118131722,4.6704674628755,0.1732043738532731,7.384271863671497
1915,130@6_0.mat,Outer,3,1.0079336510947459,0.016032382993745122,0.6089031808204182,1.015930245009185,0.42928257989217816,4.64648492517885,9.280904745250627,1.0166660456399221,1.0082985895259013,0.1640289584179296,7.5935056228835895,1.6553266312963426,7.630909266906247,4.6099114957889915,0.16001218223354824,7.346587917020193
1916,130@6_0.mat,Outer,3,0.9906731484012731,0.013489159166164834,0.6057561296134739,0.9814332869632909,0.432754397355313,4.64648492517885,9.280904745250627,0.9822105195087385,0.9910653457309152,0.04072586038901977,7.214131590243566,1.6354323133829036,7.670553706383539,4.690230004388992,0.041837275645087296,7.477818116912671
1917,130@6_0.mat,Outer,3,1.011857096518654,0.013615401691281262,0.6227833466779858,1.0238547837751608,0.4446587143769375,4.596718106639054,9.124321340576635,1.024670058966405,1.0122598771888596,-0.012189907053176095,7.602173911021353,1.6247337086234204,7.38092649900036,4.542853059438684,-0.011752339392405038,7.240519175500884
1918,130@6_0.mat,Outer,3,0.9784863036160549,0.014160081881807078,0.5979220522303399,0.9574354463642104,0.4266024907418539,4.596718106639054,9.124321340576635,0.9581706519726281,0.9788619167035911,-0.01000525973764086,7.096739554895722,1.6364780324868706,7.6878216641866794,4.6977848229933405,-0.010667534854378902,7.7298868717749825
1919,130@6_0.mat,Outer,3,0.9681933135213636,0.012817051074699895,0.5962409035976832,0.9373982923474774,0.4293264218169967,4.360702318102901,8.558678964002375,0.9381501778322654,0.9685815287482337,-0.0024758971944420054,6.761638580838942,1.6238290725740505,7.313658442054816,4.503958307910971,-0.0027247336790294195,7.6825823280761325
1920,130@6_0.mat,Outer,3,0.9871133410014832,0.013939009290875503,0.6058375421443905,0.9743927479831105,0.4356797403813439,4.360702318102901,8.558678964002375,0.9751507476551065,0.9874972139986555,0.0831232126034304,7.079604221995067,1.6293366989208358,7.197808017411388,4.417630820057908,0.08632064616898066,7.445013051595532
1921,130@6_0.mat,Outer,3,0.9842866894801082,0.012130125785451345,0.5988947245218774,0.968820287087711,0.4254897712051494,4.418892767222468,8.726186792258272,0.9696200417081207,0.9846928666889594,0.063457137405557,6.842395708812534,1.6435053594173197,7.37841324406869,4.4894366798275005,0.06646271855332368,7.277882159566907
1922,130@6_0.mat,Outer,3,0.9881825463405879,0.012476255525676666,0.6074014099996217,0.9765047448921682,0.43238899019843235,4.806709804380142,9.114003829415946,0.9773034858756517,0.988586610204514,0.05917785344983939,6.874100907631352,1.626901963134357,7.913563790336315,4.864192169933947,0.0612512613060795,7.197091222556668
1923,130@6_0.mat,Outer,3,0.9308914222132015,0.012287780769869036,0.568039677573353,0.866558839950117,0.4075736888489738,4.806709804380142,9.055133324557895,0.8672547788888773,0.9312651496157672,0.12035387478703626,5.870566712875859,1.6387788722581855,8.461926154359123,5.1635558021868855,0.14901844404555947,7.805246522063415
1924,130@6_0.mat,Outer,3,1.0020708555098268,0.01109055118895266,0.614298469050665,1.004145999462196,0.4412527441819604,4.5360268645173525,8.87730798514131,1.005004448793546,1.0024991016422637,0.13216418584997708,7.2979646935242135,1.6312442664179074,7.384076459640101,4.526652820578258,0.1311782426922129,7.225464798102776
1925,130@6_0.mat,Outer,3,0.9964636798423052,0.012428840492769093,0.607617690913987,0.9929398652448681,0.4318607147808776,4.997280304642287,9.338561425266246,0.9937558538699183,0.9968730379892508,0.1288296574056247,7.220759035915352,1.639951724153671,8.224382501301244,5.015015003284529,0.13004579140869507,7.311785670432129
1926,130@6_0.mat,Outer,3,0.9270418625493748,0.012100491389884109,0.5651956038296172,0.8594066149190139,0.4023525606366037,4.997280304642287,9.172267421852782,0.8601001345647982,0.9274158369171825,0.10803277610727541,5.582908926138154,1.6402142130376494,8.841682898403995,5.390565956637949,0.13543534327195883,7.546794287599946
1927,130@6_0.mat,Outer,3,0.9446296705690062,0.011948170596668504,0.5767210631269026,0.892325214519309,0.41066634882261516,4.52631626577788,8.545933803156817,0.8930545793513497,0.9450156503208557,0.13236688488413562,5.894417517482424,1.6379316292797,7.848363021854906,4.791630420677578,0.15684199061681459,7.3906883833155765
1928,130@6_0.mat,Outer,3,0.9724709061929641,0.011554625823535588,0.5907183090687935,0.9456996633917647,0.4204860159013672,4.478977096922953,8.498594634301892,0.9464904611047655,0.9728774131948822,0.08205131596404343,6.7327281353464645,1.6462515064486793,7.582255413711513,4.605769764827905,0.08910686997939457,7.515512394019649
1929,130@6_0.mat,Outer,3,1.008615256520753,0.00971077373134209,0.621462594806917,1.017304735686424,0.4437486028109512,4.6980724809822965,8.800837020067966,1.0182047771626608,1.009061334688165,0.06750195145669938,7.0650474995945265,1.6229701754334835,7.559702740330473,4.657943106258151,0.06569973727052365,6.814669928190172
1930,130@6_0.mat,Outer,3,0.9063159270270881,0.009257960167074704,0.5492111680057533,0.8214085595829701,0.3896987920671244,4.6980724809822965,8.800837020067966,0.8221257068921519,0.9067114794090521,0.1142128331582432,5.089558219437797,1.6502139428744167,8.554218768043201,5.183702879842137,0.15321721441221747,7.530150045833987
1931,130@6_0.mat,Outer,3,0.8875148678689966,0.009895692359681648,0.5414072964503526,0.7876826406885225,0.3885018272959567,4.695037918876211,8.794160983434578,0.788354593493954,0.8878933457876311,0.12098920736843245,4.962641917475298,1.6392739323725445,8.671914748193789,5.29009494809268,0.17284794790936944,7.98490465253059
1932,130@6_0.mat,Outer,3,1.015762856387329,0.008642157427187522,0.6199514625818354,1.031774180416146,0.44071009478219886,4.695037918876211,8.794160983434578,1.0327079974348947,1.0162224153377521,0.10810663597718985,7.711454097604572,1.638455456102109,7.5732346840763825,4.622179172380846,0.10301157868756,7.2307142204560195
1933,130@6_0.mat,Outer,3,0.9903959381677427,0.009298262945046156,0.5991593779639506,0.9808841143391633,0.4201757042282157,4.353346225731031,8.442151779128709,0.9817564031328024,0.9908362140802094,0.11509729986544881,6.8632400615770806,1.6529757767150874,7.265756634765871,4.395561469870763,0.11832037070777897,7.120683864374646
1934,130@6_0.mat,Outer,3,0.9228195619418468,0.01033428141407677,0.5640112994422393,0.851595943902542,0.39613973438578254,4.208901069481381,8.07132828976511,0.8523214917369709,0.923212592925904,0.09019904258281897,4.9622698287586,1.636172117212551,7.462441042646087,4.5609144442281035,0.1146295977539404,6.830830308346651
1935,130@6_0.mat,Outer,3,0.9036127205012993,0.008332181649554224,0.5410139659642821,0.8165159486517592,0.3810102593411138,4.433458665331678,8.496773897038242,0.8172446138439249,0.904015826102577,0.05711629251847044,5.310847435226547,1.6702206917876237,8.194721290459592,4.906370356171183,0.07730932985487284,7.951694597005323
1936,130@6_0.mat,Outer,3,1.0036639559438145,0.009298262945046154,0.6032686473670904,1.007341336460787,0.4250059305010669,4.433458665331678,8.604197395593653,1.008239487641642,1.0041112924579836,0.05609609774864226,7.672830653916131,1.6637097921838775,7.349061955521383,4.417273968116323,0.05540986567609587,7.547935980416706
1937,130@6_0.mat,Outer,3,1.0078596501641375,0.010967864791304297,0.6115724830593281,1.0157810744289777,0.42894989863052324,4.256847150757524,8.4275858810195,1.016653606158161,1.0082924209564212,0.03621064617098339,7.357996781136896,1.6479807023376458,6.960494902347676,4.2236507335719224,0.03532456045171127,7.11891131317953
1938,130@6_0.mat,Outer,3,0.9154993526098232,0.0077827599557376455,0.5543097474734386,0.8381390646290054,0.39077799324874946,4.088805553397678,7.923848571409376,0.8388977293402856,0.9159136036440804,0.03267403701880332,5.33124734166727,1.6516024781830856,7.376391218136081,4.46620256118938,0.042524505141979314,7.575491132823374
1939,130@6_0.mat,Outer,3,0.9560411106242335,0.006854610686571776,0.5751414996698934,0.9140146052036179,0.403873681988041,4.339460383360306,8.237015380757356,0.9148610384988625,0.9564836843871737,0.031508764459433236,6.3034101765738795,1.662271130098068,7.545030893864251,4.538989312418143,0.03600797304961622,7.531219465276854
1940,130@6_0.mat,Outer,3,0.9858605181435155,0.007463893859434171,0.5873563264370936,0.9719209612342009,0.40803015374515406,4.542095988729523,8.881556372089829,0.9728152664312804,0.986313979638979,0.04982013006956103,7.283277010668931,1.6784709277280998,7.733118354703298,4.607239974756455,0.0519229418772287,7.69601797477144
1941,130@6_0.mat,Outer,3,0.95624630337581,0.006322969630095546,0.5839464500250857,0.9144069927199017,0.41306409149585666,4.542095988729523,8.843927801974374,0.9152608221716105,0.9566926477043767,0.068363149648061,6.306995460586598,1.637558209889097,7.778274854700498,4.749922663951679,0.0780736987038027,7.528921567892989
1942,130@6_0.mat,Outer,3,0.9190218682504336,0.007570577683476229,0.5616536796156758,0.8446011943225173,0.3985421550164463,4.102084483347185,8.107743035038132,0.8453694367666482,0.919439740693564,0.04022775304822313,5.330248904387238,1.6362785495817616,7.303583386379353,4.463533050798855,0.05175543483520856,7.458549987207452
1943,130@6_0.mat,Outer,3,0.9786673807700135,0.007936858812687282,0.5906723651277919,0.9577898421832385,0.41679742697739985,4.709070047881469,9.257235160823162,0.9586630428331928,0.9791133963097394,-0.011032081924105392,7.068897643829413,1.6568701001554764,7.972389307318771,4.81171656520479,-0.011753264242051866,7.691653695162644
1944,130@6_0.mat,Outer,3,1.0166473929098145,0.007338836710140441,0.619000740998763,1.033571921510323,0.4382617022089978,4.94144436189032,9.731233761793654,1.0345283445725615,1.0171176650577658,0.01099969605936513,8.239149646399277,1.6424009303572122,7.9829377165353215,4.860529222174288,0.01045362926036441,7.6983491216712965
1945,130@6_0.mat,Outer,3,0.9706744557716284,0.007144435075219361,0.589813160687659,0.9422088990875469,0.4173650529388228,4.94144436189032,9.731233761793654,0.9430788315564448,0.9711224596086967,0.0591604701470709,7.077264120053462,1.6457321071613258,8.377982539624492,5.090732873934625,0.06459659431226755,7.957367394856724
1946,130@6_0.mat,Outer,3,0.976047464614322,0.006173019588525322,0.5968951171112966,0.9526686531800462,0.42396803241398107,4.675082952293317,9.220820415550142,0.9535617596651289,0.9765048692480386,0.06891783673446028,6.889892072371893,1.6352076547992498,7.83233572911566,4.78981107146859,0.07401306634476842,7.577304954300196
1947,130@6_0.mat,Outer,3,0.9798284716996131,0.006317042750982094,0.5886387389634568,0.9600638339531994,0.41824013981975655,4.918988602305291,9.594071554598607,0.9609623687373017,0.980286880835045,0.06413658432124308,7.514860730515002,1.6645667483987614,8.356549232486566,5.020254814363355,0.06808418697528602,8.137821777231643
1948,130@6_0.mat,Outer,3,0.979266082585106,0.006730738913100729,0.5870521635980626,0.9589620605015795,0.4167091409345161,4.918988602305291,9.305788154520524,0.9598541151896279,0.9797214477542215,0.12996608540812798,7.747126361039416,1.668107441392402,8.379133758997266,5.023137929289784,0.1382045023150024,8.408725538503658
1949,130@6_0.mat,Outer,3,1.0002338215974076,0.004892221012109337,0.609175446520573,1.0004676978673546,0.42942259716821235,4.739342525625053,9.126142077840287,1.001421714934414,1.000710604987483,0.11096197991149678,7.404461441054842,1.6419470405591698,7.779930318411507,4.738234624031632,0.11072576529219019,7.383452188562044
1950,130@6_0.mat,Outer,3,0.9812333909020265,0.006101304351252613,0.5961626475376405,0.9628189674210893,0.42222682382730725,4.820668790068133,9.171660509431563,0.9637228771284985,0.9816938815784167,0.12079974779986999,6.798869452354063,1.645915581852061,8.086163750733276,4.912866637805389,0.12768438082466163,7.320358750949978
1951,130@6_0.mat,Outer,3,0.9941983498603761,0.007242821268502588,0.60520882187275,0.9884303588650949,0.4309370993689463,4.820668790068133,9.171660509431563,0.9893440567105488,0.9946577585835988,0.1173051538471059,7.447935249487899,1.6427360506449649,7.9652982835629444,4.8487998302756115,0.11920543850704271,7.609238453953902
1952,130@6_0.mat,Outer,3,1.0033835558982003,0.0056692348638822995,0.5960580989224362,1.0067785602469166,0.4206152543677991,4.506288155877718,8.856066050398713,1.0077305318705045,1.0038578245301994,0.08026242455459695,8.453537006320708,1.6833653593675693,7.560149193537847,4.491092294052324,0.07934063086834842,8.324336438318776
1953,130@6_0.mat,Outer,3,1.0287802465932614,0.006043813623852179,0.6178375089158555,1.0583887957804916,0.4344955180835664,4.662264648130493,9.265125022298985,1.059386825544192,1.0292651871817058,0.12610088119929658,8.72471848818153,1.6651307694102915,7.546101654307152,4.5318372544231345,0.11564750556572108,7.773959743294709
1954,130@6_0.mat,Outer,3,1.0479583108554071,0.004969270440584154,0.6451393204068473,1.0982166212909181,0.4570698452726768,4.662264648130493,9.265125022298985,1.0992654290377513,1.048458596720801,0.09313439470773598,8.329668763930584,1.6243906977998237,7.226756299992814,4.448902785379334,0.08080835041875035,6.893227178759569
1955,130@6_0.mat,Outer,3,0.9780295194156847,0.004988829141658532,0.5939824344278861,0.9565417408484752,0.42447934864293446,4.942124417628804,9.71970242579053,0.9574518640182258,0.9784946928922128,0.021882460226545174,7.27096279447196,1.6465630340669244,8.320320822922406,5.0531444291951235,0.023357197031322267,7.931549233532885
1956,130@6_0.mat,Outer,3,0.993281215203197,0.006276147285099313,0.5905675809697801,0.9866075724755398,0.41580247874193543,4.942124417628804,9.71970242579053,0.9875325697259184,0.993746733190061,0.049165657760773876,8.21014979451314,1.6819094837045283,8.368431618791023,4.975554094831856,0.050099652297801264,8.418761861943569
1957,130@6_0.mat,Outer,3,1.053586350488614,0.005011351282289626,0.6316764145006515,1.1100441979359168,0.44297445442491934,4.871115664346413,9.659011183668827,1.1111041469377365,1.0540892499868009,0.11499772688347165,9.670673394204307,1.6679209897678704,7.711409754295453,4.623366335452949,0.09818770365044427,7.8333436439418636
1958,130@6_0.mat,Outer,3,1.0685385048848202,0.0036961768070156455,0.6607436791657525,1.1417745364214866,0.4724900576958296,4.787895519322415,9.451447135612607,1.1428769654851045,1.0690542387947883,0.0874801083624616,9.431204404625763,1.6171755229385283,7.246222204290039,4.480788944366615,0.07159951703380318,7.220515393309265
1959,130@6_0.mat,Outer,3,1.0417042175004425,0.004275232896399458,0.6291913956906793,1.0851476767582091,0.4454474246365655,4.747839299522092,9.238420875765435,1.0861901316923717,1.0422044577204472,0.06366850744267694,8.873814042736793,1.6556237492015953,7.545938059599057,4.557761425704814,0.05624266482967497,7.521398824946896
1960,130@6_0.mat,Outer,3,0.9928372625366676,0.003753074846504734,0.5846577758652505,0.9857258298813038,0.41019770337135264,4.678724426820619,9.220213503128925,0.9866752944026904,0.9933153046252184,0.051697959124495645,8.08965146799017,1.698151129634158,8.002500984252624,4.712478674361914,0.0527487312244015,8.309622664156354
1961,130@6_0.mat,Outer,3,1.093884600833984,0.0045081592455579475,0.6631680584392355,1.1965835199417243,0.46366950719831085,4.678724426820619,9.220213503128925,1.1977328574355306,1.0944098215182148,0.03720986720610677,9.674088320165941,1.649483244725009,7.055111245594262,4.277164541167555,0.028386913508661696,6.743573890810532
1962,130@6_0.mat,Outer,3,1.0650871153817716,0.004333908999622592,0.6495503181301372,1.1344105633522634,0.4558966157276207,4.440741614386281,8.783843472273889,1.1355006679560975,1.0655987368405133,0.026448427921779923,8.616618106731448,1.639729957251352,6.836639888289214,4.16936938795881,0.021858420272472874,6.68285529143916
1963,130@6_0.mat,Outer,3,0.9965408576688,0.0024461980019895814,0.5971017296495484,0.9930936810032673,0.41914867250709426,5.0846756932975365,9.533987224898123,0.9940584573308396,0.9970248027661296,0.06340618726942462,7.895263087260727,1.6689632740672546,8.515593643102196,5.1023253629429455,0.06397550933433582,7.989925999930415
1964,130@6_0.mat,Outer,3,1.0206985368497392,0.005754581923115934,0.5993474454013787,1.0418255031271983,0.41466055094363613,5.0846756932975365,9.579505656489399,1.0428107577947472,1.021181060240909,0.10901335377042994,9.306517675189257,1.7030164134002135,8.483686269629265,4.9815645949545315,0.10236970379504569,8.558077222783101
1965,130@6_0.mat,Outer,3,1.059871115294038,0.002742541957661947,0.6385667184418624,1.1233267810346284,0.44713544625619983,4.79699920564067,9.516386764682828,1.1244173232905148,1.0603854597694722,0.05720926640831633,9.77066926902419,1.6597656668962042,7.512134702757604,4.52602126467549,0.04798163989099622,7.728038145468522
1966,130@6_0.mat,Outer,3,1.0473038958215595,0.000419798033101913,0.6521424782558063,1.0968454502030158,0.4673612629592781,4.79699920564067,9.516386764682828,1.0979174589911733,1.047815565350684,0.0720986770116121,8.356385682422253,1.605943380073983,7.355753329338665,4.5803316733325765,0.06267188520952297,6.932327853334017
1967,130@6_0.mat,Outer,3,0.9876193392343521,0.0030845228825078772,0.5977771583256739,0.9753919592296982,0.4230337710354139,4.375875128633327,8.618156381281644,0.9763358979736505,0.9880971095867301,0.03333642787157957,7.20216966869903,1.6521530230411328,7.320244789684644,4.43073049989207,0.034555738193866786,7.555528232404094
1968,130@6_0.mat,Outer,3,1.0376175688158933,0.0016016177283233232,0.6144101375825904,1.0766502191154053,0.4251328610759417,4.595504281796621,8.971379410429947,1.0777000954355065,1.0381233527069442,0.0589967914408192,9.000871142605403,1.6888028132099717,7.479538504801124,4.42889983738082,0.05273288244608972,7.7497680037725205
1969,130@6_0.mat,Outer,3,1.0729243901276118,0.0024562736964824396,0.6475354649476481,1.1511667469307076,0.45352884918933084,4.811565103749879,9.34948584884815,1.1522859929402163,1.073445850027013,0.14875743985188755,9.749844665036054,1.6569353312759456,7.430581588502575,4.484533251381409,0.12026472745778959,7.343060919040599
1970,130@6_0.mat,Outer,3,1.0185997190961147,0.002572440527106007,0.6258545125765327,1.0375453877426837,0.4492801855458945,4.811565103749879,9.34948584884815,1.038552982189087,1.0190941969165985,0.07306644857831576,8.002461046527392,1.6275343528340025,7.687992987274033,4.723705508199868,0.0690359035153565,7.419356758003181
1971,130@6_0.mat,Outer,3,1.0578325822025645,0.004198776155835986,0.6455181406669626,1.1190097719693453,0.45751354045320064,4.8729364016100645,9.710598739472275,1.1200859762092805,1.0583411435871142,0.050923737666279716,9.212955987415878,1.6387340890342006,7.548876003031763,4.606528938122969,0.04295791877835854,7.343384641916352
1972,130@6_0.mat,Outer,3,1.0525795857074014,0.0029126433882178918,0.6290982433420469,1.1079237842479646,0.44112438056753717,4.8729364016100645,9.710598739472275,1.108998306915555,1.0530898854872526,0.031453009262966514,9.639592623235254,1.6731561355408688,7.74590686458626,4.629518249995801,0.026931830850998963,7.837849398721248
1973,130@6_0.mat,Outer,3,1.0489331488735447,0.0011985899486088982,0.6423733386093673,1.10026075080577,0.45985895524546067,4.656875579656806,9.299112117887137,1.1013348364891637,1.0494450135615319,0.005126598690612216,9.296918970637169,1.6329026841971364,7.249484528313282,4.4396304804108935,0.004435578372742892,7.664790562720325
1974,130@6_0.mat,Outer,3,1.027929565683384,0.002135629536444937,0.6294126034778673,1.0566391920060305,0.4514968154172986,4.656875579656806,9.296684468202269,1.0576675095197792,1.0284296327507192,0.01446517563717126,8.628916018673745,1.6331569466544644,7.398764425620788,4.530345011096466,0.013298417581595277,7.713614229224896
1975,130@6_0.mat,Outer,3,1.0392780573497518,0.0019151496334246887,0.6265583613548724,1.080098880488674,0.4426208193100114,4.798893086221588,9.555836072061934,1.0811510242376625,1.0397841238630559,-0.04929564698207527,9.062720751593734,1.6587091026935685,7.659131825863407,4.617525648963049,-0.04385095184581181,7.753287175248183
1976,130@6_0.mat,Outer,3,1.0739554729383765,0.00270994412253799,0.6485039595062758,1.1533803578542918,0.45515988080653574,4.798893086221588,9.555836072061934,1.1545004559086178,1.0744768289305349,-0.03992476765263078,9.793090154764142,1.6560507568131932,7.399944157423063,4.468428354005399,-0.03218483109088397,7.347363646392352
1977,130@6_0.mat,Outer,3,1.0196587239829173,0.0025416207557160827,0.6167872871926978,1.0397039133944714,0.4380688476800784,4.968755420845086,9.185012582698338,1.0407137756048948,1.0201537999757169,0.12720722345765448,8.367064404133385,1.653177270598803,8.055865488817512,4.872959259772347,0.1198160004950601,7.725213761567392
1978,130@6_0.mat,Outer,3,1.0460937766909248,0.002346626432883663,0.6406733455658439,1.0943121896314825,0.45517692763347745,4.968755420845086,9.185012582698338,1.0953763864782873,1.0466023057868195,0.12112941700422963,8.801981273721033,1.6328036493626563,7.755520742710026,4.749818354295005,0.10565853028780761,7.33590487929921
1979,130@6_0.mat,Outer,3,1.0270798521009805,0.0010818304300739795,0.616591036065022,1.0548930225917719,0.4303477185619798,4.915347127777989,9.53884252426786,1.0559230270658115,1.0275811535182082,0.0711082718477121,8.49690381693977,1.6657391885778325,7.971810876685652,4.785749732816232,0.06553476293527141,7.6207230764690825
1980,130@6_0.mat,Outer,3,1.0166574352070463,0.0009093582478726603,0.6104347153008634,1.0335923405617695,0.42719521214725753,4.915347127777989,9.53884252426786,1.0346018670151036,1.0171538069609254,0.09335824741009333,8.404604455515265,1.665464643019694,8.052207721094831,4.834811567351714,0.08871413115567536,7.8518277478022895
1981,130@6_0.mat,Outer,3,1.0712883928008177,0.003312707728375596,0.6506126504100744,1.147658820549759,0.4581547880604716,5.141725460891935,9.782214405175882,1.148769691919531,1.0718067418707213,-0.02368172586280816,10.100553263517948,1.6465840191148284,7.902898072521732,4.799571707712066,-0.019233746861340974,7.6538372833708666
1982,130@6_0.mat,Outer,3,1.0507913369728867,0.0020615435475268436,0.6392730094008682,1.1041624338572666,0.45278902292818085,5.141725460891935,9.782214405175882,1.1052375174085627,1.0513027715213932,-0.039641780483926484,9.261112502253066,1.6437286128442263,8.043082353348156,4.893193615108489,-0.0341169127076445,7.581443846354622
1983,130@6_0.mat,Outer,3,1.0365772634241015,0.001336093544040877,0.6425221959598808,1.0744924230477992,0.45889174385814807,4.60582179295731,8.956206599899522,1.075540970881217,1.037082914178619,0.08954370461555064,8.060387139440426,1.6132940930918631,7.168346590843268,4.443298107599392,0.08027764432180323,6.967901198231239
1984,130@6_0.mat,Outer,3,0.9977047411794444,0.0016318448118018952,0.599433977836435,0.9954147505719421,0.42332992179657825,4.60582179295731,8.956206599899522,0.9963851199982005,0.9981909236204266,0.07725655179872204,7.7246357929755725,1.6644113915244547,7.683618151866589,4.616417666320685,0.07767736244580055,7.780787343749685
1985,130@6_0.mat,Outer,3,1.0149325957886268,0.0014492969351077149,0.6094374358331325,1.03008817399424,0.4330481805314006,4.765439759737385,9.242669262713953,1.0310930002907301,1.0154274963239522,0.0719674717806025,8.286150014395279,1.6653597828290547,7.819407669328621,4.695326349263449,0.0687368282226815,7.7939410094899415
1986,130@6_0.mat,Outer,3,1.081978533615511,0.0005430771186616117,0.6599834536068143,1.1706775472047717,0.4659812972585789,4.765439759737385,9.242669262713953,1.1718216093123588,1.0825070943473576,0.1079951218611687,9.717231860757202,1.639402514867382,7.220544293477362,4.404375513633262,0.0851357340923582,7.076517100797351
1987,130@6_0.mat,Outer,3,1.0158410015453556,0.0007884499139583334,0.6142672785402111,1.0319329404206714,0.4273612275962991,4.405006924851744,8.77959508532537,1.032941050261801,1.0163370751191758,-8.218698748191366e-05,7.676946306430409,1.6537442853179798,7.1711567240126275,4.336315346738572,-7.828701897069714e-05,7.195109850228243
1988,130@6_0.mat,Outer,3,1.0047470261356335,0.0027010538038678136,0.6092816090857244,1.0095165865283995,0.4230945916388585,4.757549898261564,9.326423176841903,1.0104961034377615,1.0052343524958554,0.06514333507798357,7.4474938636965025,1.6490683637106451,7.808458071453754,4.735072385886907,0.06413100180313273,7.293581961561987
1989,130@6_0.mat,Outer,3,0.9952930973225056,0.0014617433812459534,0.5979375122893105,0.9906083495778265,0.41834900770586103,4.757549898261564,9.326423176841903,0.9915745474030622,0.9957783625903217,0.1500910030629179,7.6453826949671395,1.6645436636182664,7.956600481609656,4.7800491242784044,0.1520080558203237,7.775860996615378
1990,130@6_0.mat,Outer,3,1.0218170976906682,0.0013515034297358383,0.6264538841686891,1.0441101811329807,0.44714670480114693,4.800640680167972,9.300325942729572,1.045128988349145,1.0223155033301339,0.0703900761911673,8.105993939527483,1.6311130372269926,7.663198842690249,4.698140881585207,0.06588045571212499,7.421069299910967
1991,130@6_0.mat,Outer,3,0.9946576796203019,-0.00016103612001594405,0.6101090226657068,0.9893438996276432,0.43577231587011417,4.800640680167972,9.300325942729572,0.990310974255808,0.9951436952801379,0.09522270587340678,7.384233390424062,1.6302949844484897,7.868496451970174,4.826424988741584,0.09662358137890872,7.529432274519171
1992,130@6_0.mat,Outer,3,0.95903992383702,0.0003593438661447406,0.5777294395511623,0.9197575755133172,0.40827533740535094,4.622815340751386,8.858493700083582,0.9206565250230208,0.9595084809541918,0.05900292871502712,6.819904760386638,1.6600156720080557,8.001695991699588,4.820253282315045,0.06679241030079677,8.046055775416248
1993,130@6_0.mat,Outer,3,1.0221706563064599,0.0024307881162946195,0.6214100173583793,1.044832850613979,0.4418934534122834,4.898353579983913,9.31246419115391,1.045848278092187,1.0226672372244,0.02757289585201177,8.488168286356466,1.644921433114441,7.882643412796891,4.792109370150547,0.02577978860756441,7.760266035264451
1994,130@6_0.mat,Outer,3,1.0088209461490951,0.002063914299172226,0.6131687633801515,1.0177197013891555,0.43624123972266193,4.898353579983913,9.31246419115391,1.0187102759007305,1.0093117832962868,0.11659427486962487,7.807598541259542,1.6452582166551146,7.9885895572587255,4.855523270682687,0.11339690343562507,7.523433737591872
1995,130@6_0.mat,Outer,3,0.9299303624017458,0.001263192930945479,0.5595443535124754,0.8647704789166422,0.39444090604889753,4.006799233216114,7.921420921724508,0.8656142096368598,0.9303839044377648,0.11066610292962427,5.698757341451894,1.6619421794939986,7.1608250678551775,4.308708904679037,0.13741307272909556,7.605563743471795
1996,130@6_0.mat,Outer,3,0.9793341608350031,0.0018398782686839042,0.5837791980935753,0.9590953985783999,0.4078163730825089,4.618640097120134,9.13767341384341,0.9600295422762355,0.9798109727270028,0.1712600850469969,7.111248611459231,1.677576323431014,7.9116215723258625,4.716102308917171,0.18206617117348292,7.71572369771911
1997,130@6_0.mat,Outer,3,1.0409149176723986,0.0010249323905848831,0.6313923103658402,1.0835038658329363,0.44487177594576344,4.618640097120134,9.13767341384341,1.0845619578835266,1.0414230446286112,0.15486727142203902,8.374754674105679,1.64860246249693,7.315008468248045,4.437096652859476,0.13711283042731362,7.119727303309054
1998,130@6_0.mat,Outer,3,1.0324557197124284,-7.450368495961449e-05,0.6404234532161039,1.0659648131669086,0.4557780843840447,4.753981567051529,9.160129173428441,1.067006806450534,1.032960215328032,0.011466127524224132,7.653052401596774,1.612145393061402,7.42318468065211,4.60453797318403,0.01040317688629415,6.722027849222543
1999,130@6_0.mat,Outer,3,0.9318487574853085,0.0005910848394805334,0.5648356858154294,0.8683421068269134,0.3997342890472878,4.753981567051529,9.19047479448929,0.86919057636786,0.9323039077295879,0.02718735823715143,5.901077437651555,1.6497696248394575,8.416574388673743,5.101666476301953,0.03355015230836736,7.810903916981668
2000,130@6_0.mat,Outer,3,0.9830045796285667,-9.880388932474032e-05,0.5960410325753036,0.966298003570735,0.42424489526933734,4.534206127253702,8.84696236408046,0.9672425666274986,0.9834849092017115,0.11136012654880156,7.373863660963187,1.6492229995973056,7.60720467122076,4.612599189479221,0.11706487738857728,7.881779879988572
2001,130@6_0.mat,Outer,3,1.0190183596542428,-0.0002463831792495785,0.6280840616409702,1.0383984173124237,0.4518910526757916,4.534206127253702,8.84696236408046,1.0394134087647495,1.0195162621384464,0.08219474998778395,7.812230750159567,1.6224235287714064,7.2191071293867,4.449582369436138,0.0775642515594985,7.231001180844736
2002,130@6_0.mat,Outer,3,0.9609737926445836,0.001437443176880832,0.5947892042775227,0.9234706301497152,0.43170557719750413,4.8103512789074445,9.35737571032397,0.9243712702254079,0.9614422864766288,0.04299665237677292,6.365824759539649,1.6156543960986003,8.087489221904061,5.005704958575857,0.0483799021000431,7.450094834661823
2003,130@6_0.mat,Outer,3,0.9645391265139721,0.0021225904023953464,0.5894398174767874,0.9303357265763363,0.42022194991427925,4.8103512789074445,9.35737571032397,0.9312406358697866,0.965008101452929,0.09873424229816455,6.447169573748971,1.6363657457706784,8.160886211404812,4.98720181138528,0.10986893622616578,7.43438855858995
2004,130@6_0.mat,Outer,3,0.9718249709933178,0.0007540740151003329,0.5871049340779173,0.9444437742461629,0.41581944445518526,4.329676641303568,8.547147627999253,0.9453664150081991,0.9722995500401094,0.04593393272588885,6.81133433182432,1.655283262979165,7.37462145177881,4.455202089398548,0.049972764541215874,7.621349165543164
2005,130@6_0.mat,Outer,3,1.0193019327503514,-0.000104138080526854,0.630374922020614,1.0389764301086017,0.4535225126572671,4.75026694920696,8.967737935902646,1.0399920364869937,1.0197999982776003,0.036450198055013185,7.747527957744062,1.616977289454104,7.535621712191282,4.660313884017465,0.03436804843515647,7.163134807869082
2006,130@6_0.mat,Outer,3,0.9767556215509657,-0.0007987683126228975,0.6009430114319945,0.9540515442314135,0.4315813750373856,4.75026694920696,8.960454986848042,0.9549835072819263,0.9772325758395113,0.06707679900472674,6.635751771006092,1.6253714627978075,7.904687896909869,4.8633116046563085,0.07187510999712116,7.27609547320433
2007,130@6_0.mat,Outer,3,0.9386117057240156,-0.0006168131238400586,0.5719647213826159,0.8809919341221462,0.408825174610604,4.354560050573464,8.53136790504761,0.8818527379781483,0.9390701453981743,0.0634669386132517,5.789302302743572,1.6410307675156248,7.613336780701317,4.639362607575679,0.07663963871033057,7.444475288280758
2008,130@6_0.mat,Outer,3,1.0086021197300346,0.0015808736514262586,0.6126809812291147,1.0172782359239187,0.43328314143878915,4.540882163887089,9.076375259300491,1.01827014119718,1.009093722702297,0.02991477204671175,7.521440484071447,1.6462109166584644,7.411495220188,4.50215409531165,0.02911328314341486,7.253957472589465
2009,130@6_0.mat,Outer,3,0.9967406820919684,0.00013708589939046435,0.6065163840899425,0.9934919873371624,0.4305675030644824,4.540882163887089,9.076375259300491,0.9944631239390905,0.9972277191991258,-0.0026442699766376573,7.400106629943255,1.6433862435322355,7.48682522516361,4.555730738663228,-0.0026663844549174526,7.482739231039798
2010,130@6_0.mat,Outer,3,0.9671376137567163,-0.0014613933975063103,0.5995342849514939,0.9353551639430353,0.42770709065448215,4.321179867406529,8.530760992626393,0.936267351858172,0.9676090904172883,0.03890989433208107,6.017321896777667,1.613148135195222,7.207560894951874,4.468009315258682,0.04294970962902252,6.864414271568402
2011,130@6_0.mat,Outer,3,0.936638021934967,-0.0007317945786409368,0.5700341727415793,0.8772907841342479,0.40477071828588485,4.039038734857883,7.766051341892952,0.8781478148363686,0.937095413944796,0.0361826711153571,5.6025868358423985,1.6431260908948029,7.085608070521528,4.312272874113592,0.043969263103541406,7.265296563394674
2012,130@6_0.mat,Outer,3,0.9869806508791471,-4.190584983566241e-05,0.5957303926807381,0.9741308052098248,0.4214806010064411,4.864973396816976,9.392576630754558,0.9750830329781173,0.9874629273942983,0.08343147893775198,7.103356433945677,1.6567572563087776,8.166401205278158,4.929147691475614,0.08664979564960984,7.471028761037426
2013,130@6_0.mat,Outer,3,1.0137539494413519,-0.0005391710074538975,0.6185013406323069,1.0276970700079389,0.4362517532875307,4.864973396816976,9.392576630754558,1.0287013704846777,1.0142491658782262,0.10614515886565144,7.53621383636897,1.6390489120093594,7.8657443035378805,4.7989686249736545,0.10173402183820199,7.121550790599628
2014,130@6_0.mat,Outer,3,0.9406940363316707,-0.0007869145543959923,0.5748448487423927,0.8849052699899705,0.4092372821468356,4.516071897934458,8.774132873534416,0.8857696601892333,0.9411533669860791,0.009921678864348912,6.005199303950739,1.6364311838020678,7.85615789687698,4.8007872097717605,0.011901562052475197,7.653953589503818
2015,130@6_0.mat,Outer,3,0.990598150375156,0.0005952336548599516,0.6048594931501605,0.9812846955266801,0.42875618246879765,5.146580760261672,9.751261871693815,0.9822435634535114,0.9910820165120097,0.022480978029288275,7.399743499130693,1.6377326661674723,8.508721146872187,5.195427387288561,0.023093322139261283,7.669698335598621
2016,130@6_0.mat,Outer,3,0.9811580440136048,0.00021946951906737819,0.5967693031603047,0.962671107332603,0.42235861909208566,5.146580760261672,9.751261871693815,0.9636120865940477,0.9816374517071197,0.08001561222272664,6.978298083640721,1.6441161413900693,8.624070864567525,5.245414631880717,0.08459045761887521,7.515277809024864
2017,130@6_0.mat,Outer,3,0.9736552467503081,-0.0010032456420368341,0.5985491449580729,0.9480045395244034,0.428901555372484,4.006799233216114,8.007602485537324,0.9489302226931841,0.9741304957207654,0.06350960260324467,6.493192716723806,1.6266922356340248,6.694185877569147,4.115213517911165,0.06870494195673521,7.210904356641903
2018,130@6_0.mat,Outer,3,0.9737292942735772,-0.00322167649420021,0.5954553642341289,0.9481487385265188,0.4250128255595581,4.731525807466499,9.069699222667104,0.9490651807927033,0.9741997643156681,-0.011935587952919314,6.9396246917431,1.635268321957846,7.946062948889903,4.859179892488968,-0.012909212710760638,7.704490126350197
2019,130@6_0.mat,Outer,3,0.9738188834136643,-0.001611343439076539,0.5913336194673205,0.9483232176930358,0.4199343836184012,4.937802887363018,9.669328694829517,0.9492476208951375,0.9742933956951251,0.04304658352495651,7.2127314959534345,1.6468180589651635,8.350282691186562,5.070555697224491,0.04654461180627419,8.00462020141776
2020,130@6_0.mat,Outer,3,0.9653279496497923,-0.0008746323652750196,0.5987119198466305,0.931858050375072,0.43167035681129806,4.937802887363018,9.159522261007222,0.9327681918306322,0.9657992502744203,0.16192201177944496,6.599742358434936,1.6123412907754766,8.247376949868757,5.115155827767413,0.1797402325418752,7.585418143248852
2021,130@6_0.mat,Outer,3,0.9476345732623656,-0.0020114077792342385,0.578493535871182,0.8980112844421457,0.41260205348969214,4.221719373644205,8.375391412794837,0.8988850561185071,0.9480954889242471,0.10240412093887896,6.01706952902464,1.6381074541025558,7.297781413026874,4.455007755896754,0.12016035237927138,7.446920356358922
2022,130@6_0.mat,Outer,3,0.9827838368531844,-0.0008118074466724726,0.594362233438547,0.9658640699798666,0.4197115251441791,4.943265099153972,9.580719481331833,0.9668075589553285,0.9832637280787533,0.04370593358208587,7.152913642959197,1.6535098994528292,8.316923285228814,5.0298599893309035,0.04597591122343994,7.652492406238671
2023,130@6_0.mat,Outer,3,0.9790838438083965,-0.003238864443629194,0.5872096969801839,0.9586051732066245,0.4131052823025688,4.943265099153972,9.580719481331833,0.9595317256645847,0.9795569027190736,-0.003369844598645425,7.285631200887167,1.6673495837037746,8.418227976423166,5.0488680110590245,-0.003585261732563103,7.9131337447415495
2024,130@6_0.mat,Outer,3,0.9534128398655981,-0.002655659538865965,0.5704588655136756,0.9089960432205846,0.4012802374769319,4.750873861628177,9.14192180079193,0.9098775429810657,0.9538750143394394,-0.01941424479310533,6.804700770791446,1.6713086560683323,8.328162026795527,4.9830185445089255,-0.022368974891972714,8.21945723043626
2025,130@6_0.mat,Outer,3,0.9938065881760202,0.0004938840220199967,0.6027557580367149,0.9876515347020617,0.4217946592347357,4.750873861628177,9.237207050923,0.988616736812678,0.9942920782208204,-0.020276513364513943,7.232302953956771,1.6487716208823624,7.881921986269788,4.780481351349158,-0.020627725352051512,7.3998121136896
2026,130@6_0.mat,Outer,3,0.9782988806207046,-0.002390135354583531,0.5855023272213864,0.9570686998237237,0.4073261097376733,4.611284004748263,9.097617194043087,0.9579985325186231,0.9787739946068362,0.004196946139075709,6.7745414555092305,1.67087103694658,7.875773998412815,4.713573833200966,0.004475959312742719,7.381595061752851
2027,130@6_0.mat,Outer,3,0.9598314399638006,-0.0038072521506088116,0.5806633161413397,0.921276393142983,0.4093134212298894,4.753374654630312,9.364658659378573,0.9221624472389266,0.9602928965888098,0.009320107423129952,6.549676989306452,1.6529913519257249,8.18611150814477,4.9523014736885775,0.010524701057074686,7.702026650407357
2028,130@6_0.mat,Outer,3,0.9408369545447968,-0.004388678991638006,0.563338884378946,0.8851741750371279,0.3966505266199793,4.753374654630312,9.277263270723324,0.8860201686047393,0.9412864434404329,-0.05417797341634706,6.553732465194246,1.670108314252715,8.437860027827195,5.052283109909384,-0.06496169436837725,8.348366235560174
2029,130@6_0.mat,Outer,3,0.9828755562852857,-0.003312357744635955,0.5956202241582489,0.9660443591431098,0.4228639630981005,4.958437909684396,9.356768797902753,0.9669777015909912,0.9833502436014298,0.035279367651988705,7.365506518250817,1.6501715630503804,8.32483134145337,5.0448277790318095,0.03710189594783066,7.877160588803468
2030,130@6_0.mat,Outer,3,1.0427321278512063,-0.0013985684789037751,0.6378723526701042,1.0872902904531043,0.4466986816511892,4.958437909684396,9.356768797902753,1.0883511774059995,1.0432407092354092,0.10397652897968711,7.999385757823017,1.6347034378974776,7.773401510381867,4.7552365341400415,0.09157601443305363,6.753338796067783
2031,130@6_0.mat,Outer,3,0.9717845720009196,-0.0037467979836516476,0.5881645886343809,0.9443652543790104,0.41280559716047177,4.932947587993282,9.487861880885628,0.9452743353519972,0.9722521974014753,0.04354493731511137,6.7174180209207295,1.6522323696086285,8.387019013569601,5.07617401028624,0.047380634202331504,7.517728573488351
2032,130@6_0.mat,Outer,3,0.9500879370987618,-0.0036104797640423582,0.5757131867057883,0.9026670882205807,0.41014184171038653,4.932947587993282,9.487861880885628,0.903536412434222,0.9505453237138258,-0.003957849195264417,6.350105385266531,1.6502799641145673,8.568411670767654,5.192095800154664,-0.004608300101880731,7.778388206508369
2033,130@6_0.mat,Outer,3,0.9970886237945765,-0.0031819664041401125,0.5969395474489022,0.9941857237005626,0.42079371158290424,4.547558200520476,8.781415822589022,0.995147422445097,0.9975707606205673,0.024590517060781705,7.654049303929453,1.6703343379645266,7.618121834861557,4.5608365114120675,0.02477060003790863,7.728877260732535
2034,130@6_0.mat,Outer,3,1.022991606229831,-0.003235308316161132,0.6252072761215991,1.0465118264166895,0.4452801569533164,4.813458984330796,9.376796907802916,1.0475243321774308,1.0234863615004506,0.009952851522970783,8.323496973438585,1.6362439230941213,7.698981071018291,4.705277105904886,0.009283277778299312,7.585384268293101
2035,130@6_0.mat,Outer,3,0.9929446460166322,-0.0020250396011951624,0.6021589000542455,0.985939070053095,0.42324022014998275,4.813458984330796,9.376796907802916,0.9868987375661129,0.9934277716905809,0.04680858625655327,7.298214475596508,1.6489744582792578,7.9936690861651,4.847660948307607,0.04774376175927905,7.493270925245728
2036,130@6_0.mat,Outer,3,0.9413983068977191,-0.0028553953649891575,0.5651973181261156,0.8862307722298921,0.3982283294960622,4.27201996128795,8.475531962295644,0.8870889167174336,0.9418539784475265,0.11216839566129297,6.259863445463855,1.6656100032767567,7.5584575939674785,4.537951608773775,0.13425169524922667,7.954823591853555
2037,130@6_0.mat,Outer,3,1.0459201331827241,-0.004401125437776245,0.6338625119780288,1.0939489249969676,0.4477205617359377,4.747839299522092,9.300932855150789,1.094998889945311,1.046421946418036,0.08955286072742072,8.96714070237456,1.6500741302986668,7.490329858281908,4.539389910269656,0.07815539194481246,7.478708853627017
2038,130@6_0.mat,Outer,3,1.0118505410316063,-0.0041438988842526225,0.6097132789165005,1.0238415173859545,0.4311721968010677,4.747839299522092,9.300932855150789,1.0248251512998081,1.0123364812649045,0.06304882962222057,8.1791196003687,1.659551425266758,7.78700327464004,4.692233790453738,0.06077183725578759,7.787660459235788
2039,130@6_0.mat,Outer,3,0.9231571000195837,-0.004303331932404357,0.5661499818867088,0.8522190313165676,0.40812143206720064,5.129053443363645,9.87021670625235,0.8530335532301735,0.9235981557095995,-0.03279094430833527,6.007302088852391,1.630587529017504,9.059531232804932,5.555991979316719,-0.04162025651325886,8.255573413140512
2040,130@6_0.mat,Outer,3,0.9992198089695016,-0.006790843096318245,0.6031714465496298,0.9984402266370472,0.4286661964378045,5.129053443363645,10.00252361407766,0.9993700584097542,0.9996849795859465,-0.046679920029715744,8.412693226593142,1.6566099318589473,8.503475210398767,5.13305820933246,-0.046724063221875285,8.423302260813303
2041,130@6_0.mat,Outer,3,1.0504525453048965,-0.005155617148918093,0.6357578777452337,1.1034505499375358,0.4496356480450984,4.873470170714014,9.53216648763447,1.1045025853553605,1.050953179430635,0.08437795471988295,9.345226744416788,1.6522839622982863,7.665607208817453,4.639400601666243,0.07269070633569556,7.660486818631655
2042,130@6_0.mat,Outer,3,1.0173988793540867,-0.0038208839725697285,0.6278651030031313,1.0351004797109513,0.44609016428331544,4.658696316920457,8.851210751028978,1.036097694711611,1.0178888420213728,0.09763915451906696,7.551860461809347,1.6204099805613696,7.419900062338396,4.579026389210819,0.0925812305589979,7.034812748416118
2043,130@6_0.mat,Outer,3,0.9571462681821931,-0.005687850893305674,0.5787779333838616,0.9161289786950987,0.40796047226082605,4.067490475337816,8.06950755250146,0.916992127171505,0.9575970588778482,0.06994234191325753,6.240847350814489,1.653736628458731,7.02772210327707,4.2496017699139355,0.07965109659619667,7.421852958877328
2044,130@6_0.mat,Outer,3,1.0287865580351412,-0.0057980908448157994,0.614667628596452,1.0584017819937928,0.4282813680937897,4.605288023853359,9.063630098454933,1.0594027371218186,1.0292729167338557,0.12448067169706965,8.146057939932618,1.673728223467088,7.49232236999645,4.476427095474915,0.11415903450745368,7.258139540279127
2045,130@6_0.mat,Outer,3,1.0721373432059138,-0.006704903349173258,0.6459959262143125,1.1494784826966353,0.453188069356252,5.202416703013638,9.807704726866998,1.150557117903166,1.072640255585798,0.10506629092871629,9.979827786501023,1.6596657961718586,8.053327415689703,4.85237897548879,0.0851336249209215,7.538877388544122
2046,130@6_0.mat,Outer,3,0.9923217627583961,-0.006369441991352131,0.5926551281400874,0.9847024808439306,0.4154236720932591,5.202416703013638,9.686322242623593,0.985624434914871,0.9927861979876992,0.0783205506050926,8.160906734690409,1.674366280894079,8.778151839049222,5.242671176078041,0.08004026898002244,8.400700300063415
2047,130@6_0.mat,Outer,3,1.0254723496384777,-0.004949361755770123,0.6214535480362454,1.0515935398730603,0.43755366378641347,4.953582610314661,9.733661411478522,1.0525969704201967,1.0259614858366743,0.037619017448033434,8.815752236173429,1.650119068234877,7.9709619905779014,4.830537470909067,0.034834876462024864,7.95673958948724
2048,130@6_0.mat,Outer,3,1.0393677376534116,-0.006565621690007236,0.6258827047977247,1.080285294074771,0.44217356334833363,4.953582610314661,9.733661411478522,1.0812981419032972,1.0398548657881528,0.03776632915922307,9.495654420099601,1.6606430081618218,7.914554232502184,4.765957640260833,0.03358818905019106,8.12145771273108
2049,130@6_0.mat,Outer,3,1.0104392039560401,-0.007797227169781618,0.6060833010023214,1.020987384891316,0.42689699226140737,4.542776044468007,8.921005679468935,1.0219245613442165,1.0109028446612545,0.06794089781014928,8.36756394325673,1.6671622568768032,7.4952997994629,4.495843022200421,0.06576624191692346,8.012376809014452
2050,130@6_0.mat,Outer,3,1.0232487864735198,-0.010099227017444602,0.6193457567921864,1.0470380790195308,0.4363033750364842,4.57122778494794,9.114003829415946,1.0479594825653737,1.023698921834625,-0.011755045753827471,8.273855246471822,1.6521446627351413,7.3807364219569145,4.4673669252006185,-0.010957401774576221,7.533884102885604
2051,130@6_0.mat,Outer,3,1.033303441941346,-0.0063789249979336535,0.6249521346036379,1.0677160031278325,0.4406647557748934,4.57122778494794,9.045422725818424,1.0687189833258575,1.0337886550576272,0.026795427349686506,8.313369459591998,1.653412133066867,7.314524636098453,4.423896794880699,0.024252996398591957,7.2786365556352
2052,130@6_0.mat,Outer,3,1.0503737861202762,-0.004126118246912282,0.6455913346579263,1.1032850905686435,0.4622464095694471,4.98635588106038,9.460550821930864,1.1043465291242043,1.05087893171583,0.12259527048012646,8.960238399893255,1.626994864599912,7.723703236653156,4.747220415194801,0.1056369029946309,7.346979426685733
2053,130@6_0.mat,Outer,3,1.0006103557691772,-0.006756467197460243,0.5965241735696007,1.0012210840725193,0.4227093315954462,5.39116646601213,10.098415776629949,1.0021541003371397,1.0010764707739064,0.08277352168926516,8.913315667949822,1.6774011852358763,9.037632848543844,5.38787794362023,0.08250678632974892,8.875039037252687
2054,130@6_0.mat,Outer,3,1.0458534568916522,-0.005920184554552808,0.6226915803982787,1.093809453292219,0.4318543919695407,5.39116646601213,10.098415776629949,1.0948435878983658,1.0463477375606858,0.11460824502802555,9.27573919953639,1.6795689709198192,8.657843843906221,5.154801019666646,0.10004323888527168,7.7382787677994065
2055,130@6_0.mat,Outer,3,1.037357698219834,-0.008581353276490707,0.6302238580322419,1.0761109940559523,0.44519076959011666,4.903815791774866,9.373155433275613,1.0770891993531395,1.0378290800286623,0.06733066624898067,8.30765401519131,1.6460146422529078,7.7810697409621215,4.727217815210096,0.06023312635102851,7.161022848937509
2056,130@6_0.mat,Outer,3,0.9971297910109859,-0.007404867772471397,0.5974719027955862,0.9942678201216124,0.4242060273091626,4.903815791774866,9.535807962161773,0.9951848482582619,0.9975895189196115,0.03685944524567887,7.964393171648641,1.6689149503829743,8.207609042068054,4.917931282343885,0.037127282425925015,8.04165025287985
2057,130@6_0.mat,Outer,3,1.0535898420844458,-0.007252546979255798,0.6300407251294216,1.1100515553435275,0.44088424329416737,4.900174317247562,9.549766947849765,1.111083998873491,1.0540796928475054,0.07087589031040359,9.875036646675369,1.672256728906449,7.777551707047512,4.650931625867136,0.060517111039359306,7.999170054732624
2058,130@6_0.mat,Outer,3,1.0624534306728217,-0.007567856948091197,0.6402903841521344,1.1288072923484485,0.4508265234749713,4.900174317247562,9.785855879703185,1.1298533923431218,1.0629456205954855,0.10384563617560602,10.271899660335322,1.6593306052503847,7.653049988762001,4.612130918660414,0.08646793957250502,8.046491939941568
2059,130@6_0.mat,Outer,3,1.0596081476511299,-0.00557109137477076,0.653985594802047,1.1227694265686587,0.4674915345161581,4.885681562455622,9.70149505315402,1.1238358854914778,1.0601112609021177,0.0949845888515825,9.259399680727908,1.6202316321206425,7.470625654876976,4.610838047330298,0.07972578495503449,7.331233291472433
2060,130@6_0.mat,Outer,3,1.0006090962299456,-0.007216985704575117,0.5993352634155784,1.0012185634581088,0.4208220551814691,4.7897893999033325,9.526704275843517,1.00214513593476,1.0010719933824739,0.011195607386661283,7.881503243360662,1.6695314914825141,7.991836443259816,4.786873733154455,0.011159679591760705,7.8477979440808
2061,130@6_0.mat,Outer,3,1.009220540746637,-0.007529924921765139,0.5961177962876953,1.0185260998649346,0.41464119390574944,4.862618890449375,9.234779401238134,1.019464971356698,1.0096855804440796,-0.020093187357875224,8.478719830430043,1.6929884446158678,8.157144310609452,4.818192549714769,-0.019520474566580525,8.15803696015355
2062,130@6_0.mat,Outer,3,1.1165795299805032,-0.0072549177309011795,0.6811163550294677,1.2467498467714817,0.48007330118607644,5.09195864235214,9.96368121911977,1.2479158807925361,1.1171015534822857,-0.013931651996739933,11.155815968386129,1.639337422650138,7.475901297546096,4.560318817985577,-0.009993661847433728,7.163589946508345
2063,130@6_0.mat,Outer,3,1.0680402820891153,-0.006967464093898984,0.6525166284416517,1.1407100441649969,0.464365444916929,5.09195864235214,9.96368121911977,1.14177651473677,1.068539430595226,0.09058388419691385,9.431022398231576,1.63680163161234,7.803569166513068,4.767571717788926,0.07424706327470777,7.234300836291805
2064,130@6_0.mat,Outer,3,1.0170444840720234,-0.00715830960135199,0.6182258623558279,1.0343794825813282,0.4366837900584508,4.297510282979066,8.555037489475076,1.0353393147345245,1.0175162478970665,0.057873545445791846,7.76612004602004,1.6451018082530575,6.951359599541675,4.2254890029672545,0.054935872994386785,7.245004975027953
2065,130@6_0.mat,Outer,3,0.9953701917038803,-0.00810720294741492,0.5858193939982106,0.9907618185326195,0.4062708145145233,4.8437314620743805,9.441129624451918,0.9916645141701081,0.9958235356578534,-0.031857917849970586,8.237098180739514,1.6991076121751298,8.268301650117285,4.86626131909575,-0.03226043573632412,8.376154842755446
2066,130@6_0.mat,Outer,3,1.0629819114850645,-0.007505624717399997,0.6339703811778935,1.1299305441444414,0.4430419542003293,4.8437314620743805,9.441129624451918,1.1309786811103149,1.063474814516223,0.007664508723117176,9.683432526738237,1.6767059519537912,7.640311922880793,4.556739310175816,0.006372395099489277,7.570429050407126
2067,130@6_0.mat,Outer,3,1.0612499422730448,-0.008322941347144397,0.6520970555736951,1.1262514399745411,0.4632784472433711,4.41593134843365,8.787484946801191,1.1272830309567916,1.0617358574319657,0.02946911438606116,8.518439854551644,1.6274417024284247,6.771892789090846,4.161066279043746,0.024621677022885206,6.703384366130589
2068,130@6_0.mat,Outer,3,0.9786028961584036,-0.008346648863598191,0.5921772073964813,0.9576636283696152,0.42160174162149655,4.864973396816976,9.232351751553264,0.9585300263011728,0.979045466922335,0.03251970320398426,7.261304504301937,1.6525507634094834,8.215401295496852,4.971345799108002,0.034652772748292295,7.903204244151505
2069,130@6_0.mat,Outer,3,1.0367516392716654,-0.007216985704575109,0.6216378527209285,1.0748539615324855,0.43759769245895724,4.864973396816976,9.283939307356711,1.075852513870402,1.037233104885494,0.046456001669077776,9.037795421662086,1.667774307391519,7.826057206000258,4.692515750667155,0.04163060478885736,7.808309666431938
2070,130@6_0.mat,Outer,3,1.057253258676202,-0.007755739015987484,0.6405759381231062,1.117784452981448,0.45515532487801885,4.966327771160218,9.56918814532871,1.11881689611888,1.0577414126897369,0.00794556338295456,9.645043743332014,1.6504729505955438,7.752910272752134,4.6973870549937216,0.006714074746995249,7.7052399716754305
2071,130@6_0.mat,Outer,3,0.9937015012314158,-0.008583724028136093,0.6087591440640014,0.9874426735495694,0.43835182290918534,4.966327771160218,9.56918814532871,0.9883341633127382,0.9941499702322272,-0.07900558857784966,7.664127221466901,1.6323393429393998,8.158116094975535,4.997806448919361,-0.08040852606255615,7.846122598643331
2072,130@6_0.mat,Outer,3,1.0096577405550105,-0.0072715129924188346,0.6116841515912537,1.019408753062649,0.4320208321923277,4.655054842393155,9.21717894102284,1.0203523159700147,1.0101249011731246,-0.07391045149684784,7.722025961796089,1.650619421684877,7.610226340302825,4.61052756335989,-0.07171014875634094,7.417045586455204
2073,130@6_0.mat,Outer,3,1.0209580841510224,-0.0074967343987298405,0.6121780536527209,1.0423554095933263,0.42725734325218656,4.6561955239183215,9.311250366311477,1.043318073873198,1.0214294267707378,-0.014392843845616812,8.384964941796483,1.6677469537784644,7.605949765968093,4.560613796192837,-0.013505837410256318,7.703139969689537
2074,130@6_0.mat,Outer,3,1.0216654358516348,-0.009039501031960207,0.6334517579997216,1.0438002628139111,0.4542521190579535,4.702394011248082,9.358589535166404,1.044738802972282,1.0221246513866507,0.026138181543934668,8.049838262014067,1.6128543696463638,7.42344456678061,4.602675050197505,0.02447731529831668,7.375164372828081
2075,130@6_0.mat,Outer,3,0.9943612511228986,-0.007547705559105484,0.6082033456612015,0.9887542977346964,0.4320732763648782,4.702394011248082,9.31489184083878,0.9896637984286423,0.9948184751142504,0.03375063445983545,7.409852324977003,1.634915786331716,7.731614837021647,4.729059992968449,0.03428075789921231,7.565439878695207
2076,130@6_0.mat,Outer,3,1.0009928384884792,-0.007208095385904943,0.603259735792675,1.0019866627052225,0.42226425396196676,4.023792781010191,7.958442579418746,1.0029141143809555,1.001455997226516,0.019313179154636092,7.156050822579425,1.6593065624900842,6.670083452057865,4.019801767095742,0.019229064409189034,7.114525324433029
2077,130@6_0.mat,Outer,3,1.0346354060385505,-0.010378383023687977,0.6225913659679858,1.0704704234285563,0.43611085998670995,4.544523638414391,8.76745683690103,1.0714090104561433,1.0350888901230384,-0.050120960767016096,8.22455363903532,1.661820999442017,7.29936823222951,4.3923913795007605,-0.045194589464302826,7.164761669260717
2078,130@6_0.mat,Outer,3,0.9952279773363942,-0.00869514935546891,0.5989418615004871,0.9904787268730904,0.4243099998423161,4.544523638414391,8.76745683690103,0.9913712572441787,0.9956762813506098,-0.011063834003187958,7.468651782629774,1.6616437108627833,7.587587261010154,4.566314193229059,-0.011208594720558367,7.599229574715488
2079,130@6_0.mat,Outer,3,1.023865097581688,-0.006982281291682594,0.6230879670086719,1.0482997380459598,0.439800208352582,4.273840698551601,8.441544866707492,1.0492756690644942,1.0243415783148189,0.03866858392667218,7.6750963893897435,1.6432111544304548,6.8591289269517555,4.174222471927209,0.03597691039664251,6.97115330439521
2080,130@6_0.mat,Outer,3,0.9934803349670096,-0.007909837872937114,0.5985148192324905,0.9870031759661616,0.42132699523808015,4.780005657846593,8.947709826002484,0.98790536176083,0.993934284427713,-0.00923541318317677,7.507578292517738,1.659909333973294,7.986444953807959,4.811374206013359,-0.009405530938233842,7.692529756216974
2081,130@6_0.mat,Outer,3,0.9782388634238586,-0.007743885257760594,0.5893875682558232,0.9569512739128025,0.4182475249352609,4.780005657846593,9.128569727525154,0.957826683774791,0.9786862029142901,-0.005872530945550441,7.184276498230604,1.6597548304541012,8.110122973893006,4.886337924780024,-0.006264622650264176,7.8308548661658754
2082,130@6_0.mat,Outer,3,0.9939886172988135,-0.006976354412569153,0.5985624698082057,0.9880133713196071,0.4236968005032093,4.6768305462397,9.025394615918263,0.9889304541953926,0.9944498248757413,-0.05583242960021993,7.678728230747459,1.6606263630522167,7.813437664627487,4.705114791902132,-0.056772484465067635,7.851593279857419
2083,130@6_0.mat,Outer,3,0.9846336331045012,-0.008518528357888178,0.5967901186662226,0.9695033914405695,0.4244019649605627,4.6768305462397,8.925254066417454,0.9703784613313292,0.9850778960728584,-0.06822135878167354,7.2673419958654435,1.6498826007766811,7.836642062177907,4.74981799218978,-0.07136884077065456,7.717796119511133
2084,130@6_0.mat,Outer,3,1.0076755916154403,-0.009264129750359855,0.6181474634377437,1.0154100979375278,0.4409610418120645,4.736307963518969,9.201399218071197,1.0163167706838674,1.0081253744866594,0.021031542188217747,7.385236003112402,1.6301540509602002,7.662100459283565,4.700230910546643,0.02052709448525358,7.150002505290607
2085,130@6_0.mat,Outer,3,0.9438092128850089,-0.009223826972388407,0.5721673781368054,0.89077583032662,0.4092750143391325,4.736307963518969,9.201399218071197,0.8915614167886861,0.9442252998033287,0.08870174948990318,6.418231337988933,1.6495334214207757,8.27783642425388,5.018289606472626,0.1053671630542834,8.074447876019613
2086,130@6_0.mat,Outer,3,0.9720226821608101,-0.010076704876813492,0.5922479090335031,0.9448280946350953,0.4222139550225739,4.597398162377538,9.072733784773188,0.9456500410221066,0.9724453923085381,0.08924504267910778,6.9146534470412195,1.6412429108368236,7.762624556787931,4.7297231296627515,0.09704841189544525,7.7323148080463335
2087,130@6_0.mat,Outer,3,0.9863947755755895,-0.009939793969292864,0.5997686398810678,0.9729746532828176,0.4231191987776709,4.597398162377538,9.072733784773188,0.973826856568283,0.986826659838638,0.030432991568566187,7.062034691825429,1.644625460526819,7.665286006419946,4.660809521918001,0.031668101221129986,7.446742756543326
2088,130@6_0.mat,Outer,3,0.9699013297105246,-0.008834431014634922,0.5840413090084311,0.9407085893742437,0.4084626504311732,4.050570070861006,7.908068848457734,0.9415500246488374,0.9703350064018289,-0.003096680200081142,6.482268735844687,1.6606724811221574,6.935417081594819,4.176270252218087,-0.0033894658192008464,7.312068201038564
2089,130@6_0.mat,Outer,3,1.010780154891167,-0.009294949521749783,0.6103008469237053,1.0216765215218118,0.4271287684619722,4.663478472972926,8.89733609504147,1.0225887472586948,1.011231302550853,-0.03613184459499435,7.588311251890232,1.6561998233895128,7.64127806224112,4.613741623637673,-0.03494126464837637,7.256765971238897
2090,130@6_0.mat,Outer,3,0.948936355666089,-0.009959352670367239,0.5709403211290046,0.9004802071048381,0.40640777055125205,4.663478472972926,8.89733609504147,0.9012611562471229,0.9493477530637142,-0.06477337581528447,6.599958613335689,1.6620587486060803,8.168066434234271,4.914427026767845,-0.07570430057614279,8.125309354945424
2091,130@6_0.mat,Outer,3,0.9914531381051994,-0.008187215815446455,0.6084453978718377,0.9829793250586477,0.43562620785811423,4.713318434829989,9.3513065861118,0.983873108138005,0.9919037796772452,0.016141029505506777,7.119654168179123,1.6294858036092972,7.7464936891757885,4.753949787110485,0.016539508360113704,7.354966822266161
2092,130@6_0.mat,Outer,3,0.96742679564428,-0.009482831589646065,0.5931377402137088,0.9359146049305596,0.42385331110957875,4.789109344164849,9.50242777899484,0.9367394654698498,0.9678530185259794,0.07204629726726114,6.538313651196189,1.6310322713474328,8.074194271352972,4.950358379282313,0.07946638171910714,7.451232501246525
2093,130@6_0.mat,Outer,3,0.9426427056796243,-0.009691457734439418,0.5705555739897759,0.8885752705710028,0.40583348745741527,4.789109344164849,8.900370657147558,0.8893498519327624,0.9430534724673688,0.0892167221249168,6.204133871963183,1.6521487978572689,8.39376488896115,5.080513873713082,0.10637444502843489,7.843969317262889
2094,130@6_0.mat,Outer,3,0.9705972208136218,-0.009263537062448514,0.5836498067593702,0.9420589650511264,0.4112342376881889,4.4869401017160415,8.959848074426825,0.942893946802143,0.9710272636760221,0.14484502464601456,7.0418166490585214,1.6629787409697903,7.687726526667472,4.62286518598328,0.15820103137503744,7.920617074308573
2095,130@6_0.mat,Outer,3,0.970631985150791,-0.009770877914559615,0.5818384810732798,0.9421264505977653,0.4101840364484237,4.4869401017160415,8.959848074426825,0.942951831940924,0.9710570693532508,0.04944645015458088,7.154620843892607,1.6682155215286907,7.711659245073584,4.622699612577014,0.05400088227206134,8.046510943677255
2096,130@6_0.mat,Outer,3,0.9500068160353817,-0.010702583311193552,0.5777581317754995,0.9025129505136835,0.4090204189655492,4.261775593444527,8.428799705861934,0.90328051510218,0.9504107086424164,-0.015523452051866657,6.134541159747713,1.6442984767938902,7.376400883082952,4.486047385665618,-0.01808232794725552,7.518596887770019
2097,130@6_0.mat,Outer,3,0.9133500974133862,-0.010267550384266511,0.549779563374518,0.8342084004450422,0.38750679936355675,4.630171433123258,9.037532864342603,0.834918327783625,0.9137386539835255,-0.036354444698562804,5.629852906119002,1.6613023805498155,8.421868948156398,5.069437717509273,-0.04765314006661705,8.076237070108075
2098,130@6_0.mat,Outer,3,0.9723119928562489,-0.008546977377632714,0.5875763352544987,0.9453906114520902,0.41727700899874515,5.021556801490966,9.651728234614225,0.9462416247164337,0.9727495179728611,-0.09307068335290487,7.307761077233254,1.6547841267866137,8.546220295457301,5.164552981327066,-0.10111365977931319,8.161692773961715
2099,130@6_0.mat,Outer,3,1.0088780923867218,-0.008161137547347283,0.6168540253838724,1.0178350052978709,0.4372918405389016,5.021556801490966,9.753689521378682,1.0187632871544159,1.0093380440439248,-0.0058205990949104745,7.692400559165031,1.6355216159240507,8.140591768624478,4.977367274976105,-0.005660538627589536,7.4116571031009055
2100,130@6_0.mat,Outer,3,0.931812919372351,-0.009751911901396584,0.5595634836394252,0.8682753167092235,0.39288355145905446,4.7321327198877166,9.207468342283367,0.8690288779371014,0.9322171838885515,0.016695917936677757,6.0471728125911195,1.6652496930466836,8.456829043062752,5.078415013895816,0.020609098214132954,8.00726060090719
2101,130@6_0.mat,Outer,3,0.9417889365534866,-0.009114179708789642,0.5700849508706378,0.8869664010145473,0.4043383596959214,4.864973396816976,9.215358203759187,0.8877502763720527,0.9422050076135515,0.04130194744482527,6.090195681821596,1.6520150814602768,8.53376920295584,5.165672697977713,0.049378092108473555,7.727688626885902
2102,130@6_0.mat,Outer,3,0.9731272822632272,-0.008426661731629736,0.5874919380282801,0.9469767074850147,0.4191050968342759,4.864973396816976,9.050884937609375,0.9478313153759973,0.973566287099136,0.07453804175951957,6.677109573390188,1.6564095935129706,8.280919416760591,4.999318676481233,0.08077582438423676,7.432354170376279
2103,130@6_0.mat,Outer,3,0.9885022248987344,-0.009078618434108955,0.6019442118340824,0.977136648629748,0.43268080508440515,5.016094589700013,9.228103364604745,0.9780093145383048,0.9889435345550851,0.05543899399570541,7.377829800246095,1.6421824572167483,8.33315528428787,5.07443935213075,0.0573192968782557,7.713343106964149
2104,130@6_0.mat,Outer,3,0.960101731667586,-0.010122341845987048,0.5755913863739196,0.9217953351510972,0.40648770939098783,5.016094589700013,9.228103364604745,0.9225938438973311,0.9605174875541471,0.06707148745046777,6.908317239900265,1.668026579956862,8.714679733641304,5.224544883366069,0.07568714251296471,8.116170613857495
2105,130@6_0.mat,Outer,3,0.9482745899558678,-0.007370491873613401,0.5683878787551807,0.8992246979559693,0.40262880214296853,4.330890466146001,8.426372056177065,0.9000493282276076,0.9487092959529846,0.062111371366277035,6.517671027958565,1.6683582205007679,7.6196038445144385,4.567126982009495,0.07273972420170896,8.045625470066534
2106,130@6_0.mat,Outer,3,1.0181787546741272,-0.0065039821472273876,0.6299867616119588,1.0366879764697565,0.45656676644275807,4.833487094230958,9.573436532277228,1.037659013566421,1.0186554930723246,0.05528829072088701,8.043509381594513,1.6161907149719754,7.6723629586370246,4.747189108039472,0.052305959024960824,7.470269105042685
2107,130@6_0.mat,Outer,3,0.9793835469051143,-0.009041871783605587,0.5903072770361886,0.9591921319484423,0.41945848545141057,4.833487094230958,9.573436532277228,0.9600479233031918,0.9798203525663222,0.043328556485455624,7.202088127864507,1.659108035768657,8.188086581772657,4.935234116909569,0.046061157956167276,7.813985594235779
2108,130@6_0.mat,Outer,3,0.9273065235760235,-0.00823877966373346,0.5544643327395736,0.8598973886666503,0.3873434494010856,4.0803087795006405,7.810962861063011,0.8606700092321936,0.9277230239851728,0.061046024680252366,5.6122011269367125,1.6724367444747754,7.359010379139684,4.4001726244318,0.07645438217019405,7.576347515699902
2109,130@6_0.mat,Outer,3,0.9734111501482156,-0.010231989109585823,0.5826125739969865,0.9475292672328719,0.40813779335049694,4.808530541643794,9.071519959930756,0.9483506973596235,0.9738329925401088,0.02382520324627989,6.927518501838502,1.6707692102635252,8.25339300291245,4.939876167338629,0.025797829155240586,7.702642801548097
2110,130@6_0.mat,Outer,3,1.0010606067009686,-0.008058009850773302,0.6002886414663795,1.0021223382885114,0.4232726448839859,4.808530541643794,9.071519959930756,1.0030369350226143,1.0015173163867983,0.009358031004302568,7.6953106445344375,1.6676320982084878,8.010364030692886,4.803435985245365,0.009315562663851735,7.648782389740536
2111,130@6_0.mat,Outer,3,0.9807640510021715,-0.006824033619353553,0.5979673898894704,0.9618981237381901,0.42482190257131325,5.05554389707912,9.640803811032319,0.9627917826535997,0.9812195384589525,0.04767343081253029,6.963760425993652,1.6401631051850802,8.454547827441132,5.154699432455822,0.05046355530445017,7.512406361565655
2112,130@6_0.mat,Outer,3,0.9330848632421653,-0.008129725088046023,0.5657332006827372,0.8706473620116504,0.40308456362433887,5.05554389707912,9.640803811032319,0.8714322776653007,0.9335053709889948,0.040922540710764725,6.2059565783804675,1.6493372885212536,8.93626870575929,5.418096570024014,0.05030511270115535,8.172246323965902
2113,130@6_0.mat,Outer,3,1.0182548295059504,-0.006796177287520343,0.617775612574523,1.036842897812192,0.4363697562066923,4.270199224024299,8.485242561035118,1.037810196306299,1.0187296973713384,0.1489431341097067,7.8014210524863845,1.6482599972841578,6.912217214631904,4.19364495044131,0.14087813326728094,7.243322990287306
2114,130@6_0.mat,Outer,3,1.01427783044904,-0.010358824322613602,0.6038326294601379,1.0287595173404116,0.4178121751117715,4.528743915462749,8.925254066417455,1.0296577372330815,1.0147205217364441,0.13810126349286053,7.870651166976842,1.6797333912779517,7.499998666028057,4.464993495375249,0.13217773971976501,7.423776524481642
2115,130@6_0.mat,Outer,3,0.9388021704653032,-0.00848889396232094,0.5532674603037611,0.8813495152703643,0.3829415444114247,4.528743915462749,8.925254066417455,0.8821389177365129,0.9392225070431994,0.026181697859996172,6.3279413986693935,1.6968324324517021,8.185451414345138,4.82395978400148,0.031600382031089495,8.131833609289098
2116,130@6_0.mat,Outer,3,1.0126563644796347,-0.009440158060029248,0.6050815444916376,1.0254729125211108,0.4196519883519715,4.665906122657795,8.891873883250518,1.0263861261382194,1.013107164192525,0.025825351778644833,7.801033153902419,1.6735865995198211,7.71120217617969,4.6075907744388855,0.024835910521425936,7.405094032236467
2117,130@6_0.mat,Outer,3,1.0252910135810824,-0.010160273872313113,0.6212146021232076,1.0512216625301234,0.4397494637652205,4.931733763150848,9.495751742361449,1.0521459176126318,1.0257416427213197,0.00012546948199238656,8.722260592622558,1.6504618694975277,7.938856791657937,4.810081916080331,0.00011625834689588253,7.879109006919955
2118,130@6_0.mat,Outer,3,0.9860994638469763,-0.0071292678936961,0.5988897049642887,0.9723921525992942,0.4268088954561809,4.931733763150848,9.495751742361449,0.9732918064182996,0.9865555262722416,-0.02685848988779963,7.62656485070381,1.646546026207163,8.23479469134753,5.001253873423824,-0.027971579443421293,8.050870350243589
2119,130@6_0.mat,Outer,3,0.9482173913378893,-0.009478090086355313,0.5633691114624246,0.899116221235632,0.3966402504761246,4.975431457478473,9.672363256935604,0.8999052007165217,0.9486333331253555,0.020380949852302377,6.8026634463528275,1.6831192410864897,8.831565941828337,5.247142166896065,0.023874224744386024,8.400119452324024
2120,130@6_0.mat,Outer,3,0.9985432176307271,-0.009489943844582209,0.5987573927020173,0.9970885574763255,0.42203932520291015,4.975431457478473,9.672363256935604,0.9979730815295834,0.9989860266938589,0.07118712325281515,7.883424082580637,1.66769250751615,8.30959503483956,4.982690152639406,0.07140410866679105,7.915479626318142
2121,130@6_0.mat,Outer,3,1.0136661518273653,-0.00950001953907507,0.6136808244798082,1.0275190673604992,0.4304890544791443,4.288479739978077,8.491311685247286,1.0284331462336251,1.0141169292707943,0.08832601067934476,7.6455562024610995,1.651780716278623,6.9881273275994165,4.23066285901219,0.08468851495907981,7.228645953461441
2122,130@6_0.mat,Outer,3,0.9582880939802477,-0.009894157000119318,0.5662653417423589,0.9183160710642961,0.38932955511372597,4.624102308911087,9.185012582698338,0.919115750696843,0.9587052470372962,0.03937148335981928,6.572813329723923,1.6922951544764686,8.1659638477518,4.825378023533676,0.04468136834474972,7.780560448470761
2123,130@6_0.mat,Outer,3,1.0236306802784707,-0.009766729099180194,0.6111354229318995,1.0478197696073646,0.42454804984743105,4.966934683581434,9.591036992492521,1.048748549115063,1.0240842490318183,0.03606129552682238,8.492444615711884,1.674965387157507,8.127387968683966,4.852272190811402,0.03357641047042486,7.721292009382967
2124,130@6_0.mat,Outer,3,1.0187108485082508,-0.010763630166062056,0.6139633299882424,1.0377717928684005,0.43668188192535684,5.005777078539324,9.58921625522887,1.0386702635633096,1.0191517372615864,0.09368489278159613,8.612435364516987,1.6592372846210541,8.153218334109681,4.913835055221625,0.08850198605818618,7.983081795364264
2125,130@6_0.mat,Outer,3,0.9476559321020127,-0.01081223057479233,0.57008467281634,0.8980517656481346,0.40949918734439117,5.005777078539324,9.637769248926231,0.8988126080056376,0.9480572809728521,-0.012092657554273904,7.194971576007771,1.6623073330821678,8.780760678586455,5.28227272047001,-0.014191164057719637,8.906165699890327
2126,130@6_0.mat,Outer,3,1.0425010627679447,-0.011023227471231058,0.6257084758075344,1.086808465872294,0.44077748358237145,4.86011809744724,9.492110267834148,1.0877492094157317,1.0429521606553829,-0.04024616637188517,9.42012960207462,1.6661130591540014,7.7673841498903196,4.661979033899954,-0.03547573104594123,7.961581133946987
2127,130@6_0.mat,Outer,3,1.060611257465774,-0.011084867014010909,0.6431920549019967,1.1248962394631306,0.4554077318471024,4.8207419333854,9.63594851166258,1.1258728503918733,1.06107155762082,-0.007451971935610254,9.427369912738914,1.648980657302632,7.495027179887106,4.545248694511825,-0.006237882513113533,7.4372410069115
2128,130@6_0.mat,Outer,3,1.0114717235970738,-0.01125437575665551,0.6290342117918766,1.0230750476364354,0.45406116970016375,4.8207419333854,9.63594851166258,1.0239483362098434,1.0119033235491637,-0.014477399694211962,7.511016721337448,1.6079756945400028,7.663719783452312,4.766066930904147,-0.013972480031927704,7.1637865868778885
2129,130@6_0.mat,Outer,3,0.9593710144892166,-0.012434417388142901,0.573430867161496,0.9203927434420687,0.4012955548584197,4.244175133229234,8.274037038451596,0.9211376772191955,0.9597591766788143,0.042740313368671554,6.598710924046584,1.6730369246365573,7.401371946073738,4.423914282509851,0.04834492403804971,7.776962594016789
2130,130@6_0.mat,Outer,3,1.0387291519734598,-0.011204589972102552,0.6115130578161921,1.078958251159503,0.4202279580013246,4.692610269191343,9.056347149400331,1.079887285750551,1.0391762534577813,0.09767913516640925,8.912273040347621,1.6986213764285327,7.673769528228404,4.517645682968879,0.08704306272549796,7.642432777041133
2131,197@6_0.mat,Outer,3,1.0073919141286163,0.04693121121843957,0.7992056638759032,1.0148384686517173,0.6764788981572846,3.453694863401578,6.507777368147497,1.0136257990096327,1.0067898484836013,0.18961945006515568,3.117787821735745,1.2604914600352217,4.321409393732137,3.4283527740894764,0.18580885155208443,3.0345286684027566
2132,197@6_0.mat,Outer,3,0.9910918802876845,0.046766888999582645,0.7919284549946397,0.9822631151721779,0.6709014972028068,3.1900917858838023,6.011535407688996,0.9810340142950636,0.9904716120591562,0.1742568151242966,2.81387104743211,1.2514916897299029,4.028257560086494,3.2187649291956615,0.1793344288781337,2.9237218947947228
2133,197@6_0.mat,Outer,3,0.9943689656051181,0.05187599701978068,0.7981097800468825,0.9887696397585927,0.6788697370203173,3.1900917858838023,6.011535407688996,0.9870424293141735,0.9935000902436665,0.18827209777876638,2.8266791434502494,1.2459050001184813,3.997058882917602,3.2081570284519896,0.19199160047319488,2.9013817229216916
2134,197@6_0.mat,Outer,3,1.0165749829477004,0.05241710650560494,0.8107019217620504,1.0334246959551174,0.6882644433736512,3.824927980269308,7.007278717508848,1.0316846474392125,1.015718783640045,0.11799206555718539,3.26779223965898,1.2539442126113796,4.718044792531338,3.762563553526209,0.11259843444217651,3.0701564108675696
2135,197@6_0.mat,Outer,3,1.0580834475022438,0.04766727926900935,0.84375650801472,1.1195405818782334,0.7142103494090519,3.824927980269308,7.370700580176322,1.118360561351018,1.057525678814003,0.20974507715518567,3.8768650679152654,1.254015154194853,4.53321301101958,3.6149587154916545,0.17734502560816215,3.099680984653835
2136,197@6_0.mat,Outer,3,1.0213962094923095,0.050386752309898176,0.8222143407715877,1.0432502167652578,0.7020589653927028,3.5457725999070138,6.658524104904185,1.0417287051455375,1.0206511182306799,0.26834836281138963,3.207698127402966,1.2422505408170843,4.312467472381051,3.471495749593576,0.2523870124509005,2.9558624994690788
2137,197@6_0.mat,Outer,3,0.9913093659311525,0.0461064171271795,0.8006177062932489,0.9826942589828236,0.6846269151417907,3.5690659513957934,6.524074312661734,0.9815269797236545,0.9907204346957089,0.10145459803294704,2.7730373983951138,1.238180667424334,4.4578903555801,3.6003553220136415,0.10433220159345617,2.8784006439493637
2138,197@6_0.mat,Outer,3,1.0765679785269555,0.04373030988501592,0.8611673092760772,1.1589986123896154,0.7289566254062411,3.5918816737157253,6.762417126182443,1.1582173440119876,1.0762050659665134,0.11568362856873127,3.971587051951057,1.2501263888322705,4.170945221702618,3.336418828495235,0.09280829756470005,2.960628789528923
2139,197@6_0.mat,Outer,3,1.0510534536775642,0.049791531875491485,0.8379976572508532,1.1047133624875354,0.7064486770152955,3.5918816737157253,6.762417126182443,1.10331161859356,1.0503864139418218,0.17467457954368606,3.6124538472570213,1.2542439046004146,4.286266963436409,3.4174110376066595,0.15072400276724748,2.9676038376605662
2140,197@6_0.mat,Outer,3,1.0522298275083128,0.052698403863309165,0.8411425953828113,1.1071876098981737,0.7124966373649095,4.144755516361198,7.919500186693235,1.1054900682732312,1.0514228779483692,0.26360009563621,3.8194381471361742,1.250952969547551,4.927530170398702,3.939021122573637,0.22678446190902102,3.1252861756119312
2141,197@6_0.mat,Outer,3,1.1020689796169953,0.044849133321881965,0.8856756587978103,1.2145560358340455,0.7539524850123225,4.144755516361198,8.011170499585816,1.2137298741545508,1.101694092820031,0.2607151425525858,4.454950417648417,1.244325694929526,4.679766769228462,3.7608857458249787,0.1949769146292639,3.024118407200979
2142,197@6_0.mat,Outer,3,1.109870836372364,0.03780993551070345,0.885450777590249,1.2318132734298906,0.7528540339244679,3.8664149832246175,7.582153435248539,1.231586403303543,1.1097686260223538,0.11414773090914104,4.848759943761015,1.2534528902799316,4.366606344558965,3.4836621132046246,0.08351605166661491,3.196692866785231
2143,197@6_0.mat,Outer,3,1.1386334012288462,0.041117069368182296,0.9068791661775673,1.2964860223939705,0.7695479893859931,3.7157384520239223,7.367848614886331,1.296061093662322,1.1384467900004471,0.0779869200535533,5.2768015968090225,1.2555513939380165,4.097280641787599,3.2633316816549787,0.05285469345761642,3.1413752508320747
2144,197@6_0.mat,Outer,3,1.0518644666983357,0.03988644316255403,0.8463980796758817,1.106418856302574,0.7200157314066898,3.24713109168363,6.462553347120492,1.1059079161537833,1.051621565085931,0.11617745095499658,3.420266618416254,1.242753843557741,3.8364112226285356,3.087024226488856,0.09989491765791991,2.7965463914864825
2145,197@6_0.mat,Outer,3,0.9794964461166293,0.03927570561789209,0.7819052514632201,0.9594132879551069,0.6610070237775926,3.513586134491397,6.48659134027899,0.9588070419051842,0.9791869289901618,0.1814575530260265,2.708203162959842,1.252704780128275,4.493621353625323,3.5871351533923224,0.19327613287397497,2.945905497788363
2146,197@6_0.mat,Outer,3,1.0288718099175798,0.04246307921417014,0.8083206826079748,1.0585772012430765,0.6764469191897723,3.822413233036179,7.081429815048623,1.057807102895649,1.0284974977585746,0.2171106231468644,3.647929288353848,1.272851025655738,4.728832646838596,3.715150124813573,0.19955901679487617,3.2601190057004463
2147,197@6_0.mat,Outer,3,1.014543790483031,0.040449435752584424,0.8061385190149153,1.0292991028076761,0.6811804032575387,3.822413233036179,7.081429815048623,1.0286675040644115,1.0142324704250065,0.08294757444888796,3.35505046392324,1.2585229046262723,4.741633283697134,3.7676177892849108,0.07950439920829337,3.1706551962501077
2148,197@6_0.mat,Outer,3,1.0456372987783873,0.0415149439901119,0.839894422235645,1.0933573605965623,0.7172105788672568,3.3995777284477344,6.578261653171571,1.0927009608040952,1.0453233761875294,0.01196327859879762,3.6312627829760142,1.2449627847198312,4.047625080536473,3.251201666597196,0.010473654155257197,3.0412703551109863
2149,197@6_0.mat,Outer,3,1.0623973241730749,0.04385683401478954,0.8468338355628903,1.1286880744101095,0.7163432719090873,3.629701864155332,7.029279592603066,1.1278660842432024,1.0620103974270696,0.15543985873000965,3.871887883558522,1.2545522858869298,4.286203162558312,3.4165201488785013,0.1297705325640756,3.0437410291045714
2150,197@6_0.mat,Outer,3,1.001324447028271,0.03940382124615343,0.7921012281127859,1.0026506482164725,0.6650745235047314,4.018454196375866,7.648156060531198,1.002076577495384,1.001037750284865,0.1722241310305357,3.2736431681923777,1.2641369707413583,5.073157386644794,4.013139006340866,0.17168906502066725,3.260089453322594
2151,197@6_0.mat,Outer,3,1.0160100655552662,0.03620888803205872,0.8038335492839062,1.0322764533096165,0.680517190750453,4.018454196375866,7.612302782599878,1.0319731560222765,1.0158607955927212,0.07971568699361384,3.618654326646517,1.2639557859448802,4.999112316163838,3.955132269458137,0.07603983968116894,3.3978976886917285
2152,197@6_0.mat,Outer,3,1.010214284756174,0.03622639451542363,0.8067774101255056,1.0205329011254278,0.6887049179622656,3.573884829194072,6.824752938949398,1.0202168549882902,1.0100578473475121,0.09667030975996126,3.2809858703917216,1.2521598548449302,4.429827588545983,3.5377492509454362,0.09381113034130832,3.152240696595267
2153,197@6_0.mat,Outer,3,0.9723920277034791,0.03644442980824105,0.7819486478989505,0.9455462555412837,0.6671617865231559,3.6753333087951945,6.773417563729553,0.9451410483822966,0.9721836495139674,0.1463754611255492,2.657480472159069,1.2435497271016391,4.700223369739044,3.7796826836101642,0.1593027739014557,2.9749305469458096
2154,197@6_0.mat,Outer,3,1.0080078826789238,0.032955467248540364,0.7982260279965991,1.016079891542847,0.6733461052081354,3.6753333087951945,6.9518691061604425,1.0159860025518943,1.007961310047114,0.09582808281750907,3.3642373714951423,1.2628100905298414,4.6043766801428445,3.646135483607359,0.09357529665337612,3.2592012753625825
2155,197@6_0.mat,Outer,3,1.0070373527720655,0.035854779618541374,0.7920444972640166,1.0141242298781696,0.664074377545187,3.434138529984494,6.710674327349742,1.013828731777552,1.0068906255286878,0.06784274619717597,3.4176650736262673,1.2714403751928507,4.335789897970136,3.410140170598391,0.06645941696490236,3.325066308233962
2156,197@6_0.mat,Outer,3,0.9662382983901144,0.03301315906872015,0.7775437228855123,0.9336164492758239,0.6601359019466845,3.434138529984494,6.484146798601855,0.9334381412889797,0.9661460248269822,0.1042044454167941,2.4844145910910393,1.2426803406027154,4.416650059543635,3.554132076634393,0.1155468027023568,2.851366125953959
2157,197@6_0.mat,Outer,3,0.9361396696398742,0.020858487243392725,0.7507579378980296,0.8763574810734527,0.6389295198606383,3.0369707130059718,5.613889961541625,0.87677863371786,0.936364583758837,0.04303933636636255,2.210669432609347,1.2469261027857115,4.045206263825635,3.2441427401223444,0.052424057265027676,2.8757020722130613
2158,197@6_0.mat,Outer,3,0.9460456576789766,0.008023051939943748,0.7550214668143986,0.8950023864132475,0.6411197198299187,3.0369707130059718,5.80578648319676,0.8958128342717849,0.946473895187704,-0.027317853550154425,2.333639657434901,1.2530049796720324,4.022363398242961,3.210173513669149,-0.03221963765946319,2.90803236666161
2159,197@6_0.mat,Outer,3,1.022034637038754,-0.010219897350150454,0.8196646916341496,1.044554799306938,0.6937101466019797,2.9077472221746548,5.7943786220367945,1.0454713210920943,1.0224829197067764,0.02973875357441793,3.020572191057774,1.2468935742491196,3.5474838087437783,2.8450574146848133,0.027819836693003294,2.763535016459916
2160,197@6_0.mat,Outer,3,1.0357402123031307,-0.027237392804701492,0.8300848627603191,1.0727577873817344,0.7033518744538938,3.209718324856879,6.319547659008066,1.0730638257072291,1.0358879407094328,-0.08353323957964354,3.3156240539692465,1.2477521983206497,3.8667351602817925,3.0989608076686217,-0.0751486170494346,2.8794807043400583
2161,197@6_0.mat,Outer,3,0.9892883890864324,-0.0408984179486544,0.7958111335920016,0.9786915167812285,0.6790144923453497,3.209718324856879,6.319547659008066,0.9779738888163229,0.9889256235007378,-0.22934750673121632,2.7827189272692485,1.2431195635827583,4.03326642386284,3.244471844875971,-0.23713908172762582,2.909476292692633
2162,197@6_0.mat,Outer,3,0.9518289035457757,-0.053314891275211496,0.7613647807819975,0.9059782616251535,0.6448859311384023,3.034526171328836,5.880752427962248,0.9040186146718564,0.9507989349341197,-0.13899237369667936,2.3624111823177394,1.2501614568602744,3.985640323693578,3.1881004663982773,-0.16170554488088112,2.890684830404397
2163,197@6_0.mat,Outer,3,0.9443785638763262,-0.06385459001012667,0.7603075728374751,0.8918508719091125,0.6439221957929575,2.846226256633412,5.480255016524886,0.8886412769908124,0.9426777163966551,-0.16103583716324882,2.1888933456626307,1.2421006940002641,3.7435195417132636,3.0138615651626903,-0.19223515496539698,2.77186220414131
2164,197@6_0.mat,Outer,3,0.9382813044324184,-0.07162826437338723,0.7618181521706575,0.8803718062474006,0.6501244157993472,3.284614064066373,5.918642823957847,0.876096761233649,0.9360004066418182,-0.20943543725708236,2.0690627716904033,1.2316342184256581,4.3115460752716,3.500670905992088,-0.25540068372093044,2.695687326958016
2165,197@6_0.mat,Outer,3,0.9419165586038494,-0.07678830034519225,0.7660868804292269,0.8872068033721188,0.6567266299183991,3.284614064066373,5.782155913651117,0.88217185625559,0.9392400418719328,-0.18515625296946103,2.0779622877644353,1.2295166288122286,4.2875216218580405,3.487160337144393,-0.22346452343685008,2.670122980228872
2166,197@6_0.mat,Outer,3,0.930039741732854,-0.08387046861553918,0.7552616448359928,0.8649739212025138,0.6482978682171567,2.501616085713302,4.964049299036443,0.8587783163963295,0.9267029278017468,-0.20140220134734854,1.9641373464524392,1.2314139716886898,3.3122509302762526,2.68979482645504,-0.25307113202907383,2.6632363695620866
2167,197@6_0.mat,Outer,3,0.9325156335383558,-0.09152398484297702,0.7554953062573518,0.8695854067934411,0.6476276658229034,2.501616085713302,4.891120472335235,0.8620506132939485,0.9284668078579592,-0.19777867412346156,2.0098161064938664,1.2343102939404225,3.311226509272105,2.682653240051792,-0.2471043059805239,2.7045237025939026
2168,197@6_0.mat,Outer,3,0.9304945204239043,-0.09774196943449284,0.7512172065862558,0.8658200525389117,0.6392169197390698,2.707772433818393,5.203206959782864,0.8571035751600956,0.9257988848341175,-0.17265499287710007,1.9933695916378904,1.2386491047657133,3.604513328601291,2.9100358727334648,-0.2175851149907539,2.7134462029615176
2169,197@6_0.mat,Outer,3,0.9343438406842046,-0.10542333688546573,0.7454934238631744,0.8729984126245103,0.62637986392951,2.707772433818393,5.256172029454132,0.8627268393434903,0.9288308992187384,-0.24848106069425535,2.090762833874099,1.2533227132187794,3.632188222107962,2.8980470742255204,-0.3100868352289001,2.809041485240726
2170,197@6_0.mat,Outer,3,0.9304131927101386,-0.10881641166128139,0.738748131763433,0.8656687091690733,0.6208972207713791,2.782668173027889,5.3584353562809675,0.854662328902805,0.9244794907962021,-0.23812304359285444,2.1690976015721533,1.2594457470747586,3.7667346330632854,2.9907875284092325,-0.30137663676410065,2.969545406355335
2171,197@6_0.mat,Outer,3,0.9645368920855558,-0.11183429066861741,0.7652371146391892,0.9303314161940631,0.6448373255985067,3.1184554355771543,6.176134547282785,0.9187216967817238,0.958499711414523,-0.19013656586349817,2.627363625903748,1.2604418599574545,4.07514922618911,3.2331116219215694,-0.21591841638176812,3.1128073070922926
2172,197@6_0.mat,Outer,3,1.0294844386305781,-0.1126940977266073,0.8113992419785345,1.0598382093825167,0.6805001246389062,3.395503492319175,6.453182604024805,1.048161845272126,1.0237977560397982,-0.2886048121316618,3.452887892761301,1.2687766827572957,4.1847506340224285,3.298256258086407,-0.2689434973520005,3.142865421091038
2173,197@6_0.mat,Outer,3,1.0670982883935913,-0.10857529964039206,0.8370654752101959,1.1386987570925324,0.7005101500289804,3.395503492319175,6.292250276946719,1.128011735360845,1.0620789685145098,-0.412949068007197,3.9460734941821425,1.274808626080722,4.056437152019049,3.181996943718821,-0.34468792011346966,3.1012582585196062
2174,197@6_0.mat,Outer,3,1.0500664292770323,-0.10228490186768505,0.8282502752348349,1.1026395058946166,0.694026509535916,3.3783917005792268,6.26739743656251,1.0932449267433073,1.0455835340819533,-0.36930683851757495,3.6322248351174355,1.2678129554234532,4.078950290257698,3.2173123588971624,-0.3230807955739252,3.039049558232178
2175,197@6_0.mat,Outer,3,0.996860260430615,-0.09874739860410896,0.799412762099997,0.9937303788257936,0.6792882964714524,3.3783917005792268,6.26739743656251,0.9849411867223734,0.9924420319204409,-0.25943379994404436,2.8933928218664042,1.2469906757689124,4.226091777294399,3.389032379640121,-0.26540622761161786,2.9825436115066815
2176,197@6_0.mat,Outer,3,1.0080839995814903,-0.09595471663278507,0.8163568845317709,1.0162333502122143,0.6998477142824681,3.2044218178897514,6.376179541195038,1.0080104277514872,1.0039972249720053,-0.2118392468691586,2.876851773217005,1.2348569831176857,3.9252707714025736,3.1787250062662435,-0.20931911335739073,2.831310086878941
2177,197@6_0.mat,Outer,3,1.0286863356082026,-0.0923412193164204,0.8253559441704614,1.0581955770670317,0.7044077045693999,3.768296098082336,6.940053821387622,1.0506947453694633,1.0250340215668274,-0.26130453823026556,3.345521120473805,1.2463547913753206,4.565661790762484,3.6632119701003876,-0.24262308019841927,3.030474648939605
2178,197@6_0.mat,Outer,3,1.029593244034401,-0.08962572502175087,0.8139953885025077,1.0600622481612816,0.6863047308150341,3.768296098082336,6.833716258432228,1.0530578543865312,1.0261860720096192,-0.32198373341756925,3.5960242653149477,1.26486373089565,4.629382612363654,3.6599852610850747,-0.2979583661410459,3.2427849604290437
2179,197@6_0.mat,Outer,3,1.0135829656648776,-0.07909199440616466,0.8028230140446688,1.0273504282860086,0.6741888943003072,3.428504804960504,6.707414938446895,1.022093022424075,1.010986163319793,-0.1367686976336622,3.1985727626165947,1.2625235549204368,4.270561188428353,3.3825596138626235,-0.1323582682191719,3.0617899115786518
2180,197@6_0.mat,Outer,3,1.0056730108442633,-0.07557438487368504,0.8055450114535159,1.011378204740566,0.6836989706295971,3.515693458111669,6.79460359159806,1.0066497735109743,1.0033193776215898,-0.10390661199690099,2.9586503241806192,1.2484380097251058,4.36436624660319,3.4958613984845286,-0.10287872755981418,2.9196906538039213
2181,197@6_0.mat,Outer,3,1.007487680453709,-0.07784346384254956,0.8060495715481781,1.0150314262659947,0.6847222501801501,3.515693458111669,6.28124983939961,1.0099581086184364,1.0049667201546708,-0.31630331572125125,3.0441194664118694,1.2499078419176863,4.361634299184256,3.4895647126175597,-0.31163677689908814,2.9843858461482613
2182,197@6_0.mat,Outer,3,1.00218616126646,-0.07342625978988711,0.8039302856314412,1.0043771018340029,0.6810430045280608,3.1539012898956185,5.96223715053343,0.9999622118047363,0.9999811057238713,-0.29718842160433123,2.8881749473261102,1.2466082932527582,3.923102968330751,3.147021393617025,-0.29720526772032607,2.8883932375253987
2183,197@6_0.mat,Outer,3,1.0287858762546864,-0.06387209649349157,0.8277573231941464,1.0584003791811232,0.7020358019544994,3.982193494831689,6.7905293554695,1.0553513510243842,1.0273029499735626,-0.2079019144290364,3.188269386099512,1.2428592866850987,4.810822427351542,3.8707699889165132,-0.1917621466998618,2.862601326402552
2184,197@6_0.mat,Outer,3,1.0281496501337664,-0.06204107748337154,0.8254555364601126,1.057091703070186,0.7023372268059301,3.982193494831689,7.763049519356565,1.0542721704413354,1.0267775661950038,-0.19439479580450247,3.383257800290323,1.2455542481932371,4.824237428831264,3.873165248181251,-0.17957898816022155,3.0438945744393915
2185,197@6_0.mat,Outer,3,1.000704050941332,-0.054245520015904825,0.8007289594512802,1.0014085975703921,0.6818199984554228,3.780856024524876,6.809678265273729,0.9994420387445576,0.9997209804463232,-0.18061408631369383,3.0137381290876966,1.2497413002595037,4.721767559288828,3.7781959820833744,-0.18076535530456517,3.017104044109009
2186,197@6_0.mat,Outer,3,1.0241132310002723,-0.047034440368052724,0.8180039483463329,1.0488079099098169,0.6948358212048418,3.3246117836822457,6.040462484201765,1.0476187365014455,1.023532479456048,-0.17215617366119654,3.1972358872202418,1.2519661220087697,4.064297966286321,3.246332224837856,-0.16055273783731078,2.913185668842433
2187,197@6_0.mat,Outer,3,1.0727407086612422,-0.05185071266651056,0.8641268367043915,1.1507726280190238,0.7360651041923454,3.443101849467324,6.76771363314957,1.1492064034934104,1.0720104493396556,-0.13020271157632005,3.761545505528562,1.2414158004295077,3.98448665544823,3.2096310148992413,-0.10568734133958246,2.8481984487803107
2188,197@6_0.mat,Outer,3,1.0229420203146,-0.049679112980018786,0.8242298353562318,1.0464103769253157,0.6997159274076282,3.443101849467324,6.640597465938525,1.044962834176585,1.0222342364529693,-0.07794728614549493,3.0471239405811614,1.241088318370863,4.1773564869500746,3.3658817226073587,-0.07297090502980569,2.790541147301617
2189,197@6_0.mat,Outer,3,0.993876863612183,-0.04608909026634799,0.7928200762766768,0.9877912200235898,0.6690459728281491,3.6814446629880337,6.707822362059751,0.9866305221512987,0.9932927675923643,-0.08898150685581145,2.8643349951044232,1.253596993000576,4.64348062459842,3.7041255287947346,-0.0907962550612701,2.942488105209419
2190,197@6_0.mat,Outer,3,0.9847482976647578,-0.04573378822896486,0.7769489542699585,0.9697292097536385,0.6507215392641392,3.6814446629880337,6.707822362059751,0.9685835127044922,0.9841664049867238,-0.128866939308852,2.898402287788647,1.267455593126817,4.738335308582116,3.738462581468291,-0.13518730350315444,3.0894738205471324
2191,197@6_0.mat,Outer,3,0.9435655704045235,-0.047991328833793416,0.7405941756067824,0.8903159856528138,0.6179451686836165,2.9436005001059757,5.811082990163888,0.88888086573002,0.94280478664993,-0.050949251197175416,2.4116905901154526,1.2740656104001478,3.9746471104640477,3.119656537320328,-0.06079564483278968,3.052351004221565
2192,197@6_0.mat,Outer,3,0.9396084325369605,-0.04278275215811299,0.7386581997426439,0.8828640064945639,0.6184090382892518,3.0944174424186555,6.038017942524631,0.8818948680694404,0.9390925769429979,-0.0822684600730533,2.4513946090997245,1.2720476573103199,4.189241307403875,3.2933053123633393,-0.0993363378267592,3.1519520060337745
2193,197@6_0.mat,Outer,3,1.0025647174766525,-0.03816263204826644,0.7947949887797088,1.00513601272904,0.6706864456760564,3.3000961613548987,6.394513603773554,1.0046607402483374,1.0023276611210215,-0.025593131494028448,3.1930916708499195,1.2614129827550653,4.15213508884544,3.291653998813756,-0.025415243848616476,3.163534129281459
2194,197@6_0.mat,Outer,3,1.0363105285638352,-0.037696720865986875,0.8261178470993411,1.0739395116122554,0.7004167148179169,3.3000961613548987,6.2702494018525,1.0735668739985966,1.0361307224470262,-0.08688553468734542,3.454358546079135,1.254434258019321,3.994703870565413,3.184466499558904,-0.07810949400193203,2.997155034809182
2195,197@6_0.mat,Outer,3,1.0201193537993163,-0.03114889821289141,0.8117586756280706,1.0406434959959348,0.6868432316727487,2.9701532404976017,5.838787795838089,1.040689540515467,1.0201419217518055,-0.11108014594837529,3.1600897270061283,1.2566781044979618,3.6589116071914947,2.9115742480844995,-0.10462962220019646,2.917810176720231
2196,197@6_0.mat,Outer,3,1.0194372050245215,-0.024200813690134763,0.8179615544700108,1.0392522149882082,0.6966680092552274,3.0781204979044188,6.0420921786531885,1.0396818499114977,1.0196479048728035,0.034740630356491206,3.1256217123303025,1.2463143279194928,3.7631603601407524,3.0194311947123396,0.03277079676973571,2.89158185118261
2197,197@6_0.mat,Outer,3,1.0181208578856895,-0.026656495856684267,0.8069002555918037,1.0365700812618925,0.6838290414828617,3.820038896915036,6.965721508997543,1.0368720828839764,1.0182691603323635,-0.10456611956469991,3.459832600564411,1.2617679209157133,4.734214508469298,3.7520485582077936,-0.09903830966005629,3.218138443957093
2198,197@6_0.mat,Outer,3,1.0068085260196487,-0.02402734035497346,0.7910552280879659,1.0136634080658578,0.6655451915215823,3.820038896915036,7.314883545215061,1.0140764039695755,1.0070136066456974,-0.11154254717374713,3.431855523045331,1.2727411314275747,4.829041969855252,3.7942059469972054,-0.10922814082708485,3.3372415445590295
2199,197@6_0.mat,Outer,3,0.9766764676035067,-0.018389456962230995,0.7790482093353722,0.9538969223704635,0.6592872313198137,3.938121539087258,6.87934770307209,0.9544908702335604,0.9769804861068415,0.005855910911352864,2.784457687103389,1.2536791124075402,5.055042155147143,4.032165890866896,0.006279669580759172,3.0563076276277776
2200,197@6_0.mat,Outer,3,0.9535079648565551,-0.019855624944041566,0.7642977079443474,0.9091774390448896,0.6499701854388742,3.938121539087258,7.131135495817045,0.9096715443204715,0.9537670283252989,-0.14683741406220296,2.5066011358586073,1.2475609372424517,5.152601529676263,4.13014016057598,-0.16924264853136703,3.0291167525080107
2201,197@6_0.mat,Outer,3,0.9594350910771747,-0.016573159313122345,0.764479386040285,0.9205156939902667,0.6470582726363653,3.298129248846612,6.2046542001826985,0.9211405757241293,0.9597606866944121,-0.1766500965735766,2.5917514750241812,1.2550176088402223,4.314216065295579,3.4375741303565484,-0.19981358389519524,3.054509836705075
2202,197@6_0.mat,Outer,3,0.9643925229750121,-0.011610071279172489,0.7600468154836515,0.9300529383701093,0.6368579276431662,3.298129248846612,6.2046542001826985,0.9308271555090538,0.9647938409365255,-0.07501603372342161,2.7050553703341462,1.268859369353528,4.33937644583581,3.419903379869577,-0.08353154826808867,3.1220371733240047
2203,197@6_0.mat,Outer,3,0.98643621209734,-0.005713171507553846,0.7778882542061631,0.9730564005369484,0.6525611932116863,3.174272470538414,6.1683934986385225,0.9739749075789562,0.9869016706739108,-0.05640571202534396,2.943493751515856,1.2680950081997735,4.080627845157125,3.2179196501577376,-0.058681530629622405,3.102898586393517
2204,197@6_0.mat,Outer,3,0.9864815705836326,-0.0009446441637275672,0.7838017961517896,0.9731458891011506,0.6609406205664812,2.9941210281001083,5.955718372727736,0.9740962626300291,0.9869631516070035,-0.05562268490866085,2.8313978560528206,1.2585854937124104,3.8199976611388786,3.0351515095468633,-0.05785609703380407,2.9839884977072284
2205,197@6_0.mat,Outer,3,0.9753896925053879,0.0025916654759827345,0.7817570364235223,0.9513850522457552,0.6665092070634264,3.350616689349032,6.5509642711102245,0.9523083241135829,0.9758628613250854,-0.08765210592345428,2.7929176480572666,1.247689047950847,4.28600771497185,3.4351569583836756,-0.09431830428235677,3.079661397050465
2206,197@6_0.mat,Outer,3,1.042711976859953,0.004183561838323083,0.8464340671000796,1.0872482666871912,0.7296659588646203,3.3966555576017496,6.6059664588457725,1.0882935511685994,1.0432130900101855,-0.040724691617878506,3.447074886799282,1.2318880080419004,4.012900342296983,3.2575204207659136,-0.03587060658315493,2.9104397083725084
2207,197@6_0.mat,Outer,3,1.0289041790367326,0.003371101860342839,0.8348109692557079,1.0586438096392525,0.7150072504117955,3.3966555576017496,6.6059664588457725,1.0596672766363402,1.0294014166671523,-0.04905294257767974,3.055346066715911,1.2324995920367936,4.068772072587925,3.3012360400542073,-0.04496874632086707,2.720955015243716
2208,197@6_0.mat,Outer,3,0.9963520458249853,0.0035187133450787153,0.7932751908999334,0.9927173992196335,0.6713469555750196,4.340318850532037,7.611487935374166,0.9936754040127598,0.9968326860676068,-0.0842245643689519,3.1000933419512435,1.255997990676369,5.4713911393128,4.3562101053688025,-0.08502995774963118,3.1396821958703325
2209,197@6_0.mat,Outer,3,0.9780625762830023,0.004466052819893102,0.7745853463632413,0.9566064031253436,0.6555702717679328,4.340318850532037,7.611487935374166,0.9575215371236508,0.9785302944332642,-0.13867012921954527,3.0116569434696716,1.262691814238218,5.603409451140125,4.437669895337789,-0.14799944729482994,3.2847959589608675
2210,197@6_0.mat,Outer,3,0.9792993988591422,0.004748145926841196,0.7767199437098936,0.9590273126058774,0.6560352765946189,3.0849764937669764,6.1692083458642335,0.9599422112818397,0.9797664064877095,-0.13101728750098646,2.793858379676639,1.2608140254264562,3.97180028496249,3.1501872638314103,-0.13930316057627126,3.031895368366128
2211,197@6_0.mat,Outer,3,1.0000034634220678,0.003696563301081259,0.7914800087077272,1.000006926856131,0.6652018234190596,3.3783917005792268,6.543223222465963,1.0009707727962007,1.0004852686552665,-0.0922407418202881,3.1231422079780744,1.2634601662947111,4.268448556383576,3.3783799998200035,-0.09210658742068589,3.117087303308198
2212,197@6_0.mat,Outer,3,0.9460082991586416,0.004849206080811314,0.7534832430678455,0.894931702077026,0.6372446554375425,3.3783917005792268,6.543223222465963,0.8957829753392665,0.9464581212812675,-0.05769080673048135,2.5033817898158794,1.2555133878036424,4.483698518389671,3.5712072542918714,-0.06804596941659743,3.1197621172348593
2213,197@6_0.mat,Outer,3,0.9172386319343226,0.009065483449399302,0.7270816408728049,0.8413267079127479,0.6133408077501437,2.9757869655215923,5.756080802428338,0.8420668558364793,0.917642008539539,0.026892925384137963,2.1968040114920164,1.2615345792970203,4.092782430794565,3.244288740044504,0.034803120598611986,3.0981195027423443
2214,197@6_0.mat,Outer,3,0.9497019148072408,0.0092683995065834,0.7475111854508554,0.9019337269885396,0.627873605779453,4.067682247975439,6.847976084882185,0.9027293954343548,0.9501207267681064,0.08363320643842934,2.6575826407283745,1.2704852225497671,5.4416339543021115,4.283114716891737,0.0975084764703763,3.2611562634324547
2215,197@6_0.mat,Outer,3,0.9490115928559811,0.010794248681683428,0.760072869528359,0.9006230033750464,0.6443237669474872,4.067682247975439,7.218731572581067,0.9013867480666032,0.9494138971315952,0.03084103678179853,2.4455826428845264,1.2485797492595863,5.351700358011948,4.286230303815109,0.03603812737335638,3.009955019472287
2216,197@6_0.mat,Outer,3,0.9830986061829807,0.010487487348175707,0.7939624990802303,0.9664828694789195,0.6780051117956026,3.1510493246056277,6.298769054752415,0.9673175281115879,0.9835230185977285,-0.02156106643213658,2.650891174890363,1.2382179351299563,3.9687634217636316,3.2052220446500446,-0.022662961008476982,2.8330470327940365
2217,197@6_0.mat,Outer,3,0.9759922391643633,0.0030173913214474237,0.7751987038080901,0.9525608509090676,0.6565781329931624,3.1477197301467874,6.101983449743009,0.9534828818855221,0.976464480606193,0.026994740915073527,2.779396829950191,1.2590220215392969,4.060532757188386,3.22514831966145,0.028994112050996636,3.0572063778878373
2218,197@6_0.mat,Outer,3,0.9400313349063494,-1.6004796143871333e-05,0.7448190960689416,0.8836589106058131,0.6292851396509972,2.9913392683661093,5.742635823204093,0.8845227020508811,0.9404906709005045,0.09858248447801218,2.4080480235615145,1.2620934933951755,4.016195723431358,3.1821697397576,0.11850489317968023,3.077848053719265
2219,197@6_0.mat,Outer,3,1.0159836111181815,0.0017071901914332286,0.8038172071926422,1.03222269806074,0.6758409071919733,3.704738014476813,7.135209731945604,1.0332287960585411,1.0164786254804088,0.10447457104184753,3.249552812308685,1.2639485719213122,4.60893096256439,3.6464545037254767,0.09947543443447686,3.0439015143634136
2220,197@6_0.mat,Outer,3,1.0299933119589983,0.003965526545505654,0.8123449922145106,1.0608862226802667,0.6772460964768788,3.704738014476813,7.135209731945604,1.0619075163384075,1.0304889695374753,0.029394110620838916,3.418166933575033,1.267925969667019,4.560547612133204,3.596856379025394,0.02686150130806336,3.0312368993905072
2221,197@6_0.mat,Outer,3,1.011708531110938,0.0029032013049536233,0.806569417230465,1.0235541519226516,0.6792110234690328,3.2610537000767232,6.373734999517902,1.0245462567987393,1.0121987239661683,-0.04762559625229537,3.0659497895512606,1.2543353485724877,4.043115980358183,3.2233134344459846,-0.045924355427308966,2.9208005136139263
2222,197@6_0.mat,Outer,3,0.9824825149996018,0.0026632829079300795,0.7827021392568895,0.9652718922799428,0.6628332344500969,3.548624565197006,6.671154236902719,0.966208362057667,0.9829589828968791,0.005707081785386828,2.8399591949795875,1.2552444483301552,4.533812273161277,3.6118958973990822,0.006009078930454881,3.0420791991883647
2223,197@6_0.mat,Outer,3,0.951562774807444,0.002465539220831068,0.7530783426931231,0.9054717143992425,0.6374799950765219,3.548624565197006,6.802344640242323,0.906350743663702,0.9520245499269975,0.02698507022747506,2.6126240535048924,1.2635641218989868,4.712158568392593,3.7292595498088583,0.03127368874583291,3.1804189324962326
2224,197@6_0.mat,Outer,3,0.9706805575983639,0.00483169959744641,0.7574241215081203,0.9422207448994707,0.6335335567844088,3.386540172836345,6.603521917168637,0.943118413654305,0.9711428389553748,-0.019074333283998282,2.953066543053963,1.2815548515465067,4.471127967365067,3.4888307449072204,-0.020825720259355845,3.3200206493489124
2225,197@6_0.mat,Outer,3,0.9729102227724956,0.012311344615101003,0.7662635378911883,0.946554301575227,0.6429792301155746,3.386540172836345,6.603521917168637,0.947327857229571,0.973307688878276,0.010083776422143911,2.8055700189189636,1.2696809578708965,4.419550200903366,3.480835223606001,0.010936358678731,3.1262268956216848
2226,197@6_0.mat,Outer,3,0.9440779051977722,0.012572350367086817,0.7496742791640023,0.8912830910826137,0.633360636595501,3.249645838916758,5.993608768723336,0.8919961170469146,0.944455460594577,0.0239279260637855,2.3874721132825574,1.2593174548409203,4.334743673660858,3.442137371314242,0.02840276446143509,3.0006295360265547
2227,197@6_0.mat,Outer,3,0.9719200988410036,0.0070987891932012765,0.7675430206291428,0.9446286785311062,0.6456954290115143,3.249645838916758,5.993608768723336,0.945501627155866,0.9723690796996097,-0.03888138184262675,2.7061615261682657,1.266274427253693,4.233828921079683,3.3435318837305203,-0.04229103077208067,3.0271166315180227
2228,197@6_0.mat,Outer,3,1.0607576134464054,0.006054368310636069,0.8487461985742835,1.1252067144845137,0.7215561427010693,3.2708318667852656,6.3859577079035805,1.1262699320894292,1.0612586546593763,-0.022134477182707814,3.635112664817279,1.2497936547191695,3.8537219633804867,3.0834865810250816,-0.018518488383379005,2.8657143327281984
2229,197@6_0.mat,Outer,3,1.046460117831742,0.008159125060643665,0.8372003569666795,1.0950787782124234,0.7093960401593036,3.31524104058656,6.430366881704875,1.0960826000547843,1.046939635344266,0.011336168873334287,3.5155999656204355,1.2499518294784258,3.9599135535420547,3.1680529282401584,0.00987873604895616,2.9262598225697403
2230,197@6_0.mat,Outer,3,0.9451541123582988,0.00863617673233726,0.757032475759915,0.8933162961078038,0.6417745002937959,3.31524104058656,6.175319700057073,0.8941148716135617,0.9455764758143901,-0.03532753463556959,2.3272838025324916,1.2484987667250305,4.379258680090728,3.507619548214246,-0.041785283508817384,2.9111374416242963
2231,197@6_0.mat,Outer,3,0.9530834032501769,0.010978066757014904,0.7607679014188145,0.9083679735509393,0.6465953538251836,3.1616423385398806,5.917013129506424,0.9091352830260481,0.9534858588495416,-0.059409929660638516,2.5320140124025725,1.252791293469987,4.155856645159891,3.317277719614909,-0.06853560785440069,3.063437886748484
2232,197@6_0.mat,Outer,3,1.0580261307438699,0.01664976949262139,0.8489918794102962,1.1194192933368443,0.7229116921072624,3.588144655644029,6.833308834819372,1.1202360590390923,1.058412045962768,0.051127810087408965,3.696386758767532,1.2462146651832773,4.226359218102419,3.3913573128084358,0.04312140168740203,2.9454951359502064
2233,197@6_0.mat,Outer,3,1.0415074816026484,0.018531318579726473,0.8325638970252184,1.084737834234291,0.706379415077367,3.588144655644029,6.833308834819372,1.08545443856615,1.0418514474559941,0.06558900406602483,3.5165193827341827,1.2509640224885348,4.309752883184453,3.445145348470495,0.05799808286297208,2.984625311859741
2234,197@6_0.mat,Outer,3,0.9649802143438714,0.014213185307924498,0.7694414175705956,0.931186814075144,0.6513535389217676,3.324949001739109,6.411625395513502,0.9318948530059351,0.9653470117040479,0.009151587700562763,2.634924216521474,1.2541308438911545,4.321250358776958,3.445613653329078,0.01017293047382026,3.0341308257581043
2235,197@6_0.mat,Outer,3,0.980879104001979,0.01891685908837626,0.7939973333387358,0.9621238166677252,0.6763048769248554,3.016529326807184,5.886048934929376,0.9627061117972575,0.9811758821930233,0.10126447123914319,2.476434003904424,1.235368259835553,3.7991680829946453,3.0753324385203977,0.10720536156842711,2.6720175158484003
2236,197@6_0.mat,Outer,3,1.0269402461683992,0.02311005972889234,0.8245716658603497,1.0546062692004121,0.6955706133853419,3.7270761076278953,6.71393371625259,1.0551025679412442,1.0271818572878146,0.09609944015540164,3.1653837328713084,1.2454226705639404,4.520014768800698,3.6293018230907803,0.08867043469852126,2.8433937605559323
2237,197@6_0.mat,Outer,3,1.0122526324451184,0.020757029214800674,0.8098361600707892,1.0246553918920722,0.6827164534485576,3.7270761076278953,6.71393371625259,1.0252257346367293,1.0125343128194368,0.04171729206355554,3.103547245680242,1.2499474367202692,4.602259433929825,3.6819623759548827,0.04018711792904013,2.9527002645383105
2238,197@6_0.mat,Outer,3,0.9878215418727403,0.01938993201385056,0.7964012243741457,0.9757913985878379,0.6763079798576783,2.913451152754637,5.46681003730064,0.9763689143922974,0.988113816517256,0.054951703993608436,2.5981566073662803,1.2403566338660297,3.6582705595920237,2.9493699309576544,0.056958723543550985,2.725445094639319
2239,197@6_0.mat,Outer,3,1.038445064669857,0.024887365665051876,0.8312764714107076,1.0783681523371835,0.7025043414439155,3.350209265736176,6.567668639237317,1.0788022892280118,1.038654075825061,0.11849883129029642,3.3062740805329502,1.249217438942218,4.030198593311217,3.2261786200486684,0.1057550897247123,2.840894681735306
2240,197@6_0.mat,Outer,3,1.0523544859587957,0.023775306096758632,0.8452675537826377,1.107449964117601,0.7182641657671642,3.350209265736176,6.567668639237317,1.1079666976657956,1.0525999703903641,0.05247607826611539,3.521032695441235,1.244995719104777,3.963489726702234,3.183536831394443,0.04499573089442329,2.868247633804623
2241,197@6_0.mat,Outer,3,1.0010133020488077,0.022350119201006803,0.8116129579842157,1.0020276308786573,0.6968998024044551,3.166123998281296,6.10687253309728,1.0025071139037798,1.0012527722327562,0.07815229707820423,2.805964825729381,1.233362888307954,3.9010269206901573,3.1629190059691714,0.07785931039238014,2.7919478142274436
2242,197@6_0.mat,Outer,3,0.9833014403860498,0.031805211716541874,0.7896665366391452,0.9668817226652804,0.6718870990162039,3.159942438532465,5.803341941519625,0.9668143057684234,0.9832671588985485,0.1587908266243806,2.6221493045148767,1.2452109780031682,4.0016162416826155,3.2136050134215606,0.167036279300082,2.8052481249897117
2243,197@6_0.mat,Outer,3,1.0207448202361775,0.03477773301697794,0.8222228062867594,1.0419199880389864,0.702196927600544,3.159942438532465,6.1679860750256665,1.041727809639287,1.020650679536974,0.1791349317161149,3.012924111069573,1.2414455211291475,3.8431705060569152,3.0957222372171618,0.1684802100734839,2.7763849188451823
2244,197@6_0.mat,Outer,3,1.0534888732966878,0.02943905133992654,0.8598181849932274,1.109838806159925,0.7431281083255691,3.116755535569738,6.124799172062939,1.110056187661894,1.0535920404321086,0.13706847116624282,3.2911810587420494,1.2252460946772843,3.6249006940818114,2.958508261993789,0.11719797984409144,2.670925970333404
2245,197@6_0.mat,Outer,3,1.0040994853168266,0.029169690220880194,0.8179646284486999,1.008215776413516,0.7035862086695102,2.834481177416583,5.60737118373593,1.0083496220136814,1.0041661326761033,0.07720055472946394,2.7035377521638537,1.2275585647510343,3.465285757880284,2.822908704628394,0.07624365565457604,2.6589499266195653
2246,197@6_0.mat,Outer,3,0.9594724266163918,0.032979737600478065,0.7733731325383328,0.9205873374371473,0.6609055708651632,3.151456748218483,6.2319515822440446,0.9203985010060896,0.9593740151818213,0.07295991462312668,2.4173400492315773,1.2406332548248877,4.074949872994462,3.2845725012952225,0.0826267104862516,2.853552991010085
2247,197@6_0.mat,Outer,3,0.9638999308837046,0.028845820278629492,0.778043137582205,0.9291030767576105,0.6628231967009222,3.151456748218483,6.2319515822440446,0.9291783961875906,0.9639390002420228,0.06928352831120961,2.377883021484858,1.2388772348507782,4.050491028052364,3.2694853970224425,0.0773537443417248,2.754179735477884
2248,197@6_0.mat,Outer,3,0.9648703389969733,0.02889038223628561,0.7803019122690724,0.930974771076134,0.6644334700939784,3.1025659146757736,5.842047184740935,0.9310493447661236,0.9649089826331412,0.12986605020561715,2.3051891589258506,1.2365346333574272,3.976109587697558,3.215526262210337,0.14455615356170975,2.6592622643904456
2249,197@6_0.mat,Outer,3,0.9476695614865394,0.031525903731947295,0.7713544122388908,0.8980775977680898,0.6631329714896838,3.1025659146757736,5.842047184740935,0.8979606298395515,0.9476078460204682,0.14332523239212636,2.181280237867965,1.2285786487363926,4.022231370488197,3.2738900147913723,0.16843669481292137,2.7051843914835323
2250,197@6_0.mat,Outer,3,0.9743093898643366,0.030645009318995158,0.783523984133454,0.9492787871778159,0.6655704300114176,3.479025332954637,6.356215784165098,0.9492666888324675,0.9743031811671701,0.045974036766771864,2.6064270971451418,1.2434965739314796,4.440228255166763,3.5707603448587184,0.04970845639679847,2.892471575586725
2251,197@6_0.mat,Outer,3,0.9653378201262686,0.03323875397935423,0.754412006069598,0.9318771069661361,0.6238917035240684,3.479025332954637,6.356215784165098,0.9316821380379637,0.9652368300256491,-0.06879800771351917,2.7112778122054086,1.279589683566001,4.611572065343124,3.60394595593071,-0.07650224990924744,3.123478214842031
2252,197@6_0.mat,Outer,3,0.9768909856559113,0.03732452847194931,0.7788517289620771,0.9543159978557778,0.6560599278957886,2.971782934949025,5.8237131221624185,0.9538543758440347,0.9766546860810297,0.03845503341410325,2.59898898419154,1.2542708057623413,3.8155952210640955,3.042082462200884,0.0412790865589794,2.8565398429875803
2253,197@6_0.mat,Outer,3,1.0250081615217301,0.03865939782852314,0.8233060266879916,1.0506417311861571,0.7018680044534544,3.167683487176727,6.19365376263559,1.0501727414635285,1.0247793623329504,0.19508141095264586,3.226643671924151,1.2449904753447563,3.8475164574172824,3.0903983071421446,0.18126951629046636,2.925698201263204
2254,197@6_0.mat,Outer,3,1.0071893471095674,0.03513780954982423,0.804316801727384,1.014430380930997,0.6831513312964651,3.167683487176727,6.19365376263559,1.0141861314149974,1.007068086782119,0.14582887330975394,3.1037201316712135,1.2522296499901953,3.938352997686659,3.145072469505562,0.14277988217091664,3.017499579791944
2255,197@6_0.mat,Outer,3,0.9618139787334291,0.03528184016296274,0.7728874096711279,0.9250861296870292,0.6603615756468113,3.042604438029961,5.903975573895034,0.9247443921371907,0.9616363097019531,0.07400129806263067,2.4599083580344376,1.2444425497129616,3.936672275876102,3.1634021809845922,0.08321598885948929,2.876573766073223
2256,197@6_0.mat,Outer,3,0.9424748356253735,0.038217756998181286,0.7512835999635366,0.8882588157870748,0.638847861260849,2.988894726688974,5.764229274685457,0.8876650792660735,0.942159794974331,0.038386535317803776,2.3902294795607917,1.2544861030772692,3.9783840973369595,3.1713257624566067,0.045899210226270394,3.033481343204958
2257,197@6_0.mat,Outer,3,1.05586994158448,0.031241423377267638,0.8411692529824806,1.1148613335416133,0.7115139307545518,3.833413670583289,7.190211919681152,1.114974148949309,1.0559233631989156,0.010570708188543668,3.771600471942099,1.2552407709144071,4.557244165769065,3.630573728452849,0.00897856408185356,3.0338638344680064
2258,197@6_0.mat,Outer,3,1.0639414866705634,0.0317355836577042,0.8518094903625751,1.1319714870587687,0.7220062319758555,3.833413670583289,7.190211919681152,1.1320698767777144,1.0639877239788598,0.08669237101006272,3.747050093890079,1.2490369016861325,4.5003181039308275,3.6030305412525525,0.07197323596713878,2.9237688199818943
2259,197@6_0.mat,Outer,3,0.9604284744870263,0.034008243498166085,0.7682864426171894,0.9224228546054765,0.6519067673919335,2.7696306174165,5.451327940012115,0.9221668475416983,0.9602951877114132,0.07884460891111075,2.4293803237592937,1.2500916601027732,3.604945322187478,2.883744798271315,0.08903438143331964,2.856778045782704
2260,197@6_0.mat,Outer,3,0.9541111050127933,0.03499855343214887,0.7618414772968916,0.9103280007087335,0.6470175279171588,3.153016237113914,6.03801794252463,0.9099917658001799,0.9539348855137755,0.07877329646490461,2.4426501724056946,1.2523748488948725,4.138677574102515,3.304663597923778,0.09074502531755095,2.9497577321381496
2261,197@6_0.mat,Outer,3,1.0055286278111775,0.03714429126821521,0.7905314070489338,1.0110878213478296,0.6642283196450343,3.751114100786394,6.766083938698147,1.0106951299368407,1.0053333426962625,0.1189011886890041,3.272572474853803,1.2719654384935315,4.7450538553358905,3.7304896121635474,0.11701887992450043,3.2036785037512336
2262,197@6_0.mat,Outer,3,1.0358525467291195,0.0348016054942937,0.8171747933799387,1.0729904985652026,0.6883398773940359,3.751114100786394,7.4619634694560455,1.0728270294661852,1.0357736381401996,0.08700138386645041,3.6645684944242474,1.2676021765715928,4.590344845644002,3.621281921473817,0.0782945622663289,3.183929404261966
2263,197@6_0.mat,Outer,3,0.9704697326909079,0.03159314454305339,0.7693872380618999,0.9418115020691622,0.648729541763222,3.7108493686696513,6.960425002030417,0.9417330364554574,0.970429305233234,0.14666582140077844,2.7821175097313766,1.2613540811182118,4.823123110298169,3.823766206882542,0.16048602114233199,3.137038564694325
2264,197@6_0.mat,Outer,3,0.9546236135598588,0.030251113443284842,0.7540997014634988,0.9113062435660827,0.6334229437071393,3.2495756333607653,6.139873845738608,0.911281036588818,0.9546104108948414,0.12868363218937823,2.568282202217776,1.265911671501703,4.309212199726282,3.404038604533848,0.14792610134366532,3.0927020089938204
2265,197@6_0.mat,Outer,3,1.0218657515507266,0.032694063621932605,0.8119151786045402,1.0442096141923312,0.6874242248451251,3.384025425603217,6.289805735269584,1.0441604002871214,1.0218416708507838,0.10379777429916488,3.3410864463601895,1.258586830838383,4.167954380918536,3.311614486016873,0.09728305788973372,3.0644551909870694
2266,197@6_0.mat,Outer,3,1.0084776727477072,0.035506241449731045,0.8014002436284134,1.0170272164306315,0.6765542132425432,3.4533576453447146,6.837383070947931,1.0167594524014807,1.0083449074604784,0.16130469810397957,3.198659258675568,1.258394517301958,4.309154723618514,3.424327318950197,0.15733295111096643,3.094080022089759
2267,197@6_0.mat,Outer,3,0.9588199714813271,0.031027764705291443,0.754400041729,0.9193357377114529,0.6293765753615207,3.4533576453447146,6.472331513829033,0.9192707408617188,0.9587860766937111,0.10241523597879837,2.5854105057571655,1.2709701994217135,4.577621227890484,3.601674712726159,0.1161982036016421,3.0594448894851674
2268,197@6_0.mat,Outer,3,0.9754044968366182,0.026067063919073145,0.7698115646031589,0.9514139324490963,0.6435012147299465,3.3624319741218534,6.029869470267512,0.9516637998072345,0.9755325723968598,0.08663169898747529,2.665216819580645,1.2670691656057107,4.367863680835756,3.4472180362334526,0.09331501008830628,2.94283183971679
2269,197@6_0.mat,Outer,3,1.0386959118637558,0.032245658923017936,0.8331574023269686,1.078889197322479,0.7070067171492682,3.700593572792261,6.685821486965532,1.0789030310443537,1.038702571020383,0.20637756643617883,3.3249450574868726,1.246698293697543,4.441649996089862,3.562730468582127,0.18415726958007428,2.856404094081583
2270,197@6_0.mat,Outer,3,1.0082761211177467,0.031769403000568214,0.8156497938983135,1.016620736416249,0.6987955218807999,3.700593572792261,6.685821486965532,1.0166042190068605,1.0082679301687922,0.18032502962031452,2.885508065897437,1.2361630305790423,4.536988301193729,3.670218400775193,0.1759252393618437,2.792019692903763
2271,197@6_0.mat,Outer,3,0.9706109626670821,0.028277257443892097,0.7690840575999895,0.9420856408495198,0.6482009628160352,3.259353800069307,6.119095241482956,0.9422061607648436,0.9706730452448155,0.0939154797758375,2.6545471111286294,1.262034953233483,4.237968227083314,3.358043464819078,0.10268766345020325,2.9901884393131897
2272,197@6_0.mat,Outer,3,1.0088125434728443,0.032256799412431966,0.7980318651810976,1.0177027478681493,0.6703407192114468,3.259353800069307,6.119095241482956,1.017656051497606,1.0087893989815744,0.12209460539083006,3.0823334117913053,1.2641256414524877,4.084240169188704,3.2308815162485267,0.11893096598845082,2.9763059667589733
2273,197@6_0.mat,Outer,3,0.9753095333590677,0.030263049681942735,0.7766465706871166,0.9512286858610823,0.6586968797316664,3.058901382544198,6.0869087760673395,0.9512417807365311,0.9753162465254699,0.15553455422195944,2.7018869846642892,1.2557958409510952,3.938601544115467,3.1363390574127648,0.1676449643994697,2.9859693448500546
2274,197@6_0.mat,Outer,3,0.9567433493163052,0.027709092483776617,0.7543496218001261,0.9153578364609816,0.6353636801020682,3.244756755562487,6.27921272133533,0.9154840700668818,0.9568093175063054,0.054441005854060705,2.661666112936044,1.2683022853937844,4.3013964106128,3.3914599541013994,0.0621512622135556,3.1757915726858568
2275,197@6_0.mat,Outer,3,1.0412455374864258,0.027665724149986293,0.8337039314512155,1.0841922693353956,0.707755375655658,3.775559517557749,7.020316273120236,1.084485945348657,1.0413865494371708,0.014237937310170902,3.510978868064943,1.2489392195532736,4.528657446752305,3.6260030719251395,0.012606983497151565,2.9852476108680754
2276,197@6_0.mat,Outer,3,1.07279820786902,0.022352904323360314,0.8631055892119517,1.150895994806981,0.737151151956715,3.775559517557749,7.069614530275802,1.151520874579373,1.0730894066103593,0.09522455976663691,3.888176689502615,1.2429512927233881,4.374388909936969,3.5193566598642145,0.07706217294167356,2.932259229034768
2277,197@6_0.mat,Outer,3,0.9781675437613482,0.02198248305034385,0.7724168745996695,0.956811743668109,0.6498589558207079,3.294055012718053,6.348882159133693,0.9572633415890708,0.978398355266949,0.05079577513396405,2.8649092363150217,1.2663725715042793,4.264607779861155,3.3675775011385616,0.05423510060270674,3.1264249776656654
2278,197@6_0.mat,Outer,3,0.9666685895588496,0.02751333816978726,0.7500083567261967,0.9344481620396956,0.6248990230034254,3.860781258200628,7.627784879888402,0.9346038773614361,0.9667491284513455,0.05692376373960048,3.1670303672088966,1.2888770916861392,5.147650987580827,3.9939037017418206,0.06300169585829642,3.6257434474115087
2279,197@6_0.mat,Outer,3,1.080039645791302,0.028654044710859423,0.8564850521650965,1.166485636481001,0.725485365348845,3.860781258200628,7.627784879888402,1.1668040392723111,1.0801870390225534,0.007144250613747377,4.353160536254177,1.2610140049260918,4.507704189858895,3.5746662386346126,0.005668390936431279,3.197487354491453
2280,197@6_0.mat,Outer,3,1.0553674004458826,0.0246108428028108,0.8434254628432168,1.1138003499239,0.7156217870595305,3.526286472045923,6.800714945790899,1.1142828231599275,1.0555959563961619,-0.013089576405866929,3.627219642745164,1.2512870987875453,4.1809106167538586,3.3412880391726705,-0.01112839259816527,2.9213459039035565
2281,197@6_0.mat,Outer,3,0.9823418734351019,0.01859378489536942,0.7851186105440923,0.9649955563039858,0.6649368395003846,3.2976516196777634,6.390031944032139,0.9655927891754297,0.982645810643606,0.07451586639242697,2.7686683212724823,1.2512018696806608,4.200195455038659,3.3569286913760625,0.07853400296787373,2.969497088590678
2282,197@6_0.mat,Outer,3,1.0368619844150242,0.023544140941417536,0.8346998116299053,1.075082774725062,0.7108203632483506,3.2976516196777634,6.594558597685808,1.075578818091936,1.0371011609731886,0.12459116377971388,3.3094174692771703,1.2421974582564215,3.9507036826024198,3.1804152039917333,0.11169246641303954,2.8606654669645937
2283,197@6_0.mat,Outer,3,1.0659078766073546,0.02870656416095413,0.8552774892014824,1.1361596014135995,0.7273497531476308,3.6981490311151255,6.99505600912317,1.1364453444944056,1.0660419055995902,0.21006104614522783,3.6780972931301728,1.2462714032159061,4.323917182204252,3.4694827876517627,0.17338945966970692,2.8479089817831222
2284,197@6_0.mat,Outer,3,1.0956471591260843,0.020718037501851576,0.8588950607962951,1.2004426973010593,0.7250022120778895,4.763631984289331,8.964541753668653,1.2011864939085892,1.0959865391092125,0.0922147525647063,5.490046822122946,1.275647292824128,5.546232830664257,4.347779250470174,0.07004622659603064,3.8050044378678844
2285,197@6_0.mat,Outer,3,1.0834739734128842,0.01954430736715925,0.8470386443311306,1.1739158510631034,0.7129517167000622,4.763631984289331,8.964541753668653,1.1746810205467693,1.083827025196719,-0.030780752432664243,5.350181832649969,1.279131690936223,5.6238661791462174,4.396627977393635,-0.024176827069924654,3.8772931561601367
2286,197@6_0.mat,Outer,3,1.0335181158474105,0.024575034086837137,0.8248475851676289,1.0681596957847814,0.6985131700756021,3.658221517055246,6.821493550046551,1.0685993175054136,1.0337307761237515,0.1800264108920107,3.4439236097006827,1.2529807135655513,4.435027249679554,3.539581417063239,0.16297233370204306,3.015947135287015
2287,197@6_0.mat,Outer,3,1.0638398841882446,0.015713172632599096,0.8430892857598018,1.1317552991896576,0.7115322687252107,3.658221517055246,6.818641584756559,1.132614464208179,1.0642436113071945,0.16807997508488684,4.0006360863820465,1.2618353739701935,4.33906773439076,3.4386955888979354,0.1394417484441478,3.118637099298906
2288,197@6_0.mat,Outer,3,1.0076868147575382,0.014286792112981464,0.7967275085362434,1.015432716636193,0.6724594572320823,3.351024112961888,6.511444180663202,1.0162210075349842,1.0080778777133164,0.03125145998190827,3.2310360887193643,1.2647822548610212,4.205985204545304,3.325461903324457,0.030506196155075334,3.128711164093876
2289,197@6_0.mat,Outer,3,0.950861606582395,0.02119150830194779,0.7683135531655363,0.9041377948724534,0.6579218336540702,3.1412711578970853,6.047796109233172,0.9045720860261017,0.9510899463384637,0.0370087481090623,2.253622840225714,1.237595774099654,4.088527587403105,3.3036050000842905,0.04301695070292206,2.7541961817333105
2290,197@6_0.mat,Outer,3,0.989467421382623,0.016391946737611005,0.8028597174315892,0.9790457779775772,0.6911295633504227,3.39102183257776,6.664228035484168,0.9797338534009405,0.9898150602011169,-0.09922435304160374,2.713770735091549,1.2324287791480857,4.223679129676202,3.427118224707106,-0.10231895683298373,2.82720255882592
2291,197@6_0.mat,Outer,3,0.9670127447513722,0.019418181112007566,0.7750192915853646,0.9351136485115825,0.655752182505068,3.39102183257776,6.664228035484168,0.9356503037536431,0.9672901859078501,-0.07383586013874108,2.518561606748032,1.2477273214348275,4.375403127884437,3.5066981805354756,-0.08158249708436567,2.87690454802103
2292,197@6_0.mat,Outer,3,0.9562918508558202,0.024181138211126836,0.7632863522434001,0.9144941040132504,0.6454286015821871,3.7560031841406656,6.765676515085291,0.9148027386174958,0.9564532077511664,0.11774022565839845,2.50504896416996,1.2528611942869128,4.920831052587737,3.927674570033567,0.1345654846012821,2.9933762388492227
2293,197@6_0.mat,Outer,3,0.9675408993118777,0.02012003194509139,0.7698145823779676,0.9361353918412371,0.6568815769583294,3.803334528787944,7.55933771292861,0.9366452688010792,0.9678043546094837,0.1342754117799928,2.887631183489739,1.2568492744342072,4.940585195248513,3.930928947281684,0.14812684653855893,3.291481630048605
2294,197@6_0.mat,Outer,3,0.9953583901247116,0.015205882489638868,0.795490213994271,0.9907383247916577,0.6788400008741639,3.803334528787944,6.672376507741287,0.9914753435695738,0.995728549138556,-0.04574812562462214,3.1076353343010563,1.251251583756917,4.781120448592413,3.821070447105581,-0.046339402246993934,3.1613036582043867
2295,197@6_0.mat,Outer,3,1.0283080415880197,0.018881448247024524,0.8247934056589332,1.0574174283945883,0.7011618020931988,3.601659840424267,6.844309272366481,1.0580942144379704,1.0286370664320679,-0.02173066756813479,3.2865077024253697,1.246746196722136,4.366741799472207,3.5025106240137034,-0.019965792741302318,2.9355262956788306
2296,197@6_0.mat,Outer,3,0.9870043706105798,0.019216856553311172,0.7861948748824696,0.9741776276043866,0.6645535297449092,3.2426494319422146,6.149244588834295,0.9747602543394744,0.9872994755085583,0.1476549818512054,2.747133236369169,1.2554194922179749,4.124485589432063,3.28534455215529,0.15342685600898093,2.891239696419083
2297,197@6_0.mat,Outer,3,1.0178064886392584,0.012507894678334222,0.8218141339759821,1.0359300483161766,0.704162941749506,3.037715354675691,6.0400550605889105,1.0367860873002717,1.01822693310493,0.07115649953500404,2.9533284855620763,1.2384874469289253,3.696353261747106,2.9845706316275655,0.06740324948186904,2.747472997450712
2298,197@6_0.mat,Outer,3,1.033374022151147,0.011656045112782946,0.8358811013824143,1.0678618696568392,0.7164506952764933,3.2912030474280614,6.328918402103753,1.0687697267054035,1.0338131972002502,-0.08456934093506843,3.1648815233721685,1.236269154118779,3.937405741056949,3.1849097973003686,-0.07653969555375072,2.7706978610024913
2299,197@6_0.mat,Outer,3,0.9691972443592671,0.012240125057775601,0.7699890166845396,0.939343298473597,0.6497047939373105,3.2912030474280614,6.003386935431878,0.9401115555030879,0.9695935001345088,-0.0459870555549817,2.615449964693578,1.258715674323811,4.274350641513339,3.395803141805741,-0.05045062110112227,2.959290733977228
2300,197@6_0.mat,Outer,3,0.9743668996164597,0.016781068117858153,0.7805952560135456,0.9493908550681922,0.6625206659948472,3.52954586094877,6.378624082872173,0.9500370213496777,0.9746984258475427,0.009467000941159768,2.6053316943403226,1.248235743311132,4.521608136551372,3.6223991828278277,0.010223547668356788,2.886569138472035
2301,197@6_0.mat,Outer,3,1.020709600046596,0.01794127051540488,0.8313014678219512,1.0418480876272822,0.7129623840394285,3.52954586094877,6.949424564483307,1.0425443081154695,1.0210505903800602,0.03736831937991343,2.9321820854518075,1.227845299876199,4.245807324498175,3.45793344236616,0.03510441853290648,2.697751191031935
2302,197@6_0.mat,Outer,3,0.9982918437500498,0.017147908519277263,0.8074935147550409,0.9965866052978737,0.6888462082403229,3.419878703534537,6.5240743126617335,0.9972664475464703,0.9986322884558011,0.07461896270338672,2.7135922360809683,1.2362846580280618,4.235177919128858,3.425730386301116,0.07492597377532118,2.72848878236972
2303,197@6_0.mat,Outer,3,0.9632807912975678,0.015656674436285108,0.7622341649328539,0.9279098828828685,0.6431138896371253,3.7409285104649967,7.466037705584604,0.928571559592129,0.9636241796427324,0.0861249443721338,2.7750421057421875,1.2637596628605077,4.907846804255529,3.8835286079170865,0.09625114122834057,3.2183911197230035
2304,197@6_0.mat,Outer,3,0.982830820480951,0.011336153916751548,0.7755548982567706,0.9659564216872595,0.6520960382996841,3.7409285104649967,7.466037705584604,0.9667720266088704,0.9832456593389418,-0.0658899040183954,3.0083542183041407,1.2672614442753327,4.823550878047097,3.806279201369119,-0.06931588322385292,3.2187023680281635
2305,197@6_0.mat,Outer,3,1.0238896350351825,0.013903240977441337,0.824186633374433,1.048349984732479,0.7009457180730693,3.0891209354515285,5.651372933924368,1.0491812757123653,1.0242955021439688,-0.16853965199929064,3.0532297236793884,1.2423031308356356,3.7480842449484064,3.017044835444949,-0.15682897206080645,2.77369318220553
2306,197@6_0.mat,Outer,3,1.035201084441764,0.016770723377687986,0.8343620981220581,1.0716412852294042,0.7137890193212892,3.4129525021159863,6.502073437567515,1.0724073008215018,1.0355710023081477,0.022756921421286387,3.3002686376427572,1.2407096232804726,4.090493216067226,3.296898113232886,0.020491505501593562,2.8696555350384347
2307,197@6_0.mat,Outer,3,1.0166303497342248,0.010023167664383862,0.8151460160668372,1.0335372680007322,0.6964425130514043,3.511141592814262,6.543223222465962,1.0344470062652598,1.0170776795630017,0.09634208143333804,3.2445576327451757,1.2471757570972657,4.307377480358147,3.453705266352433,0.0915700927808843,3.032068431235611
2308,197@6_0.mat,Outer,3,1.020484376679463,0.008307930169245347,0.8171172791381587,1.0413883630468719,0.6956058520762366,3.511141592814262,6.999130245251729,1.0423372488127185,1.0209491901229555,-0.004314104718124601,3.254989989858879,1.2488836091614088,4.296986102794553,3.440661780864952,-0.004053949139950783,2.9959402069425027
2309,197@6_0.mat,Outer,3,0.9893034954428979,0.00947410068612101,0.7937379471871777,0.9787214060955358,0.6778383165548849,3.4879886524374677,6.464997888797627,0.9795882766881783,0.9897415201395656,-0.08584894699824536,2.8180688184337472,1.2463855343536396,4.394383139666804,3.5257013328072966,-0.0885461339534701,2.9367328180633208
2310,197@6_0.mat,Outer,3,0.9723324277580312,0.007755282319385128,0.7858992956263737,0.9454303500698269,0.6740144654874397,3.072416567324436,5.5128489055533585,0.946294321214034,0.9727766039610708,-0.05858147195288216,2.4619925072237443,1.2372226736529013,3.909427816539476,3.1598417162796295,-0.06363864573158369,2.7493767714742865
2311,197@6_0.mat,Outer,3,0.9551804704639175,0.013012001824319035,0.7649020929811162,0.9123697311556709,0.6485542717971747,3.072416567324436,5.9508292893734644,0.9130921104783338,0.9555585332559873,0.039671455679669634,2.3579241900845953,1.248761742486499,4.016744882140452,3.216582271441323,0.045468041848724036,2.82813839157296
2312,197@6_0.mat,Outer,3,0.9798790479925591,0.01588943109011392,0.7883004678398943,0.960162948694804,0.6679377568916919,2.8784127220490285,5.432993877433599,0.9608488035841868,0.9802289546754813,0.12013870567056223,2.5118741731568885,1.243027358180297,3.65141572214567,2.9375183885633493,0.12755584618621513,2.720744582955164
2313,197@6_0.mat,Outer,3,0.9980982968611442,0.008860578019105562,0.8008173561774619,0.9962002101971167,0.6777389740206525,3.130200514793983,6.1419109638028875,0.9970954263565854,0.9985466570754645,0.1458093288831649,2.779330709417769,1.2463494817646263,3.908757085050513,3.1361645687952935,0.14644691411362384,2.795546868145448
2314,197@6_0.mat,Outer,3,0.9892776996167302,0.0020350388799032313,0.7899355673138582,0.9786703669589694,0.6650648512370368,3.130200514793983,6.1419109638028875,0.9796228885528291,0.9897590052900903,0.10671905552667037,2.704464154010873,1.2523523949927637,3.9626023239264088,3.164127237481986,0.11006610232944827,2.818145306891672
2315,197@6_0.mat,Outer,3,0.9713446090995731,0.002020317518891831,0.7782523634294596,0.9435103496268025,0.6563860049431544,3.348172147671897,5.836343254160954,0.944428561460977,0.9718171440456157,0.13952787350803114,2.5044107278828474,1.2481100665316094,4.302167657947718,3.4469457248258912,0.1520223026858803,2.807807503714965
2316,197@6_0.mat,Outer,3,0.9681087173588678,0.0044198993637492604,0.7692314622745609,0.9372344886262323,0.6479557740847904,3.348172147671897,6.101576026130153,0.9381310967650313,0.968571678692409,0.15628216263887282,2.692363652644695,1.2585401986743796,4.352619870444776,3.458467099441793,0.17199432376764523,3.0591914362863206
2317,197@6_0.mat,Outer,3,0.978528887098479,0.007515363922361574,0.7814644198681797,0.9575187828861877,0.6617029004927392,3.089865577121248,5.906827539185027,0.9583982379705703,0.9789781601090856,0.05161448677044537,2.717226124521842,1.2521733072150472,3.9539427497396544,3.1576641403813017,0.0550113880716533,2.958242473545241
2318,197@6_0.mat,Outer,3,0.9977146748084481,0.0046458921490052825,0.7999543121782657,0.9954345723281273,0.6798332688249984,3.0190440740403117,6.019683879946115,0.9963860212381325,0.998191375056974,0.006985034667226606,2.889353413056565,1.247214571655269,3.774020626022651,3.0259593752261025,0.007023072098856781,2.9103512969586673
2319,197@6_0.mat,Outer,3,1.0108296483948331,0.0038179150607697753,0.8080352547679424,1.0217765780740218,0.681211398949736,3.0190440740403117,6.019683879946115,1.0227607914339951,1.0113163656512214,0.07883236588778256,2.9782058021575777,1.250972209973536,3.736277663904166,2.986699172141889,0.07621552662405985,2.8471251931961667
2320,197@6_0.mat,Outer,3,0.958909852788939,0.003774944601601382,0.7694355033954976,0.9195081057757046,0.6506577286027154,2.95704547933022,5.897864219702196,0.9203926765421453,0.9593709796226616,0.03914727633858518,2.3491274548564545,1.2462511133890366,3.843136255445735,3.0837575302065408,0.044334500515660256,2.773066420001693
2321,197@6_0.mat,Outer,3,0.9105507475543614,0.00241023464838285,0.7249290425061123,0.8291026638718064,0.6151912318013187,3.3669136338632684,6.307732374235244,0.8299073109991437,0.9109924867962105,0.060274191519978884,2.1033356999490733,1.2560549987144816,4.644473371102711,3.6976672007603404,0.07972361955537036,3.0538620298171515
2322,197@6_0.mat,Outer,3,0.9407532110864667,0.006817093960875121,0.7525093269097081,0.8850166041694981,0.6366490383291817,3.3669136338632684,6.178171665347064,0.8858352048416549,0.9411881877933099,0.12583048608041744,2.27437996926368,1.250154885054462,4.47424837601087,3.5789552394631468,0.1509233617171742,2.8983921833881676
2323,197@6_0.mat,Outer,3,0.9557428193183526,0.004795493006850809,0.7826871020674271,0.9134443366785931,0.6723434842702545,2.755848420135392,5.4757733567834705,0.9143142249106788,0.956197795913941,0.02184651543747205,2.1206728032729236,1.2211045982393052,3.521009114437227,2.8834623336202654,0.024988429451537366,2.536779465914274
2324,197@6_0.mat,Outer,3,0.9412224785848293,-0.0025230127889222945,0.7699502711101034,0.8858997541933695,0.6629796048615428,2.815332267612355,5.460291259494945,0.8867593645417716,0.9416790135400552,0.003974310610048822,2.0502310828369033,1.2224458044888609,3.6565118206265352,2.991144316742566,0.004759410132986963,2.607301451551589
2325,197@6_0.mat,Outer,3,0.9569015899568795,-0.0005606951535654949,0.7779466181414181,0.9156606528620039,0.6684129466910039,3.120014924472585,5.93534719208494,0.9165554121276046,0.9573690052052054,-0.007917415206414015,2.295834252262284,1.2300350276498024,4.010577142069929,3.260538969958155,-0.009022883118002263,2.732895833709536
2326,197@6_0.mat,Outer,3,1.210927449846644,0.0024925946951222726,0.9284835243660647,1.4663452887920965,0.7830814656907347,5.614332487932478,10.995141040142524,1.467772447294343,1.2115165897726465,-0.1090101027512679,10.724265527183864,1.304199178625294,6.0467766423315865,4.6363904696675755,-0.06130256585700422,4.977945029056834
2327,197@6_0.mat,Outer,3,1.2223992938025328,-0.002347550080651346,0.939406692190349,1.4942600334889307,0.7902904696497987,5.614332487932478,10.995141040142524,1.4957151818548295,1.2229943507043806,-0.13902042814730203,10.810725892618207,1.3012460992278525,5.976466353285129,4.592879361426421,-0.0759985434498953,4.832335202308949
2328,197@6_0.mat,Outer,3,0.9820234566621362,-0.0021490106443084766,0.7865058071564788,0.9643700694346505,0.6676472718158462,3.093939813249807,5.945532782406339,0.9653081349134025,0.9825009592429935,-0.08893637742278351,2.666341583573786,1.248590217294492,3.933778727498092,3.150576284361731,-0.0937735778603742,2.861434793428789
2329,197@6_0.mat,Outer,3,0.9842477768862525,0.0016980390751288577,0.7782602669776675,0.9687436863055303,0.6545978512278134,3.213385137372581,6.307324950622387,0.969687763675544,0.9847272534440915,-0.06182984337242217,2.8635945177951916,1.264676893640301,4.128933820362516,3.2648132033735653,-0.06475156557159416,3.0454234786240204
2330,197@6_0.mat,Outer,3,1.0039073976857553,6.675312521748798e-05,0.803046222837396,1.0078300631281851,0.6779114699280658,3.213385137372581,6.052685192587442,1.0088152297950523,1.0043979439420674,0.05072565967496646,2.874115888088859,1.2501240515613263,4.00149461635565,3.20087803394715,0.05006223777224834,2.824106142434525
2331,197@6_0.mat,Outer,3,0.976057317210133,-0.0009689145156652774,0.7906367055736938,0.9526878864794421,0.6731318586652884,2.8393000552148613,5.271654126742659,0.9536182154726509,0.9765337758995594,0.08488955144421088,2.3946207311695877,1.2345206215801248,3.5911563872449435,2.908948076253893,0.09115750534744264,2.633223133366846
2332,197@6_0.mat,Outer,3,0.956575395300339,-0.001876864402908627,0.7775664556831932,0.9150364868939997,0.665823557922007,3.0303817296442843,5.9781266714348105,0.9159274246496473,0.9570409733389931,0.00985595403057862,2.2185450816462957,1.230216900828924,3.897263966946469,3.1679486473616207,0.011243643704600927,2.644515595291687
2333,197@6_0.mat,Outer,3,0.9851572826730048,-0.003205765640153491,0.7962456261652064,0.9705348716036588,0.6812723530351954,3.0303817296442843,5.9781266714348105,0.9714732990639364,0.985633450662028,-0.04078616509019071,2.627369932329635,1.2372529911610033,3.805837834532393,3.0760384995773897,-0.04259577948072267,2.7839375477358277
2334,197@6_0.mat,Outer,3,1.0100775906844115,-0.0030756606387825126,0.8169647144497353,1.0202567392028254,0.701154611682438,2.933007486171721,5.844899150030927,1.0212445886830963,1.0105664692058094,-0.06154823480494953,2.909448789447895,1.2363784785533982,3.590127497909933,2.903744735274704,-0.05963770871034816,2.789659392629093
2335,197@6_0.mat,Outer,3,0.9647354919531338,-0.003016775194736936,0.7788445941909977,0.9307145694340551,0.6651859328465072,2.933007486171721,5.822898274936708,0.9316152490180987,0.9652021803840368,-0.009785606895360472,2.4037370503184015,1.2386752108795032,3.765844313543104,3.04021932502009,-0.010882605410783449,2.769579145339629
2336,197@6_0.mat,Outer,3,0.9240765564448479,-0.003308019417989406,0.7270150171027183,0.8539174821709681,0.6105278102954951,3.27938776265524,6.163504415284251,0.8547412474279397,0.9245221724912495,-0.010245992392480707,2.3185632769370548,1.2710556655709577,4.510756566927134,3.548826923245744,-0.012965881127316052,3.173581299025631
2337,197@6_0.mat,Outer,3,0.9383527247816423,-0.004682676236756171,0.7357188672579946,0.8805058361051326,0.6183602080672719,3.27938776265524,6.163504415284251,0.8813445967311394,0.9387995508792808,0.023514738192069097,2.578946966666617,1.2754229455574295,4.457392502210766,3.4948348057654646,0.02841983343708541,3.320098120217299
2338,197@6_0.mat,Outer,3,0.9825101887614115,-0.0055217938144057,0.7828551287920502,0.9653262710199844,0.6641562009807817,2.8638156775422083,5.658706558955775,0.9662393739516802,0.98297475753535,0.06394944961988817,2.7778751481934094,1.2550344918556964,3.6581681235932293,2.9147948899639657,0.06733017058292294,2.9753856265082086
2339,197@6_0.mat,Outer,3,0.9913222632611415,-0.0057712612023555696,0.7926632046573502,0.9827198296371918,0.6733581119204726,2.7603300798768067,5.445216585819277,0.9836471150671338,0.9917898542872546,0.03894924198125526,2.7435427554113994,1.2506222787122008,3.4823492041194855,2.784493178629315,0.03992454966528247,2.835522433081044
2340,197@6_0.mat,Outer,3,1.0132741280688888,-0.005186385508119064,0.8031297630219436,1.0267244586137672,0.6774758840620501,3.162794403822456,6.322399624298058,1.0277011744472995,1.0137559738158388,0.07254217835416177,3.138822363210304,1.2616568015795748,3.938086408250944,3.1213610573942407,0.06962902494189328,2.9718920656672485
2341,197@6_0.mat,Outer,3,1.0263574618903968,-0.006399505230382415,0.8106842500565188,1.0534096395780972,0.6827177969629759,3.162794403822456,6.322399624298058,1.054398371820885,1.0268390194285006,-0.040640688452054284,3.433337242541449,1.266038487632609,3.901388738708138,3.0815719875938545,-0.0375365164999098,3.088211324711661
2342,197@6_0.mat,Outer,3,0.9581223778729393,-0.004359204169127406,0.77253257406848,0.9179984909808956,0.6596273807570597,3.0923803243543757,5.974867282531964,0.9188768289732017,0.9585806324838833,-0.10007282329740369,2.412209908843834,1.2402355706838684,4.002912534891058,3.2275421133742084,-0.11361356884228122,2.8569359021882534
2343,197@6_0.mat,Outer,3,0.92601803774253,-0.007971905736248206,0.7461074287106322,0.8575094062245256,0.6358244186301893,2.957115684886213,5.747117482945509,0.8582840229346052,0.9264361947455448,-0.05513423045111204,2.0345904960874472,1.2411323116586106,3.963391290705306,3.1933672610654007,-0.0693385531063935,2.7619445496821
2344,197@6_0.mat,Outer,3,0.9674065866833166,-0.01194309233772757,0.7662748424729443,0.9358755039582654,0.6468825324640264,2.9909318447532534,5.927606143440677,0.9366475613878458,0.9678055390355264,-0.0395751809793092,2.6451007967970246,1.2624799002405085,3.903210283006197,3.0917009310473635,-0.043657473540560716,3.0150173305151124
2345,197@6_0.mat,Outer,3,0.9772267858497623,-0.01185277479854955,0.7797021230195424,0.9549721909822573,0.6613973178624301,3.089458153508392,6.080389998261645,0.9557650670351087,0.9776323782665489,0.007934652317891573,2.741950579308072,1.253333493647568,3.962356985177781,3.1614546369794247,0.008491827663140003,3.001631100854027
2346,197@6_0.mat,Outer,3,0.9447261262301127,-0.015772635573799994,0.7578571878050041,0.8925074535817548,0.6433473940981606,3.089458153508392,5.897049372476484,0.8931308756695819,0.9450560172125153,-0.11027012069470617,2.3066420225061144,1.246575398941711,4.076570366050588,3.2702156399902544,-0.13064271432994268,2.8916784153512105
2347,197@6_0.mat,Outer,3,1.01785947811429,-0.014010846747895715,0.8043089813551719,1.0360379171870948,0.6766124926549093,3.4308791410816464,6.737564285798232,1.0368541662572373,1.0182603627055495,-0.08917961710260049,3.376335715224079,1.265508034484513,4.265623312196176,3.3706805456430993,-0.08446739249377704,3.1405829501968037
2348,197@6_0.mat,Outer,3,1.0428367262040563,-0.01234932232671769,0.823165082409775,1.0875084375199942,0.6909567721872256,3.4308791410816464,6.737564285798232,1.0884188407822664,1.0432731381485225,0.03153216930693649,3.68625062659632,1.2668621987098099,4.167911412172331,3.2899485172207306,0.027768970134428972,3.1116644455072517
2349,197@6_0.mat,Outer,3,1.0054178615135088,-0.018844625529718453,0.8104554305609113,1.010865076250397,0.6893585641996018,3.332690050383372,5.93534719208494,1.0114977471077018,1.0057324431018926,-0.031227356589605536,2.8200456472855553,1.2405591024498714,4.112120080524015,3.3147312952678027,-0.030696428087672433,2.7562988160825923
2350,197@6_0.mat,Outer,3,1.0016663881684695,-0.02037962582112286,0.8106628468731055,1.0033355531864672,0.6916496634504208,3.237352924975088,6.1231694776115155,1.0039005957133593,1.0019483997259337,-0.1278382838390033,2.7599208990844484,1.2356140311978878,3.993464036816582,3.2319672130471524,-0.1270939460241894,2.738515549499568
2351,197@6_0.mat,Outer,3,1.0255694112898124,-0.010649204067212498,0.8181488713707687,1.0517926173733323,0.6882674486411523,3.0406375255216744,6.075500914907375,1.0527072462462292,1.026015227102517,-0.043907865652066794,3.1365339909526124,1.253524202227728,3.71648441001149,2.9648286035507208,-0.04065190557263726,2.830315003845203
2352,197@6_0.mat,Outer,3,1.041621836064813,-0.013909388719303663,0.8337082518681764,1.0849760493670324,0.7041995142545003,3.5193602706273723,6.554223660013072,1.0858429717996358,1.0420378936486119,0.02703653882737924,3.3466875228119584,1.2493841025676473,4.221333137505783,3.378731271533182,0.023894643541746006,2.838449129193488
2353,197@6_0.mat,Outer,3,1.0548114301800193,-0.02083161139163489,0.8526780911204206,1.1126271532384178,0.7280791171230989,3.5193602706273723,6.480887409699007,1.1132803850813016,1.0551210286414074,-0.027847807966668428,3.4053925864077303,1.2370570337895725,4.127419605678855,3.336482872605395,-0.023707413766977544,2.7476288743263053
2354,197@6_0.mat,Outer,3,1.0504219231754262,-0.021099778886815444,0.8522887370877181,1.1033862166875608,0.7304579520852038,2.9350446042360008,5.816379497131013,1.1040191597291613,1.0507231603658318,-0.08497064193222001,3.23566631104248,1.232471904725034,3.4437209791855787,2.7941577945751215,-0.07324938514939633,2.654669782062862
2355,197@6_0.mat,Outer,3,1.0141233791481827,-0.022686105004448766,0.8157523354026601,1.0284462281349287,0.6942579394952353,3.100528796611494,6.035573400847495,1.028936389467495,1.014365017864622,-0.049550110179876206,2.9466546678902814,1.243175575643755,3.800821232190839,3.0573487017060375,-0.04747465685167101,2.783249811042543
2356,197@6_0.mat,Outer,3,0.9727641921096419,-0.025287409282624504,0.7709094782634625,0.9462701734507244,0.6450543119156736,3.100528796611494,5.805786483196759,0.9465550905881499,0.9729106282635368,-0.06311725749860433,2.600704467585541,1.261839709507285,4.021910333223131,3.187338536674714,-0.06853766065869048,2.9026803489480217
2357,197@6_0.mat,Outer,3,0.9764081072227058,-0.027166968996619946,0.7745946615718877,0.9533727918502268,0.6474845867735953,2.93015552088173,5.77482228861971,0.9535659644078804,0.9765070222010083,-0.09784137912069339,2.5543965633802985,1.2605407133067723,3.782824316051665,3.0009536987697287,-0.1050742874415968,2.8092270294852324
2358,197@6_0.mat,Outer,3,0.9489035779394418,-0.025340326607341136,0.7580526397766003,0.9004180002262743,0.6415084074166123,3.072753785381299,5.904790421120747,0.90065541437681,0.9490286688908876,-0.03257267240889489,2.3318961550354254,1.2517647563602363,4.0534833917111515,3.238214984973069,-0.038107933199093,2.874695691056215
2359,197@6_0.mat,Outer,3,0.904550400349148,-0.024290733354690848,0.7226139202292151,0.818211426771804,0.6116070703726264,3.072753785381299,6.1142061581286855,0.8184206259374123,0.9046660300560712,-0.02112086139684805,1.9627065009074252,1.2517754986798073,4.252275937892756,3.39699566126094,-0.028526387516742704,2.9302334989693097
2360,197@6_0.mat,Outer,3,0.9517762015311904,-0.026229576387353796,0.75450735772881,0.905877937801141,0.6360105930864689,3.0414523727473863,5.864862907060866,0.9060747857816708,0.9518796067684562,-0.07550608774226207,2.431122309707389,1.2614538371036306,4.0310440204302616,3.195554131161495,-0.0875459179552985,2.9612748531273296
2361,197@6_0.mat,Outer,3,0.9823666957535894,-0.028697990541805045,0.7849102332604876,0.9650443249258251,0.6619551286824347,3.021488615717447,5.844899150030927,0.9651632925425612,0.9824272454195074,-0.11291177827842215,2.620663517539329,1.2515656620651046,3.849470280394291,3.075723789064875,-0.11907978801056995,2.813258698032034
2362,197@6_0.mat,Outer,3,0.9408035067091224,-0.0309714461315108,0.7578688767753243,0.8851112382361817,0.6427617556337204,3.081717104864129,6.103205720581576,0.8850162814730806,0.9407530395768491,-0.04227556248717032,2.159065081808296,1.241380317279857,4.0662932590299,3.2756224683308486,-0.050776469863962906,2.7565331069944716
2363,197@6_0.mat,Outer,3,0.9839104531511663,-0.03133390991208866,0.781693211261847,0.9680797798201335,0.6645845228269699,3.409355895156276,6.491073000020405,0.9680433207151407,0.983891925322665,-0.09306392634586434,2.971561514259314,1.2586913113414813,4.361501220726182,3.465107911226758,-0.09771003800652024,3.170991949699521
2364,197@6_0.mat,Outer,3,1.0732509527391827,-0.03023100146009981,0.8542895103113509,1.1518676075555634,0.7242131406600715,3.409355895156276,6.627559910327136,1.1520787710311178,1.0733493238601857,-0.10701359350898117,3.9917983142101394,1.2563082418591018,3.990867093650401,3.176662351383561,-0.08653976005800226,3.0074903479722668
2365,197@6_0.mat,Outer,3,1.15091431613999,-0.0281958727689299,0.8896993637195596,1.3246037630959806,0.7460737676264565,5.668112404829459,10.545752795162452,1.3251028015594268,1.1511310965999602,-0.2441992922796507,7.826590904433445,1.2935991224351082,6.370817644655215,4.924877834376595,-0.1600921520555674,4.4573166688067865
2366,197@6_0.mat,Outer,3,1.0680528764628996,-0.03384609027495218,0.8093003724315097,1.140736946920674,0.6721727377295637,5.668112404829459,10.545752795162452,1.1407053591710894,1.0680380888203798,-0.2894203294174177,6.890377352222053,1.3197236932594743,7.003719012006438,5.306958606389785,-0.23755753522862144,5.295366734891728
2367,246_0.mat,Outer,3,1.1106916876293478,0.006638492273558812,0.8004470496378304,1.2336360249689289,0.646842748024901,5.520745652233017,10.702422880927259,1.2347978126281571,1.1112145664218758,0.01755849668391983,9.343216924703864,1.3875892079688503,6.897077895063804,4.970547374862853,0.012796569292472979,6.127802072305303
2368,246_0.mat,Outer,3,0.9459903113828233,0.001291544688791198,0.6776812294948309,0.894897669230171,0.5473295696308496,5.181677228694241,9.973005328817019,0.8957707772921872,0.9464516772092421,0.0670936259317116,5.625146800239422,1.395922256968227,7.646186736718696,5.47751617150743,0.07913815617160734,7.010356115808031
2369,246_0.mat,Outer,3,0.8926842210000788,0.008537177542730583,0.6497938699102471,0.7968851184225176,0.5276621202591507,4.078781382575646,8.013275993267653,0.7975911326125633,0.8930795779842708,0.044391099209010784,3.46675813472784,1.3737960026031135,6.277038875624898,4.5691200612928915,0.06231970999364523,5.449578455729133
2370,246_0.mat,Outer,3,1.0155077691354228,0.0028894830474573835,0.7275808872059316,1.031256029174403,0.5858989003858531,5.0688575506427975,9.611907530742641,1.0322557423104717,1.0159998731842794,0.04579891896492938,6.361062359085739,1.3957317832162925,6.966727191118699,4.99145127658974,0.04366910245719616,5.969734796018543
2371,246_0.mat,Outer,3,1.026339687055573,0.0015958179449811045,0.7099716558487839,1.0533731532253316,0.563058536090501,5.741378815709523,10.81023636635232,1.0544002943778965,1.0268399555811492,-0.011252364821608699,8.41757208821269,1.4456065655566488,8.086771870966476,5.59403371818852,-0.010392870757427128,7.571393316606389
2372,246_0.mat,Outer,3,0.9127664656094633,0.006215834555109601,0.6424987298256644,0.8331426207411916,0.5163349151817955,5.741378815709523,10.501239822000105,0.8339183575380084,0.9131913039106364,0.02008513318427608,5.646775364358774,1.4206510040194364,8.936015822565833,6.290085177340139,0.026374814534417798,8.119951638966226
2373,246_0.mat,Outer,3,0.9282924261230862,0.0038990254405113028,0.6644433277958934,0.8617268283974854,0.5337756225638891,4.910338026141209,9.461794017543149,0.8625539638534252,0.9287378337579584,0.04739241772606586,4.74258331271265,1.3970979725254251,7.3901532617123324,5.289645684866158,0.05916017525261626,6.374445586372803
2374,246_0.mat,Outer,3,1.0681687075031674,0.006102991493211344,0.7545780050439077,1.1409843876889871,0.601101396774499,5.680508044034129,10.535802039815795,1.142062436531997,1.0686732131629373,0.16351651715151636,8.401258187067157,1.4155842078110887,7.5280594001624275,5.31798769625721,0.13397595365356282,6.44116814978043
2375,246_0.mat,Outer,3,1.083426039141571,0.006705492841560884,0.756633854192224,1.1738119822899933,0.604006594465716,6.516191519577685,11.64849911188212,1.1749143959955843,1.0839346825319247,0.313679003961877,10.73308010642102,1.4319026741101823,8.612080312644357,6.014431335557185,0.24630663585779447,7.7752062892306775
2376,246_0.mat,Outer,3,0.9285889033260438,0.0047322505493492106,0.6403083889159881,0.8622773513802648,0.508849118044617,6.516191519577685,11.64849911188212,0.8630978261558584,0.9290305840799098,0.20407156147439354,6.9644323113334,1.4502213611423254,10.17664555449463,7.01730496264903,0.2545027347415128,9.349011116895046
2377,246_0.mat,Outer,3,0.9783980125896086,0.010101363735561118,0.6873716613449405,0.9572626710392957,0.5431728341880838,5.483451817084969,9.39937568387601,0.9580962743829298,0.9788239240961215,0.24138702250593397,5.607505981811112,1.4233900924484,7.977419095730303,5.604520600533366,0.2573950500080963,6.108737210229493
2378,246_0.mat,Outer,3,1.06732150281891,0.006364444837520215,0.7506362370188101,1.1391751903796163,0.5913099803927586,5.483451817084969,9.39937568387601,1.1402482078620166,1.067824052857968,0.3011671349235639,7.48328727067887,1.4218891257587158,7.305072079727287,5.137582071191717,0.24734804375193406,5.755639980953757
2379,246_0.mat,Outer,3,1.0069503272303812,0.004363495543503173,0.7082899439443271,1.0139489615093717,0.5616900533166432,5.570631142620068,9.775949101867859,1.0149210552590402,1.0074329036015452,0.13672802828703146,7.023075038179082,1.4216640174523045,7.864902205995551,5.532180676614473,0.13372393798873322,6.81809085206027
2380,246_0.mat,Outer,3,0.9070717420729227,0.005244578200914006,0.6372836195455189,0.822779145267207,0.5085985776160571,5.570631142620068,9.775949101867859,0.8235558934689172,0.9074998035641204,0.06918637915921307,5.220016170519063,1.4233407453943048,8.74121187452463,6.141334675340469,0.09257228494387496,7.696365595836655
2381,246_0.mat,Outer,3,1.0405923131223238,0.004312111649245934,0.7389914996856592,1.0828323621292686,0.5917166847627106,4.990963597058182,9.136805999276213,1.0838722368036466,1.0410918483993843,-0.15173371676959976,7.011294196479261,1.4081248749999786,6.753749669887147,4.796271829144953,-0.13446676540700214,5.9681812860019265
2382,246_0.mat,Outer,3,1.0648664069684535,0.004169546530865558,0.7577433922972763,1.1339404646899038,0.607187335354478,4.990963597058182,9.136805999276213,1.1350315087794232,1.065378575333399,-0.14146462815063635,7.470455758764066,1.4053126926500232,6.586614476333898,4.686938722447041,-0.11698656401397729,5.7987083007842966
2383,246_0.mat,Outer,3,0.9220623247279084,0.0004361539785089851,0.6633556785101595,0.8501989306826347,0.5378756544674916,5.316315121976257,10.118476156041265,0.8510298242651007,0.922512777290971,0.10905559717368737,4.771255584305512,1.3899968819101571,8.014275439547355,5.765678717584827,0.1389091295808952,6.587841184536757
2384,246_0.mat,Outer,3,0.9719205440439534,-0.0020655364026815055,0.6859750457676467,0.9446295439346946,0.5493474596047879,5.316315121976257,10.118476156041265,0.9455486648620932,0.9723932665655872,0.05883021452578054,6.212679604673221,1.4168453357583877,7.750012416296042,5.469907138551406,0.06398447390871409,6.948821978227938
2385,246_0.mat,Outer,3,1.0138814764630735,0.00744350661692217,0.7110807268524361,1.0279556483149417,0.5611652680082896,5.336433427868973,9.815669859656039,1.028905032595079,1.014349561342183,0.18054700187730918,6.580971833342851,1.4258317490189114,7.504680166881936,5.263370079981994,0.17299252745195343,6.216407118733907
2386,246_0.mat,Outer,3,0.980220377786399,0.009439922037916519,0.6946089025171646,0.9608319890277109,0.552373708243273,5.336433427868973,9.411756179809988,0.9616820194967939,0.9806538734419978,0.24904508236747266,5.423413581959492,1.4111831481468315,7.682644735077263,5.444115985340591,0.2640770904471002,5.864212942277379
2387,246_0.mat,Outer,3,0.9606682344892196,0.0047206639849578895,0.6849218247120785,0.9228834567566342,0.5544710847233985,5.614115225735105,10.19740181762038,0.9237632846708618,0.961126050354927,-0.02421424305693625,5.666431276505625,1.4025954493297894,8.19672409780039,5.843968837706231,-0.02727280779874447,6.640308121461971
2388,246_0.mat,Outer,3,1.0863727403705346,0.003261764398987747,0.7533788309153377,1.1802057310201848,0.6005650277270013,5.661937300133161,11.276052525868266,1.181348752804601,1.0868986856209741,-0.047170852765406404,10.209383161615165,1.4420006187978165,7.515392081360348,5.211781453754817,-0.03673724096682872,7.315487104336184
2389,246_0.mat,Outer,3,1.0560771714423811,0.005600739115030323,0.7500269597612178,1.1152989920417402,0.5992781668012663,5.661937300133161,10.930430347711363,1.1163578169437147,1.0565783534332485,0.08088510668810651,8.164435666218912,1.4080522809169298,7.548978375294901,5.36129125146676,0.06857462416591291,6.551177036197289
2390,246_0.mat,Outer,3,0.9407818631128664,0.00547882830708669,0.6907494202708057,0.8850705139621161,0.5566818280992528,4.471862128479468,8.335684741548349,0.88590563862772,0.9412256045325796,0.041420913311164716,3.874792423486326,1.361972714711327,6.473928167351653,4.753346449173863,0.04967506817286572,4.937118032292714
2391,246_0.mat,Outer,3,1.0354330317109233,0.002869332500689845,0.722288082453624,1.0721215631580736,0.5721022354341592,5.799154463401424,11.535011232487317,1.0731613392093957,1.035935007232305,-0.12556667749903488,8.727736895351246,1.4335457788422972,8.028866326706618,5.600704522448397,-0.11294756558866477,7.578296763548452
2392,246_0.mat,Outer,3,1.0777035125200958,0.004161486312158557,0.7323005680650502,1.1614448608981522,0.5740029062167672,6.1029924677811485,11.838849236867043,1.1625628582210576,1.0782220820503805,0.18496336879061254,11.00531090286525,1.471668273269579,8.333999362992008,5.662960542370584,0.14755742263560898,8.142718631109862
2393,246_0.mat,Outer,3,0.9706503053939164,-0.005620596616145352,0.6885059648272923,0.9421620153613031,0.5522536278558475,6.1029924677811485,9.823407669614776,0.9430513728612916,0.971108321898897,0.27042945784777517,5.832949977553348,1.4097921513809812,8.864109796497093,6.287529539588514,0.29529151639058787,6.5586967128832425
2394,246_0.mat,Outer,3,0.937658494972416,0.0023826967962536725,0.6769624839916484,0.8792034531939363,0.5462665613100659,4.780495166180545,8.357866463430057,0.8800572068159449,0.9381136428045085,-0.11347757879293095,4.320203320985622,1.38509668872965,7.0616840359981605,5.098332913110417,-0.13744967121094534,5.578049693154727
2395,246_0.mat,Outer,3,1.033270006242659,0.001580201271236259,0.7334954954883655,1.0676469058007043,0.5806104967745208,5.758038490967607,9.56651237898472,1.0686880494379258,1.0337736935315804,-0.23117268934266771,6.937123209900751,1.4086930493735252,7.850134767529857,5.572636828877218,-0.20924741233466024,6.074037966157641
2396,246_0.mat,Outer,3,1.0862257841503358,-0.0020494159652674933,0.7607701767224222,1.1798864541530119,0.6007699986039085,5.919348444760465,11.677386935728073,1.1810356091342586,1.0867546223201716,0.13387847566751324,9.836381038710257,1.4277975364762925,7.780731455923571,5.449464127189017,0.10430767632396702,7.051952197308775
2397,246_0.mat,Outer,3,0.9547890026210282,0.003929755024331799,0.6764206065842623,0.9116220395260577,0.5438991566010473,5.919348444760465,10.2417652613838,0.9124977075940789,0.955247458826287,0.23462473986109278,6.546270965647974,1.4115315135667408,8.750987753969817,6.199640369238474,0.2691696755260138,7.861952464975065
2398,246_0.mat,Outer,3,0.9295823462331124,-2.8316124482885173e-05,0.67195074545715,0.8641233384282581,0.5405080729976925,4.253808234989205,8.356834755435559,0.8649680329711535,0.9300365761469565,-0.06097918592772922,4.05337855836013,1.3834084603913996,6.330535777721135,4.576042404658465,-0.07580215216304083,5.417726177419807
2399,246_0.mat,Outer,3,1.0348085499050226,-0.0004837184814293655,0.7472097514080966,1.0708287349565357,0.5984481977951692,4.253808234989205,8.371794521355785,1.0718752541508485,1.0353140847833804,-0.0914855367061192,5.8435152208516765,1.3848970091109878,5.692923877087157,4.110720031618912,-0.08243963745072787,5.086109315444696
2400,246_0.mat,Outer,3,1.0467981704425002,0.004034034103853841,0.7427266671728359,1.095786409641766,0.5916195993096354,5.846097177151092,10.107643222099036,1.0968412702636066,1.0473019002482553,0.13072425491963574,7.80355734809341,1.4093989305994532,7.871128687752917,5.584741492884208,0.11379953843928797,6.486419912183833
2401,246_0.mat,Outer,3,0.9427774530711184,-0.0022771171437407224,0.6649311198043731,0.8888293260192649,0.5315163315947863,5.846097177151092,10.107643222099036,0.8896929815590823,0.9432353797218817,0.1649858127226884,6.0999786805970935,1.4178573163293537,8.792034246889,6.200930196305714,0.19660128566087529,7.706336841256056
2402,246_0.mat,Outer,3,0.9672743351006067,-0.004439270811898117,0.6926939480338736,0.9356196393443207,0.5585425954533739,4.852562378449309,9.146091371226696,0.9365144971576099,0.9677367912596947,0.033983164877859004,5.271997278453741,1.3963949560187428,7.005348310340669,5.0167384808567,0.03749661517642822,6.010992252151338
2403,246_0.mat,Outer,3,1.0698473141258635,-0.001829775005501264,0.7565788969043712,1.1445732755423244,0.6010611687079125,4.924934285410297,9.777496663859605,1.1456887641494935,1.0703685179177747,0.06671713585326522,7.645853083129499,1.4140591529870206,6.509478794022299,4.603399214428736,0.05440482440934475,5.8249558873105585
2404,246_0.mat,Outer,3,1.070159482601315,-0.00405238031396129,0.7541881833071074,1.145241318201514,0.5953495527129606,7.104780930438918,12.029715215849215,1.1463443733423972,1.0706747280768316,0.21551116825122185,9.420231542004151,1.4189555157271994,9.420435227816892,6.638992641696887,0.17558892730348027,7.168550849996435
2405,246_0.mat,Outer,3,0.9498055114365651,-0.0011038515582005078,0.6649492788204197,0.902130509555275,0.5256338981446579,7.104780930438918,11.977613962127053,0.9030111378813496,0.9502689818579525,0.2218508262952196,6.968698311006963,1.4283879112103635,10.684696046338589,7.480248161210998,0.258536217205857,8.546050394337762
2406,246_0.mat,Outer,3,0.9806967280770067,-0.008563583971545047,0.6925329837795899,0.9617660724609465,0.5505791427735814,5.646461680215687,10.154070081851454,0.9626328085926499,0.9811385267089708,0.1719315184274288,6.052317075136738,1.4161011114926383,8.153346934309505,5.757602241909953,0.18203902877920322,6.531310845079174
2407,246_0.mat,Outer,3,1.0475542111882583,-0.002838813634885998,0.7440928168101217,1.0973698253782542,0.5928059822518956,5.646461680215687,10.154070081851454,1.0984344564142428,1.0480622388075256,0.18691823079382378,7.2357507296997055,1.4078273402472132,7.588383535825703,5.390137923082205,0.16236426100534818,5.997017300622491
2408,246_0.mat,Outer,3,0.9999935092489641,0.004731243022010834,0.7041007601384621,0.9999870185400581,0.5607292802082858,5.244611416358632,10.171093263760676,1.0009421164150862,1.0004709473118578,0.1308779008483793,6.654516630274004,1.4202420532125177,7.448666033707768,5.244645458041327,0.13069316509015483,6.641995668626012
2409,246_0.mat,Outer,3,0.9433056921229833,0.0011706414081859317,0.66489298254222,0.8898256287916206,0.5318351747690097,5.244611416358632,10.171093263760676,0.8906940768247131,0.9437659014950228,0.14919525572550937,5.666151971735027,1.4187331147861315,7.8879030972743305,5.559821657123328,0.17748520921163544,7.142184914112458
2410,246_0.mat,Outer,3,1.026088630128808,-0.002022212727131299,0.7308901681823851,1.0528578768796135,0.5818616954123894,4.898625731550592,9.787297889807338,1.0538829701233108,1.026588023563158,0.02337270137900075,6.496627239828059,1.4038889491141104,6.702273398650363,4.774076612593279,0.021603311621215517,5.849290291651159
2411,246_0.mat,Outer,3,1.0343025421919658,-0.0010610316463194828,0.7270020053164803,1.0697817487847634,0.5739085510838878,4.898625731550592,9.787297889807338,1.0708263518558432,1.0348073984350146,0.02255179654516941,6.98283105855327,1.4226955835428376,6.73811859626353,4.736163290447249,0.02035178797858953,6.089665454245019
2412,246_0.mat,Outer,3,0.9499668101756711,0.0008583079332890168,0.6832695712202914,0.9024369404353394,0.554602873791477,5.239089369735003,10.39394219057229,0.9033183505695591,0.950430613232528,0.013122896971125467,5.299356385772896,1.3903250637631632,7.667675527201566,5.5150235919933435,0.01528510652950175,6.494436300092657
2413,246_0.mat,Outer,3,1.0407790356762798,0.005235510454868612,0.7313150575514121,1.0832210011032468,0.5868040447784652,6.207710829222718,11.446800198957721,1.084252430797975,1.0412744262671465,0.18213334578276613,8.940215608564273,1.4231609549509228,8.488422007881086,5.964484887210562,0.16132209708697237,7.6047892620874356
2414,246_0.mat,Outer,3,1.0449771106893477,-0.0018242336051401912,0.7375307573456733,1.0919771618646572,0.5873953225812305,6.207710829222718,11.072290196954869,1.0930412571390857,1.0454861343600335,0.17995330945099527,8.474109076387597,1.4168590262577492,8.416883997564334,5.940523257128274,0.15747260278026062,7.092852690063367
2415,246_0.mat,Outer,3,0.9724680647515519,-0.004126937337001199,0.7141579789876524,0.9456941369616285,0.5803817550676635,4.715497562527158,9.21985849283332,0.9466015208975965,0.9729344895200275,0.016011752612806913,4.806187661962298,1.361698802453629,6.602877376242386,4.848999914179222,0.017385535599425038,5.363722839591147
2416,246_0.mat,Outer,3,0.958429594794598,0.0007540288537669828,0.6970158853285475,0.9185872881781374,0.5648537562673046,4.6427621489150335,8.844832636833218,0.9194846538509014,0.9588976242805597,0.03446094169009036,4.624395399846769,1.3750469895552735,6.660912967169961,4.844134795216945,0.03908502670350594,5.4697312715860695
2417,246_0.mat,Outer,3,1.065458300312173,-0.0001215124032827755,0.7459034922138906,1.1352013897041047,0.5912012068362396,5.856414257096074,10.499176406011108,1.1363110537022214,1.0659789180383548,0.24059451942295032,8.207754230110538,1.4284130741208816,7.851436973040574,5.496615170555884,0.19862773172526868,6.356673143556326
2418,246_0.mat,Outer,3,1.023780271486055,0.0009122106458921983,0.7377445697373103,1.0481260442840608,0.5952046129278886,5.856414257096074,9.978679722786758,1.0491497724804861,1.0242801240288157,0.3036089888206538,6.699236690153645,1.3877164447976977,7.9382681992135,5.720382019658916,0.2825259794575571,6.086257749200228
2419,246_0.mat,Outer,3,0.9257024581553733,-0.0004963125731590788,0.6825175537909867,0.8569250410349007,0.5537055749510221,4.258450920964448,8.305765209707898,0.8577624533545845,0.9261546595221473,-0.07631517602153981,3.7561548301636565,1.3563057140615362,6.239328054355524,4.60023723977742,-0.09606393274966832,5.10516075082514
2420,246_0.mat,Outer,3,0.9939540028043725,0.005580084804593597,0.7186618192621437,0.9879445596908345,0.5781275651108339,5.409321188827209,9.301879278395926,0.9888791246145394,0.9944240165113368,-0.2096922879750749,5.614904520228945,1.3830622083464663,7.526935540242668,5.4422248650941,-0.21323949478306312,5.741904403361441
2421,246_0.mat,Outer,3,1.0668923439709794,-0.0031531621644596795,0.7553713885276395,1.1382592736238908,0.6069918451127201,5.461270095203258,10.870591284030468,1.1393619893850142,1.0674090075435068,-0.11919617950577291,9.013248052639177,1.4124076714755378,7.22991389155084,5.11885770486576,-0.09800985472480313,6.943171136377975
2422,246_0.mat,Outer,3,0.9847777395725041,0.0018204965414392038,0.7035388366657737,0.9697871963575307,0.5667999789211796,5.461270095203258,10.424893430407238,0.9707318624843307,0.9852572570066819,-0.033107492684735416,6.824082822477388,1.3997489381512813,7.762570892429569,5.5456880022171,-0.034616038451156184,7.241786544070195
2423,246_0.mat,Outer,3,0.9172750060649792,0.005114607174263353,0.667681246631983,0.8413934367515078,0.5367417798243183,4.043855658108819,7.773403884546818,0.8421897284516519,0.9177089562882406,0.0020244679260397816,3.768680532695707,1.3738217310889895,6.056566181095215,4.408553194370965,0.0026193648182210607,5.31336246649168
2424,246_0.mat,Outer,3,1.051447753905012,-0.0028896937654740375,0.7429288826144393,1.1055423791918946,0.5870324579087014,5.162590630796023,9.627899004657364,1.1066147072869212,1.05195755964151,0.0910454026194694,7.077726097011922,1.4152737610677477,6.948970152595782,4.909983032078931,0.07821019415607318,5.7796411706446245
2425,246_0.mat,Outer,3,1.109626405123483,0.004133275546683994,0.7634853037370012,1.2312707589472638,0.6009191957134045,7.39314331490117,12.436208165681514,1.2324572465103145,1.11016091018839,0.4183731480105101,12.19196786309764,1.4533696977411161,9.683412737225671,6.6627319616387215,0.30577784025473903,8.026571595034014
2426,246_0.mat,Outer,3,0.9589840370506245,0.0020240170637913944,0.6651754687078852,0.9196503833179135,0.5321042294063985,7.39314331490117,12.436208165681514,0.9205452566500363,0.959450497237891,0.3225159863096601,8.630036545633317,1.4417008476154807,11.114576021950063,7.709349717260392,0.36516027847116184,10.184092746119829
2427,246_0.mat,Outer,3,0.9400305270585763,-0.00011697853026008042,0.6816028573588032,0.8836573918020246,0.5521123314107191,4.58019146790178,9.045499841763121,0.8845211683214871,0.9404898555122682,-0.01094599701350835,4.534961679802115,1.3791469870003124,6.7197363075078735,4.872385881157135,-0.013158093829062498,5.796384145357986
2428,246_0.mat,Outer,3,1.0456489159338593,0.005267247566027495,0.7423451118650013,1.0933816553936553,0.5946704079491584,5.94049845864768,10.612148431408663,1.0944226836487343,1.0461465880309195,0.06640626475779274,7.635346553068242,1.4085752020451192,8.002340641423908,5.681159678090035,0.05800045809799672,6.374682834222476
2429,246_0.mat,Outer,3,1.0398262877431221,0.0025721119358685747,0.7202108586353007,1.0812387086816422,0.5723816420987389,7.044426012760772,11.716075985521755,1.0822890157888128,1.0403312048519995,0.32582693940142315,9.744569508606713,1.443780353037171,9.781060543990128,6.7746181220744885,0.2893823990841672,8.319096388073417
2430,246_0.mat,Outer,3,0.9019306781214483,0.004840559738224765,0.6257455652431289,0.8134789481366157,0.49841929812627256,7.044426012760772,11.520051466567095,0.8142506838014362,0.9023584009701667,0.26434729330487383,6.430644043696814,1.4413696687879336,11.257652317539725,7.810385192158197,0.3597805405994937,9.699251189902958
2431,246_0.mat,Outer,3,0.9614824850400886,0.005957907556485035,0.67371856703944,0.9244485690388643,0.5363906984035913,5.25131751832287,10.388783650599798,0.9253167019681784,0.961933834506396,0.06304989411711494,6.193620190147238,1.4271277831391214,7.7945269363604455,5.461688174276474,0.07083514050637635,7.233754527540641
2432,246_0.mat,Outer,3,1.042863201593733,0.0020895063407859096,0.7322026317029688,1.087563657238331,0.580347521902373,5.25131751832287,10.388783650599798,1.088622399013119,1.0433706910840073,0.04781029680790618,7.582707733878034,1.4242822361438396,7.171945703202539,5.035480694200949,0.04209257951097709,6.398376402777359
2433,246_0.mat,Outer,3,0.9768114748312585,0.008081775185784101,0.7017026388628658,0.9541606573620184,0.5664321621446208,4.33221804257107,8.474965320805605,0.9550279867902146,0.9772553334672647,-0.003181968822391884,5.275016117295957,1.39205900153493,6.173865969188046,4.435060555891826,-0.0034093514474207894,5.7835113691821265
2434,246_0.mat,Outer,3,0.9083122526288294,0.0037897087242973766,0.6584207182636367,0.8250311482756585,0.5356275026352791,4.33221804257107,8.446593350956904,0.8258232544053237,0.9087481798635547,0.042407027116602075,4.123141351450444,1.379531699766098,6.579710999965584,4.769525050474694,0.05650763950541132,6.0458032214191
2435,246_0.mat,Outer,3,1.01773050242735,0.004857687702977179,0.7246089216775758,1.0357753755710264,0.5804324128710214,5.667095840105652,10.31965921496842,1.0367642435227717,1.0182162066686877,0.20422060274742174,7.027030978686379,1.404523836209124,7.820902655983968,5.568365914732546,0.1934548124028412,6.537502183338178
2436,246_0.mat,Outer,3,1.0650196904572302,0.006181074861935583,0.7532333241724516,1.1342669410616144,0.5986136253499327,5.667095840105652,10.31965921496842,1.1353374633667348,1.0655221552678924,0.12177198828972455,8.07529573052206,1.413930659037042,7.523692404772915,5.321118370748014,0.10066069952239431,6.2648185711995374
2437,246_0.mat,Outer,3,0.9619759243776337,0.0003605894281306964,0.6757621535590349,0.9253976790822027,0.5353006871580434,5.316467469322369,10.101452974132044,0.9263021409920297,0.9624459158789286,-0.10209789984930934,5.995253873134431,1.4235421728041056,7.867364932046394,5.526611773321062,-0.1145217054743628,6.987185006062029
2438,246_0.mat,Outer,3,0.9093725746044303,0.003787693669620629,0.6434674438375583,0.8269584794426903,0.5157081693221526,5.316467469322369,10.101452974132044,0.8277524848553469,0.9098090375762086,-0.061423651683968905,5.018860197119691,1.4132378930931366,8.262216713882786,5.846302844166092,-0.08156144140464515,7.324940681576946
2439,246_0.mat,Outer,3,1.03557679632425,0.007641485738913284,0.7306801665515293,1.0724193010851972,0.582275174496821,6.041605842108504,10.278906749185738,1.0734091599136273,1.03605461241849,0.2598303323385318,7.601763636024236,1.4172778237710675,8.268468365049248,5.834049066710626,0.23363715182518427,6.597566369819556
2440,246_0.mat,Outer,3,1.062224936382295,0.004774062933891873,0.7484650052189651,1.128321815472371,0.5945335667079528,6.041605842108504,10.278906749185738,1.1294019553925372,1.0627332475238258,0.2707545329713355,8.197552551680566,1.4192045439320435,8.071995083234315,5.687689711634147,0.22558121596685338,6.426686850760191
2441,246_0.mat,Outer,3,0.987917234890724,0.00437961598091722,0.713105180738244,0.975980462994134,0.5767152816553625,4.982194079104947,9.686706360343763,0.9769153008064375,0.9883902573409137,0.00261781458221841,5.608792076359602,1.3853738011924057,6.986618823803988,5.043129022494478,0.0027111498031539677,5.876997650525548
2442,246_0.mat,Outer,3,1.0635186373869117,0.001777172865889003,0.7513600201586847,1.1310718920693135,0.5992353711135174,5.556703084694343,10.538897163799291,1.1321743727618183,1.0640368286679829,0.18420444970935454,8.221722963159554,1.4154581144214788,7.395526692401587,5.224829062085886,0.15290797491335195,6.414106968017358
2443,246_0.mat,Outer,3,1.0087197992153456,0.006396685712348299,0.7116524750930094,1.017515633329047,0.5642934062207566,5.556703084694343,9.743966154038414,1.0184693146810626,1.0091924071657805,0.2469375221310312,6.566976814352651,1.417433135579404,7.808169407350549,5.508668600548175,0.24025097722406782,6.330960231622676
2444,246_0.mat,Outer,3,0.9521321110047724,0.007493882983841028,0.6920605108914446,0.9065555568064041,0.5578811738169934,4.826406171935717,9.210573120882835,0.9073855171933628,0.9525678543775046,-0.06239936697358271,4.6137285875375,1.3757931510598014,6.973965565109095,5.069050939619509,-0.07219255611242964,5.603615865521438
2445,246_0.mat,Outer,3,1.005986525167515,0.005567490712863891,0.7279946833885942,1.0120088888186114,0.5867534738693311,5.660026231490276,10.340293374858383,1.0129671175665222,1.0064626756946937,-0.17296005349621274,6.4117313173977015,1.381859714254466,7.774818086770631,5.626343981637479,-0.16964958020460616,6.248627266053154
2446,246_0.mat,Outer,3,1.089133283568747,0.008649516840959638,0.7634221035441381,1.1862113093772408,0.6103518305213019,7.250767611660415,12.910793843150692,1.187295963950454,1.0896311137033734,0.2808762377582936,11.406988340519653,1.4266462531161845,9.497717681987062,6.6573740065084355,0.2171083426410984,8.09194672193575
2447,246_0.mat,Outer,3,0.9935719433038634,0.003446141901910766,0.7043895315880144,0.9871852065206156,0.5686669054024167,7.250767611660415,12.184987269021196,0.9881383094444244,0.994051462171061,0.3450818473347741,8.524996738901063,1.410543312678838,10.293690190573379,7.297677496349774,0.35131404203844796,8.730894645706009
2448,246_0.mat,Outer,3,0.8964681073867335,0.004901011378527392,0.6533988366365586,0.803655067561552,0.5308575003042715,4.316742422653597,7.952405221592258,0.8044166107454508,0.8968927532015468,-0.08093571277476014,3.6089342019668442,1.372007504635344,6.606596431771887,4.815277182846342,-0.11218083049158535,5.577208802933719
2449,246_0.mat,Outer,3,1.005102191705407,0.00034144640870152447,0.7229411089455975,1.0102304157710127,0.5823210074400388,4.329638772584825,8.575040996271934,1.0112178165843708,1.0055932659800237,-0.043262817046207214,5.648385315353183,1.390296082581261,5.988923190290799,4.307660264111257,-0.04254492141112604,5.5237611300691025
2450,246_0.mat,Outer,3,1.1221527638038955,0.006634462164205296,0.7636193962161568,1.2592268253127212,0.597082887212398,8.084903525212225,13.19502939563495,1.2604136819608025,1.1226814695009455,0.6815304131698681,14.487408881833744,1.469518413705641,10.587608912585889,7.204815410157396,0.4816322701156913,9.119362925800308
2451,246_0.mat,Outer,3,1.015040906516026,0.006213819500432838,0.6867609745251344,1.0303080419008759,0.5441099204642043,8.084903525212225,13.19502939563495,1.031276536340612,1.0155178660863688,0.6183334907296585,12.462378221434683,1.4780119199644461,11.772514492092121,7.965101182921252,0.5904186461988074,11.717923381218371
2452,246_0.mat,Outer,3,0.9118134480649666,-0.00014418176839626476,0.6493062370641148,0.8314037640721235,0.5208803025288122,4.7334001050847645,8.575556850269182,0.8322164546652502,0.9122589844256126,0.021818146316752884,4.2575171816849,1.4042887562367996,7.289934756332984,5.191193566101385,0.02873845405803806,6.147291568497456
2453,246_0.mat,Outer,3,1.000310830525634,0.005062719516336929,0.7095255170624993,1.0006217576668837,0.5632104694062787,4.7334001050847645,8.656545927837291,1.0015742263684204,1.0007868036542151,0.036023639227693124,5.746401633585093,1.409830663547666,6.671218992482192,4.7319292770155945,0.035938742264143855,5.728351992118009
2454,246_0.mat,Outer,3,1.113752869476575,0.0036068425123819297,0.7443515582641392,1.240445454267305,0.5805944577816522,8.426398871391134,13.827466396262357,1.2416449888888574,1.114291249579237,0.6480879340824435,16.808507140576722,1.4962726377202726,11.320455741411422,7.565770739916191,0.4684225303790314,10.902705035698393
2455,246_0.mat,Outer,3,1.0105522716757163,0.003451683302271842,0.657979972101008,1.0212158937889508,0.5115702583017179,8.426398871391134,13.827466396262357,1.0222022240307365,1.0110401693457765,0.6687989505017156,14.989278594636062,1.5358404731490038,12.806467109434712,8.338409706813074,0.6471282373800119,14.345215887934655
2456,246_0.mat,Outer,3,0.9292968476795564,0.007763396546856921,0.6602068476386783,0.8635926311071607,0.5263918317675287,4.397731500221707,8.510043392618545,0.8643764784359395,0.9297184941883965,0.023686150426919943,4.4965210099453365,1.407584382079508,6.661141907182794,4.732321551717366,0.029474067424657725,6.018257232683331
2457,246_0.mat,Outer,3,1.0445005472493314,0.002831550225500695,0.7383443591953684,1.0909813932041525,0.5854255431362233,5.038785671456237,9.436517171677945,1.0920398206648412,1.0450070912031368,0.01814035340637815,6.910113920126038,1.414652301788004,6.824438500404569,4.824110130646596,0.01589600648083829,5.7943971322051535
2458,246_0.mat,Outer,3,1.0921044183686979,0.0037791296872444176,0.7496662649740788,1.1926920606204319,0.5922566458522881,8.385646405608455,13.364745360729907,1.1938436417306164,1.0926315214795044,0.5321577902167333,13.991514581876418,1.4567874658265472,11.185839349309948,7.678429154353769,0.40796156392808053,9.816797396011152
2459,246_0.mat,Outer,3,1.00905546785941,0.0049977340030116,0.6877696581675552,1.0181929372169725,0.542472427725424,8.385646405608455,13.364745360729907,1.0191632364699228,1.0095361491645174,0.556588302929787,11.996543001324623,1.4671415871214772,12.192521589187848,8.310391918681423,0.540964107721847,11.549644492474693
2460,246_0.mat,Outer,3,1.0008175897791116,0.0015691184705141012,0.7122646628181808,1.00163584801127,0.5676270323923952,4.765535400260322,8.86082411074794,1.0026124996476826,1.0013053977921433,0.004199437390851539,5.910291764311305,1.4051203745217729,6.690680654292301,4.76164233015464,0.004183034425356376,5.879531089778982
2461,246_0.mat,Outer,3,1.046585954664633,0.005291428222148535,0.7407461791173102,1.0953421605012812,0.5888428491145781,4.765535400260322,9.356559802104332,1.0963848496183564,1.0470839744826375,-0.06182515461884348,7.104051340169458,1.4128806656962516,6.433425557365152,4.553410428465793,-0.05385433564505726,5.909898745272597
2462,246_0.mat,Outer,3,1.0428100614703613,0.0017419094090457845,0.7171627230641036,1.0874528243038184,0.5701858396508743,6.893796645564033,12.378432517989612,1.0885127908277217,1.043318163758171,0.29470077844316944,10.611360427848254,1.4540773354943264,9.612597565166837,6.610788388287292,0.2594961853416992,8.955791882486125
2463,246_0.mat,Outer,3,0.9832728016815965,0.0038572130559686468,0.6734266477551231,0.9668254025267762,0.535077447464971,6.893796645564033,12.378432517989612,0.9677555982606435,0.9837456979629662,0.36467551210393123,9.330054516493293,1.4601037914936834,10.236893162060579,7.011072241362955,0.3830522900177362,9.962143581016422
2464,246_0.mat,Outer,3,1.001799131829569,0.0038879426397891454,0.7002521544825666,1.0036015005344778,0.5503002177875814,5.528331114845641,9.46746841151289,1.0045674072951942,1.0022811019345792,0.23008850776970596,6.274759982677027,1.4306262757140564,7.894772018120766,5.518402780748895,0.2285210980223095,6.2178315329585105
2465,246_0.mat,Outer,3,1.0094719058096369,0.004288434756794068,0.7020935255605582,1.0190335286189405,0.5535402404766837,5.528331114845641,9.46746841151289,1.0200112426754526,1.0099560597746085,0.2301204208012152,6.649668623315792,1.4378026132661275,7.874066507626452,5.47645861467162,0.2233817667852601,6.391312992452826
2466,246_0.mat,Outer,3,1.002020580323987,0.006975510168245973,0.7103519974190212,1.0040452433928198,0.5755705429248285,6.300048694730308,12.586321678881003,1.004978009488103,1.0024859148577117,0.09949480869925048,8.240887638494566,1.4105972587721272,8.868911071710802,6.2873446099151,0.09875647573314449,8.159449805476829
2467,246_0.mat,Outer,3,1.005138242462614,0.005181607742265429,0.7199114742390974,1.0103028864608325,0.5829137997858785,6.300048694730308,12.586321678881003,1.0112635995109354,1.0056160298597747,0.08569044566311317,7.84530327676449,1.396197002587836,8.751143606066739,6.2678429976843395,0.08426279079743428,7.671512317366397
2468,246_0.mat,Outer,3,1.0193336173547298,0.0033448854044038634,0.7192656153055997,1.0390410234694787,0.574732341645763,6.069977811957205,10.720993624828225,1.0400455046492443,1.0198262129643678,0.2279785833935341,7.563714778926986,1.4171866354548601,8.439132474544566,5.954849039221756,0.2149391558553927,6.992467575505459
2469,246_0.mat,Outer,3,1.0194701899839187,0.00558209985927036,0.7130620293633547,1.0393194682658473,0.5724058692190195,6.069977811957205,10.720993624828225,1.0403042305271326,1.0199530530995693,0.14182891095375444,8.085174627317736,1.4297075822319492,8.512552291373822,5.9540513019287005,0.13366700624878594,7.4708269233538385
2470,246_0.mat,Outer,3,0.9629834392848621,0.006481821772441167,0.6845397891645304,0.9273371043369016,0.5547042799186122,6.311033976018651,10.942810843645342,0.9282015371370224,0.963432165301233,-0.18040334166946548,6.489141463108943,1.4067603586034945,9.219382241771433,6.553626696528493,-0.20173495367769806,7.531867568433599
2471,246_0.mat,Outer,3,1.0737271223804674,0.005717612286282089,0.7456412949860559,1.1528899333354392,0.5927023238153686,6.729239220441568,13.04027319646022,1.153984179920887,1.0742365567792258,0.2643285559892392,10.732507335520065,1.4400049053065214,9.02476735889257,6.267178205870861,0.21322803310197727,8.059377227148428
2472,246_0.mat,Outer,3,1.05749420279234,0.0026280297031485117,0.7417977034428965,1.1182939889394068,0.5892549484090094,6.729239220441568,12.954641432916866,1.1193802271523643,1.0580076687587687,0.21737316473506593,9.662428577131369,1.42558300987288,9.071528786352616,6.363381664567502,0.18354369967160586,7.7113609928743045
2473,246_0.mat,Outer,3,0.983864833572095,0.0016602996946372419,0.7011022439123444,0.9679900107398463,0.5605421638923344,6.225402212475299,10.383625110627307,0.9689334782446185,0.9843441868800864,-0.21720882142060183,6.059989627649258,1.4033114886075015,8.87944984703936,6.327497436681977,-0.2277385317991646,6.454817344600691
2474,246_0.mat,Outer,3,1.0724061368728794,0.0039005367315188702,0.7396970220806934,1.1500549224026129,0.5852706389006971,7.388500628925928,13.31677093898574,1.151163891703811,1.0729230595451897,0.10425533197431043,10.93422701470774,1.449791069666414,9.988549917549795,6.889647844112304,0.08440973511709397,8.251136446143649
2475,246_0.mat,Outer,3,1.122984718627942,0.004033026576515465,0.7681222185776675,1.2610946782718782,0.6079418886735317,7.388500628925928,13.31677093898574,1.262311138689888,1.12352620738899,0.2781768863841013,13.679977066238482,1.4619870268899549,9.618912785256494,6.579342092870673,0.19614237067005072,8.585241977428828
2476,246_0.mat,Outer,3,0.9551545331487576,0.008465643101705807,0.6815417192685282,0.9123201821946212,0.550396609895185,5.851771571120832,10.498660552013858,0.9131402536104123,0.9555837240192051,0.11872023079665542,6.158814961252109,1.401461577689603,8.58607977423997,6.1265181371476976,0.13605625108141897,7.386218996152482
2477,246_0.mat,Outer,3,0.8924477770980475,-0.001013677861415748,0.6336601623401528,0.7964630348472462,0.500552100632901,4.927513555396542,8.92375829841233,0.7972405625412962,0.8928832860689555,-0.12834049171202516,3.9594653672400715,1.408401269539756,7.776271648814252,5.521346662337719,-0.18029331269622179,6.229565761887711
2478,246_0.mat,Outer,3,1.0121790355448521,0.004103049726532683,0.7156799638993784,1.0245063999965072,0.5632600954678152,5.236873606399895,10.164387161796437,1.0254910210546975,1.0126653055450736,-0.026480800332369173,6.3263602150308085,1.4142900271073482,7.317339971150653,5.173860969740132,-0.025499596803618945,6.015755713057682
2479,246_0.mat,Outer,3,1.0665735283068463,0.006545295994758935,0.7527063977601226,1.1375790912849149,0.6022744937955498,6.088032701860924,10.485764202082631,1.1386482115293275,1.0670746044814896,0.2785456764442924,9.03430821895208,1.4169848050704783,8.088190455095628,5.708029067175318,0.22925143840527382,6.968122330241026
2480,246_0.mat,Outer,3,0.958339919321919,-0.0016831797777673713,0.6646874573508332,0.9184154009659422,0.52405708109532,6.088032701860924,10.485764202082631,0.9193103318677427,0.9588067228945272,0.25368150582655125,6.780518138669698,1.441790286129394,9.159241135850708,6.35268611805528,0.28780318472185046,8.023033396255169
2481,246_0.mat,Outer,3,0.9493238757094833,0.0032204557781142862,0.6706319835143658,0.9012158209920744,0.5299562777155651,5.14711501087855,9.429811069713706,0.9020863934002104,0.9497822873691688,0.1190519268612444,5.1371563805157745,1.4155660616322694,7.675021677161953,5.42187460209657,0.13895181712298302,6.312865288274493
2482,246_0.mat,Outer,3,1.041150241621052,1.4000023728946015e-05,0.7468130153709907,1.0839938256275752,0.6012807458107837,5.316315121976257,9.599011180811413,1.0850534479393277,1.0416589883159113,0.11242540716547256,7.116650190555449,1.394124392840758,7.118669616822597,5.106194004905329,0.0994690046402231,6.044680582680228
2483,246_0.mat,Outer,3,1.045476828224681,0.0006290954638082029,0.7495705602625753,1.093021798354739,0.6060029403948525,6.181402275363013,10.60234720546093,1.0940898497124962,1.045987499787878,0.21100471058346013,7.937556965154933,1.3947677292142513,8.24659158597346,5.912519635517612,0.1843795146476648,6.631028236105028
2484,246_0.mat,Outer,3,0.935941674007866,0.004078869070411623,0.6620256849899482,0.8759868171446465,0.5294454193008589,6.181402275363013,10.60234720546093,0.8768264558075026,0.9363901194520917,0.17306839790349224,5.741840207331892,1.41375432287142,9.33710340173211,6.60447381179915,0.21078869055748503,7.468335373688387
2485,246_0.mat,Outer,3,0.947372375147229,0.0022723725527013672,0.6672495315531306,0.897514417192102,0.528783545190153,5.358767497096797,10.267557961246258,0.8983865841636811,0.9478325717993031,-0.04823460097713918,5.650268175212221,1.4198172203143369,8.03112965042534,5.656453193770133,-0.05664528984396203,7.000717375864202
2486,246_0.mat,Outer,3,1.0448485209651932,0.003146906282412743,0.7285874983601219,1.0917084317631518,0.5718661749239433,5.358767497096797,10.267557961246258,1.0927656827310435,1.0453543335783535,-0.06796044208594366,7.571280837436667,1.4340741823260295,7.355008848149001,5.128750617497579,-0.05949296632002252,6.340379595172909
2487,246_0.mat,Outer,3,1.0466305675208274,0.0026365936855247078,0.7418741502678636,1.0954355448689692,0.5916046129099414,6.277866972848596,11.445252636965973,1.0964993934316045,1.047138669628624,-0.009787167797909072,8.152626585755833,1.4107926083440387,8.462172419100229,5.998168950590745,-0.008524019618024596,6.780797255928446
2488,246_0.mat,Outer,3,0.9480767376845243,0.00194946004075148,0.6702189208295869,0.8988495005385302,0.5363765067454692,6.277866972848596,11.445252636965973,0.8997243371921188,0.9485379998672266,0.04712951019848951,6.449494951437443,1.4145776972538981,9.366890097743854,6.621686540030851,0.05522410982900922,7.967219289943494
2489,246_0.mat,Outer,3,1.0048605545905651,0.006685846058462537,0.6915291315636023,1.009744734172058,0.5418482372907683,5.570115288622819,10.393426336575041,1.0106870326899018,1.005329315542873,-0.00024274552550280354,7.36660749321626,1.453099383271161,8.054780390842382,5.5431723965787905,-0.00023890552466305227,7.211641730502816
2490,246_0.mat,Outer,3,1.049826431118763,0.0012084236833750793,0.7274110378919058,1.102135535475559,0.5719506083668828,5.570115288622819,10.393426336575041,1.1032114300999676,1.0503387216036395,0.018784154908377176,8.122378727415102,1.4432368721813724,7.657452249773104,5.305748763328084,0.016210765814690328,6.673685402135662
2491,246_0.mat,Outer,3,1.0028830475143036,-0.00029027323246095344,0.7136140159537225,1.0057744069915768,0.5714019374211081,5.552728600062461,10.333587272894144,1.0067574843388272,1.0033730534247105,0.04590126702877413,6.331463835484358,1.405357833635844,7.781137247750991,5.5367658410615705,0.04543990067109834,6.246753902886865
2492,246_0.mat,Outer,3,0.9731474803656556,0.002323252683289416,0.6968434597626221,0.947016018542024,0.5600042409520214,5.552728600062461,10.333587272894144,0.9479363401211431,0.9736202237634257,-0.018830822268569983,5.652975941026003,1.3965080201739417,7.968401686579674,5.7059476719503435,-0.02040330516969032,6.290987057111853
2493,246_0.mat,Outer,3,0.9915013313536328,-0.0020191901451161714,0.7096416332119118,0.9830748900760264,0.5686577903596912,4.7251464411287785,8.822135060954256,0.9840317814837896,0.9919837606956021,0.10950715353621267,5.429375068988211,1.3971859667598667,6.658496655185824,4.765648105255769,0.11218345277748967,5.60701340065691
2494,246_0.mat,Outer,3,1.0040422387877717,-0.001074129501718393,0.7050262314323152,1.0081008172699608,0.5621245572961496,4.7251464411287785,9.032603491831892,1.0090850981819677,1.0045322783176096,0.050882431214423346,6.26194364949684,1.4241204000971115,6.702086008236284,4.706123167516306,0.05019681536656234,6.149694895912668
2495,246_0.mat,Outer,3,0.9645417528158603,-0.000752728280776071,0.6892476772489988,0.9303407929250922,0.5568775330756549,5.498048076354055,9.887889419270914,0.9312496498113714,0.9650127718384723,-0.1869839983341865,5.476981338553385,1.3994124095771292,7.976882995515477,5.7001659703143845,-0.208067983651899,6.315518567476243
2496,246_0.mat,Outer,3,0.9976975314296497,-0.004089658825481236,0.7168680317032703,0.9954003642208168,0.5836964863514107,5.498048076354055,9.945149212965564,0.9963566434461234,0.9981766594376585,-0.16658618507963968,6.240717376638441,1.3917450455389118,7.669540045303856,5.510736373648356,-0.16750074821553837,6.286441425228966
2497,246_0.mat,Outer,3,1.0455911966331233,0.003854190473953521,0.7530596744832867,1.0932609504766866,0.6126017034999318,5.225524818460415,9.638731938599594,1.094314762452685,1.0460950064180046,0.024903119391092257,6.956706162339849,1.3884572923774854,6.939058079346739,4.997674842024275,0.02175406209034687,5.809237659422691
2498,246_0.mat,Outer,3,1.0239157444597475,0.0039216948056247924,0.7413557096330727,1.0484034517525591,0.6029474913659048,5.225524818460415,9.645438040563834,1.0494128893371542,1.0244085558687774,-0.022423530842781383,6.298428278411496,1.3811396218491987,7.048606695212063,5.103471498245663,-0.02085856404299265,5.7192542047465516
2499,246_0.mat,Outer,3,0.9641939122789963,-0.000760788499483083,0.6870033187596121,0.9296699004758768,0.5534921928267129,5.348966271149063,9.874477215342438,0.9305780893421091,0.9646647548978396,-0.1693360103348624,5.567449335326802,1.4034778085474897,7.785939492692499,5.5476042765096345,-0.18863404997628316,6.429106618648562
2500,246_0.mat,Outer,3,1.0613098704225767,-0.002776346939906613,0.7415146013991258,1.1263786410563865,0.585990775306554,5.348966271149063,10.658575291161082,1.1274719798093382,1.0618248348053168,-0.0563820896915366,8.120258201311954,1.4312730570896572,7.213568365409339,5.0399665735835,-0.047095838318239186,6.38790316217721
2501,246_0.mat,Outer,3,0.9899694356444446,6.387262697861266e-05,0.7106392236679681,0.9800394835101801,0.5699168373253036,5.30960902001202,9.647501456552831,0.9809974847867047,0.9904531714254363,0.057318722026285726,5.764504285651748,1.393068947887958,7.47159577344883,5.363407019278568,0.05899220888009302,5.989991121096121
2502,246_0.mat,Outer,3,0.9001801524621849,0.0028894830474573774,0.6309815595679256,0.8103243068868424,0.5024574035088183,4.973424561151712,9.407629347831994,0.8111080554849954,0.9006153759985421,-0.06665498462884926,4.843087702424704,1.4266346437717936,7.88204423049932,5.524921369953347,-0.09124615244191663,7.361476066616341
2503,246_0.mat,Outer,3,0.9935279425564422,0.0011353779513427345,0.6781293625645077,0.9870977726404371,0.531262361964529,4.973424561151712,9.407629347831994,0.9880613872558366,0.994012770167384,-0.05256161575411461,7.007548862797158,1.4651009046381867,7.334035120284703,5.005822532126888,-0.05351713003958128,7.177914473637846
2504,246_0.mat,Outer,3,1.089534013439911,-5.148925326556525e-05,0.7417878814276828,1.18708436644248,0.5838894432659356,6.7421355703727945,11.556161246374533,1.1882447590638598,1.0900664012177699,0.39058647769392363,11.650146045394605,1.468794571490531,9.089034398064642,6.18809095191083,0.3015493124132163,8.251246371579384
2505,246_0.mat,Outer,3,0.9922891193821319,-0.007242715630932585,0.6883126005358331,0.984637696444167,0.5517163219794707,6.7421355703727945,11.556161246374533,0.9855476884289378,0.9927475451638941,0.3642635563110859,9.296726962522499,1.4416256779379306,9.79516511119283,6.794527359691419,0.3723053335205958,9.571385072356266
2506,246_0.mat,Outer,3,0.8977425352171506,-0.002486179066453989,0.6476476408548872,0.805941659538117,0.5231492580550299,4.995969789684561,9.310648796349161,0.8067232941687283,0.8981777631230514,0.1336583854916541,4.108787777613168,1.3861588903971842,7.7140245320468175,5.5650362923603085,0.18446302006868606,6.3134175818614535
2507,246_0.mat,Outer,3,1.021243021084263,-0.0003688603648543656,0.7267544850542479,1.0429373081133122,0.5773993608535568,5.097593027142636,9.412272033807238,1.0439566609820838,1.0217419737791356,0.18686806345155832,6.42274095569581,1.4052104831614876,7.014188604223223,4.991557270790927,0.17519083414415945,5.893258169791828
2508,246_0.mat,Outer,3,1.049943384525448,-0.0006288024181556771,0.749341084149282,1.1023811107087527,0.5978302621597107,5.411748111467342,9.463857433532146,1.103458311323423,1.0504562396042127,0.22703790508241195,7.280785250274691,1.4011555041267156,7.222009076953272,5.154323738996824,0.19586844505312223,5.979520528809056
2509,246_0.mat,Outer,3,0.9087130339298873,1.1481205383010763e-05,0.6403823951274474,0.8257593780340606,0.5121845149180622,5.411748111467342,9.463857433532146,0.8265665718200358,0.9091570666392226,0.20400430896719113,4.940244513445522,1.4190162640989192,8.450807131232672,5.955398359432947,0.27147046351423726,7.230906894407578
2510,246_0.mat,Outer,3,0.9666334743386817,-0.002914378185264279,0.6606003313595548,0.934380273712071,0.5173849308627493,5.305118681382889,9.667103908448297,0.9352851445108006,0.9671014137673466,-0.06393319605026437,6.590260302830448,1.4632651975027462,8.030753890868642,5.48824225749773,-0.07068224923118781,7.5338070998373174
2511,246_0.mat,Outer,3,1.0750654385709724,-0.0023798849322551868,0.7499514969396334,1.1557656972097972,0.5903592746989537,5.305118681382889,9.667103908448297,1.1568898085611794,1.0755881221737154,-0.0872819472044693,8.376399350975674,1.4335132911349802,7.073949052738334,4.93469373215994,-0.07014333869412846,6.258545068560451
2512,246_0.mat,Outer,3,1.0313836462240202,0.0037443699940704163,0.7418552134586933,1.0637522256983551,0.5961140204419992,4.939225849987159,9.18426456702313,1.064778027684363,1.0318808204847898,0.1491066076119122,6.543625573415744,1.3902761987936851,6.657937775961345,4.788931711361993,0.13570888070190376,5.771653889597077
2513,246_0.mat,Outer,3,0.9442062197050822,-0.004132982501031466,0.6785874768117455,0.891525385329762,0.5466260464424126,4.939225849987159,9.18426456702313,0.8923797684029893,0.9446585459323328,0.11262687078819553,4.955916732755353,1.391428890111442,7.278687006111854,5.231088026008417,0.13360337971823993,6.223354920804279
2514,246_0.mat,Outer,3,0.9880689445040105,-0.005326902397008407,0.7004993301434773,0.9762802390932694,0.5593200305372383,5.335401719874475,9.689801484327255,0.9772061661007051,0.98853738730546,0.15607054374387982,6.293497163090933,1.4105208984285855,7.616569338865825,5.399827359767221,0.16156290201529053,6.590519409761245
2515,246_0.mat,Outer,3,1.0668932764540369,-0.00029027323246095,0.7545178405713733,1.13826126334283,0.5951404764629458,5.335401719874475,9.689801484327255,1.1393738488585565,1.0674145627911193,0.14510714160223853,7.6486419182863425,1.4140066928632162,7.071273113737201,5.000876692748873,0.11931345348856294,5.891852078523198
2516,246_0.mat,Outer,3,1.0324919274427862,-0.005961644620186014,0.7460756202264057,1.0660395802345195,0.5994653340266214,5.648525096204684,10.214940853526848,1.0670460762117426,1.0329792235140756,0.12206045353818942,6.671918109655486,1.3838971539213143,7.570982006466045,5.470769258399084,0.11073890366822309,5.85982114951377
2517,246_0.mat,Outer,3,0.9494629427917114,-0.004302750857548012,0.6837564131349865,0.9014798797346966,0.5524325519633222,5.648525096204684,10.214940853526848,0.9023425599759811,0.9499171332153037,0.15965664684237985,5.396424115879829,1.38859822672388,8.261019549781242,5.9491791007559955,0.18626439284415827,6.627705321914149
2518,246_0.mat,Outer,3,1.000418556380625,-0.007537921141077094,0.7023127880094047,1.0008372879506937,0.561493101907169,4.959344155879874,9.280729264508713,1.0017587477226375,1.0008789875517607,0.06372686399192282,6.673448387171257,1.4244629650198024,7.061446467362918,4.957269259196004,0.06355911361859372,6.6500363447415
2519,246_0.mat,Outer,3,1.0542079176677233,-0.0028579566543151694,0.738660229401592,1.1113543336733174,0.5928068184086237,5.143656380243918,10.103000536123792,1.1124325256454048,1.0547191690897653,-0.07756602526499673,8.477062042859643,1.4271892213830675,6.96349441258529,4.879166902501175,-0.06610906574336776,6.850117246003907
2520,246_0.mat,Outer,3,1.0097765530341267,-0.0004232668411267436,0.7268077352264767,1.0196486870574826,0.5885576992350063,5.528483462191753,9.557742861031485,1.0206452317618062,1.010269880656553,-0.2643677194254313,6.755255790272524,1.3893310487650306,7.606528101219844,5.474957252250078,-0.25638712247058987,6.484734151628686
2521,246_0.mat,Outer,3,0.9238995936603087,-0.006170202779230087,0.6668017534704178,0.8535904591656837,0.5388325375194278,5.528483462191753,9.557742861031485,0.8543867498237215,0.9243304332454502,-0.06283754775014119,4.666244463277105,1.3855686324314853,8.2910451770861,5.983857445247923,-0.07956782220820406,6.392319571900685
2522,246_0.mat,Outer,3,0.996311040331302,-0.005325391106000828,0.7089542594472817,0.9926356890860413,0.570008984058079,5.253896788309116,10.211329875546106,0.9935776199400822,0.9967836374760985,0.07406904874428186,6.785139507728176,1.4053248528426157,7.410769761645516,5.273349963638635,0.07478836970682007,6.873139844105621
2523,246_0.mat,Outer,3,1.0343838724467822,-0.0036614597066709407,0.7247641044116415,1.0699499955780012,0.5778052436502557,5.253896788309116,10.211329875546106,1.0709824706097724,1.0348828294110268,-0.03777512390035132,7.9000565891296795,1.4272007486974823,7.249112857992524,5.079252420937511,-0.03408257143692463,6.887561299741401
2524,246_0.mat,Outer,3,0.9114839650133386,-0.00523219482720095,0.6575119860379741,0.830803018476437,0.5295685935005061,4.019458172891999,7.878122245988388,0.8315877400160865,0.9119143271251343,-0.062279002894517904,3.8920550066331585,1.3862621280934493,6.113132928733781,4.409795813389617,-0.08212578500501141,5.628113066126415
2525,246_0.mat,Outer,3,0.975773715217939,0.003752933976446611,0.6894135068393134,0.9521343433102194,0.5520027990525674,6.262391352931123,10.746270470693432,0.9530509726372538,0.9762432958219246,0.42242701595119886,6.927364149187755,1.4153678533077454,9.083650509884281,6.417872561289479,0.4540226215236568,7.626684130683031
2526,246_0.mat,Outer,3,0.9978402442401229,-0.00474606288643397,0.7061154937378504,0.995685153025188,0.5645213645860199,6.262391352931123,10.746270470693432,0.9966359051634022,0.998316535555433,0.2958914408656351,7.219881227553717,1.413140276750766,8.868791873935574,6.275945863151465,0.29739085460931103,7.268704187073978
2527,246_0.mat,Outer,3,0.9789395153057473,-0.01316193874389843,0.699611870859028,0.9583225746270514,0.5589955006677672,4.685941537337847,8.880426562643404,0.9590859453640728,0.9793293344754219,-0.20538273301165477,5.360824123190405,1.3992608703199159,6.697915991015778,4.786752872948973,-0.21866417628817728,5.827959238715348
2528,246_0.mat,Outer,3,0.964640409075874,-0.011519669182343647,0.6740880659288119,0.9305311188220696,0.5334412268064749,5.0970771731453866,9.94256994297932,0.9313078964115885,0.9650429505527661,-0.05689223069430479,5.936982326860907,1.4310302434226976,7.561441050161108,5.2839142183801995,-0.06330135908865911,6.845090360861762
2529,246_0.mat,Outer,3,1.0419242259988595,-0.009683450608151262,0.7293568133021688,1.0856060927233222,0.5765408300135296,5.752727603649004,10.598220373482938,1.0865734303732404,1.0423883299295136,0.1767263633303094,7.711759350579605,1.4285521256463083,7.887398182510418,5.521253331189728,0.15603165639970398,6.531836516859959
2530,246_0.mat,Outer,3,0.9983279871601143,-0.003932988324363584,0.7164120107155474,0.9966587699471654,0.5774685463792679,5.752727603649004,10.06998588029985,0.9976175374263988,0.9988080583507518,0.1861931349053196,6.093898453378344,1.3935109576982072,8.029915073443826,5.762362347476296,0.18686051929566477,6.123039523199789
2531,246_0.mat,Outer,3,0.9321633155150211,-0.0061465258867782245,0.6585045257190251,0.8689284467919567,0.5262182499086152,4.932003894025672,9.506157461306575,0.8697400225022046,0.9325985323289999,-0.018537500993847614,4.9765144326933015,1.4155761716227702,7.4897038689793325,5.290922536782564,-0.022854251610213885,6.578795055252106
2532,246_0.mat,Outer,3,0.9951212955269332,-0.0036790914350925547,0.6971987619261053,0.9902663928112019,0.5530668147775029,4.932003894025672,9.506157461306575,0.9912208462050361,0.9956007463863394,-0.03702372137241653,6.269514471048254,1.4273136297264062,7.0740284741660675,4.95618364936019,-0.03751668254048285,6.381063332619345
2533,246_0.mat,Outer,3,1.019329395015392,-0.007924811639013925,0.7244340921604115,1.039032415542445,0.57846959077551,5.520077450889656,9.876024777334186,1.0399852234727285,1.0197966579042748,0.086836880502895,6.7435216249887375,1.4070698853696062,7.619847699906046,5.4154010252994675,0.08187729013917279,6.23494198931659
2534,246_0.mat,Outer,3,0.9549233794344039,-0.007458830245014482,0.6840503239500244,0.9118786605904224,0.5476827630910065,5.520077450889656,9.876024777334186,0.9127143490482911,0.9553608475588117,0.09649515709177826,5.418626613782751,1.3959841052611988,8.069694958999646,5.780649599503353,0.11066319381557856,6.504583141545915
2535,246_0.mat,Outer,3,0.9618894595873021,-0.0006348475821859401,0.6826063884974247,0.9252313324651521,0.545201688255196,5.118743041029848,9.72849053412094,0.9261353584947296,0.9623592668513821,0.10662960795032472,5.635450571339746,1.4091421876423325,7.49882088312987,5.321550194780926,0.11963716538347641,6.570217012605523
2536,246_0.mat,Outer,3,1.036997771131094,-0.007981736933632237,0.7279256103323617,1.0753643773308568,0.5770772042848417,5.118743041029848,9.72849053412094,1.0763517940052123,1.037473755815159,0.02994479638132304,7.107026524907644,1.4245930578760504,7.031958991916307,4.9361176885093,0.02681575356280303,6.134504061015462
2537,246_0.mat,Outer,3,1.0131798820539737,-0.00820792682109791,0.7369159490733621,1.0265334733989042,0.5973844825337635,5.243216201712996,9.720752724162203,1.027469491511508,1.0136416977963703,-0.11526565911206135,5.878951047568451,1.374892052922217,7.115080367440797,5.17501017793453,-0.11067423660684889,5.568804521165522
2538,246_0.mat,Outer,3,0.9337621718929224,-0.0017819174569283407,0.6806041237370167,0.8719117936581877,0.551928407570838,5.243216201712996,9.720752724162203,0.8727609240182259,0.9342167435976653,-0.024198891288636917,4.555014914882736,1.3719607908992824,7.703767900958612,5.615151651601322,-0.029679223098688232,5.979972909057756
2539,246_0.mat,Outer,3,0.9892572223835848,-0.009705112445926378,0.6906633105929723,0.9786298520380854,0.5468778940404468,5.087275947197653,9.986933386742741,0.9794921981802827,0.9896929817778252,0.1096956475066615,6.478356787467212,1.4323291931242461,7.365782819450163,5.142520905669888,0.11315869344279408,6.752473684237751
2540,246_0.mat,Outer,3,1.0177694235087147,-0.005128419511348106,0.7096824615930717,1.0358545994292614,0.5613226244087791,5.087275947197653,9.986933386742741,1.0368408386240457,1.0182538183694898,0.04805767872955628,6.944024746926793,1.4341194528361678,7.168383358059513,4.998456261001138,0.045519202836911854,6.459324018647806
2541,246_0.mat,Outer,3,0.9659372552806597,-0.0021108751329084905,0.6929812421020163,0.9330347811391342,0.5546058443853712,5.88339101229914,9.694960024299748,0.9339423784492619,0.966406942467438,-0.2106490218661466,5.3371531353533355,1.3938865824842437,8.489971524257413,6.090862506989224,-0.2333884304385131,6.118845665707038
2542,246_0.mat,Outer,3,0.9395628261529819,-0.0032901858824789594,0.6890235363258077,0.8827783042885786,0.5622037504866862,5.88339101229914,9.694960024299748,0.8836303992772315,0.9400161696892407,-0.14506399915585155,4.784008290209011,1.3636149951593846,8.538737361082852,6.261838855824347,-0.17464400148390152,6.127038747749445
2543,246_0.mat,Outer,3,0.9738339582410579,-0.004754626868810173,0.7089297577137946,0.9483525782234464,0.5799650742931163,5.4896420650519575,9.460762309548652,0.9492569805168207,0.9742981989703259,0.16518939935210636,5.54660178385454,1.3736677684121639,7.743562751192147,5.637143805255806,0.17861028967111386,6.155444048501463
2544,246_0.mat,Outer,3,1.0184017228600033,-0.0072200462658191,0.7262698304948905,1.037142069124223,0.5836843759506984,5.4896420650519575,9.460762309548652,1.0381037132135773,1.0188737474356562,0.019814631149420406,6.517714115278598,1.4022360286735962,7.558681132746048,5.390448525194818,0.018733756698428857,6.048028349957115
2545,246_0.mat,Outer,3,0.9828449156370357,-0.0034045402353847626,0.7017583739438426,0.9659841281935718,0.5642970969625236,5.201947881933068,9.922967491083853,0.9669167919790245,0.9833192726571693,-0.34074527032768986,5.831471206932708,1.4005460456597076,7.412733606142811,5.292745375353656,-0.35838199494792583,6.237347358978909
2546,246_0.mat,Outer,3,0.8956560455880358,-0.001637337283871213,0.6442025159884137,0.8021997519983977,0.5227039595659725,5.201947881933068,9.922967491083853,0.802981232484865,0.8960922008838516,-0.1852030539496886,4.473136263950564,1.3903330449003621,8.075019505230483,5.807974955957521,-0.25738904078671376,6.937473517436478
2547,246_0.mat,Outer,3,0.9765116817988562,-0.004615588096114114,0.6923549725180633,0.9535750646896306,0.5571447524774789,6.596664743148546,11.20383296625339,0.9544858761495849,0.9769779302264636,0.3166131245279327,6.916167225705272,1.4104205509580114,9.527865047530822,6.755336230069376,0.33952726422073204,7.591480359416555
2548,246_0.mat,Outer,3,1.0475928954594798,-0.00398437221862082,0.7277387140110929,1.0974508746171763,0.5778742623300457,6.596664743148546,11.20383296625339,1.0985077608804346,1.0480972096520602,0.18984312691862487,8.915009806012987,1.4395178864183276,9.064606040786952,6.296973539753643,0.16488843053777516,7.387807421908336
2549,246_0.mat,Outer,3,0.9843793149447265,-0.0047007241562069925,0.6996738102663824,0.9690026356910492,0.5623303965364504,4.594787727170866,8.538931216464494,0.9699277339361285,0.984849091960859,-0.18525084281822018,5.717388066867801,1.4069117644528428,6.567042612921233,4.667700405127061,-0.19393273668498345,6.077415310255047
2550,246_0.mat,Outer,3,0.9102866668186298,-0.0062246092555024585,0.6618164064713338,0.8286218157877712,0.5369260102114507,4.520504751566995,7.926096667732555,0.8293930241525365,0.910710175715928,-0.02855843753088598,3.7617192144776226,1.375436840060693,6.830451326618734,4.966023249973317,-0.03780888547772949,5.468467292110028
2551,246_0.mat,Outer,3,1.013897171611489,-0.0006328325275091855,0.7244732265642609,1.0279874746017774,0.5850615371808052,7.128510214312378,11.877538286660727,1.0289919490750383,1.014392403892615,0.3136387337790968,8.097029145399473,1.3994957086521909,9.839577161614043,7.0308019529981385,0.300477340452087,7.6471876793800035
2552,246_0.mat,Outer,3,1.0680342240874579,-0.0051344646753783574,0.74630708787042,1.140697103822098,0.5946546666225587,7.128510214312378,11.877538286660727,1.141785766256956,1.0685437596359617,0.1463169058476453,9.82781295228584,1.4310921622540824,9.55171179553441,6.674421150124092,0.11992716614941662,7.538546756071851
2553,246_0.mat,Outer,3,0.9443543468850539,-0.00392492810565658,0.6643276344526409,0.8918051324806967,0.529418162788032,4.828985441921962,8.793763091105555,0.8926614671340602,0.9448076349892925,-0.1124231796994858,5.303226710592866,1.421518988385473,7.268981736539437,5.113531226753202,-0.1332986287896099,6.655284367869615
2554,246_0.mat,Outer,3,1.065738556436899,-0.003202027240370965,0.7170545391279775,1.1357986706762055,0.5581012051505768,8.094704751159957,14.02297506121977,1.1368986703054778,1.066254505409228,0.351913464817508,14.065305792427832,1.4862726588851611,11.288827152524243,7.595394482316112,0.29030415128924725,10.88192332423963
2555,246_0.mat,Outer,3,1.0918436198459502,-0.0016554727759620124,0.7416149181884903,1.192122490198308,0.576755313875678,8.094704751159957,14.02297506121977,1.1932850670564932,1.0923758817625429,0.4185954960065057,14.30069171614872,1.4722514246497032,10.914970225951787,7.413794983108145,0.32112805017949614,10.043119560499111
2556,246_0.mat,Outer,3,0.9884192577666554,0.000781232091903165,0.6887260991650854,0.976972629123986,0.5400933397554009,5.233262628419151,9.84352597550749,0.977927025661402,0.9889019292434422,0.1320166785533991,6.381750203571634,1.4351412832524288,7.598467133386732,5.294577768788594,0.13651146567382016,6.673088802391686
2557,246_0.mat,Outer,3,1.0032789422777393,0.0019822046792487484,0.6842288756374895,1.0065686360179393,0.5326072309620499,5.054777145370959,9.954434584916049,1.0075486411023755,1.0037672245607423,0.23119679928346765,7.435815561119306,1.4662914384335617,7.387553091287012,5.038256991510342,0.22860345243114213,7.324813403648517
2558,246_0.mat,Outer,3,1.074027463785259,0.000830600931483641,0.7499284282923158,1.1535349929649956,0.5898580040222483,5.801217879390419,10.700875318935509,1.1546619025813278,1.0745519543425193,0.07371837106952701,8.513334319029354,1.4321732891624426,7.735695381748374,5.401368284326213,0.05941464068924071,6.3854280396120275
2559,246_0.mat,Outer,3,0.9893420132123221,-0.005501204626547648,0.7152605792684432,0.9787976191070105,0.5751469808932981,5.801217879390419,10.372276322687828,0.9797241176883472,0.9898101422436261,-0.053578014391008566,5.592567687162603,1.3831910242038248,8.11063554672019,5.8637132578130595,-0.055249826157579555,5.826444995196358
2560,246_0.mat,Outer,3,0.922642119045117,-0.0038831157211139137,0.6573138007057242,0.8512684798360637,0.525163594825398,5.244611416358632,9.695991732294246,0.8520855160100888,0.9230847826771325,-0.004784050534036289,4.684825106647947,1.403655480918124,7.978854864632056,5.684339906117474,-0.0060823440678482565,6.452485188037539
2561,246_0.mat,Outer,3,1.0359989740092173,-0.0026010371830289787,0.7204207453990492,1.073293874148151,0.5658473938139075,5.244611416358632,9.695991732294246,1.074336265262769,1.0365019369315085,0.00851355197807701,7.266060449321201,1.4380471143066926,7.279928361094464,5.062371245463133,0.007645403972487564,6.295330491650059
2562,246_0.mat,Outer,3,1.090480513945522,-0.0010141816250849442,0.7643685267018383,1.1891477512948898,0.6041069387325794,6.04588502143261,11.13470853062201,1.1903091339941871,1.0910128935966739,0.06878786187877686,8.951903155549697,1.4266423535900838,7.909646734817816,5.5442393918183335,0.05296904722949806,6.318235985939465
2563,246_0.mat,Outer,3,0.9729090700687107,-0.0025310140330117685,0.6932498394808453,0.9465520586219636,0.5588632109371533,6.04588502143261,11.13470853062201,0.9474709171574649,0.97338117772919,0.03419563261633438,6.397621125762072,1.40340323886103,8.721076698627838,6.21423441041557,0.03707847044894976,7.12667150435593
2564,246_0.mat,Outer,3,0.972700000058145,-0.007107706967590045,0.6830114380114081,0.9461452901131153,0.5408046882558664,5.655231198168922,10.251566487331536,0.9470195944374711,0.9731493176473337,0.26712139952537883,6.249894215962168,1.4241342764167213,8.279848452649464,5.813952089878745,0.28984795064182767,6.968747626353828
2565,246_0.mat,Outer,3,1.0616729342297386,0.0015943066539735326,0.7507295952126287,1.127149419275983,0.590602970974481,5.655231198168922,10.251566487331536,1.1282486828165892,1.0621905115451697,0.28388211378150835,7.5767766870842825,1.4141881990513874,7.532980229132516,5.326716934972595,0.236881299875668,5.952163015456387
2566,246_0.mat,Outer,3,1.068087491212395,0.005783605326945789,0.7547265710310781,1.140810888884388,0.6007908396926765,7.112002886400406,12.54092652712308,1.1418925682549965,1.0685937339583256,0.10768049635087626,9.385170816941407,1.415197943477464,9.423284086414025,6.658633253274835,0.0882468432969186,7.197665979651265
2567,246_0.mat,Outer,3,0.9956346519763062,-0.005833184884542923,0.6960329040188977,0.9912883602159803,0.5523002243286042,7.112002886400406,12.54092652712308,0.9922233022386755,0.9961040619527035,0.153090726469233,8.253460469834195,1.4304419320208512,10.21791189083942,7.143185376559706,0.15489405545936052,8.383342918347104
2568,246_0.mat,Outer,3,1.0033484713932144,-0.0034458488562582293,0.7175369149888455,1.0067081550470998,0.5748103794852021,5.146599156881301,9.76253689793938,1.0076803440087059,1.0038328267240049,0.279074616242736,6.267918421486479,1.3983231391062487,7.172591471414589,5.129423429259612,0.27589012463786194,6.172736821483493
2569,246_0.mat,Outer,3,1.0705964986781769,-0.001676127086398737,0.7612502634991589,1.1461768629819715,0.6058909215027011,5.2117491078808005,10.358348264762101,1.1472944583244191,1.0711183213466284,0.016124530485498806,7.897880538543742,1.4063660139251346,6.84630187701697,4.86807972407034,0.013121235609606324,6.000131501885016
2570,246_0.mat,Outer,3,1.0327350334635983,-0.006666409993380845,0.7442486859941597,1.0665416493430593,0.6011486850641958,5.868947100376165,10.255693319309529,1.0675397275860803,1.0332181413361268,-0.3795514164434733,7.338371704324409,1.3876209026592958,7.885733909665692,5.682916634179767,-0.3441078242703504,6.439195548173594
2571,246_0.mat,Outer,3,0.9159705795135857,-0.0037581823311551594,0.6503816341067695,0.8390021025344541,0.5236376102295863,5.868947100376165,10.255693319309529,0.8398081037012908,0.9164104449979228,-0.10962257712334646,5.316001058399056,1.4083586181983232,9.023851216874412,6.407353283646278,-0.14243932802155773,7.537458546317358
2572,246_0.mat,Outer,3,0.9595671111315878,-0.004535993436382323,0.672371479464074,0.920769040765421,0.5346252476083503,5.818756915296889,11.060425555018139,0.9216485129048496,0.9600252668054365,0.11596349703766076,6.398121358254109,1.427138331172228,8.654080509075403,6.063939507502447,0.13106095059375605,7.532199599240436
2573,246_0.mat,Outer,3,1.0364660179787042,-0.0031456057094218382,0.7315671116866673,1.0742618064246316,0.582831038716964,5.818756915296889,11.060425555018139,1.0753020112096743,1.0369677001766613,0.03242856407304891,7.759573735500812,1.4167750318732335,7.953825182044445,5.614035399480729,0.029082519738796168,6.710840984386894
2574,246_0.mat,Outer,3,0.9736600099950361,-0.0013063645532143259,0.698514558720428,0.9480138150635339,0.5593072717091163,4.594787727170866,8.45381530691839,0.9489388065284384,0.9741349016067735,-0.07690777362512526,4.851499966183787,1.3939008111401983,6.57794124660943,4.719088470306562,-0.08319800803170688,5.387653018456583
2575,246_0.mat,Outer,3,0.8902242697117717,-0.006853810078318988,0.6434243028483112,0.7924992503838573,0.5189551148447582,4.594787727170866,8.45381530691839,0.7932269113268602,0.8906328712364372,-0.006861746353942752,3.4457920499396923,1.383572653021564,7.141147306409651,5.161382230854435,-0.009712667029655639,5.476387683021694
2576,246_0.mat,Outer,3,0.9718640553027671,-0.001361274793155867,0.687989573156776,0.94451974198954,0.5534736446795228,6.1029924677811485,11.263156175937038,0.9454411713143391,0.9723379923228029,0.26052351169837906,6.822049192618325,1.4126145122258857,8.870763025912247,6.279677115822119,0.2833969406044722,7.6321311620249865
2577,246_0.mat,Outer,3,1.0427908409054532,-0.0009965498966633332,0.7162865396523215,1.0874127378763019,0.5669667865764696,6.1029924677811485,11.263156175937038,1.0884747083469755,1.0432999129430498,0.19069860450965095,8.932177698253913,1.4558291733503157,8.520322705959213,5.852556647386814,0.16792679589257312,7.539120239864764
2578,246_0.mat,Outer,3,0.9346012134848838,-0.004882582840784055,0.6559064677003144,0.8734794282474174,0.5250909612674247,5.23996873038339,9.350369554137345,0.8743094064119195,0.935045136029229,0.10518880710685158,5.228283597121637,1.4249001336429588,7.988896265571754,5.606635915696396,0.12866837133271705,6.839570574951402
2579,246_0.mat,Outer,3,0.8741682563885387,0.00019535494463685313,0.6328221501001219,0.764170140477378,0.509421010156364,5.23996873038339,8.74475696136689,0.764917091661149,0.8745953873998816,0.20568216542504653,3.5361777002417805,1.381380623685266,8.28031814238182,5.994233595286723,0.3074504182980762,6.043734127722537
2580,246_0.mat,Outer,3,0.9857497042053828,-0.0058427563942575105,0.6980092028027224,0.9717024793409996,0.554974224879503,6.606465969096279,11.40759529516679,0.9726181639644637,0.9862140558542368,0.30365625589571377,7.0974069819399945,1.4122302402975222,9.46472617060035,6.701971038799427,0.3165692074836092,7.5026546747125495
2581,246_0.mat,Outer,3,1.060189300358468,-0.005956103219824946,0.7320556579643152,1.1240013525945778,0.5770862951644447,6.606465969096279,11.761986991276927,1.1250645733013773,1.060690611489221,0.06382806689231704,9.575735431799583,1.4482359214395961,9.024540548540223,6.2314022286928274,0.05348666469554831,7.565144699962059
2582,246_0.mat,Outer,3,0.9484976332243954,-0.0033284719213372976,0.6542023500745566,0.8996477602322797,0.5154357546695529,5.155521022180648,9.39834397588151,0.9005160917528009,0.9489552633042302,-0.1587170337820235,5.691454938716767,1.4498536012823087,7.880621372859964,5.4354600808534865,-0.18573182311278477,7.01843603309853
2583,246_0.mat,Outer,3,0.9848610027565606,-0.0031607186194975018,0.6934772431059082,0.969951194750658,0.5498204994768756,5.263698014256849,9.222953616816813,0.9708893387283182,0.9853371700734314,0.22379037113112965,5.810696399953757,1.4201778249336612,7.590296677472059,5.344610051082094,0.23393047263887795,6.164370316362008
2584,246_0.mat,Outer,3,0.9815833076496675,-0.005789357445323518,0.708932895162917,0.9635057898564618,0.570477948507792,5.263698014256849,9.182717005031384,0.964414083825568,0.9820458664571468,0.17747169927412718,5.281998428185629,1.3845926946621785,7.424818413934361,5.362456730091552,0.18738455499407575,5.678990990408736
2585,246_0.mat,Outer,3,0.951362439705899,-0.010240613226273832,0.6717693905362421,0.9050904916831601,0.5347363840452233,4.998549059670808,9.680000258379525,0.9058702604501306,0.9517721683523482,-0.0170792950135085,5.480605975063797,1.4162039132879434,7.4408705280144725,5.254095443594336,-0.019809382464739105,6.67877135268308
2586,246_0.mat,Outer,3,0.9973134522012485,-0.007160098389185657,0.6883284912390327,0.994634121941572,0.5363729998975604,4.998549059670808,9.680000258379525,0.9955550766872066,0.9977750631716582,0.11030068146203804,6.435500160329783,1.4488917208767218,7.261865698259646,5.012014075046424,0.11104020595407203,6.493094488132325
2587,246_0.mat,Outer,3,1.0206398536618464,-0.003559699445494853,0.7190348444971999,1.0417057108828753,0.5627204899194358,4.615269539714719,8.930464400376568,1.042711312188542,1.021132367613789,0.10500306570677123,5.9769522695902335,1.4194581270593787,6.41870081127379,4.521937413233038,0.09861792294656534,5.497327586219975
2588,246_0.mat,Outer,3,0.9852935491008952,-0.0017552179824613543,0.7175700485239047,0.9708033778998382,0.5769824796736933,4.615269539714719,8.930464400376568,0.9717492710071403,0.9857734379699731,0.055791280194031435,5.02641776739525,1.37309737373563,6.4318034862272215,4.684156862613769,0.058241827222112366,5.3229223997013415
2589,246_0.mat,Outer,3,0.9515774305166012,-0.004074042151736397,0.6861343942494577,0.905499606268577,0.5554041337130733,5.294649254091795,9.391122019920022,0.9063681335795716,0.9520336830068418,0.19101768513350448,5.107746049631889,1.386867410365162,7.7166358346978665,5.5640761164457455,0.2213689145949146,6.217560795379216
2590,246_0.mat,Outer,3,0.9966795056843332,-0.007466890463721495,0.6963211142712272,0.9933700370511667,0.5527327424378145,5.294649254091795,9.391122019920022,0.9942852643013887,0.9971385381687886,0.19931231028507299,6.125656174691374,1.431350400348022,7.603746526666214,5.312288678446446,0.2010331226606968,6.196273951384107
2591,246_0.mat,Outer,3,1.0070580946162442,-0.0034841348951165658,0.7220959422854043,1.0141660059321003,0.5794058956208892,4.412175412144682,8.499726312673562,1.0151452194895405,1.007544152625353,0.017033920994065994,5.421215308934214,1.3946319812122911,6.110234324505711,4.381252120138741,0.0166541460110419,5.2606609026917335
2592,246_0.mat,Outer,3,0.9261853539382464,-0.001717435707272205,0.672473594712214,0.8578193098497148,0.5442411987837963,4.412175412144682,8.499726312673562,0.8586548904307424,0.9266363312706568,0.056372176880210095,4.087592508598805,1.3772813701826188,6.56111324940025,4.763814708771676,0.07084950727800056,5.544090347475982
2593,246_0.mat,Outer,3,0.9637996394153636,-0.0003265442166425249,0.6708142885290584,0.928909744937185,0.5326893310043083,5.42516031539582,9.700634418269487,0.9298176633679426,0.9642705343252704,0.32915947390129185,6.374587428812293,1.4367607486824974,8.087425101340434,5.62892959648861,0.3671213751487674,7.373208207564071
2594,246_0.mat,Outer,3,1.0290731886781421,-0.002719421645288293,0.7136082683431026,1.0589916276561993,0.5642750065700554,5.42516031539582,10.212877437537852,1.0600194076048535,1.0295724392216672,0.038757696818831344,7.834358160755075,1.4420701585564055,7.602434775573259,5.271889672258624,0.035512989754443114,6.972295558132255
2595,246_0.mat,Outer,3,1.0106629664276614,-0.010777625297628868,0.7220884432639201,1.0214396317083603,0.5813291920796712,5.907636150169848,11.681513767706065,1.0223218356689496,1.0110993203780476,-0.3906136452264571,7.256133995060525,1.399638750425021,8.181319345672526,5.845307829023776,-0.37789048332333436,6.942725908584236
2596,246_0.mat,Outer,3,0.9395167270269608,-0.002311876836914736,0.6768866454118154,0.8826916803634527,0.5478945942203347,5.907636150169848,11.681513767706065,0.8835491765816993,0.9399729658781146,-0.09180040784220214,5.741012773783584,1.3879971386552827,8.727659483615511,6.287952071761286,-0.11053467049114551,7.354058160464512
2597,246_0.mat,Outer,3,0.9681349856160634,-0.005322368523985703,0.6918945090004692,0.9372853503738153,0.5586846331726886,5.734672713745285,10.535802039815795,0.9381732075400985,0.9685934170435491,0.19773240867613234,6.483786648579301,1.3992523036687483,8.288362805511307,5.923422662068305,0.21759720745070077,7.366524939072455
2598,246_0.mat,Outer,3,1.0154580205818202,-0.007319791472318435,0.7199553930214684,1.0311549915639486,0.5772953147656054,5.734672713745285,10.535802039815795,1.0321093314857794,1.0159278180489888,0.09550782345062439,7.465624580668555,1.410445744865932,7.965316697844803,5.647375467529303,0.0910857400120939,7.008333140944479
2599,246_0.mat,Outer,3,0.9574366309110066,-0.0012373489305354838,0.6897840132560237,0.9166849022102191,0.554991304958374,4.584986501223134,8.303701793718902,0.917579444854459,0.9579036720122013,-0.16296196572218982,4.864675139171627,1.3880238052925875,6.646988641522343,4.788814583849485,-0.18540470049160343,5.7778530388809
2600,246_0.mat,Outer,3,0.8923432137259906,-0.0048347252922111604,0.6441102801890408,0.7962764110828289,0.5195660479315708,4.584986501223134,8.303701793718902,0.7970313874785123,0.8927661437792723,-0.0877569828719869,3.8187412391635824,1.385388870773356,7.118325296516556,5.138142399350274,-0.12332994757148,6.011313563478554
2601,246_0.mat,Outer,3,0.9544608676628319,-0.004136005083046597,0.6718583165858316,0.9109955478996858,0.5373725984479933,5.555155522702595,10.450170276272443,0.9118689383717676,0.9549182888455785,0.1140031721025554,6.078415475606957,1.4206281951106525,8.268343764685158,5.820202494314478,0.13092370961484867,7.310137356213436
2602,246_0.mat,Outer,3,1.043158778082875,-0.003974296945237059,0.7217932951873292,1.088180236291357,0.57397328879727,5.555155522702595,10.450170276272443,1.0892281406112136,1.0436609318218315,-0.051998160944741786,8.447505205743369,1.4452320145349864,7.696324639941623,5.325321168179762,-0.04574142649872496,7.120176545323587
