Analysis & Synthesis report for kan_core
Sat Jul 18 15:40:43 2026
Quartus Prime Version 24.1std.0 Build 1077 03/04/2025 SC Lite Edition


---------------------
; Table of Contents ;
---------------------
  1. Legal Notice
  2. Analysis & Synthesis Summary
  3. Analysis & Synthesis Settings
  4. Parallel Compilation
  5. Analysis & Synthesis Source Files Read
  6. Analysis & Synthesis Resource Usage Summary
  7. Analysis & Synthesis Resource Utilization by Entity
  8. Registers Removed During Synthesis
  9. Removed Registers Triggering Further Register Optimizations
 10. General Register Statistics
 11. Parameter Settings for User Entity Instance: Top-level Entity: |kan_core
 12. Parameter Settings for User Entity Instance: lut_rom:rom_0_0_0
 13. Parameter Settings for User Entity Instance: lut_rom:rom_0_0_1
 14. Parameter Settings for User Entity Instance: lut_rom:rom_0_0_2
 15. Parameter Settings for User Entity Instance: lut_rom:rom_0_0_4
 16. Parameter Settings for User Entity Instance: lut_rom:rom_0_0_6
 17. Parameter Settings for User Entity Instance: lut_rom:rom_0_0_7
 18. Parameter Settings for User Entity Instance: lut_rom:rom_0_0_8
 19. Parameter Settings for User Entity Instance: lut_rom:rom_0_0_9
 20. Parameter Settings for User Entity Instance: lut_rom:rom_0_0_10
 21. Parameter Settings for User Entity Instance: lut_rom:rom_0_0_11
 22. Parameter Settings for User Entity Instance: lut_rom:rom_0_0_12
 23. Parameter Settings for User Entity Instance: registers:r_0_0_1_0
 24. Parameter Settings for User Entity Instance: registers:r_0_0_1_1
 25. Parameter Settings for User Entity Instance: registers:r_0_0_1_2
 26. Parameter Settings for User Entity Instance: registers:r_0_0
 27. Parameter Settings for User Entity Instance: saturate_clip:sat_0_0
 28. Parameter Settings for User Entity Instance: lut_rom:rom_0_1_0
 29. Parameter Settings for User Entity Instance: lut_rom:rom_0_1_1
 30. Parameter Settings for User Entity Instance: lut_rom:rom_0_1_2
 31. Parameter Settings for User Entity Instance: lut_rom:rom_0_1_3
 32. Parameter Settings for User Entity Instance: lut_rom:rom_0_1_4
 33. Parameter Settings for User Entity Instance: lut_rom:rom_0_1_5
 34. Parameter Settings for User Entity Instance: lut_rom:rom_0_1_6
 35. Parameter Settings for User Entity Instance: lut_rom:rom_0_1_7
 36. Parameter Settings for User Entity Instance: lut_rom:rom_0_1_8
 37. Parameter Settings for User Entity Instance: lut_rom:rom_0_1_9
 38. Parameter Settings for User Entity Instance: lut_rom:rom_0_1_11
 39. Parameter Settings for User Entity Instance: lut_rom:rom_0_1_12
 40. Parameter Settings for User Entity Instance: registers:r_0_1_1_0
 41. Parameter Settings for User Entity Instance: registers:r_0_1_1_1
 42. Parameter Settings for User Entity Instance: registers:r_0_1_1_2
 43. Parameter Settings for User Entity Instance: registers:r_0_1
 44. Parameter Settings for User Entity Instance: saturate_clip:sat_0_1
 45. Parameter Settings for User Entity Instance: lut_rom:rom_0_2_0
 46. Parameter Settings for User Entity Instance: lut_rom:rom_0_2_3
 47. Parameter Settings for User Entity Instance: lut_rom:rom_0_2_4
 48. Parameter Settings for User Entity Instance: lut_rom:rom_0_2_5
 49. Parameter Settings for User Entity Instance: lut_rom:rom_0_2_6
 50. Parameter Settings for User Entity Instance: lut_rom:rom_0_2_7
 51. Parameter Settings for User Entity Instance: lut_rom:rom_0_2_10
 52. Parameter Settings for User Entity Instance: lut_rom:rom_0_2_11
 53. Parameter Settings for User Entity Instance: lut_rom:rom_0_2_12
 54. Parameter Settings for User Entity Instance: registers:r_0_2_1_0
 55. Parameter Settings for User Entity Instance: registers:r_0_2_1_1
 56. Parameter Settings for User Entity Instance: registers:r_0_2_1_2
 57. Parameter Settings for User Entity Instance: registers:r_0_2
 58. Parameter Settings for User Entity Instance: saturate_clip:sat_0_2
 59. Parameter Settings for User Entity Instance: lut_rom:rom_0_3_0
 60. Parameter Settings for User Entity Instance: lut_rom:rom_0_3_1
 61. Parameter Settings for User Entity Instance: lut_rom:rom_0_3_2
 62. Parameter Settings for User Entity Instance: lut_rom:rom_0_3_3
 63. Parameter Settings for User Entity Instance: lut_rom:rom_0_3_4
 64. Parameter Settings for User Entity Instance: lut_rom:rom_0_3_5
 65. Parameter Settings for User Entity Instance: lut_rom:rom_0_3_6
 66. Parameter Settings for User Entity Instance: lut_rom:rom_0_3_7
 67. Parameter Settings for User Entity Instance: lut_rom:rom_0_3_8
 68. Parameter Settings for User Entity Instance: lut_rom:rom_0_3_9
 69. Parameter Settings for User Entity Instance: lut_rom:rom_0_3_10
 70. Parameter Settings for User Entity Instance: lut_rom:rom_0_3_11
 71. Parameter Settings for User Entity Instance: lut_rom:rom_0_3_12
 72. Parameter Settings for User Entity Instance: registers:r_0_3_1_0
 73. Parameter Settings for User Entity Instance: registers:r_0_3_1_1
 74. Parameter Settings for User Entity Instance: registers:r_0_3_1_2
 75. Parameter Settings for User Entity Instance: registers:r_0_3_1_3
 76. Parameter Settings for User Entity Instance: registers:r_0_3
 77. Parameter Settings for User Entity Instance: saturate_clip:sat_0_3
 78. Parameter Settings for User Entity Instance: lut_rom:rom_0_4_0
 79. Parameter Settings for User Entity Instance: lut_rom:rom_0_4_3
 80. Parameter Settings for User Entity Instance: lut_rom:rom_0_4_4
 81. Parameter Settings for User Entity Instance: lut_rom:rom_0_4_5
 82. Parameter Settings for User Entity Instance: lut_rom:rom_0_4_6
 83. Parameter Settings for User Entity Instance: lut_rom:rom_0_4_7
 84. Parameter Settings for User Entity Instance: lut_rom:rom_0_4_8
 85. Parameter Settings for User Entity Instance: lut_rom:rom_0_4_9
 86. Parameter Settings for User Entity Instance: lut_rom:rom_0_4_10
 87. Parameter Settings for User Entity Instance: lut_rom:rom_0_4_11
 88. Parameter Settings for User Entity Instance: lut_rom:rom_0_4_12
 89. Parameter Settings for User Entity Instance: registers:r_0_4_1_0
 90. Parameter Settings for User Entity Instance: registers:r_0_4_1_1
 91. Parameter Settings for User Entity Instance: registers:r_0_4_1_2
 92. Parameter Settings for User Entity Instance: registers:r_0_4
 93. Parameter Settings for User Entity Instance: saturate_clip:sat_0_4
 94. Parameter Settings for User Entity Instance: lut_rom:rom_0_5_0
 95. Parameter Settings for User Entity Instance: lut_rom:rom_0_5_1
 96. Parameter Settings for User Entity Instance: lut_rom:rom_0_5_2
 97. Parameter Settings for User Entity Instance: lut_rom:rom_0_5_3
 98. Parameter Settings for User Entity Instance: lut_rom:rom_0_5_5
 99. Parameter Settings for User Entity Instance: lut_rom:rom_0_5_6
100. Parameter Settings for User Entity Instance: lut_rom:rom_0_5_7
101. Parameter Settings for User Entity Instance: lut_rom:rom_0_5_8
102. Parameter Settings for User Entity Instance: lut_rom:rom_0_5_9
103. Parameter Settings for User Entity Instance: lut_rom:rom_0_5_10
104. Parameter Settings for User Entity Instance: lut_rom:rom_0_5_11
105. Parameter Settings for User Entity Instance: lut_rom:rom_0_5_12
106. Parameter Settings for User Entity Instance: registers:r_0_5_1_0
107. Parameter Settings for User Entity Instance: registers:r_0_5_1_1
108. Parameter Settings for User Entity Instance: registers:r_0_5_1_2
109. Parameter Settings for User Entity Instance: registers:r_0_5
110. Parameter Settings for User Entity Instance: saturate_clip:sat_0_5
111. Parameter Settings for User Entity Instance: lut_rom:rom_0_6_0
112. Parameter Settings for User Entity Instance: lut_rom:rom_0_6_1
113. Parameter Settings for User Entity Instance: lut_rom:rom_0_6_2
114. Parameter Settings for User Entity Instance: lut_rom:rom_0_6_3
115. Parameter Settings for User Entity Instance: lut_rom:rom_0_6_4
116. Parameter Settings for User Entity Instance: lut_rom:rom_0_6_5
117. Parameter Settings for User Entity Instance: lut_rom:rom_0_6_6
118. Parameter Settings for User Entity Instance: lut_rom:rom_0_6_8
119. Parameter Settings for User Entity Instance: lut_rom:rom_0_6_9
120. Parameter Settings for User Entity Instance: lut_rom:rom_0_6_10
121. Parameter Settings for User Entity Instance: lut_rom:rom_0_6_11
122. Parameter Settings for User Entity Instance: lut_rom:rom_0_6_12
123. Parameter Settings for User Entity Instance: registers:r_0_6_1_0
124. Parameter Settings for User Entity Instance: registers:r_0_6_1_1
125. Parameter Settings for User Entity Instance: registers:r_0_6_1_2
126. Parameter Settings for User Entity Instance: registers:r_0_6
127. Parameter Settings for User Entity Instance: saturate_clip:sat_0_6
128. Parameter Settings for User Entity Instance: lut_rom:rom_0_7_0
129. Parameter Settings for User Entity Instance: lut_rom:rom_0_7_1
130. Parameter Settings for User Entity Instance: lut_rom:rom_0_7_2
131. Parameter Settings for User Entity Instance: lut_rom:rom_0_7_3
132. Parameter Settings for User Entity Instance: lut_rom:rom_0_7_5
133. Parameter Settings for User Entity Instance: lut_rom:rom_0_7_6
134. Parameter Settings for User Entity Instance: lut_rom:rom_0_7_7
135. Parameter Settings for User Entity Instance: lut_rom:rom_0_7_8
136. Parameter Settings for User Entity Instance: lut_rom:rom_0_7_10
137. Parameter Settings for User Entity Instance: lut_rom:rom_0_7_11
138. Parameter Settings for User Entity Instance: lut_rom:rom_0_7_12
139. Parameter Settings for User Entity Instance: registers:r_0_7_1_0
140. Parameter Settings for User Entity Instance: registers:r_0_7_1_1
141. Parameter Settings for User Entity Instance: registers:r_0_7_1_2
142. Parameter Settings for User Entity Instance: registers:r_0_7
143. Parameter Settings for User Entity Instance: saturate_clip:sat_0_7
144. Parameter Settings for User Entity Instance: lut_rom:rom_0_8_0
145. Parameter Settings for User Entity Instance: lut_rom:rom_0_8_1
146. Parameter Settings for User Entity Instance: lut_rom:rom_0_8_2
147. Parameter Settings for User Entity Instance: lut_rom:rom_0_8_3
148. Parameter Settings for User Entity Instance: lut_rom:rom_0_8_4
149. Parameter Settings for User Entity Instance: lut_rom:rom_0_8_5
150. Parameter Settings for User Entity Instance: lut_rom:rom_0_8_6
151. Parameter Settings for User Entity Instance: lut_rom:rom_0_8_7
152. Parameter Settings for User Entity Instance: lut_rom:rom_0_8_8
153. Parameter Settings for User Entity Instance: lut_rom:rom_0_8_9
154. Parameter Settings for User Entity Instance: lut_rom:rom_0_8_10
155. Parameter Settings for User Entity Instance: lut_rom:rom_0_8_11
156. Parameter Settings for User Entity Instance: lut_rom:rom_0_8_12
157. Parameter Settings for User Entity Instance: registers:r_0_8_1_0
158. Parameter Settings for User Entity Instance: registers:r_0_8_1_1
159. Parameter Settings for User Entity Instance: registers:r_0_8_1_2
160. Parameter Settings for User Entity Instance: registers:r_0_8_1_3
161. Parameter Settings for User Entity Instance: registers:r_0_8
162. Parameter Settings for User Entity Instance: saturate_clip:sat_0_8
163. Parameter Settings for User Entity Instance: lut_rom:rom_0_9_0
164. Parameter Settings for User Entity Instance: lut_rom:rom_0_9_2
165. Parameter Settings for User Entity Instance: lut_rom:rom_0_9_3
166. Parameter Settings for User Entity Instance: lut_rom:rom_0_9_4
167. Parameter Settings for User Entity Instance: lut_rom:rom_0_9_6
168. Parameter Settings for User Entity Instance: lut_rom:rom_0_9_7
169. Parameter Settings for User Entity Instance: lut_rom:rom_0_9_8
170. Parameter Settings for User Entity Instance: lut_rom:rom_0_9_9
171. Parameter Settings for User Entity Instance: lut_rom:rom_0_9_10
172. Parameter Settings for User Entity Instance: lut_rom:rom_0_9_12
173. Parameter Settings for User Entity Instance: registers:r_0_9_1_0
174. Parameter Settings for User Entity Instance: registers:r_0_9_1_1
175. Parameter Settings for User Entity Instance: registers:r_0_9_1_2
176. Parameter Settings for User Entity Instance: registers:r_0_9
177. Parameter Settings for User Entity Instance: saturate_clip:sat_0_9
178. Parameter Settings for User Entity Instance: registers:node_0_0
179. Parameter Settings for User Entity Instance: registers:node_0_1
180. Parameter Settings for User Entity Instance: registers:node_0_2
181. Parameter Settings for User Entity Instance: registers:node_0_3
182. Parameter Settings for User Entity Instance: registers:node_0_4
183. Parameter Settings for User Entity Instance: registers:node_0_5
184. Parameter Settings for User Entity Instance: registers:node_0_6
185. Parameter Settings for User Entity Instance: registers:node_0_7
186. Parameter Settings for User Entity Instance: registers:node_0_8
187. Parameter Settings for User Entity Instance: registers:node_0_9
188. Parameter Settings for User Entity Instance: lut_rom:rom_1_0_0
189. Parameter Settings for User Entity Instance: lut_rom:rom_1_0_1
190. Parameter Settings for User Entity Instance: lut_rom:rom_1_0_2
191. Parameter Settings for User Entity Instance: lut_rom:rom_1_0_3
192. Parameter Settings for User Entity Instance: lut_rom:rom_1_0_4
193. Parameter Settings for User Entity Instance: lut_rom:rom_1_0_5
194. Parameter Settings for User Entity Instance: lut_rom:rom_1_0_6
195. Parameter Settings for User Entity Instance: lut_rom:rom_1_0_7
196. Parameter Settings for User Entity Instance: lut_rom:rom_1_0_8
197. Parameter Settings for User Entity Instance: lut_rom:rom_1_0_9
198. Parameter Settings for User Entity Instance: registers:r_1_0_1_0
199. Parameter Settings for User Entity Instance: registers:r_1_0_1_1
200. Parameter Settings for User Entity Instance: registers:r_1_0_1_2
201. Parameter Settings for User Entity Instance: registers:r_1_0
202. Parameter Settings for User Entity Instance: saturate_clip:sat_1_0
203. Parameter Settings for User Entity Instance: lut_rom:rom_1_1_0
204. Parameter Settings for User Entity Instance: lut_rom:rom_1_1_1
205. Parameter Settings for User Entity Instance: lut_rom:rom_1_1_2
206. Parameter Settings for User Entity Instance: lut_rom:rom_1_1_3
207. Parameter Settings for User Entity Instance: lut_rom:rom_1_1_4
208. Parameter Settings for User Entity Instance: lut_rom:rom_1_1_5
209. Parameter Settings for User Entity Instance: lut_rom:rom_1_1_6
210. Parameter Settings for User Entity Instance: lut_rom:rom_1_1_7
211. Parameter Settings for User Entity Instance: lut_rom:rom_1_1_8
212. Parameter Settings for User Entity Instance: lut_rom:rom_1_1_9
213. Parameter Settings for User Entity Instance: registers:r_1_1_1_0
214. Parameter Settings for User Entity Instance: registers:r_1_1_1_1
215. Parameter Settings for User Entity Instance: registers:r_1_1_1_2
216. Parameter Settings for User Entity Instance: registers:r_1_1
217. Parameter Settings for User Entity Instance: saturate_clip:sat_1_1
218. Parameter Settings for User Entity Instance: lut_rom:rom_1_2_0
219. Parameter Settings for User Entity Instance: lut_rom:rom_1_2_1
220. Parameter Settings for User Entity Instance: lut_rom:rom_1_2_2
221. Parameter Settings for User Entity Instance: lut_rom:rom_1_2_3
222. Parameter Settings for User Entity Instance: lut_rom:rom_1_2_4
223. Parameter Settings for User Entity Instance: lut_rom:rom_1_2_5
224. Parameter Settings for User Entity Instance: lut_rom:rom_1_2_6
225. Parameter Settings for User Entity Instance: lut_rom:rom_1_2_7
226. Parameter Settings for User Entity Instance: lut_rom:rom_1_2_8
227. Parameter Settings for User Entity Instance: registers:r_1_2_1_0
228. Parameter Settings for User Entity Instance: registers:r_1_2_1_1
229. Parameter Settings for User Entity Instance: registers:r_1_2_1_2
230. Parameter Settings for User Entity Instance: registers:r_1_2
231. Parameter Settings for User Entity Instance: saturate_clip:sat_1_2
232. Post-Synthesis Netlist Statistics for Top Partition
233. Elapsed Time Per Partition
234. Analysis & Synthesis Messages



----------------
; Legal Notice ;
----------------
Copyright (C) 2025  Altera Corporation. All rights reserved.
Your use of Altera Corporation's design tools, logic functions 
and other software and tools, and any partner logic 
functions, and any output files from any of the foregoing 
(including device programming or simulation files), and any 
associated documentation or information are expressly subject 
to the terms and conditions of the Altera Program License 
Subscription Agreement, the Altera Quartus Prime License Agreement,
the Altera IP License Agreement, or other applicable license
agreement, including, without limitation, that your use is for
the sole purpose of programming logic devices manufactured by
Altera and sold by Altera or its authorized distributors.  Please
refer to the Altera Software License Subscription Agreements 
on the Quartus Prime software download page.



+-----------------------------------------------------------------------------------+
; Analysis & Synthesis Summary                                                      ;
+---------------------------------+-------------------------------------------------+
; Analysis & Synthesis Status     ; Successful - Sat Jul 18 15:40:43 2026           ;
; Quartus Prime Version           ; 24.1std.0 Build 1077 03/04/2025 SC Lite Edition ;
; Revision Name                   ; kan_core                                        ;
; Top-level Entity Name           ; kan_core                                        ;
; Family                          ; Cyclone V                                       ;
; Logic utilization (in ALMs)     ; N/A                                             ;
; Total registers                 ; 907                                             ;
; Total pins                      ; 99                                              ;
; Total virtual pins              ; 0                                               ;
; Total block memory bits         ; 0                                               ;
; Total DSP Blocks                ; 0                                               ;
; Total HSSI RX PCSs              ; 0                                               ;
; Total HSSI PMA RX Deserializers ; 0                                               ;
; Total HSSI TX PCSs              ; 0                                               ;
; Total HSSI PMA TX Serializers   ; 0                                               ;
; Total PLLs                      ; 0                                               ;
; Total DLLs                      ; 0                                               ;
+---------------------------------+-------------------------------------------------+


+---------------------------------------------------------------------------------------------------------------------------+
; Analysis & Synthesis Settings                                                                                             ;
+---------------------------------------------------------------------------------+--------------------+--------------------+
; Option                                                                          ; Setting            ; Default Value      ;
+---------------------------------------------------------------------------------+--------------------+--------------------+
; Device                                                                          ; 5CSXFC6D6F31C6     ;                    ;
; Top-level entity name                                                           ; kan_core           ; kan_core           ;
; Family name                                                                     ; Cyclone V          ; Cyclone V          ;
; Use smart compilation                                                           ; Off                ; Off                ;
; Enable parallel Assembler and Timing Analyzer during compilation                ; On                 ; On                 ;
; Enable compact report table                                                     ; Off                ; Off                ;
; Restructure Multiplexers                                                        ; Auto               ; Auto               ;
; MLAB Add Timing Constraints For Mixed-Port Feed-Through Mode Setting Don't Care ; Off                ; Off                ;
; Create Debugging Nodes for IP Cores                                             ; Off                ; Off                ;
; Preserve fewer node names                                                       ; On                 ; On                 ;
; Intel FPGA IP Evaluation Mode                                                   ; Enable             ; Enable             ;
; Verilog Version                                                                 ; Verilog_2001       ; Verilog_2001       ;
; VHDL Version                                                                    ; VHDL_1993          ; VHDL_1993          ;
; State Machine Processing                                                        ; Auto               ; Auto               ;
; Safe State Machine                                                              ; Off                ; Off                ;
; Extract Verilog State Machines                                                  ; On                 ; On                 ;
; Extract VHDL State Machines                                                     ; On                 ; On                 ;
; Ignore Verilog initial constructs                                               ; Off                ; Off                ;
; Iteration limit for constant Verilog loops                                      ; 5000               ; 5000               ;
; Iteration limit for non-constant Verilog loops                                  ; 250                ; 250                ;
; Add Pass-Through Logic to Inferred RAMs                                         ; On                 ; On                 ;
; Infer RAMs from Raw Logic                                                       ; On                 ; On                 ;
; Parallel Synthesis                                                              ; On                 ; On                 ;
; DSP Block Balancing                                                             ; Auto               ; Auto               ;
; NOT Gate Push-Back                                                              ; On                 ; On                 ;
; Power-Up Don't Care                                                             ; On                 ; On                 ;
; Remove Redundant Logic Cells                                                    ; Off                ; Off                ;
; Remove Duplicate Registers                                                      ; On                 ; On                 ;
; Ignore CARRY Buffers                                                            ; Off                ; Off                ;
; Ignore CASCADE Buffers                                                          ; Off                ; Off                ;
; Ignore GLOBAL Buffers                                                           ; Off                ; Off                ;
; Ignore ROW GLOBAL Buffers                                                       ; Off                ; Off                ;
; Ignore LCELL Buffers                                                            ; Off                ; Off                ;
; Ignore SOFT Buffers                                                             ; On                 ; On                 ;
; Limit AHDL Integers to 32 Bits                                                  ; Off                ; Off                ;
; Optimization Technique                                                          ; Balanced           ; Balanced           ;
; Carry Chain Length                                                              ; 70                 ; 70                 ;
; Auto Carry Chains                                                               ; On                 ; On                 ;
; Auto Open-Drain Pins                                                            ; On                 ; On                 ;
; Perform WYSIWYG Primitive Resynthesis                                           ; Off                ; Off                ;
; Auto ROM Replacement                                                            ; On                 ; On                 ;
; Auto RAM Replacement                                                            ; On                 ; On                 ;
; Auto DSP Block Replacement                                                      ; On                 ; On                 ;
; Auto Shift Register Replacement                                                 ; Auto               ; Auto               ;
; Allow Shift Register Merging across Hierarchies                                 ; Auto               ; Auto               ;
; Auto Clock Enable Replacement                                                   ; On                 ; On                 ;
; Strict RAM Replacement                                                          ; Off                ; Off                ;
; Allow Synchronous Control Signals                                               ; On                 ; On                 ;
; Force Use of Synchronous Clear Signals                                          ; Off                ; Off                ;
; Auto Resource Sharing                                                           ; Off                ; Off                ;
; Allow Any RAM Size For Recognition                                              ; Off                ; Off                ;
; Allow Any ROM Size For Recognition                                              ; Off                ; Off                ;
; Allow Any Shift Register Size For Recognition                                   ; Off                ; Off                ;
; Use LogicLock Constraints during Resource Balancing                             ; On                 ; On                 ;
; Ignore translate_off and synthesis_off directives                               ; Off                ; Off                ;
; Timing-Driven Synthesis                                                         ; On                 ; On                 ;
; Report Parameter Settings                                                       ; On                 ; On                 ;
; Report Source Assignments                                                       ; On                 ; On                 ;
; Report Connectivity Checks                                                      ; On                 ; On                 ;
; Ignore Maximum Fan-Out Assignments                                              ; Off                ; Off                ;
; Synchronization Register Chain Length                                           ; 3                  ; 3                  ;
; Power Optimization During Synthesis                                             ; Normal compilation ; Normal compilation ;
; HDL message level                                                               ; Level2             ; Level2             ;
; Suppress Register Optimization Related Messages                                 ; Off                ; Off                ;
; Number of Removed Registers Reported in Synthesis Report                        ; 5000               ; 5000               ;
; Number of Swept Nodes Reported in Synthesis Report                              ; 5000               ; 5000               ;
; Number of Inverted Registers Reported in Synthesis Report                       ; 100                ; 100                ;
; Clock MUX Protection                                                            ; On                 ; On                 ;
; Auto Gated Clock Conversion                                                     ; Off                ; Off                ;
; Block Design Naming                                                             ; Auto               ; Auto               ;
; SDC constraint protection                                                       ; Off                ; Off                ;
; Synthesis Effort                                                                ; Auto               ; Auto               ;
; Shift Register Replacement - Allow Asynchronous Clear Signal                    ; On                 ; On                 ;
; Pre-Mapping Resynthesis Optimization                                            ; Off                ; Off                ;
; Analysis & Synthesis Message Level                                              ; Medium             ; Medium             ;
; Disable Register Merging Across Hierarchies                                     ; Auto               ; Auto               ;
; Resource Aware Inference For Block RAM                                          ; On                 ; On                 ;
; Automatic Parallel Synthesis                                                    ; On                 ; On                 ;
; Partial Reconfiguration Bitstream ID                                            ; Off                ; Off                ;
+---------------------------------------------------------------------------------+--------------------+--------------------+


+------------------------------------------+
; Parallel Compilation                     ;
+----------------------------+-------------+
; Processors                 ; Number      ;
+----------------------------+-------------+
; Number detected on machine ; 16          ;
; Maximum allowed            ; 12          ;
;                            ;             ;
; Average used               ; 1.00        ;
; Maximum used               ; 12          ;
;                            ;             ;
; Usage by Processor         ; % Time Used ;
;     Processor 1            ; 100.0%      ;
;     Processor 2            ;   0.0%      ;
;     Processor 3            ;   0.0%      ;
;     Processor 4            ;   0.0%      ;
;     Processor 5            ;   0.0%      ;
;     Processor 6            ;   0.0%      ;
;     Processor 7            ;   0.0%      ;
;     Processor 8            ;   0.0%      ;
;     Processors 9-12        ;   0.0%      ;
+----------------------------+-------------+


+-----------------------------------------------------------------------------------------------------------------------------------------------------------------------------------------------------+
; Analysis & Synthesis Source Files Read                                                                                                                                                              ;
+------------------------------------+-----------------+------------------------------+-----------------------------------------------------------------------------------------------------+---------+
; File Name with User-Entered Path   ; Used in Netlist ; File Type                    ; File Name with Absolute Path                                                                        ; Library ;
+------------------------------------+-----------------+------------------------------+-----------------------------------------------------------------------------------------------------+---------+
; ../firmware/src/saturate_clip.sv   ; yes             ; User SystemVerilog HDL File  ; E:/virtual_machine/Mount/KANELE-main/me/Wine/models/202607041449591/firmware/src/saturate_clip.sv   ;         ;
; ../firmware/src/registers.sv       ; yes             ; User SystemVerilog HDL File  ; E:/virtual_machine/Mount/KANELE-main/me/Wine/models/202607041449591/firmware/src/registers.sv       ;         ;
; ../firmware/src/lut_rom.sv         ; yes             ; User SystemVerilog HDL File  ; E:/virtual_machine/Mount/KANELE-main/me/Wine/models/202607041449591/firmware/src/lut_rom.sv         ;         ;
; ../firmware/src/layer_1_lut_pkg.sv ; yes             ; User SystemVerilog HDL File  ; E:/virtual_machine/Mount/KANELE-main/me/Wine/models/202607041449591/firmware/src/layer_1_lut_pkg.sv ;         ;
; ../firmware/src/layer_0_lut_pkg.sv ; yes             ; User SystemVerilog HDL File  ; E:/virtual_machine/Mount/KANELE-main/me/Wine/models/202607041449591/firmware/src/layer_0_lut_pkg.sv ;         ;
; ../firmware/src/kan_core.sv        ; yes             ; User SystemVerilog HDL File  ; E:/virtual_machine/Mount/KANELE-main/me/Wine/models/202607041449591/firmware/src/kan_core.sv        ;         ;
+------------------------------------+-----------------+------------------------------+-----------------------------------------------------------------------------------------------------+---------+


+-----------------------------------------------------------+
; Analysis & Synthesis Resource Usage Summary               ;
+---------------------------------------------+-------------+
; Resource                                    ; Usage       ;
+---------------------------------------------+-------------+
; Estimate of Logic utilization (ALMs needed) ; 728         ;
;                                             ;             ;
; Combinational ALUT usage for logic          ; 1112        ;
;     -- 7 input functions                    ; 0           ;
;     -- 6 input functions                    ; 340         ;
;     -- 5 input functions                    ; 103         ;
;     -- 4 input functions                    ; 207         ;
;     -- <=3 input functions                  ; 462         ;
;                                             ;             ;
; Dedicated logic registers                   ; 907         ;
;                                             ;             ;
; I/O pins                                    ; 99          ;
;                                             ;             ;
; Total DSP Blocks                            ; 0           ;
;                                             ;             ;
; Maximum fan-out node                        ; i_clk~input ;
; Maximum fan-out                             ; 907         ;
; Total fan-out                               ; 8806        ;
; Average fan-out                             ; 3.97        ;
+---------------------------------------------+-------------+


+------------------------------------------------------------------------------------------------------------------------------------------------------------------------------------------------------+
; Analysis & Synthesis Resource Utilization by Entity                                                                                                                                                  ;
+----------------------------+---------------------+---------------------------+-------------------+------------+------+--------------+---------------------------------+---------------+--------------+
; Compilation Hierarchy Node ; Combinational ALUTs ; Dedicated Logic Registers ; Block Memory Bits ; DSP Blocks ; Pins ; Virtual Pins ; Full Hierarchy Name             ; Entity Name   ; Library Name ;
+----------------------------+---------------------+---------------------------+-------------------+------------+------+--------------+---------------------------------+---------------+--------------+
; |kan_core                  ; 1112 (530)          ; 907 (0)                   ; 0                 ; 0          ; 99   ; 0            ; |kan_core                       ; kan_core      ; work         ;
;    |lut_rom:rom_0_0_0|     ; 5 (5)               ; 5 (5)                     ; 0                 ; 0          ; 0    ; 0            ; |kan_core|lut_rom:rom_0_0_0     ; lut_rom       ; work         ;
;    |lut_rom:rom_0_0_10|    ; 3 (3)               ; 3 (3)                     ; 0                 ; 0          ; 0    ; 0            ; |kan_core|lut_rom:rom_0_0_10    ; lut_rom       ; work         ;
;    |lut_rom:rom_0_0_11|    ; 3 (3)               ; 3 (3)                     ; 0                 ; 0          ; 0    ; 0            ; |kan_core|lut_rom:rom_0_0_11    ; lut_rom       ; work         ;
;    |lut_rom:rom_0_0_12|    ; 4 (4)               ; 4 (4)                     ; 0                 ; 0          ; 0    ; 0            ; |kan_core|lut_rom:rom_0_0_12    ; lut_rom       ; work         ;
;    |lut_rom:rom_0_0_1|     ; 3 (3)               ; 3 (3)                     ; 0                 ; 0          ; 0    ; 0            ; |kan_core|lut_rom:rom_0_0_1     ; lut_rom       ; work         ;
;    |lut_rom:rom_0_0_2|     ; 5 (5)               ; 4 (4)                     ; 0                 ; 0          ; 0    ; 0            ; |kan_core|lut_rom:rom_0_0_2     ; lut_rom       ; work         ;
;    |lut_rom:rom_0_0_4|     ; 3 (3)               ; 3 (3)                     ; 0                 ; 0          ; 0    ; 0            ; |kan_core|lut_rom:rom_0_0_4     ; lut_rom       ; work         ;
;    |lut_rom:rom_0_0_6|     ; 3 (3)               ; 3 (3)                     ; 0                 ; 0          ; 0    ; 0            ; |kan_core|lut_rom:rom_0_0_6     ; lut_rom       ; work         ;
;    |lut_rom:rom_0_0_7|     ; 3 (3)               ; 3 (3)                     ; 0                 ; 0          ; 0    ; 0            ; |kan_core|lut_rom:rom_0_0_7     ; lut_rom       ; work         ;
;    |lut_rom:rom_0_0_8|     ; 3 (3)               ; 3 (3)                     ; 0                 ; 0          ; 0    ; 0            ; |kan_core|lut_rom:rom_0_0_8     ; lut_rom       ; work         ;
;    |lut_rom:rom_0_0_9|     ; 5 (5)               ; 5 (5)                     ; 0                 ; 0          ; 0    ; 0            ; |kan_core|lut_rom:rom_0_0_9     ; lut_rom       ; work         ;
;    |lut_rom:rom_0_1_0|     ; 4 (4)               ; 4 (4)                     ; 0                 ; 0          ; 0    ; 0            ; |kan_core|lut_rom:rom_0_1_0     ; lut_rom       ; work         ;
;    |lut_rom:rom_0_1_11|    ; 2 (2)               ; 2 (2)                     ; 0                 ; 0          ; 0    ; 0            ; |kan_core|lut_rom:rom_0_1_11    ; lut_rom       ; work         ;
;    |lut_rom:rom_0_1_12|    ; 5 (5)               ; 4 (4)                     ; 0                 ; 0          ; 0    ; 0            ; |kan_core|lut_rom:rom_0_1_12    ; lut_rom       ; work         ;
;    |lut_rom:rom_0_1_1|     ; 2 (2)               ; 2 (2)                     ; 0                 ; 0          ; 0    ; 0            ; |kan_core|lut_rom:rom_0_1_1     ; lut_rom       ; work         ;
;    |lut_rom:rom_0_1_2|     ; 3 (3)               ; 3 (3)                     ; 0                 ; 0          ; 0    ; 0            ; |kan_core|lut_rom:rom_0_1_2     ; lut_rom       ; work         ;
;    |lut_rom:rom_0_1_3|     ; 7 (7)               ; 5 (5)                     ; 0                 ; 0          ; 0    ; 0            ; |kan_core|lut_rom:rom_0_1_3     ; lut_rom       ; work         ;
;    |lut_rom:rom_0_1_4|     ; 3 (3)               ; 3 (3)                     ; 0                 ; 0          ; 0    ; 0            ; |kan_core|lut_rom:rom_0_1_4     ; lut_rom       ; work         ;
;    |lut_rom:rom_0_1_5|     ; 2 (2)               ; 2 (2)                     ; 0                 ; 0          ; 0    ; 0            ; |kan_core|lut_rom:rom_0_1_5     ; lut_rom       ; work         ;
;    |lut_rom:rom_0_1_6|     ; 3 (3)               ; 3 (3)                     ; 0                 ; 0          ; 0    ; 0            ; |kan_core|lut_rom:rom_0_1_6     ; lut_rom       ; work         ;
;    |lut_rom:rom_0_1_7|     ; 4 (4)               ; 3 (3)                     ; 0                 ; 0          ; 0    ; 0            ; |kan_core|lut_rom:rom_0_1_7     ; lut_rom       ; work         ;
;    |lut_rom:rom_0_1_8|     ; 2 (2)               ; 2 (2)                     ; 0                 ; 0          ; 0    ; 0            ; |kan_core|lut_rom:rom_0_1_8     ; lut_rom       ; work         ;
;    |lut_rom:rom_0_1_9|     ; 4 (4)               ; 4 (4)                     ; 0                 ; 0          ; 0    ; 0            ; |kan_core|lut_rom:rom_0_1_9     ; lut_rom       ; work         ;
;    |lut_rom:rom_0_2_0|     ; 4 (4)               ; 4 (4)                     ; 0                 ; 0          ; 0    ; 0            ; |kan_core|lut_rom:rom_0_2_0     ; lut_rom       ; work         ;
;    |lut_rom:rom_0_2_10|    ; 4 (4)               ; 4 (4)                     ; 0                 ; 0          ; 0    ; 0            ; |kan_core|lut_rom:rom_0_2_10    ; lut_rom       ; work         ;
;    |lut_rom:rom_0_2_11|    ; 5 (5)               ; 4 (4)                     ; 0                 ; 0          ; 0    ; 0            ; |kan_core|lut_rom:rom_0_2_11    ; lut_rom       ; work         ;
;    |lut_rom:rom_0_2_12|    ; 5 (5)               ; 5 (5)                     ; 0                 ; 0          ; 0    ; 0            ; |kan_core|lut_rom:rom_0_2_12    ; lut_rom       ; work         ;
;    |lut_rom:rom_0_2_3|     ; 4 (4)               ; 4 (4)                     ; 0                 ; 0          ; 0    ; 0            ; |kan_core|lut_rom:rom_0_2_3     ; lut_rom       ; work         ;
;    |lut_rom:rom_0_2_4|     ; 2 (2)               ; 2 (2)                     ; 0                 ; 0          ; 0    ; 0            ; |kan_core|lut_rom:rom_0_2_4     ; lut_rom       ; work         ;
;    |lut_rom:rom_0_2_5|     ; 3 (3)               ; 3 (3)                     ; 0                 ; 0          ; 0    ; 0            ; |kan_core|lut_rom:rom_0_2_5     ; lut_rom       ; work         ;
;    |lut_rom:rom_0_2_6|     ; 4 (4)               ; 4 (4)                     ; 0                 ; 0          ; 0    ; 0            ; |kan_core|lut_rom:rom_0_2_6     ; lut_rom       ; work         ;
;    |lut_rom:rom_0_2_7|     ; 4 (4)               ; 4 (4)                     ; 0                 ; 0          ; 0    ; 0            ; |kan_core|lut_rom:rom_0_2_7     ; lut_rom       ; work         ;
;    |lut_rom:rom_0_3_0|     ; 5 (5)               ; 4 (4)                     ; 0                 ; 0          ; 0    ; 0            ; |kan_core|lut_rom:rom_0_3_0     ; lut_rom       ; work         ;
;    |lut_rom:rom_0_3_10|    ; 3 (3)               ; 3 (3)                     ; 0                 ; 0          ; 0    ; 0            ; |kan_core|lut_rom:rom_0_3_10    ; lut_rom       ; work         ;
;    |lut_rom:rom_0_3_11|    ; 3 (3)               ; 2 (2)                     ; 0                 ; 0          ; 0    ; 0            ; |kan_core|lut_rom:rom_0_3_11    ; lut_rom       ; work         ;
;    |lut_rom:rom_0_3_12|    ; 5 (5)               ; 4 (4)                     ; 0                 ; 0          ; 0    ; 0            ; |kan_core|lut_rom:rom_0_3_12    ; lut_rom       ; work         ;
;    |lut_rom:rom_0_3_1|     ; 2 (2)               ; 2 (2)                     ; 0                 ; 0          ; 0    ; 0            ; |kan_core|lut_rom:rom_0_3_1     ; lut_rom       ; work         ;
;    |lut_rom:rom_0_3_2|     ; 3 (3)               ; 3 (3)                     ; 0                 ; 0          ; 0    ; 0            ; |kan_core|lut_rom:rom_0_3_2     ; lut_rom       ; work         ;
;    |lut_rom:rom_0_3_3|     ; 7 (7)               ; 5 (5)                     ; 0                 ; 0          ; 0    ; 0            ; |kan_core|lut_rom:rom_0_3_3     ; lut_rom       ; work         ;
;    |lut_rom:rom_0_3_4|     ; 4 (4)               ; 3 (3)                     ; 0                 ; 0          ; 0    ; 0            ; |kan_core|lut_rom:rom_0_3_4     ; lut_rom       ; work         ;
;    |lut_rom:rom_0_3_5|     ; 2 (2)               ; 2 (2)                     ; 0                 ; 0          ; 0    ; 0            ; |kan_core|lut_rom:rom_0_3_5     ; lut_rom       ; work         ;
;    |lut_rom:rom_0_3_6|     ; 4 (4)               ; 2 (2)                     ; 0                 ; 0          ; 0    ; 0            ; |kan_core|lut_rom:rom_0_3_6     ; lut_rom       ; work         ;
;    |lut_rom:rom_0_3_7|     ; 3 (3)               ; 2 (2)                     ; 0                 ; 0          ; 0    ; 0            ; |kan_core|lut_rom:rom_0_3_7     ; lut_rom       ; work         ;
;    |lut_rom:rom_0_3_8|     ; 4 (4)               ; 3 (3)                     ; 0                 ; 0          ; 0    ; 0            ; |kan_core|lut_rom:rom_0_3_8     ; lut_rom       ; work         ;
;    |lut_rom:rom_0_3_9|     ; 4 (4)               ; 3 (3)                     ; 0                 ; 0          ; 0    ; 0            ; |kan_core|lut_rom:rom_0_3_9     ; lut_rom       ; work         ;
;    |lut_rom:rom_0_4_0|     ; 4 (4)               ; 3 (3)                     ; 0                 ; 0          ; 0    ; 0            ; |kan_core|lut_rom:rom_0_4_0     ; lut_rom       ; work         ;
;    |lut_rom:rom_0_4_10|    ; 3 (3)               ; 3 (3)                     ; 0                 ; 0          ; 0    ; 0            ; |kan_core|lut_rom:rom_0_4_10    ; lut_rom       ; work         ;
;    |lut_rom:rom_0_4_11|    ; 3 (3)               ; 3 (3)                     ; 0                 ; 0          ; 0    ; 0            ; |kan_core|lut_rom:rom_0_4_11    ; lut_rom       ; work         ;
;    |lut_rom:rom_0_4_12|    ; 5 (5)               ; 4 (4)                     ; 0                 ; 0          ; 0    ; 0            ; |kan_core|lut_rom:rom_0_4_12    ; lut_rom       ; work         ;
;    |lut_rom:rom_0_4_3|     ; 5 (5)               ; 5 (5)                     ; 0                 ; 0          ; 0    ; 0            ; |kan_core|lut_rom:rom_0_4_3     ; lut_rom       ; work         ;
;    |lut_rom:rom_0_4_5|     ; 4 (4)               ; 4 (4)                     ; 0                 ; 0          ; 0    ; 0            ; |kan_core|lut_rom:rom_0_4_5     ; lut_rom       ; work         ;
;    |lut_rom:rom_0_4_6|     ; 3 (3)               ; 3 (3)                     ; 0                 ; 0          ; 0    ; 0            ; |kan_core|lut_rom:rom_0_4_6     ; lut_rom       ; work         ;
;    |lut_rom:rom_0_4_7|     ; 3 (3)               ; 3 (3)                     ; 0                 ; 0          ; 0    ; 0            ; |kan_core|lut_rom:rom_0_4_7     ; lut_rom       ; work         ;
;    |lut_rom:rom_0_4_8|     ; 5 (5)               ; 4 (4)                     ; 0                 ; 0          ; 0    ; 0            ; |kan_core|lut_rom:rom_0_4_8     ; lut_rom       ; work         ;
;    |lut_rom:rom_0_4_9|     ; 5 (5)               ; 4 (4)                     ; 0                 ; 0          ; 0    ; 0            ; |kan_core|lut_rom:rom_0_4_9     ; lut_rom       ; work         ;
;    |lut_rom:rom_0_5_0|     ; 4 (4)               ; 2 (2)                     ; 0                 ; 0          ; 0    ; 0            ; |kan_core|lut_rom:rom_0_5_0     ; lut_rom       ; work         ;
;    |lut_rom:rom_0_5_10|    ; 4 (4)               ; 4 (4)                     ; 0                 ; 0          ; 0    ; 0            ; |kan_core|lut_rom:rom_0_5_10    ; lut_rom       ; work         ;
;    |lut_rom:rom_0_5_11|    ; 3 (3)               ; 3 (3)                     ; 0                 ; 0          ; 0    ; 0            ; |kan_core|lut_rom:rom_0_5_11    ; lut_rom       ; work         ;
;    |lut_rom:rom_0_5_12|    ; 1 (1)               ; 1 (1)                     ; 0                 ; 0          ; 0    ; 0            ; |kan_core|lut_rom:rom_0_5_12    ; lut_rom       ; work         ;
;    |lut_rom:rom_0_5_1|     ; 4 (4)               ; 3 (3)                     ; 0                 ; 0          ; 0    ; 0            ; |kan_core|lut_rom:rom_0_5_1     ; lut_rom       ; work         ;
;    |lut_rom:rom_0_5_2|     ; 4 (4)               ; 3 (3)                     ; 0                 ; 0          ; 0    ; 0            ; |kan_core|lut_rom:rom_0_5_2     ; lut_rom       ; work         ;
;    |lut_rom:rom_0_5_3|     ; 3 (3)               ; 3 (3)                     ; 0                 ; 0          ; 0    ; 0            ; |kan_core|lut_rom:rom_0_5_3     ; lut_rom       ; work         ;
;    |lut_rom:rom_0_5_5|     ; 2 (2)               ; 2 (2)                     ; 0                 ; 0          ; 0    ; 0            ; |kan_core|lut_rom:rom_0_5_5     ; lut_rom       ; work         ;
;    |lut_rom:rom_0_5_6|     ; 5 (5)               ; 4 (4)                     ; 0                 ; 0          ; 0    ; 0            ; |kan_core|lut_rom:rom_0_5_6     ; lut_rom       ; work         ;
;    |lut_rom:rom_0_5_7|     ; 5 (5)               ; 4 (4)                     ; 0                 ; 0          ; 0    ; 0            ; |kan_core|lut_rom:rom_0_5_7     ; lut_rom       ; work         ;
;    |lut_rom:rom_0_5_8|     ; 2 (2)               ; 2 (2)                     ; 0                 ; 0          ; 0    ; 0            ; |kan_core|lut_rom:rom_0_5_8     ; lut_rom       ; work         ;
;    |lut_rom:rom_0_5_9|     ; 5 (5)               ; 4 (4)                     ; 0                 ; 0          ; 0    ; 0            ; |kan_core|lut_rom:rom_0_5_9     ; lut_rom       ; work         ;
;    |lut_rom:rom_0_6_0|     ; 6 (6)               ; 4 (4)                     ; 0                 ; 0          ; 0    ; 0            ; |kan_core|lut_rom:rom_0_6_0     ; lut_rom       ; work         ;
;    |lut_rom:rom_0_6_10|    ; 1 (1)               ; 1 (1)                     ; 0                 ; 0          ; 0    ; 0            ; |kan_core|lut_rom:rom_0_6_10    ; lut_rom       ; work         ;
;    |lut_rom:rom_0_6_11|    ; 3 (3)               ; 3 (3)                     ; 0                 ; 0          ; 0    ; 0            ; |kan_core|lut_rom:rom_0_6_11    ; lut_rom       ; work         ;
;    |lut_rom:rom_0_6_12|    ; 5 (5)               ; 4 (4)                     ; 0                 ; 0          ; 0    ; 0            ; |kan_core|lut_rom:rom_0_6_12    ; lut_rom       ; work         ;
;    |lut_rom:rom_0_6_1|     ; 5 (5)               ; 4 (4)                     ; 0                 ; 0          ; 0    ; 0            ; |kan_core|lut_rom:rom_0_6_1     ; lut_rom       ; work         ;
;    |lut_rom:rom_0_6_2|     ; 4 (4)               ; 4 (4)                     ; 0                 ; 0          ; 0    ; 0            ; |kan_core|lut_rom:rom_0_6_2     ; lut_rom       ; work         ;
;    |lut_rom:rom_0_6_3|     ; 1 (1)               ; 1 (1)                     ; 0                 ; 0          ; 0    ; 0            ; |kan_core|lut_rom:rom_0_6_3     ; lut_rom       ; work         ;
;    |lut_rom:rom_0_6_4|     ; 4 (4)               ; 4 (4)                     ; 0                 ; 0          ; 0    ; 0            ; |kan_core|lut_rom:rom_0_6_4     ; lut_rom       ; work         ;
;    |lut_rom:rom_0_6_5|     ; 2 (2)               ; 2 (2)                     ; 0                 ; 0          ; 0    ; 0            ; |kan_core|lut_rom:rom_0_6_5     ; lut_rom       ; work         ;
;    |lut_rom:rom_0_6_6|     ; 4 (4)               ; 3 (3)                     ; 0                 ; 0          ; 0    ; 0            ; |kan_core|lut_rom:rom_0_6_6     ; lut_rom       ; work         ;
;    |lut_rom:rom_0_6_8|     ; 4 (4)               ; 4 (4)                     ; 0                 ; 0          ; 0    ; 0            ; |kan_core|lut_rom:rom_0_6_8     ; lut_rom       ; work         ;
;    |lut_rom:rom_0_6_9|     ; 5 (5)               ; 5 (5)                     ; 0                 ; 0          ; 0    ; 0            ; |kan_core|lut_rom:rom_0_6_9     ; lut_rom       ; work         ;
;    |lut_rom:rom_0_7_0|     ; 3 (3)               ; 4 (4)                     ; 0                 ; 0          ; 0    ; 0            ; |kan_core|lut_rom:rom_0_7_0     ; lut_rom       ; work         ;
;    |lut_rom:rom_0_7_10|    ; 5 (5)               ; 4 (4)                     ; 0                 ; 0          ; 0    ; 0            ; |kan_core|lut_rom:rom_0_7_10    ; lut_rom       ; work         ;
;    |lut_rom:rom_0_7_11|    ; 4 (4)               ; 4 (4)                     ; 0                 ; 0          ; 0    ; 0            ; |kan_core|lut_rom:rom_0_7_11    ; lut_rom       ; work         ;
;    |lut_rom:rom_0_7_12|    ; 3 (3)               ; 3 (3)                     ; 0                 ; 0          ; 0    ; 0            ; |kan_core|lut_rom:rom_0_7_12    ; lut_rom       ; work         ;
;    |lut_rom:rom_0_7_1|     ; 2 (2)               ; 2 (2)                     ; 0                 ; 0          ; 0    ; 0            ; |kan_core|lut_rom:rom_0_7_1     ; lut_rom       ; work         ;
;    |lut_rom:rom_0_7_2|     ; 2 (2)               ; 2 (2)                     ; 0                 ; 0          ; 0    ; 0            ; |kan_core|lut_rom:rom_0_7_2     ; lut_rom       ; work         ;
;    |lut_rom:rom_0_7_3|     ; 5 (5)               ; 5 (5)                     ; 0                 ; 0          ; 0    ; 0            ; |kan_core|lut_rom:rom_0_7_3     ; lut_rom       ; work         ;
;    |lut_rom:rom_0_7_5|     ; 3 (3)               ; 3 (3)                     ; 0                 ; 0          ; 0    ; 0            ; |kan_core|lut_rom:rom_0_7_5     ; lut_rom       ; work         ;
;    |lut_rom:rom_0_7_6|     ; 4 (4)               ; 4 (4)                     ; 0                 ; 0          ; 0    ; 0            ; |kan_core|lut_rom:rom_0_7_6     ; lut_rom       ; work         ;
;    |lut_rom:rom_0_7_7|     ; 4 (4)               ; 4 (4)                     ; 0                 ; 0          ; 0    ; 0            ; |kan_core|lut_rom:rom_0_7_7     ; lut_rom       ; work         ;
;    |lut_rom:rom_0_7_8|     ; 3 (3)               ; 3 (3)                     ; 0                 ; 0          ; 0    ; 0            ; |kan_core|lut_rom:rom_0_7_8     ; lut_rom       ; work         ;
;    |lut_rom:rom_0_8_0|     ; 3 (3)               ; 3 (3)                     ; 0                 ; 0          ; 0    ; 0            ; |kan_core|lut_rom:rom_0_8_0     ; lut_rom       ; work         ;
;    |lut_rom:rom_0_8_10|    ; 6 (6)               ; 5 (5)                     ; 0                 ; 0          ; 0    ; 0            ; |kan_core|lut_rom:rom_0_8_10    ; lut_rom       ; work         ;
;    |lut_rom:rom_0_8_11|    ; 5 (5)               ; 4 (4)                     ; 0                 ; 0          ; 0    ; 0            ; |kan_core|lut_rom:rom_0_8_11    ; lut_rom       ; work         ;
;    |lut_rom:rom_0_8_12|    ; 5 (5)               ; 4 (4)                     ; 0                 ; 0          ; 0    ; 0            ; |kan_core|lut_rom:rom_0_8_12    ; lut_rom       ; work         ;
;    |lut_rom:rom_0_8_1|     ; 3 (3)               ; 3 (3)                     ; 0                 ; 0          ; 0    ; 0            ; |kan_core|lut_rom:rom_0_8_1     ; lut_rom       ; work         ;
;    |lut_rom:rom_0_8_2|     ; 4 (4)               ; 3 (3)                     ; 0                 ; 0          ; 0    ; 0            ; |kan_core|lut_rom:rom_0_8_2     ; lut_rom       ; work         ;
;    |lut_rom:rom_0_8_3|     ; 4 (4)               ; 4 (4)                     ; 0                 ; 0          ; 0    ; 0            ; |kan_core|lut_rom:rom_0_8_3     ; lut_rom       ; work         ;
;    |lut_rom:rom_0_8_4|     ; 4 (4)               ; 4 (4)                     ; 0                 ; 0          ; 0    ; 0            ; |kan_core|lut_rom:rom_0_8_4     ; lut_rom       ; work         ;
;    |lut_rom:rom_0_8_5|     ; 2 (2)               ; 2 (2)                     ; 0                 ; 0          ; 0    ; 0            ; |kan_core|lut_rom:rom_0_8_5     ; lut_rom       ; work         ;
;    |lut_rom:rom_0_8_6|     ; 4 (4)               ; 3 (3)                     ; 0                 ; 0          ; 0    ; 0            ; |kan_core|lut_rom:rom_0_8_6     ; lut_rom       ; work         ;
;    |lut_rom:rom_0_8_7|     ; 3 (3)               ; 3 (3)                     ; 0                 ; 0          ; 0    ; 0            ; |kan_core|lut_rom:rom_0_8_7     ; lut_rom       ; work         ;
;    |lut_rom:rom_0_8_8|     ; 4 (4)               ; 3 (3)                     ; 0                 ; 0          ; 0    ; 0            ; |kan_core|lut_rom:rom_0_8_8     ; lut_rom       ; work         ;
;    |lut_rom:rom_0_8_9|     ; 4 (4)               ; 4 (4)                     ; 0                 ; 0          ; 0    ; 0            ; |kan_core|lut_rom:rom_0_8_9     ; lut_rom       ; work         ;
;    |lut_rom:rom_0_9_0|     ; 3 (3)               ; 3 (3)                     ; 0                 ; 0          ; 0    ; 0            ; |kan_core|lut_rom:rom_0_9_0     ; lut_rom       ; work         ;
;    |lut_rom:rom_0_9_10|    ; 2 (2)               ; 1 (1)                     ; 0                 ; 0          ; 0    ; 0            ; |kan_core|lut_rom:rom_0_9_10    ; lut_rom       ; work         ;
;    |lut_rom:rom_0_9_12|    ; 3 (3)               ; 3 (3)                     ; 0                 ; 0          ; 0    ; 0            ; |kan_core|lut_rom:rom_0_9_12    ; lut_rom       ; work         ;
;    |lut_rom:rom_0_9_2|     ; 4 (4)               ; 4 (4)                     ; 0                 ; 0          ; 0    ; 0            ; |kan_core|lut_rom:rom_0_9_2     ; lut_rom       ; work         ;
;    |lut_rom:rom_0_9_3|     ; 4 (4)               ; 3 (3)                     ; 0                 ; 0          ; 0    ; 0            ; |kan_core|lut_rom:rom_0_9_3     ; lut_rom       ; work         ;
;    |lut_rom:rom_0_9_4|     ; 3 (3)               ; 2 (2)                     ; 0                 ; 0          ; 0    ; 0            ; |kan_core|lut_rom:rom_0_9_4     ; lut_rom       ; work         ;
;    |lut_rom:rom_0_9_6|     ; 3 (3)               ; 3 (3)                     ; 0                 ; 0          ; 0    ; 0            ; |kan_core|lut_rom:rom_0_9_6     ; lut_rom       ; work         ;
;    |lut_rom:rom_0_9_7|     ; 5 (5)               ; 4 (4)                     ; 0                 ; 0          ; 0    ; 0            ; |kan_core|lut_rom:rom_0_9_7     ; lut_rom       ; work         ;
;    |lut_rom:rom_0_9_8|     ; 3 (3)               ; 3 (3)                     ; 0                 ; 0          ; 0    ; 0            ; |kan_core|lut_rom:rom_0_9_8     ; lut_rom       ; work         ;
;    |lut_rom:rom_0_9_9|     ; 3 (3)               ; 3 (3)                     ; 0                 ; 0          ; 0    ; 0            ; |kan_core|lut_rom:rom_0_9_9     ; lut_rom       ; work         ;
;    |lut_rom:rom_1_0_0|     ; 5 (5)               ; 4 (4)                     ; 0                 ; 0          ; 0    ; 0            ; |kan_core|lut_rom:rom_1_0_0     ; lut_rom       ; work         ;
;    |lut_rom:rom_1_0_1|     ; 4 (4)               ; 4 (4)                     ; 0                 ; 0          ; 0    ; 0            ; |kan_core|lut_rom:rom_1_0_1     ; lut_rom       ; work         ;
;    |lut_rom:rom_1_0_2|     ; 5 (5)               ; 5 (5)                     ; 0                 ; 0          ; 0    ; 0            ; |kan_core|lut_rom:rom_1_0_2     ; lut_rom       ; work         ;
;    |lut_rom:rom_1_0_3|     ; 5 (5)               ; 5 (5)                     ; 0                 ; 0          ; 0    ; 0            ; |kan_core|lut_rom:rom_1_0_3     ; lut_rom       ; work         ;
;    |lut_rom:rom_1_0_4|     ; 4 (4)               ; 4 (4)                     ; 0                 ; 0          ; 0    ; 0            ; |kan_core|lut_rom:rom_1_0_4     ; lut_rom       ; work         ;
;    |lut_rom:rom_1_0_5|     ; 4 (4)               ; 4 (4)                     ; 0                 ; 0          ; 0    ; 0            ; |kan_core|lut_rom:rom_1_0_5     ; lut_rom       ; work         ;
;    |lut_rom:rom_1_0_6|     ; 2 (2)               ; 2 (2)                     ; 0                 ; 0          ; 0    ; 0            ; |kan_core|lut_rom:rom_1_0_6     ; lut_rom       ; work         ;
;    |lut_rom:rom_1_0_7|     ; 4 (4)               ; 5 (5)                     ; 0                 ; 0          ; 0    ; 0            ; |kan_core|lut_rom:rom_1_0_7     ; lut_rom       ; work         ;
;    |lut_rom:rom_1_0_8|     ; 2 (2)               ; 2 (2)                     ; 0                 ; 0          ; 0    ; 0            ; |kan_core|lut_rom:rom_1_0_8     ; lut_rom       ; work         ;
;    |lut_rom:rom_1_0_9|     ; 2 (2)               ; 2 (2)                     ; 0                 ; 0          ; 0    ; 0            ; |kan_core|lut_rom:rom_1_0_9     ; lut_rom       ; work         ;
;    |lut_rom:rom_1_1_0|     ; 5 (5)               ; 5 (5)                     ; 0                 ; 0          ; 0    ; 0            ; |kan_core|lut_rom:rom_1_1_0     ; lut_rom       ; work         ;
;    |lut_rom:rom_1_1_1|     ; 6 (6)               ; 5 (5)                     ; 0                 ; 0          ; 0    ; 0            ; |kan_core|lut_rom:rom_1_1_1     ; lut_rom       ; work         ;
;    |lut_rom:rom_1_1_2|     ; 1 (1)               ; 1 (1)                     ; 0                 ; 0          ; 0    ; 0            ; |kan_core|lut_rom:rom_1_1_2     ; lut_rom       ; work         ;
;    |lut_rom:rom_1_1_3|     ; 5 (5)               ; 5 (5)                     ; 0                 ; 0          ; 0    ; 0            ; |kan_core|lut_rom:rom_1_1_3     ; lut_rom       ; work         ;
;    |lut_rom:rom_1_1_4|     ; 2 (2)               ; 2 (2)                     ; 0                 ; 0          ; 0    ; 0            ; |kan_core|lut_rom:rom_1_1_4     ; lut_rom       ; work         ;
;    |lut_rom:rom_1_1_5|     ; 1 (1)               ; 1 (1)                     ; 0                 ; 0          ; 0    ; 0            ; |kan_core|lut_rom:rom_1_1_5     ; lut_rom       ; work         ;
;    |lut_rom:rom_1_1_6|     ; 4 (4)               ; 4 (4)                     ; 0                 ; 0          ; 0    ; 0            ; |kan_core|lut_rom:rom_1_1_6     ; lut_rom       ; work         ;
;    |lut_rom:rom_1_1_7|     ; 1 (1)               ; 1 (1)                     ; 0                 ; 0          ; 0    ; 0            ; |kan_core|lut_rom:rom_1_1_7     ; lut_rom       ; work         ;
;    |lut_rom:rom_1_1_8|     ; 5 (5)               ; 5 (5)                     ; 0                 ; 0          ; 0    ; 0            ; |kan_core|lut_rom:rom_1_1_8     ; lut_rom       ; work         ;
;    |lut_rom:rom_1_1_9|     ; 2 (2)               ; 2 (2)                     ; 0                 ; 0          ; 0    ; 0            ; |kan_core|lut_rom:rom_1_1_9     ; lut_rom       ; work         ;
;    |lut_rom:rom_1_2_0|     ; 5 (5)               ; 5 (5)                     ; 0                 ; 0          ; 0    ; 0            ; |kan_core|lut_rom:rom_1_2_0     ; lut_rom       ; work         ;
;    |lut_rom:rom_1_2_1|     ; 3 (3)               ; 3 (3)                     ; 0                 ; 0          ; 0    ; 0            ; |kan_core|lut_rom:rom_1_2_1     ; lut_rom       ; work         ;
;    |lut_rom:rom_1_2_2|     ; 4 (4)               ; 4 (4)                     ; 0                 ; 0          ; 0    ; 0            ; |kan_core|lut_rom:rom_1_2_2     ; lut_rom       ; work         ;
;    |lut_rom:rom_1_2_3|     ; 3 (3)               ; 3 (3)                     ; 0                 ; 0          ; 0    ; 0            ; |kan_core|lut_rom:rom_1_2_3     ; lut_rom       ; work         ;
;    |lut_rom:rom_1_2_4|     ; 3 (3)               ; 3 (3)                     ; 0                 ; 0          ; 0    ; 0            ; |kan_core|lut_rom:rom_1_2_4     ; lut_rom       ; work         ;
;    |lut_rom:rom_1_2_5|     ; 3 (3)               ; 3 (3)                     ; 0                 ; 0          ; 0    ; 0            ; |kan_core|lut_rom:rom_1_2_5     ; lut_rom       ; work         ;
;    |lut_rom:rom_1_2_6|     ; 6 (6)               ; 5 (5)                     ; 0                 ; 0          ; 0    ; 0            ; |kan_core|lut_rom:rom_1_2_6     ; lut_rom       ; work         ;
;    |lut_rom:rom_1_2_7|     ; 4 (4)               ; 4 (4)                     ; 0                 ; 0          ; 0    ; 0            ; |kan_core|lut_rom:rom_1_2_7     ; lut_rom       ; work         ;
;    |lut_rom:rom_1_2_8|     ; 5 (5)               ; 5 (5)                     ; 0                 ; 0          ; 0    ; 0            ; |kan_core|lut_rom:rom_1_2_8     ; lut_rom       ; work         ;
;    |registers:node_0_0|    ; 0 (0)               ; 6 (6)                     ; 0                 ; 0          ; 0    ; 0            ; |kan_core|registers:node_0_0    ; registers     ; work         ;
;    |registers:node_0_1|    ; 0 (0)               ; 6 (6)                     ; 0                 ; 0          ; 0    ; 0            ; |kan_core|registers:node_0_1    ; registers     ; work         ;
;    |registers:node_0_2|    ; 0 (0)               ; 6 (6)                     ; 0                 ; 0          ; 0    ; 0            ; |kan_core|registers:node_0_2    ; registers     ; work         ;
;    |registers:node_0_3|    ; 0 (0)               ; 6 (6)                     ; 0                 ; 0          ; 0    ; 0            ; |kan_core|registers:node_0_3    ; registers     ; work         ;
;    |registers:node_0_4|    ; 0 (0)               ; 6 (6)                     ; 0                 ; 0          ; 0    ; 0            ; |kan_core|registers:node_0_4    ; registers     ; work         ;
;    |registers:node_0_5|    ; 0 (0)               ; 6 (6)                     ; 0                 ; 0          ; 0    ; 0            ; |kan_core|registers:node_0_5    ; registers     ; work         ;
;    |registers:node_0_6|    ; 0 (0)               ; 6 (6)                     ; 0                 ; 0          ; 0    ; 0            ; |kan_core|registers:node_0_6    ; registers     ; work         ;
;    |registers:node_0_7|    ; 0 (0)               ; 6 (6)                     ; 0                 ; 0          ; 0    ; 0            ; |kan_core|registers:node_0_7    ; registers     ; work         ;
;    |registers:node_0_8|    ; 0 (0)               ; 6 (6)                     ; 0                 ; 0          ; 0    ; 0            ; |kan_core|registers:node_0_8    ; registers     ; work         ;
;    |registers:node_0_9|    ; 0 (0)               ; 5 (5)                     ; 0                 ; 0          ; 0    ; 0            ; |kan_core|registers:node_0_9    ; registers     ; work         ;
;    |registers:r_0_0_1_0|   ; 0 (0)               ; 7 (7)                     ; 0                 ; 0          ; 0    ; 0            ; |kan_core|registers:r_0_0_1_0   ; registers     ; work         ;
;    |registers:r_0_0_1_1|   ; 0 (0)               ; 7 (7)                     ; 0                 ; 0          ; 0    ; 0            ; |kan_core|registers:r_0_0_1_1   ; registers     ; work         ;
;    |registers:r_0_0_1_2|   ; 0 (0)               ; 5 (5)                     ; 0                 ; 0          ; 0    ; 0            ; |kan_core|registers:r_0_0_1_2   ; registers     ; work         ;
;    |registers:r_0_0|       ; 0 (0)               ; 10 (10)                   ; 0                 ; 0          ; 0    ; 0            ; |kan_core|registers:r_0_0       ; registers     ; work         ;
;    |registers:r_0_1_1_0|   ; 0 (0)               ; 7 (7)                     ; 0                 ; 0          ; 0    ; 0            ; |kan_core|registers:r_0_1_1_0   ; registers     ; work         ;
;    |registers:r_0_1_1_1|   ; 0 (0)               ; 6 (6)                     ; 0                 ; 0          ; 0    ; 0            ; |kan_core|registers:r_0_1_1_1   ; registers     ; work         ;
;    |registers:r_0_1_1_2|   ; 0 (0)               ; 6 (6)                     ; 0                 ; 0          ; 0    ; 0            ; |kan_core|registers:r_0_1_1_2   ; registers     ; work         ;
;    |registers:r_0_1|       ; 0 (0)               ; 10 (10)                   ; 0                 ; 0          ; 0    ; 0            ; |kan_core|registers:r_0_1       ; registers     ; work         ;
;    |registers:r_0_2_1_0|   ; 0 (0)               ; 6 (6)                     ; 0                 ; 0          ; 0    ; 0            ; |kan_core|registers:r_0_2_1_0   ; registers     ; work         ;
;    |registers:r_0_2_1_1|   ; 0 (0)               ; 6 (6)                     ; 0                 ; 0          ; 0    ; 0            ; |kan_core|registers:r_0_2_1_1   ; registers     ; work         ;
;    |registers:r_0_2_1_2|   ; 0 (0)               ; 5 (5)                     ; 0                 ; 0          ; 0    ; 0            ; |kan_core|registers:r_0_2_1_2   ; registers     ; work         ;
;    |registers:r_0_2|       ; 0 (0)               ; 10 (10)                   ; 0                 ; 0          ; 0    ; 0            ; |kan_core|registers:r_0_2       ; registers     ; work         ;
;    |registers:r_0_3_1_0|   ; 0 (0)               ; 7 (7)                     ; 0                 ; 0          ; 0    ; 0            ; |kan_core|registers:r_0_3_1_0   ; registers     ; work         ;
;    |registers:r_0_3_1_1|   ; 0 (0)               ; 5 (5)                     ; 0                 ; 0          ; 0    ; 0            ; |kan_core|registers:r_0_3_1_1   ; registers     ; work         ;
;    |registers:r_0_3_1_2|   ; 0 (0)               ; 6 (6)                     ; 0                 ; 0          ; 0    ; 0            ; |kan_core|registers:r_0_3_1_2   ; registers     ; work         ;
;    |registers:r_0_3_1_3|   ; 0 (0)               ; 4 (4)                     ; 0                 ; 0          ; 0    ; 0            ; |kan_core|registers:r_0_3_1_3   ; registers     ; work         ;
;    |registers:r_0_3|       ; 0 (0)               ; 10 (10)                   ; 0                 ; 0          ; 0    ; 0            ; |kan_core|registers:r_0_3       ; registers     ; work         ;
;    |registers:r_0_4_1_0|   ; 0 (0)               ; 7 (7)                     ; 0                 ; 0          ; 0    ; 0            ; |kan_core|registers:r_0_4_1_0   ; registers     ; work         ;
;    |registers:r_0_4_1_1|   ; 0 (0)               ; 6 (6)                     ; 0                 ; 0          ; 0    ; 0            ; |kan_core|registers:r_0_4_1_1   ; registers     ; work         ;
;    |registers:r_0_4_1_2|   ; 0 (0)               ; 5 (5)                     ; 0                 ; 0          ; 0    ; 0            ; |kan_core|registers:r_0_4_1_2   ; registers     ; work         ;
;    |registers:r_0_4|       ; 0 (0)               ; 10 (10)                   ; 0                 ; 0          ; 0    ; 0            ; |kan_core|registers:r_0_4       ; registers     ; work         ;
;    |registers:r_0_5_1_0|   ; 0 (0)               ; 6 (6)                     ; 0                 ; 0          ; 0    ; 0            ; |kan_core|registers:r_0_5_1_0   ; registers     ; work         ;
;    |registers:r_0_5_1_1|   ; 0 (0)               ; 6 (6)                     ; 0                 ; 0          ; 0    ; 0            ; |kan_core|registers:r_0_5_1_1   ; registers     ; work         ;
;    |registers:r_0_5_1_2|   ; 0 (0)               ; 6 (6)                     ; 0                 ; 0          ; 0    ; 0            ; |kan_core|registers:r_0_5_1_2   ; registers     ; work         ;
;    |registers:r_0_5|       ; 0 (0)               ; 10 (10)                   ; 0                 ; 0          ; 0    ; 0            ; |kan_core|registers:r_0_5       ; registers     ; work         ;
;    |registers:r_0_6_1_0|   ; 0 (0)               ; 6 (6)                     ; 0                 ; 0          ; 0    ; 0            ; |kan_core|registers:r_0_6_1_0   ; registers     ; work         ;
;    |registers:r_0_6_1_1|   ; 0 (0)               ; 6 (6)                     ; 0                 ; 0          ; 0    ; 0            ; |kan_core|registers:r_0_6_1_1   ; registers     ; work         ;
;    |registers:r_0_6_1_2|   ; 0 (0)               ; 7 (7)                     ; 0                 ; 0          ; 0    ; 0            ; |kan_core|registers:r_0_6_1_2   ; registers     ; work         ;
;    |registers:r_0_6|       ; 0 (0)               ; 10 (10)                   ; 0                 ; 0          ; 0    ; 0            ; |kan_core|registers:r_0_6       ; registers     ; work         ;
;    |registers:r_0_7_1_0|   ; 0 (0)               ; 7 (7)                     ; 0                 ; 0          ; 0    ; 0            ; |kan_core|registers:r_0_7_1_0   ; registers     ; work         ;
;    |registers:r_0_7_1_1|   ; 0 (0)               ; 6 (6)                     ; 0                 ; 0          ; 0    ; 0            ; |kan_core|registers:r_0_7_1_1   ; registers     ; work         ;
;    |registers:r_0_7_1_2|   ; 0 (0)               ; 6 (6)                     ; 0                 ; 0          ; 0    ; 0            ; |kan_core|registers:r_0_7_1_2   ; registers     ; work         ;
;    |registers:r_0_7|       ; 0 (0)               ; 10 (10)                   ; 0                 ; 0          ; 0    ; 0            ; |kan_core|registers:r_0_7       ; registers     ; work         ;
;    |registers:r_0_8_1_0|   ; 0 (0)               ; 7 (7)                     ; 0                 ; 0          ; 0    ; 0            ; |kan_core|registers:r_0_8_1_0   ; registers     ; work         ;
;    |registers:r_0_8_1_1|   ; 0 (0)               ; 6 (6)                     ; 0                 ; 0          ; 0    ; 0            ; |kan_core|registers:r_0_8_1_1   ; registers     ; work         ;
;    |registers:r_0_8_1_2|   ; 0 (0)               ; 7 (7)                     ; 0                 ; 0          ; 0    ; 0            ; |kan_core|registers:r_0_8_1_2   ; registers     ; work         ;
;    |registers:r_0_8_1_3|   ; 0 (0)               ; 4 (4)                     ; 0                 ; 0          ; 0    ; 0            ; |kan_core|registers:r_0_8_1_3   ; registers     ; work         ;
;    |registers:r_0_8|       ; 0 (0)               ; 10 (10)                   ; 0                 ; 0          ; 0    ; 0            ; |kan_core|registers:r_0_8       ; registers     ; work         ;
;    |registers:r_0_9_1_0|   ; 0 (0)               ; 6 (6)                     ; 0                 ; 0          ; 0    ; 0            ; |kan_core|registers:r_0_9_1_0   ; registers     ; work         ;
;    |registers:r_0_9_1_1|   ; 0 (0)               ; 6 (6)                     ; 0                 ; 0          ; 0    ; 0            ; |kan_core|registers:r_0_9_1_1   ; registers     ; work         ;
;    |registers:r_0_9_1_2|   ; 0 (0)               ; 4 (4)                     ; 0                 ; 0          ; 0    ; 0            ; |kan_core|registers:r_0_9_1_2   ; registers     ; work         ;
;    |registers:r_0_9|       ; 0 (0)               ; 9 (9)                     ; 0                 ; 0          ; 0    ; 0            ; |kan_core|registers:r_0_9       ; registers     ; work         ;
;    |registers:r_1_0_1_0|   ; 0 (0)               ; 7 (7)                     ; 0                 ; 0          ; 0    ; 0            ; |kan_core|registers:r_1_0_1_0   ; registers     ; work         ;
;    |registers:r_1_0_1_1|   ; 0 (0)               ; 7 (7)                     ; 0                 ; 0          ; 0    ; 0            ; |kan_core|registers:r_1_0_1_1   ; registers     ; work         ;
;    |registers:r_1_0_1_2|   ; 0 (0)               ; 3 (3)                     ; 0                 ; 0          ; 0    ; 0            ; |kan_core|registers:r_1_0_1_2   ; registers     ; work         ;
;    |registers:r_1_0|       ; 0 (0)               ; 10 (10)                   ; 0                 ; 0          ; 0    ; 0            ; |kan_core|registers:r_1_0       ; registers     ; work         ;
;    |registers:r_1_1_1_0|   ; 0 (0)               ; 7 (7)                     ; 0                 ; 0          ; 0    ; 0            ; |kan_core|registers:r_1_1_1_0   ; registers     ; work         ;
;    |registers:r_1_1_1_1|   ; 0 (0)               ; 6 (6)                     ; 0                 ; 0          ; 0    ; 0            ; |kan_core|registers:r_1_1_1_1   ; registers     ; work         ;
;    |registers:r_1_1_1_2|   ; 0 (0)               ; 6 (6)                     ; 0                 ; 0          ; 0    ; 0            ; |kan_core|registers:r_1_1_1_2   ; registers     ; work         ;
;    |registers:r_1_1|       ; 0 (0)               ; 10 (10)                   ; 0                 ; 0          ; 0    ; 0            ; |kan_core|registers:r_1_1       ; registers     ; work         ;
;    |registers:r_1_2_1_0|   ; 0 (0)               ; 7 (7)                     ; 0                 ; 0          ; 0    ; 0            ; |kan_core|registers:r_1_2_1_0   ; registers     ; work         ;
;    |registers:r_1_2_1_1|   ; 0 (0)               ; 7 (7)                     ; 0                 ; 0          ; 0    ; 0            ; |kan_core|registers:r_1_2_1_1   ; registers     ; work         ;
;    |registers:r_1_2_1_2|   ; 0 (0)               ; 5 (5)                     ; 0                 ; 0          ; 0    ; 0            ; |kan_core|registers:r_1_2_1_2   ; registers     ; work         ;
;    |registers:r_1_2|       ; 0 (0)               ; 10 (10)                   ; 0                 ; 0          ; 0    ; 0            ; |kan_core|registers:r_1_2       ; registers     ; work         ;
;    |saturate_clip:sat_0_0| ; 5 (5)               ; 0 (0)                     ; 0                 ; 0          ; 0    ; 0            ; |kan_core|saturate_clip:sat_0_0 ; saturate_clip ; work         ;
;    |saturate_clip:sat_0_1| ; 5 (5)               ; 0 (0)                     ; 0                 ; 0          ; 0    ; 0            ; |kan_core|saturate_clip:sat_0_1 ; saturate_clip ; work         ;
;    |saturate_clip:sat_0_2| ; 5 (5)               ; 0 (0)                     ; 0                 ; 0          ; 0    ; 0            ; |kan_core|saturate_clip:sat_0_2 ; saturate_clip ; work         ;
;    |saturate_clip:sat_0_3| ; 5 (5)               ; 0 (0)                     ; 0                 ; 0          ; 0    ; 0            ; |kan_core|saturate_clip:sat_0_3 ; saturate_clip ; work         ;
;    |saturate_clip:sat_0_4| ; 5 (5)               ; 0 (0)                     ; 0                 ; 0          ; 0    ; 0            ; |kan_core|saturate_clip:sat_0_4 ; saturate_clip ; work         ;
;    |saturate_clip:sat_0_5| ; 5 (5)               ; 0 (0)                     ; 0                 ; 0          ; 0    ; 0            ; |kan_core|saturate_clip:sat_0_5 ; saturate_clip ; work         ;
;    |saturate_clip:sat_0_6| ; 5 (5)               ; 0 (0)                     ; 0                 ; 0          ; 0    ; 0            ; |kan_core|saturate_clip:sat_0_6 ; saturate_clip ; work         ;
;    |saturate_clip:sat_0_7| ; 5 (5)               ; 0 (0)                     ; 0                 ; 0          ; 0    ; 0            ; |kan_core|saturate_clip:sat_0_7 ; saturate_clip ; work         ;
;    |saturate_clip:sat_0_8| ; 5 (5)               ; 0 (0)                     ; 0                 ; 0          ; 0    ; 0            ; |kan_core|saturate_clip:sat_0_8 ; saturate_clip ; work         ;
;    |saturate_clip:sat_0_9| ; 4 (4)               ; 0 (0)                     ; 0                 ; 0          ; 0    ; 0            ; |kan_core|saturate_clip:sat_0_9 ; saturate_clip ; work         ;
;    |saturate_clip:sat_1_0| ; 5 (5)               ; 0 (0)                     ; 0                 ; 0          ; 0    ; 0            ; |kan_core|saturate_clip:sat_1_0 ; saturate_clip ; work         ;
;    |saturate_clip:sat_1_1| ; 5 (5)               ; 0 (0)                     ; 0                 ; 0          ; 0    ; 0            ; |kan_core|saturate_clip:sat_1_1 ; saturate_clip ; work         ;
;    |saturate_clip:sat_1_2| ; 5 (5)               ; 0 (0)                     ; 0                 ; 0          ; 0    ; 0            ; |kan_core|saturate_clip:sat_1_2 ; saturate_clip ; work         ;
+----------------------------+---------------------+---------------------------+-------------------+------------+------+--------------+---------------------------------+---------------+--------------+
Note: For table entries with two numbers listed, the numbers in parentheses indicate the number of resources of the given type used by the specific entity alone. The numbers listed outside of parentheses indicate the total resources of the given type used by the specific entity and all of its sub-entities in the hierarchy.


+---------------------------------------------------------------------------------------+
; Registers Removed During Synthesis                                                    ;
+-----------------------------------------+---------------------------------------------+
; Register name                           ; Reason for Removal                          ;
+-----------------------------------------+---------------------------------------------+
; registers:r_1_0_1_2|q[7]                ; Merged with registers:r_1_0_1_2|q[6]        ;
; registers:r_1_1_1_2|q[7]                ; Merged with registers:r_1_1_1_2|q[6]        ;
; registers:r_1_2_1_2|q[5..7]             ; Merged with registers:r_1_2_1_2|q[4]        ;
; lut_rom:rom_1_0_6|o_ld_data[3..5]       ; Merged with lut_rom:rom_1_0_6|o_ld_data[2]  ;
; lut_rom:rom_1_0_7|o_ld_data[5]          ; Merged with lut_rom:rom_1_0_7|o_ld_data[4]  ;
; lut_rom:rom_1_0_5|o_ld_data[4,5]        ; Merged with lut_rom:rom_1_0_5|o_ld_data[3]  ;
; lut_rom:rom_1_0_4|o_ld_data[4,5]        ; Merged with lut_rom:rom_1_0_4|o_ld_data[3]  ;
; lut_rom:rom_1_0_3|o_ld_data[5]          ; Merged with lut_rom:rom_1_0_3|o_ld_data[4]  ;
; lut_rom:rom_1_0_2|o_ld_data[5]          ; Merged with lut_rom:rom_1_0_2|o_ld_data[4]  ;
; lut_rom:rom_1_0_1|o_ld_data[4,5]        ; Merged with lut_rom:rom_1_0_1|o_ld_data[3]  ;
; lut_rom:rom_1_0_0|o_ld_data[4,5]        ; Merged with lut_rom:rom_1_0_0|o_ld_data[3]  ;
; lut_rom:rom_1_0_9|o_ld_data[2..5]       ; Merged with lut_rom:rom_1_0_9|o_ld_data[1]  ;
; lut_rom:rom_1_0_8|o_ld_data[2..5]       ; Merged with lut_rom:rom_1_0_8|o_ld_data[1]  ;
; lut_rom:rom_1_1_7|o_ld_data[1..5]       ; Merged with lut_rom:rom_1_1_7|o_ld_data[0]  ;
; lut_rom:rom_1_1_6|o_ld_data[4,5]        ; Merged with lut_rom:rom_1_1_6|o_ld_data[3]  ;
; lut_rom:rom_1_1_5|o_ld_data[1..5]       ; Merged with lut_rom:rom_1_1_5|o_ld_data[0]  ;
; lut_rom:rom_1_1_4|o_ld_data[3..5]       ; Merged with lut_rom:rom_1_1_4|o_ld_data[2]  ;
; lut_rom:rom_1_2_4|o_ld_data[3..5]       ; Merged with lut_rom:rom_1_1_4|o_ld_data[2]  ;
; lut_rom:rom_1_1_2|o_ld_data[1..5]       ; Merged with lut_rom:rom_1_1_2|o_ld_data[0]  ;
; lut_rom:rom_1_1_3|o_ld_data[5]          ; Merged with lut_rom:rom_1_1_3|o_ld_data[4]  ;
; lut_rom:rom_1_1_1|o_ld_data[5]          ; Merged with lut_rom:rom_1_1_1|o_ld_data[4]  ;
; lut_rom:rom_1_1_0|o_ld_data[5]          ; Merged with lut_rom:rom_1_1_0|o_ld_data[4]  ;
; lut_rom:rom_1_1_9|o_ld_data[3..5]       ; Merged with lut_rom:rom_1_1_9|o_ld_data[2]  ;
; lut_rom:rom_1_1_8|o_ld_data[5]          ; Merged with lut_rom:rom_1_1_8|o_ld_data[4]  ;
; lut_rom:rom_1_2_7|o_ld_data[4,5]        ; Merged with lut_rom:rom_1_2_7|o_ld_data[3]  ;
; lut_rom:rom_1_2_6|o_ld_data[5]          ; Merged with lut_rom:rom_1_2_6|o_ld_data[4]  ;
; lut_rom:rom_1_2_5|o_ld_data[4,5]        ; Merged with lut_rom:rom_1_2_5|o_ld_data[3]  ;
; lut_rom:rom_1_2_3|o_ld_data[3..5]       ; Merged with lut_rom:rom_1_2_3|o_ld_data[2]  ;
; lut_rom:rom_1_2_2|o_ld_data[4,5]        ; Merged with lut_rom:rom_1_2_2|o_ld_data[3]  ;
; lut_rom:rom_1_2_1|o_ld_data[4,5]        ; Merged with lut_rom:rom_1_2_1|o_ld_data[3]  ;
; lut_rom:rom_1_2_0|o_ld_data[5]          ; Merged with lut_rom:rom_1_2_0|o_ld_data[4]  ;
; lut_rom:rom_1_2_8|o_ld_data[5]          ; Merged with lut_rom:rom_1_2_8|o_ld_data[4]  ;
; registers:r_0_3_1_3|q[4..7]             ; Merged with registers:r_0_3_1_3|q[3]        ;
; registers:r_0_2_1_2|q[5..7]             ; Merged with registers:r_0_2_1_2|q[4]        ;
; registers:r_0_9_1_2|q[7]                ; Merged with registers:r_0_9_1_2|q[6]        ;
; registers:r_0_8_1_3|q[4..7]             ; Merged with registers:r_0_8_1_3|q[3]        ;
; lut_rom:rom_0_7_8|o_ld_data[3..5]       ; Merged with lut_rom:rom_0_7_8|o_ld_data[2]  ;
; lut_rom:rom_0_7_7|o_ld_data[4,5]        ; Merged with lut_rom:rom_0_7_7|o_ld_data[3]  ;
; lut_rom:rom_0_7_6|o_ld_data[4,5]        ; Merged with lut_rom:rom_0_7_6|o_ld_data[3]  ;
; lut_rom:rom_0_2_5|o_ld_data[3..5]       ; Merged with lut_rom:rom_0_1_5|o_ld_data[1]  ;
; lut_rom:rom_0_7_5|o_ld_data[3..5]       ; Merged with lut_rom:rom_0_1_5|o_ld_data[1]  ;
; lut_rom:rom_0_7_2|o_ld_data[3..5]       ; Merged with lut_rom:rom_0_7_2|o_ld_data[2]  ;
; lut_rom:rom_0_7_3|o_ld_data[5]          ; Merged with lut_rom:rom_0_7_3|o_ld_data[4]  ;
; lut_rom:rom_0_7_1|o_ld_data[2..5]       ; Merged with lut_rom:rom_0_7_1|o_ld_data[1]  ;
; lut_rom:rom_0_7_0|o_ld_data[4,5]        ; Merged with lut_rom:rom_0_7_0|o_ld_data[3]  ;
; lut_rom:rom_0_7_11|o_ld_data[4,5]       ; Merged with lut_rom:rom_0_7_11|o_ld_data[3] ;
; lut_rom:rom_0_7_10|o_ld_data[4,5]       ; Merged with lut_rom:rom_0_7_10|o_ld_data[3] ;
; lut_rom:rom_0_0_12|o_ld_data[4,5]       ; Merged with lut_rom:rom_0_0_12|o_ld_data[3] ;
; lut_rom:rom_0_7_12|o_ld_data[3..5]      ; Merged with lut_rom:rom_0_0_12|o_ld_data[3] ;
; lut_rom:rom_0_6_6|o_ld_data[3..5]       ; Merged with lut_rom:rom_0_6_6|o_ld_data[2]  ;
; lut_rom:rom_0_6_8|o_ld_data[4,5]        ; Merged with lut_rom:rom_0_6_8|o_ld_data[3]  ;
; lut_rom:rom_0_6_5|o_ld_data[2..5]       ; Merged with lut_rom:rom_0_6_5|o_ld_data[1]  ;
; lut_rom:rom_0_6_4|o_ld_data[4,5]        ; Merged with lut_rom:rom_0_6_4|o_ld_data[3]  ;
; lut_rom:rom_0_5_3|o_ld_data[4,5]        ; Merged with lut_rom:rom_0_5_3|o_ld_data[3]  ;
; lut_rom:rom_0_6_3|o_ld_data[1..5]       ; Merged with lut_rom:rom_0_5_3|o_ld_data[3]  ;
; lut_rom:rom_0_8_3|o_ld_data[4,5]        ; Merged with lut_rom:rom_0_5_3|o_ld_data[3]  ;
; lut_rom:rom_0_6_2|o_ld_data[4,5]        ; Merged with lut_rom:rom_0_6_2|o_ld_data[3]  ;
; lut_rom:rom_0_6_1|o_ld_data[4,5]        ; Merged with lut_rom:rom_0_6_1|o_ld_data[3]  ;
; lut_rom:rom_0_6_0|o_ld_data[4,5]        ; Merged with lut_rom:rom_0_6_0|o_ld_data[3]  ;
; lut_rom:rom_0_6_11|o_ld_data[3..5]      ; Merged with lut_rom:rom_0_6_11|o_ld_data[2] ;
; lut_rom:rom_0_6_12|o_ld_data[4,5]       ; Merged with lut_rom:rom_0_6_12|o_ld_data[3] ;
; lut_rom:rom_0_6_10|o_ld_data[1]         ; Merged with lut_rom:rom_0_5_10|o_ld_data[1] ;
; lut_rom:rom_0_6_10|o_ld_data[2]         ; Merged with lut_rom:rom_0_5_10|o_ld_data[2] ;
; lut_rom:rom_0_5_10|o_ld_data[4,5]       ; Merged with lut_rom:rom_0_5_10|o_ld_data[3] ;
; lut_rom:rom_0_6_10|o_ld_data[3..5]      ; Merged with lut_rom:rom_0_5_10|o_ld_data[3] ;
; lut_rom:rom_0_6_9|o_ld_data[5]          ; Merged with lut_rom:rom_0_6_9|o_ld_data[4]  ;
; lut_rom:rom_0_0_8|o_ld_data[3..5]       ; Merged with lut_rom:rom_0_0_8|o_ld_data[2]  ;
; lut_rom:rom_0_5_8|o_ld_data[2..5]       ; Merged with lut_rom:rom_0_0_8|o_ld_data[2]  ;
; lut_rom:rom_0_5_7|o_ld_data[4,5]        ; Merged with lut_rom:rom_0_5_7|o_ld_data[3]  ;
; lut_rom:rom_0_5_5|o_ld_data[2..5]       ; Merged with lut_rom:rom_0_5_5|o_ld_data[1]  ;
; lut_rom:rom_0_5_6|o_ld_data[4,5]        ; Merged with lut_rom:rom_0_5_6|o_ld_data[3]  ;
; lut_rom:rom_0_5_2|o_ld_data[3..5]       ; Merged with lut_rom:rom_0_5_2|o_ld_data[2]  ;
; lut_rom:rom_0_5_0|o_ld_data[2..5]       ; Merged with lut_rom:rom_0_5_0|o_ld_data[1]  ;
; lut_rom:rom_0_1_1|o_ld_data[3..5]       ; Merged with lut_rom:rom_0_1_1|o_ld_data[2]  ;
; lut_rom:rom_0_3_1|o_ld_data[2..5]       ; Merged with lut_rom:rom_0_1_1|o_ld_data[2]  ;
; lut_rom:rom_0_5_1|o_ld_data[3..5]       ; Merged with lut_rom:rom_0_1_1|o_ld_data[2]  ;
; lut_rom:rom_0_1_12|o_ld_data[4,5]       ; Merged with lut_rom:rom_0_1_12|o_ld_data[3] ;
; lut_rom:rom_0_5_12|o_ld_data[1..5]      ; Merged with lut_rom:rom_0_1_12|o_ld_data[3] ;
; lut_rom:rom_0_5_11|o_ld_data[3..5]      ; Merged with lut_rom:rom_0_5_11|o_ld_data[2] ;
; lut_rom:rom_0_5_9|o_ld_data[4,5]        ; Merged with lut_rom:rom_0_5_9|o_ld_data[3]  ;
; lut_rom:rom_0_4_9|o_ld_data[4,5]        ; Merged with lut_rom:rom_0_4_9|o_ld_data[3]  ;
; lut_rom:rom_0_4_8|o_ld_data[4,5]        ; Merged with lut_rom:rom_0_4_8|o_ld_data[3]  ;
; lut_rom:rom_0_4_6|o_ld_data[3..5]       ; Merged with lut_rom:rom_0_4_6|o_ld_data[2]  ;
; lut_rom:rom_0_0_7|o_ld_data[4,5]        ; Merged with lut_rom:rom_0_0_7|o_ld_data[3]  ;
; lut_rom:rom_0_1_7|o_ld_data[3..5]       ; Merged with lut_rom:rom_0_0_7|o_ld_data[3]  ;
; lut_rom:rom_0_3_7|o_ld_data[2..5]       ; Merged with lut_rom:rom_0_0_7|o_ld_data[3]  ;
; lut_rom:rom_0_4_7|o_ld_data[3..5]       ; Merged with lut_rom:rom_0_0_7|o_ld_data[3]  ;
; lut_rom:rom_0_8_7|o_ld_data[3..5]       ; Merged with lut_rom:rom_0_0_7|o_ld_data[3]  ;
; lut_rom:rom_0_2_4|o_ld_data[3..5]       ; Merged with lut_rom:rom_0_2_4|o_ld_data[2]  ;
; lut_rom:rom_0_4_4|o_ld_data[1..5]       ; Merged with lut_rom:rom_0_2_4|o_ld_data[2]  ;
; lut_rom:rom_0_4_5|o_ld_data[4,5]        ; Merged with lut_rom:rom_0_4_5|o_ld_data[3]  ;
; lut_rom:rom_0_4_0|o_ld_data[3..5]       ; Merged with lut_rom:rom_0_4_0|o_ld_data[2]  ;
; lut_rom:rom_0_4_3|o_ld_data[5]          ; Merged with lut_rom:rom_0_4_3|o_ld_data[4]  ;
; lut_rom:rom_0_4_11|o_ld_data[3..5]      ; Merged with lut_rom:rom_0_4_11|o_ld_data[2] ;
; lut_rom:rom_0_4_10|o_ld_data[3..5]      ; Merged with lut_rom:rom_0_4_10|o_ld_data[2] ;
; lut_rom:rom_0_4_12|o_ld_data[4,5]       ; Merged with lut_rom:rom_0_4_12|o_ld_data[3] ;
; lut_rom:rom_0_1_11|o_ld_data[3..5]      ; Merged with lut_rom:rom_0_1_11|o_ld_data[2] ;
; lut_rom:rom_0_3_11|o_ld_data[2..5]      ; Merged with lut_rom:rom_0_1_11|o_ld_data[2] ;
; lut_rom:rom_0_3_10|o_ld_data[4,5]       ; Merged with lut_rom:rom_0_3_10|o_ld_data[3] ;
; lut_rom:rom_0_1_9|o_ld_data[4,5]        ; Merged with lut_rom:rom_0_1_9|o_ld_data[3]  ;
; lut_rom:rom_0_3_9|o_ld_data[3..5]       ; Merged with lut_rom:rom_0_1_9|o_ld_data[3]  ;
; lut_rom:rom_0_1_8|o_ld_data[3..5]       ; Merged with lut_rom:rom_0_1_8|o_ld_data[2]  ;
; lut_rom:rom_0_3_8|o_ld_data[3..5]       ; Merged with lut_rom:rom_0_1_8|o_ld_data[2]  ;
; lut_rom:rom_0_8_8|o_ld_data[3..5]       ; Merged with lut_rom:rom_0_1_8|o_ld_data[2]  ;
; lut_rom:rom_0_3_12|o_ld_data[4,5]       ; Merged with lut_rom:rom_0_3_12|o_ld_data[3] ;
; lut_rom:rom_0_3_6|o_ld_data[3..5]       ; Merged with lut_rom:rom_0_3_6|o_ld_data[2]  ;
; lut_rom:rom_0_8_6|o_ld_data[3..5]       ; Merged with lut_rom:rom_0_3_6|o_ld_data[2]  ;
; lut_rom:rom_0_1_5|o_ld_data[3..5]       ; Merged with lut_rom:rom_0_1_5|o_ld_data[2]  ;
; lut_rom:rom_0_3_5|o_ld_data[2..5]       ; Merged with lut_rom:rom_0_1_5|o_ld_data[2]  ;
; lut_rom:rom_0_8_5|o_ld_data[2..5]       ; Merged with lut_rom:rom_0_1_5|o_ld_data[2]  ;
; lut_rom:rom_0_3_4|o_ld_data[3..5]       ; Merged with lut_rom:rom_0_3_4|o_ld_data[2]  ;
; lut_rom:rom_0_3_2|o_ld_data[3..5]       ; Merged with lut_rom:rom_0_3_2|o_ld_data[2]  ;
; lut_rom:rom_0_3_3|o_ld_data[5]          ; Merged with lut_rom:rom_0_3_3|o_ld_data[4]  ;
; lut_rom:rom_0_3_0|o_ld_data[4,5]        ; Merged with lut_rom:rom_0_3_0|o_ld_data[3]  ;
; lut_rom:rom_0_2_11|o_ld_data[4,5]       ; Merged with lut_rom:rom_0_2_11|o_ld_data[3] ;
; lut_rom:rom_0_2_10|o_ld_data[4,5]       ; Merged with lut_rom:rom_0_2_10|o_ld_data[3] ;
; lut_rom:rom_0_2_7|o_ld_data[4,5]        ; Merged with lut_rom:rom_0_2_7|o_ld_data[3]  ;
; lut_rom:rom_0_2_6|o_ld_data[4,5]        ; Merged with lut_rom:rom_0_2_6|o_ld_data[3]  ;
; lut_rom:rom_0_2_3|o_ld_data[4,5]        ; Merged with lut_rom:rom_0_2_3|o_ld_data[3]  ;
; lut_rom:rom_0_2_0|o_ld_data[4,5]        ; Merged with lut_rom:rom_0_2_0|o_ld_data[3]  ;
; lut_rom:rom_0_2_12|o_ld_data[5]         ; Merged with lut_rom:rom_0_2_12|o_ld_data[4] ;
; lut_rom:rom_0_1_6|o_ld_data[3..5]       ; Merged with lut_rom:rom_0_1_6|o_ld_data[2]  ;
; lut_rom:rom_0_1_4|o_ld_data[3..5]       ; Merged with lut_rom:rom_0_1_4|o_ld_data[2]  ;
; lut_rom:rom_0_1_2|o_ld_data[3..5]       ; Merged with lut_rom:rom_0_1_2|o_ld_data[2]  ;
; lut_rom:rom_0_1_3|o_ld_data[5]          ; Merged with lut_rom:rom_0_1_3|o_ld_data[4]  ;
; lut_rom:rom_0_1_0|o_ld_data[4,5]        ; Merged with lut_rom:rom_0_1_0|o_ld_data[3]  ;
; lut_rom:rom_0_8_0|o_ld_data[3..5]       ; Merged with lut_rom:rom_0_1_0|o_ld_data[3]  ;
; lut_rom:rom_0_0_9|o_ld_data[5]          ; Merged with lut_rom:rom_0_0_9|o_ld_data[4]  ;
; lut_rom:rom_0_0_6|o_ld_data[3..5]       ; Merged with lut_rom:rom_0_0_6|o_ld_data[2]  ;
; lut_rom:rom_0_0_4|o_ld_data[3..5]       ; Merged with lut_rom:rom_0_0_4|o_ld_data[2]  ;
; lut_rom:rom_0_0_2|o_ld_data[4,5]        ; Merged with lut_rom:rom_0_0_2|o_ld_data[3]  ;
; lut_rom:rom_0_0_1|o_ld_data[3..5]       ; Merged with lut_rom:rom_0_0_1|o_ld_data[2]  ;
; lut_rom:rom_0_0_0|o_ld_data[5]          ; Merged with lut_rom:rom_0_0_0|o_ld_data[4]  ;
; lut_rom:rom_0_0_11|o_ld_data[3..5]      ; Merged with lut_rom:rom_0_0_11|o_ld_data[2] ;
; lut_rom:rom_0_0_10|o_ld_data[3..5]      ; Merged with lut_rom:rom_0_0_10|o_ld_data[2] ;
; lut_rom:rom_0_9_10|o_ld_data[1..5]      ; Merged with lut_rom:rom_0_0_10|o_ld_data[2] ;
; lut_rom:rom_0_9_9|o_ld_data[3..5]       ; Merged with lut_rom:rom_0_9_9|o_ld_data[2]  ;
; lut_rom:rom_0_9_8|o_ld_data[3..5]       ; Merged with lut_rom:rom_0_9_8|o_ld_data[2]  ;
; lut_rom:rom_0_9_6|o_ld_data[3..5]       ; Merged with lut_rom:rom_0_9_6|o_ld_data[2]  ;
; lut_rom:rom_0_9_7|o_ld_data[4,5]        ; Merged with lut_rom:rom_0_9_7|o_ld_data[3]  ;
; lut_rom:rom_0_9_4|o_ld_data[2..5]       ; Merged with lut_rom:rom_0_9_4|o_ld_data[1]  ;
; lut_rom:rom_0_9_3|o_ld_data[3..5]       ; Merged with lut_rom:rom_0_9_3|o_ld_data[2]  ;
; lut_rom:rom_0_9_0|o_ld_data[3..5]       ; Merged with lut_rom:rom_0_9_0|o_ld_data[2]  ;
; lut_rom:rom_0_9_2|o_ld_data[4,5]        ; Merged with lut_rom:rom_0_9_2|o_ld_data[3]  ;
; lut_rom:rom_0_9_12|o_ld_data[3..5]      ; Merged with lut_rom:rom_0_9_12|o_ld_data[2] ;
; lut_rom:rom_0_8_11|o_ld_data[4,5]       ; Merged with lut_rom:rom_0_8_11|o_ld_data[3] ;
; lut_rom:rom_0_8_10|o_ld_data[5]         ; Merged with lut_rom:rom_0_8_10|o_ld_data[4] ;
; lut_rom:rom_0_8_9|o_ld_data[4,5]        ; Merged with lut_rom:rom_0_8_9|o_ld_data[3]  ;
; lut_rom:rom_0_8_12|o_ld_data[4,5]       ; Merged with lut_rom:rom_0_8_12|o_ld_data[3] ;
; lut_rom:rom_0_8_4|o_ld_data[4,5]        ; Merged with lut_rom:rom_0_8_4|o_ld_data[3]  ;
; lut_rom:rom_0_8_2|o_ld_data[3..5]       ; Merged with lut_rom:rom_0_8_2|o_ld_data[2]  ;
; lut_rom:rom_0_8_1|o_ld_data[3..5]       ; Merged with lut_rom:rom_0_8_1|o_ld_data[2]  ;
; lut_rom:rom_1_2_5|o_ld_data[3]          ; Stuck at GND due to stuck port data_in      ;
; lut_rom:rom_1_2_1|o_ld_data[3]          ; Stuck at GND due to stuck port data_in      ;
; lut_rom:rom_1_1_9|o_ld_data[2]          ; Stuck at GND due to stuck port data_in      ;
; lut_rom:rom_1_1_4|o_ld_data[2]          ; Stuck at GND due to stuck port data_in      ;
; lut_rom:rom_1_0_6|o_ld_data[2]          ; Stuck at GND due to stuck port data_in      ;
; registers:node_0_9|q[0]                 ; Lost fanout                                 ;
; registers:r_0_9|q[0]                    ; Lost fanout                                 ;
; lut_rom:rom_0_7_2|o_ld_data[2]          ; Stuck at GND due to stuck port data_in      ;
; lut_rom:rom_0_5_3|o_ld_data[3]          ; Stuck at GND due to stuck port data_in      ;
; lut_rom:rom_0_3_10|o_ld_data[3]         ; Stuck at GND due to stuck port data_in      ;
; lut_rom:rom_0_3_6|o_ld_data[2]          ; Stuck at GND due to stuck port data_in      ;
; lut_rom:rom_0_2_4|o_ld_data[2]          ; Stuck at GND due to stuck port data_in      ;
; lut_rom:rom_0_1_11|o_ld_data[2]         ; Stuck at GND due to stuck port data_in      ;
; lut_rom:rom_0_1_8|o_ld_data[2]          ; Stuck at GND due to stuck port data_in      ;
; lut_rom:rom_0_1_5|o_ld_data[2]          ; Stuck at GND due to stuck port data_in      ;
; lut_rom:rom_0_1_1|o_ld_data[2]          ; Stuck at GND due to stuck port data_in      ;
; lut_rom:rom_0_0_7|o_ld_data[3]          ; Stuck at GND due to stuck port data_in      ;
; registers:r_1_0_1_1|q[7]                ; Merged with registers:r_1_0_1_1|q[6]        ;
; registers:r_1_0_1_0|q[7]                ; Merged with registers:r_1_0_1_0|q[6]        ;
; registers:r_1_0_1_2|q[3..6]             ; Merged with registers:r_1_0_1_2|q[2]        ;
; registers:r_1_1_1_1|q[6,7]              ; Merged with registers:r_1_1_1_1|q[5]        ;
; registers:r_1_1_1_0|q[7]                ; Merged with registers:r_1_1_1_0|q[6]        ;
; registers:r_1_1_1_2|q[6]                ; Merged with registers:r_1_1_1_2|q[5]        ;
; registers:r_1_2_1_1|q[7]                ; Merged with registers:r_1_2_1_1|q[6]        ;
; registers:r_1_2_1_0|q[7]                ; Merged with registers:r_1_2_1_0|q[6]        ;
; registers:r_0_3_1_2|q[6,7]              ; Merged with registers:r_0_3_1_2|q[5]        ;
; registers:r_0_8_1_2|q[7]                ; Merged with registers:r_0_8_1_2|q[6]        ;
; registers:r_0_3_1_1|q[5..7]             ; Merged with registers:r_0_3_1_1|q[4]        ;
; registers:r_0_3_1_0|q[7]                ; Merged with registers:r_0_3_1_0|q[6]        ;
; registers:r_0_9_1_1|q[6,7]              ; Merged with registers:r_0_9_1_1|q[5]        ;
; registers:r_0_9_1_0|q[6,7]              ; Merged with registers:r_0_9_1_0|q[5]        ;
; registers:r_0_9_1_2|q[4..6]             ; Merged with registers:r_0_9_1_2|q[3]        ;
; registers:r_0_8_1_1|q[6,7]              ; Merged with registers:r_0_8_1_1|q[5]        ;
; registers:r_0_8_1_0|q[7]                ; Merged with registers:r_0_8_1_0|q[6]        ;
; registers:r_0_6_1_2|q[7]                ; Merged with registers:r_0_6_1_2|q[6]        ;
; registers:r_0_6_1_1|q[6,7]              ; Merged with registers:r_0_6_1_1|q[5]        ;
; registers:r_0_6_1_0|q[6,7]              ; Merged with registers:r_0_6_1_0|q[5]        ;
; registers:r_0_4_1_2|q[5..7]             ; Merged with registers:r_0_4_1_2|q[4]        ;
; registers:r_0_4_1_1|q[6,7]              ; Merged with registers:r_0_4_1_1|q[5]        ;
; registers:r_0_4_1_0|q[7]                ; Merged with registers:r_0_4_1_0|q[6]        ;
; registers:r_0_5_1_2|q[6,7]              ; Merged with registers:r_0_5_1_2|q[5]        ;
; registers:r_0_5_1_1|q[6,7]              ; Merged with registers:r_0_5_1_1|q[5]        ;
; registers:r_0_5_1_0|q[6,7]              ; Merged with registers:r_0_5_1_0|q[5]        ;
; registers:r_0_7_1_2|q[6,7]              ; Merged with registers:r_0_7_1_2|q[5]        ;
; registers:r_0_7_1_1|q[6,7]              ; Merged with registers:r_0_7_1_1|q[5]        ;
; registers:r_0_7_1_0|q[7]                ; Merged with registers:r_0_7_1_0|q[6]        ;
; registers:r_0_2_1_1|q[6,7]              ; Merged with registers:r_0_2_1_1|q[5]        ;
; registers:r_0_2_1_0|q[6,7]              ; Merged with registers:r_0_2_1_0|q[5]        ;
; registers:r_0_1_1_2|q[6,7]              ; Merged with registers:r_0_1_1_2|q[5]        ;
; registers:r_0_1_1_1|q[6,7]              ; Merged with registers:r_0_1_1_1|q[5]        ;
; registers:r_0_1_1_0|q[7]                ; Merged with registers:r_0_1_1_0|q[6]        ;
; registers:r_0_0_1_2|q[5..7]             ; Merged with registers:r_0_0_1_2|q[4]        ;
; registers:r_0_0_1_1|q[7]                ; Merged with registers:r_0_0_1_1|q[6]        ;
; registers:r_0_0_1_0|q[7]                ; Merged with registers:r_0_0_1_0|q[6]        ;
; lut_rom:rom_0_4_4|o_ld_data[0]          ; Merged with lut_rom:rom_0_3_5|o_ld_data[1]  ;
; Total Number of Removed Registers = 469 ;                                             ;
+-----------------------------------------+---------------------------------------------+


+---------------------------------------------------------------------------------------+
; Removed Registers Triggering Further Register Optimizations                           ;
+-------------------------+--------------------+----------------------------------------+
; Register name           ; Reason for Removal ; Registers Removed due to This Register ;
+-------------------------+--------------------+----------------------------------------+
; registers:node_0_9|q[0] ; Lost Fanouts       ; registers:r_0_9|q[0]                   ;
+-------------------------+--------------------+----------------------------------------+


+------------------------------------------------------+
; General Register Statistics                          ;
+----------------------------------------------+-------+
; Statistic                                    ; Value ;
+----------------------------------------------+-------+
; Total registers                              ; 907   ;
; Number of registers using Synchronous Clear  ; 104   ;
; Number of registers using Synchronous Load   ; 0     ;
; Number of registers using Asynchronous Clear ; 907   ;
; Number of registers using Asynchronous Load  ; 0     ;
; Number of registers using Clock Enable       ; 907   ;
; Number of registers using Preset             ; 0     ;
+----------------------------------------------+-------+


+--------------------------------------------------------------------------+
; Parameter Settings for User Entity Instance: Top-level Entity: |kan_core ;
+----------------+-------+-------------------------------------------------+
; Parameter Name ; Value ; Type                                            ;
+----------------+-------+-------------------------------------------------+
; IN_FEATURES    ; 13    ; Signed Integer                                  ;
; IN_WIDTH       ; 6     ; Signed Integer                                  ;
; OUT_FEATURES   ; 3     ; Signed Integer                                  ;
; OUT_WIDTH      ; 6     ; Signed Integer                                  ;
+----------------+-------+-------------------------------------------------+
Note: In order to hide this table in the UI and the text report file, please set the "Show Parameter Settings in Synthesis Report" option in "Analysis and Synthesis Settings -> More Settings" to "Off".


+--------------------------------------------------------------------------------------------------------------------+
; Parameter Settings for User Entity Instance: lut_rom:rom_0_0_0                                                     ;
+----------------+----------------------------------------------------------------------------------+----------------+
; Parameter Name ; Value                                                                            ; Type           ;
+----------------+----------------------------------------------------------------------------------+----------------+
; DATA_WIDTH     ; 6                                                                                ; Signed Integer ;
; ADDR_WIDTH     ; 6                                                                                ; Signed Integer ;
; INIT           ; A(B"000001",B"000001",B"000001",B"000001",B"000001",B"000010",B"000010",B"000010 ; Array/Record   ;
; INIT           ; ",B"000010",B"000010",B"000011",B"000011",B"000011",B"000011",B"000011",B"000100 ;                ;
; INIT           ; ",B"000100",B"000100",B"000100",B"000101",B"000101",B"000101",B"000101",B"000110 ;                ;
; INIT           ; ",B"000110",B"000110",B"000111",B"000111",B"000111",B"000111",B"001000",B"001000 ;                ;
; INIT           ; ",B"111110",B"111110",B"111110",B"111110",B"111110",B"111110",B"111110",B"111110 ;                ;
; INIT           ; ",B"111110",B"111110",B"111110",B"111110",B"111111",B"111111",B"111111",B"111111 ;                ;
; INIT           ; ",B"111111",B"111111",B"111111",B"111111",B"111111",B"111111",B"111111",B"111111 ;                ;
; INIT           ; ",B"000000",B"000000",B"000000",B"000000",B"000000",B"000000",B"000000",B"000001 ;                ;
;                ; ")                                                                               ;                ;
+----------------+----------------------------------------------------------------------------------+----------------+
Note: In order to hide this table in the UI and the text report file, please set the "Show Parameter Settings in Synthesis Report" option in "Analysis and Synthesis Settings -> More Settings" to "Off".


+--------------------------------------------------------------------------------------------------------------------+
; Parameter Settings for User Entity Instance: lut_rom:rom_0_0_1                                                     ;
+----------------+----------------------------------------------------------------------------------+----------------+
; Parameter Name ; Value                                                                            ; Type           ;
+----------------+----------------------------------------------------------------------------------+----------------+
; DATA_WIDTH     ; 6                                                                                ; Signed Integer ;
; ADDR_WIDTH     ; 6                                                                                ; Signed Integer ;
; INIT           ; A(B"000000",B"000000",B"000000",B"000000",B"000000",B"000001",B"000001",B"000001 ; Array/Record   ;
; INIT           ; ",B"000001",B"000001",B"000001",B"000001",B"000001",B"000001",B"000001",B"000001 ;                ;
; INIT           ; ",B"000001",B"000010",B"000010",B"000010",B"000010",B"000010",B"000010",B"000010 ;                ;
; INIT           ; ",B"000010",B"000010",B"000010",B"000011",B"000011",B"000011",B"000011",B"000011 ;                ;
; INIT           ; ",B"111111",B"111111",B"111111",B"111111",B"111111",B"111111",B"111111",B"111111 ;                ;
; INIT           ; ",B"111111",B"111111",B"111111",B"111111",B"000000",B"000000",B"000000",B"000000 ;                ;
; INIT           ; ",B"000000",B"000000",B"000000",B"000000",B"000000",B"000000",B"000000",B"000000 ;                ;
; INIT           ; ",B"000000",B"000000",B"000000",B"000000",B"000000",B"000000",B"000000",B"000000 ;                ;
;                ; ")                                                                               ;                ;
+----------------+----------------------------------------------------------------------------------+----------------+
Note: In order to hide this table in the UI and the text report file, please set the "Show Parameter Settings in Synthesis Report" option in "Analysis and Synthesis Settings -> More Settings" to "Off".


+--------------------------------------------------------------------------------------------------------------------+
; Parameter Settings for User Entity Instance: lut_rom:rom_0_0_2                                                     ;
+----------------+----------------------------------------------------------------------------------+----------------+
; Parameter Name ; Value                                                                            ; Type           ;
+----------------+----------------------------------------------------------------------------------+----------------+
; DATA_WIDTH     ; 6                                                                                ; Signed Integer ;
; ADDR_WIDTH     ; 6                                                                                ; Signed Integer ;
; INIT           ; A(B"000000",B"000000",B"000000",B"000000",B"000001",B"000001",B"000001",B"000001 ; Array/Record   ;
; INIT           ; ",B"000001",B"000001",B"000010",B"000010",B"000010",B"000010",B"000010",B"000010 ;                ;
; INIT           ; ",B"000011",B"000011",B"000011",B"000011",B"000011",B"000100",B"000100",B"000100 ;                ;
; INIT           ; ",B"000100",B"000100",B"000101",B"000101",B"000101",B"000101",B"000101",B"000110 ;                ;
; INIT           ; ",B"111111",B"111111",B"111111",B"111111",B"111111",B"111111",B"111111",B"111111 ;                ;
; INIT           ; ",B"111111",B"111111",B"111111",B"111111",B"111111",B"111111",B"111111",B"111111 ;                ;
; INIT           ; ",B"111111",B"111111",B"111111",B"111111",B"111111",B"111111",B"111111",B"111111 ;                ;
; INIT           ; ",B"111111",B"111111",B"000000",B"000000",B"000000",B"000000",B"000000",B"000000 ;                ;
;                ; ")                                                                               ;                ;
+----------------+----------------------------------------------------------------------------------+----------------+
Note: In order to hide this table in the UI and the text report file, please set the "Show Parameter Settings in Synthesis Report" option in "Analysis and Synthesis Settings -> More Settings" to "Off".


+--------------------------------------------------------------------------------------------------------------------+
; Parameter Settings for User Entity Instance: lut_rom:rom_0_0_4                                                     ;
+----------------+----------------------------------------------------------------------------------+----------------+
; Parameter Name ; Value                                                                            ; Type           ;
+----------------+----------------------------------------------------------------------------------+----------------+
; DATA_WIDTH     ; 6                                                                                ; Signed Integer ;
; ADDR_WIDTH     ; 6                                                                                ; Signed Integer ;
; INIT           ; A(B"000000",B"000000",B"000000",B"000000",B"000000",B"000000",B"000001",B"000001 ; Array/Record   ;
; INIT           ; ",B"000001",B"000001",B"000001",B"000001",B"000001",B"000001",B"000001",B"000001 ;                ;
; INIT           ; ",B"000001",B"000010",B"000010",B"000010",B"000010",B"000010",B"000010",B"000010 ;                ;
; INIT           ; ",B"000010",B"000010",B"000010",B"000011",B"000011",B"000011",B"000011",B"000011 ;                ;
; INIT           ; ",B"111111",B"111111",B"111111",B"111111",B"111111",B"111111",B"111111",B"111111 ;                ;
; INIT           ; ",B"111111",B"111111",B"111111",B"111111",B"111111",B"111111",B"111111",B"111111 ;                ;
; INIT           ; ",B"111111",B"000000",B"000000",B"000000",B"000000",B"000000",B"000000",B"000000 ;                ;
; INIT           ; ",B"000000",B"000000",B"000000",B"000000",B"000000",B"000000",B"000000",B"000000 ;                ;
;                ; ")                                                                               ;                ;
+----------------+----------------------------------------------------------------------------------+----------------+
Note: In order to hide this table in the UI and the text report file, please set the "Show Parameter Settings in Synthesis Report" option in "Analysis and Synthesis Settings -> More Settings" to "Off".


+--------------------------------------------------------------------------------------------------------------------+
; Parameter Settings for User Entity Instance: lut_rom:rom_0_0_6                                                     ;
+----------------+----------------------------------------------------------------------------------+----------------+
; Parameter Name ; Value                                                                            ; Type           ;
+----------------+----------------------------------------------------------------------------------+----------------+
; DATA_WIDTH     ; 6                                                                                ; Signed Integer ;
; ADDR_WIDTH     ; 6                                                                                ; Signed Integer ;
; INIT           ; A(B"000001",B"000000",B"000000",B"000000",B"000000",B"000000",B"000000",B"000000 ; Array/Record   ;
; INIT           ; ",B"000000",B"000000",B"111111",B"111111",B"111111",B"111111",B"111111",B"111111 ;                ;
; INIT           ; ",B"111111",B"111111",B"111110",B"111110",B"111110",B"111110",B"111110",B"111110 ;                ;
; INIT           ; ",B"111110",B"111101",B"111101",B"111101",B"111101",B"111101",B"111101",B"111101 ;                ;
; INIT           ; ",B"000010",B"000010",B"000010",B"000010",B"000010",B"000010",B"000010",B"000010 ;                ;
; INIT           ; ",B"000010",B"000010",B"000010",B"000010",B"000010",B"000010",B"000010",B"000010 ;                ;
; INIT           ; ",B"000010",B"000010",B"000010",B"000010",B"000010",B"000001",B"000001",B"000001 ;                ;
; INIT           ; ",B"000001",B"000001",B"000001",B"000001",B"000001",B"000001",B"000001",B"000001 ;                ;
;                ; ")                                                                               ;                ;
+----------------+----------------------------------------------------------------------------------+----------------+
Note: In order to hide this table in the UI and the text report file, please set the "Show Parameter Settings in Synthesis Report" option in "Analysis and Synthesis Settings -> More Settings" to "Off".


+--------------------------------------------------------------------------------------------------------------------+
; Parameter Settings for User Entity Instance: lut_rom:rom_0_0_7                                                     ;
+----------------+----------------------------------------------------------------------------------+----------------+
; Parameter Name ; Value                                                                            ; Type           ;
+----------------+----------------------------------------------------------------------------------+----------------+
; DATA_WIDTH     ; 6                                                                                ; Signed Integer ;
; ADDR_WIDTH     ; 6                                                                                ; Signed Integer ;
; INIT           ; A(B"000001",B"000001",B"000001",B"000001",B"000001",B"000001",B"000001",B"000001 ; Array/Record   ;
; INIT           ; ",B"000010",B"000010",B"000010",B"000010",B"000010",B"000010",B"000010",B"000010 ;                ;
; INIT           ; ",B"000010",B"000010",B"000011",B"000011",B"000011",B"000011",B"000011",B"000011 ;                ;
; INIT           ; ",B"000011",B"000011",B"000011",B"000100",B"000100",B"000100",B"000100",B"000100 ;                ;
; INIT           ; ",B"000000",B"000000",B"000000",B"000000",B"000000",B"000000",B"000000",B"000000 ;                ;
; INIT           ; ",B"000000",B"000000",B"000000",B"000000",B"000000",B"000000",B"000000",B"000000 ;                ;
; INIT           ; ",B"000000",B"000000",B"000000",B"000000",B"000000",B"000000",B"000000",B"000001 ;                ;
; INIT           ; ",B"000001",B"000001",B"000001",B"000001",B"000001",B"000001",B"000001",B"000001 ;                ;
;                ; ")                                                                               ;                ;
+----------------+----------------------------------------------------------------------------------+----------------+
Note: In order to hide this table in the UI and the text report file, please set the "Show Parameter Settings in Synthesis Report" option in "Analysis and Synthesis Settings -> More Settings" to "Off".


+--------------------------------------------------------------------------------------------------------------------+
; Parameter Settings for User Entity Instance: lut_rom:rom_0_0_8                                                     ;
+----------------+----------------------------------------------------------------------------------+----------------+
; Parameter Name ; Value                                                                            ; Type           ;
+----------------+----------------------------------------------------------------------------------+----------------+
; DATA_WIDTH     ; 6                                                                                ; Signed Integer ;
; ADDR_WIDTH     ; 6                                                                                ; Signed Integer ;
; INIT           ; A(B"000000",B"000000",B"000000",B"000000",B"000000",B"000000",B"000000",B"000000 ; Array/Record   ;
; INIT           ; ",B"000000",B"111111",B"111111",B"111111",B"111111",B"111111",B"111111",B"111111 ;                ;
; INIT           ; ",B"111111",B"111111",B"111110",B"111110",B"111110",B"111110",B"111110",B"111110 ;                ;
; INIT           ; ",B"111110",B"111101",B"111101",B"111101",B"111101",B"111101",B"111101",B"111101 ;                ;
; INIT           ; ",B"000001",B"000001",B"000001",B"000001",B"000001",B"000001",B"000001",B"000001 ;                ;
; INIT           ; ",B"000001",B"000001",B"000001",B"000001",B"000001",B"000001",B"000001",B"000001 ;                ;
; INIT           ; ",B"000001",B"000001",B"000001",B"000001",B"000001",B"000001",B"000001",B"000001 ;                ;
; INIT           ; ",B"000001",B"000001",B"000001",B"000001",B"000001",B"000001",B"000000",B"000000 ;                ;
;                ; ")                                                                               ;                ;
+----------------+----------------------------------------------------------------------------------+----------------+
Note: In order to hide this table in the UI and the text report file, please set the "Show Parameter Settings in Synthesis Report" option in "Analysis and Synthesis Settings -> More Settings" to "Off".


+--------------------------------------------------------------------------------------------------------------------+
; Parameter Settings for User Entity Instance: lut_rom:rom_0_0_9                                                     ;
+----------------+----------------------------------------------------------------------------------+----------------+
; Parameter Name ; Value                                                                            ; Type           ;
+----------------+----------------------------------------------------------------------------------+----------------+
; DATA_WIDTH     ; 6                                                                                ; Signed Integer ;
; ADDR_WIDTH     ; 6                                                                                ; Signed Integer ;
; INIT           ; A(B"000001",B"000001",B"000001",B"000010",B"000010",B"000010",B"000010",B"000010 ; Array/Record   ;
; INIT           ; ",B"000011",B"000011",B"000011",B"000011",B"000011",B"000100",B"000100",B"000100 ;                ;
; INIT           ; ",B"000100",B"000100",B"000101",B"000101",B"000101",B"000101",B"000110",B"000110 ;                ;
; INIT           ; ",B"000110",B"000110",B"000111",B"000111",B"000111",B"000111",B"001000",B"001000 ;                ;
; INIT           ; ",B"111101",B"111110",B"111110",B"111110",B"111110",B"111110",B"111110",B"111110 ;                ;
; INIT           ; ",B"111110",B"111110",B"111110",B"111110",B"111110",B"111111",B"111111",B"111111 ;                ;
; INIT           ; ",B"111111",B"111111",B"111111",B"111111",B"111111",B"111111",B"000000",B"000000 ;                ;
; INIT           ; ",B"000000",B"000000",B"000000",B"000000",B"000000",B"000001",B"000001",B"000001 ;                ;
;                ; ")                                                                               ;                ;
+----------------+----------------------------------------------------------------------------------+----------------+
Note: In order to hide this table in the UI and the text report file, please set the "Show Parameter Settings in Synthesis Report" option in "Analysis and Synthesis Settings -> More Settings" to "Off".


+--------------------------------------------------------------------------------------------------------------------+
; Parameter Settings for User Entity Instance: lut_rom:rom_0_0_10                                                    ;
+----------------+----------------------------------------------------------------------------------+----------------+
; Parameter Name ; Value                                                                            ; Type           ;
+----------------+----------------------------------------------------------------------------------+----------------+
; DATA_WIDTH     ; 6                                                                                ; Signed Integer ;
; ADDR_WIDTH     ; 6                                                                                ; Signed Integer ;
; INIT           ; A(B"000001",B"000001",B"000000",B"000000",B"000000",B"000000",B"000000",B"000000 ; Array/Record   ;
; INIT           ; ",B"000000",B"111111",B"111111",B"111111",B"111111",B"111111",B"111111",B"111111 ;                ;
; INIT           ; ",B"111110",B"111110",B"111110",B"111110",B"111110",B"111110",B"111101",B"111101 ;                ;
; INIT           ; ",B"111101",B"111101",B"111101",B"111100",B"111100",B"111100",B"111100",B"111100 ;                ;
; INIT           ; ",B"000011",B"000011",B"000011",B"000011",B"000010",B"000010",B"000010",B"000010 ;                ;
; INIT           ; ",B"000010",B"000010",B"000010",B"000010",B"000010",B"000010",B"000010",B"000010 ;                ;
; INIT           ; ",B"000010",B"000010",B"000010",B"000010",B"000010",B"000010",B"000010",B"000010 ;                ;
; INIT           ; ",B"000001",B"000001",B"000001",B"000001",B"000001",B"000001",B"000001",B"000001 ;                ;
;                ; ")                                                                               ;                ;
+----------------+----------------------------------------------------------------------------------+----------------+
Note: In order to hide this table in the UI and the text report file, please set the "Show Parameter Settings in Synthesis Report" option in "Analysis and Synthesis Settings -> More Settings" to "Off".


+--------------------------------------------------------------------------------------------------------------------+
; Parameter Settings for User Entity Instance: lut_rom:rom_0_0_11                                                    ;
+----------------+----------------------------------------------------------------------------------+----------------+
; Parameter Name ; Value                                                                            ; Type           ;
+----------------+----------------------------------------------------------------------------------+----------------+
; DATA_WIDTH     ; 6                                                                                ; Signed Integer ;
; ADDR_WIDTH     ; 6                                                                                ; Signed Integer ;
; INIT           ; A(B"000000",B"000000",B"000000",B"000000",B"000000",B"000000",B"000000",B"000000 ; Array/Record   ;
; INIT           ; ",B"111111",B"111111",B"111111",B"111111",B"111111",B"111111",B"111111",B"111111 ;                ;
; INIT           ; ",B"111110",B"111110",B"111110",B"111110",B"111110",B"111110",B"111110",B"111101 ;                ;
; INIT           ; ",B"111101",B"111101",B"111101",B"111101",B"111101",B"111100",B"111100",B"111100 ;                ;
; INIT           ; ",B"000001",B"000001",B"000001",B"000001",B"000001",B"000001",B"000001",B"000001 ;                ;
; INIT           ; ",B"000001",B"000001",B"000001",B"000001",B"000001",B"000001",B"000001",B"000001 ;                ;
; INIT           ; ",B"000001",B"000001",B"000001",B"000001",B"000001",B"000001",B"000001",B"000001 ;                ;
; INIT           ; ",B"000001",B"000001",B"000001",B"000001",B"000001",B"000000",B"000000",B"000000 ;                ;
;                ; ")                                                                               ;                ;
+----------------+----------------------------------------------------------------------------------+----------------+
Note: In order to hide this table in the UI and the text report file, please set the "Show Parameter Settings in Synthesis Report" option in "Analysis and Synthesis Settings -> More Settings" to "Off".


+--------------------------------------------------------------------------------------------------------------------+
; Parameter Settings for User Entity Instance: lut_rom:rom_0_0_12                                                    ;
+----------------+----------------------------------------------------------------------------------+----------------+
; Parameter Name ; Value                                                                            ; Type           ;
+----------------+----------------------------------------------------------------------------------+----------------+
; DATA_WIDTH     ; 6                                                                                ; Signed Integer ;
; ADDR_WIDTH     ; 6                                                                                ; Signed Integer ;
; INIT           ; A(B"000000",B"000001",B"000001",B"000001",B"000001",B"000001",B"000001",B"000001 ; Array/Record   ;
; INIT           ; ",B"000010",B"000010",B"000010",B"000010",B"000010",B"000011",B"000011",B"000011 ;                ;
; INIT           ; ",B"000011",B"000011",B"000100",B"000100",B"000100",B"000100",B"000101",B"000101 ;                ;
; INIT           ; ",B"000101",B"000101",B"000110",B"000110",B"000110",B"000110",B"000111",B"000111 ;                ;
; INIT           ; ",B"111110",B"111110",B"111110",B"111110",B"111110",B"111110",B"111110",B"111110 ;                ;
; INIT           ; ",B"111110",B"111111",B"111111",B"111111",B"111111",B"111111",B"111111",B"111111 ;                ;
; INIT           ; ",B"111111",B"111111",B"111111",B"111111",B"111111",B"111111",B"111111",B"111111 ;                ;
; INIT           ; ",B"111111",B"000000",B"000000",B"000000",B"000000",B"000000",B"000000",B"000000 ;                ;
;                ; ")                                                                               ;                ;
+----------------+----------------------------------------------------------------------------------+----------------+
Note: In order to hide this table in the UI and the text report file, please set the "Show Parameter Settings in Synthesis Report" option in "Analysis and Synthesis Settings -> More Settings" to "Off".


+------------------------------------------------------------------+
; Parameter Settings for User Entity Instance: registers:r_0_0_1_0 ;
+----------------+-------+-----------------------------------------+
; Parameter Name ; Value ; Type                                    ;
+----------------+-------+-----------------------------------------+
; ARRAY_WIDTH    ; 8     ; Signed Integer                          ;
+----------------+-------+-----------------------------------------+
Note: In order to hide this table in the UI and the text report file, please set the "Show Parameter Settings in Synthesis Report" option in "Analysis and Synthesis Settings -> More Settings" to "Off".


+------------------------------------------------------------------+
; Parameter Settings for User Entity Instance: registers:r_0_0_1_1 ;
+----------------+-------+-----------------------------------------+
; Parameter Name ; Value ; Type                                    ;
+----------------+-------+-----------------------------------------+
; ARRAY_WIDTH    ; 8     ; Signed Integer                          ;
+----------------+-------+-----------------------------------------+
Note: In order to hide this table in the UI and the text report file, please set the "Show Parameter Settings in Synthesis Report" option in "Analysis and Synthesis Settings -> More Settings" to "Off".


+------------------------------------------------------------------+
; Parameter Settings for User Entity Instance: registers:r_0_0_1_2 ;
+----------------+-------+-----------------------------------------+
; Parameter Name ; Value ; Type                                    ;
+----------------+-------+-----------------------------------------+
; ARRAY_WIDTH    ; 8     ; Signed Integer                          ;
+----------------+-------+-----------------------------------------+
Note: In order to hide this table in the UI and the text report file, please set the "Show Parameter Settings in Synthesis Report" option in "Analysis and Synthesis Settings -> More Settings" to "Off".


+--------------------------------------------------------------+
; Parameter Settings for User Entity Instance: registers:r_0_0 ;
+----------------+-------+-------------------------------------+
; Parameter Name ; Value ; Type                                ;
+----------------+-------+-------------------------------------+
; ARRAY_WIDTH    ; 10    ; Signed Integer                      ;
+----------------+-------+-------------------------------------+
Note: In order to hide this table in the UI and the text report file, please set the "Show Parameter Settings in Synthesis Report" option in "Analysis and Synthesis Settings -> More Settings" to "Off".


+--------------------------------------------------------------------+
; Parameter Settings for User Entity Instance: saturate_clip:sat_0_0 ;
+----------------+-------+-------------------------------------------+
; Parameter Name ; Value ; Type                                      ;
+----------------+-------+-------------------------------------------+
; IN_WIDTH       ; 10    ; Signed Integer                            ;
; OUT_WIDTH      ; 6     ; Signed Integer                            ;
+----------------+-------+-------------------------------------------+
Note: In order to hide this table in the UI and the text report file, please set the "Show Parameter Settings in Synthesis Report" option in "Analysis and Synthesis Settings -> More Settings" to "Off".


+--------------------------------------------------------------------------------------------------------------------+
; Parameter Settings for User Entity Instance: lut_rom:rom_0_1_0                                                     ;
+----------------+----------------------------------------------------------------------------------+----------------+
; Parameter Name ; Value                                                                            ; Type           ;
+----------------+----------------------------------------------------------------------------------+----------------+
; DATA_WIDTH     ; 6                                                                                ; Signed Integer ;
; ADDR_WIDTH     ; 6                                                                                ; Signed Integer ;
; INIT           ; A(B"000001",B"000001",B"000001",B"000001",B"000001",B"000000",B"000000",B"000000 ; Array/Record   ;
; INIT           ; ",B"000000",B"000000",B"111111",B"111111",B"111111",B"111111",B"111110",B"111110 ;                ;
; INIT           ; ",B"111110",B"111110",B"111110",B"111101",B"111101",B"111101",B"111101",B"111100 ;                ;
; INIT           ; ",B"111100",B"111100",B"111011",B"111011",B"111011",B"111011",B"111010",B"111010 ;                ;
; INIT           ; ",B"000011",B"000011",B"000011",B"000011",B"000011",B"000011",B"000011",B"000011 ;                ;
; INIT           ; ",B"000011",B"000011",B"000011",B"000011",B"000011",B"000011",B"000011",B"000011 ;                ;
; INIT           ; ",B"000011",B"000011",B"000011",B"000011",B"000011",B"000010",B"000010",B"000010 ;                ;
; INIT           ; ",B"000010",B"000010",B"000010",B"000010",B"000010",B"000010",B"000001",B"000001 ;                ;
;                ; ")                                                                               ;                ;
+----------------+----------------------------------------------------------------------------------+----------------+
Note: In order to hide this table in the UI and the text report file, please set the "Show Parameter Settings in Synthesis Report" option in "Analysis and Synthesis Settings -> More Settings" to "Off".


+--------------------------------------------------------------------------------------------------------------------+
; Parameter Settings for User Entity Instance: lut_rom:rom_0_1_1                                                     ;
+----------------+----------------------------------------------------------------------------------+----------------+
; Parameter Name ; Value                                                                            ; Type           ;
+----------------+----------------------------------------------------------------------------------+----------------+
; DATA_WIDTH     ; 6                                                                                ; Signed Integer ;
; ADDR_WIDTH     ; 6                                                                                ; Signed Integer ;
; INIT           ; A(B"000010",B"000010",B"000010",B"000010",B"000010",B"000010",B"000010",B"000010 ; Array/Record   ;
; INIT           ; ",B"000010",B"000010",B"000010",B"000010",B"000010",B"000010",B"000010",B"000010 ;                ;
; INIT           ; ",B"000010",B"000010",B"000010",B"000010",B"000001",B"000001",B"000001",B"000001 ;                ;
; INIT           ; ",B"000001",B"000001",B"000001",B"000001",B"000001",B"000001",B"000001",B"000001 ;                ;
; INIT           ; ",B"000010",B"000010",B"000010",B"000010",B"000010",B"000010",B"000010",B"000010 ;                ;
; INIT           ; ",B"000010",B"000010",B"000010",B"000010",B"000010",B"000010",B"000010",B"000010 ;                ;
; INIT           ; ",B"000010",B"000010",B"000010",B"000010",B"000010",B"000010",B"000010",B"000010 ;                ;
; INIT           ; ",B"000010",B"000010",B"000010",B"000010",B"000010",B"000010",B"000010",B"000010 ;                ;
;                ; ")                                                                               ;                ;
+----------------+----------------------------------------------------------------------------------+----------------+
Note: In order to hide this table in the UI and the text report file, please set the "Show Parameter Settings in Synthesis Report" option in "Analysis and Synthesis Settings -> More Settings" to "Off".


+--------------------------------------------------------------------------------------------------------------------+
; Parameter Settings for User Entity Instance: lut_rom:rom_0_1_2                                                     ;
+----------------+----------------------------------------------------------------------------------+----------------+
; Parameter Name ; Value                                                                            ; Type           ;
+----------------+----------------------------------------------------------------------------------+----------------+
; DATA_WIDTH     ; 6                                                                                ; Signed Integer ;
; ADDR_WIDTH     ; 6                                                                                ; Signed Integer ;
; INIT           ; A(B"000010",B"000001",B"000001",B"000001",B"000001",B"000001",B"000001",B"000001 ; Array/Record   ;
; INIT           ; ",B"000001",B"000001",B"000000",B"000000",B"000000",B"000000",B"000000",B"000000 ;                ;
; INIT           ; ",B"000000",B"111111",B"111111",B"111111",B"111111",B"111111",B"111111",B"111110 ;                ;
; INIT           ; ",B"111110",B"111110",B"111110",B"111110",B"111110",B"111101",B"111101",B"111101 ;                ;
; INIT           ; ",B"000011",B"000011",B"000011",B"000011",B"000011",B"000011",B"000011",B"000011 ;                ;
; INIT           ; ",B"000011",B"000011",B"000011",B"000011",B"000011",B"000011",B"000011",B"000011 ;                ;
; INIT           ; ",B"000011",B"000011",B"000011",B"000011",B"000010",B"000010",B"000010",B"000010 ;                ;
; INIT           ; ",B"000010",B"000010",B"000010",B"000010",B"000010",B"000010",B"000010",B"000010 ;                ;
;                ; ")                                                                               ;                ;
+----------------+----------------------------------------------------------------------------------+----------------+
Note: In order to hide this table in the UI and the text report file, please set the "Show Parameter Settings in Synthesis Report" option in "Analysis and Synthesis Settings -> More Settings" to "Off".


+--------------------------------------------------------------------------------------------------------------------+
; Parameter Settings for User Entity Instance: lut_rom:rom_0_1_3                                                     ;
+----------------+----------------------------------------------------------------------------------+----------------+
; Parameter Name ; Value                                                                            ; Type           ;
+----------------+----------------------------------------------------------------------------------+----------------+
; DATA_WIDTH     ; 6                                                                                ; Signed Integer ;
; ADDR_WIDTH     ; 6                                                                                ; Signed Integer ;
; INIT           ; A(B"000010",B"000010",B"000010",B"000010",B"000010",B"000011",B"000011",B"000011 ; Array/Record   ;
; INIT           ; ",B"000011",B"000011",B"000100",B"000100",B"000100",B"000100",B"000100",B"000101 ;                ;
; INIT           ; ",B"000101",B"000101",B"000101",B"000110",B"000110",B"000110",B"000110",B"000111 ;                ;
; INIT           ; ",B"000111",B"000111",B"001000",B"001000",B"001000",B"001000",B"001001",B"001001 ;                ;
; INIT           ; ",B"111111",B"111111",B"111111",B"111111",B"111111",B"111111",B"111111",B"111111 ;                ;
; INIT           ; ",B"111111",B"111111",B"111111",B"000000",B"000000",B"000000",B"000000",B"000000 ;                ;
; INIT           ; ",B"000000",B"000000",B"000000",B"000000",B"000000",B"000000",B"000000",B"000001 ;                ;
; INIT           ; ",B"000001",B"000001",B"000001",B"000001",B"000001",B"000001",B"000001",B"000010 ;                ;
;                ; ")                                                                               ;                ;
+----------------+----------------------------------------------------------------------------------+----------------+
Note: In order to hide this table in the UI and the text report file, please set the "Show Parameter Settings in Synthesis Report" option in "Analysis and Synthesis Settings -> More Settings" to "Off".


+--------------------------------------------------------------------------------------------------------------------+
; Parameter Settings for User Entity Instance: lut_rom:rom_0_1_4                                                     ;
+----------------+----------------------------------------------------------------------------------+----------------+
; Parameter Name ; Value                                                                            ; Type           ;
+----------------+----------------------------------------------------------------------------------+----------------+
; DATA_WIDTH     ; 6                                                                                ; Signed Integer ;
; ADDR_WIDTH     ; 6                                                                                ; Signed Integer ;
; INIT           ; A(B"000001",B"000001",B"000001",B"000001",B"000001",B"000001",B"000001",B"000001 ; Array/Record   ;
; INIT           ; ",B"000000",B"000000",B"000000",B"000000",B"000000",B"000000",B"000000",B"000000 ;                ;
; INIT           ; ",B"000000",B"111111",B"111111",B"111111",B"111111",B"111111",B"111111",B"111111 ;                ;
; INIT           ; ",B"111111",B"111111",B"111110",B"111110",B"111110",B"111110",B"111110",B"111110 ;                ;
; INIT           ; ",B"000010",B"000010",B"000010",B"000010",B"000010",B"000010",B"000010",B"000010 ;                ;
; INIT           ; ",B"000010",B"000010",B"000010",B"000010",B"000010",B"000010",B"000010",B"000010 ;                ;
; INIT           ; ",B"000010",B"000010",B"000010",B"000010",B"000010",B"000010",B"000010",B"000010 ;                ;
; INIT           ; ",B"000010",B"000010",B"000001",B"000001",B"000001",B"000001",B"000001",B"000001 ;                ;
;                ; ")                                                                               ;                ;
+----------------+----------------------------------------------------------------------------------+----------------+
Note: In order to hide this table in the UI and the text report file, please set the "Show Parameter Settings in Synthesis Report" option in "Analysis and Synthesis Settings -> More Settings" to "Off".


+--------------------------------------------------------------------------------------------------------------------+
; Parameter Settings for User Entity Instance: lut_rom:rom_0_1_5                                                     ;
+----------------+----------------------------------------------------------------------------------+----------------+
; Parameter Name ; Value                                                                            ; Type           ;
+----------------+----------------------------------------------------------------------------------+----------------+
; DATA_WIDTH     ; 6                                                                                ; Signed Integer ;
; ADDR_WIDTH     ; 6                                                                                ; Signed Integer ;
; INIT           ; A(B"000001",B"000001",B"000001",B"000001",B"000001",B"000001",B"000001",B"000001 ; Array/Record   ;
; INIT           ; ",B"000001",B"000001",B"000001",B"000001",B"000001",B"000001",B"000001",B"000001 ;                ;
; INIT           ; ",B"000001",B"000001",B"000001",B"000001",B"000001",B"000001",B"000001",B"000001 ;                ;
; INIT           ; ",B"000001",B"000001",B"000001",B"000001",B"000001",B"000001",B"000001",B"000001 ;                ;
; INIT           ; ",B"000010",B"000010",B"000010",B"000010",B"000010",B"000010",B"000010",B"000010 ;                ;
; INIT           ; ",B"000010",B"000010",B"000010",B"000010",B"000010",B"000010",B"000010",B"000010 ;                ;
; INIT           ; ",B"000010",B"000010",B"000010",B"000010",B"000010",B"000010",B"000010",B"000010 ;                ;
; INIT           ; ",B"000001",B"000001",B"000001",B"000001",B"000001",B"000001",B"000001",B"000001 ;                ;
;                ; ")                                                                               ;                ;
+----------------+----------------------------------------------------------------------------------+----------------+
Note: In order to hide this table in the UI and the text report file, please set the "Show Parameter Settings in Synthesis Report" option in "Analysis and Synthesis Settings -> More Settings" to "Off".


+--------------------------------------------------------------------------------------------------------------------+
; Parameter Settings for User Entity Instance: lut_rom:rom_0_1_6                                                     ;
+----------------+----------------------------------------------------------------------------------+----------------+
; Parameter Name ; Value                                                                            ; Type           ;
+----------------+----------------------------------------------------------------------------------+----------------+
; DATA_WIDTH     ; 6                                                                                ; Signed Integer ;
; ADDR_WIDTH     ; 6                                                                                ; Signed Integer ;
; INIT           ; A(B"000010",B"000010",B"000010",B"000010",B"000010",B"000010",B"000010",B"000010 ; Array/Record   ;
; INIT           ; ",B"000001",B"000001",B"000001",B"000001",B"000001",B"000001",B"000001",B"000001 ;                ;
; INIT           ; ",B"000001",B"000001",B"000001",B"000001",B"000000",B"000000",B"000000",B"000000 ;                ;
; INIT           ; ",B"000000",B"000000",B"000000",B"000000",B"000000",B"000000",B"000000",B"111111 ;                ;
; INIT           ; ",B"000011",B"000011",B"000011",B"000011",B"000011",B"000011",B"000011",B"000011 ;                ;
; INIT           ; ",B"000011",B"000011",B"000011",B"000011",B"000011",B"000011",B"000011",B"000011 ;                ;
; INIT           ; ",B"000011",B"000011",B"000010",B"000010",B"000010",B"000010",B"000010",B"000010 ;                ;
; INIT           ; ",B"000010",B"000010",B"000010",B"000010",B"000010",B"000010",B"000010",B"000010 ;                ;
;                ; ")                                                                               ;                ;
+----------------+----------------------------------------------------------------------------------+----------------+
Note: In order to hide this table in the UI and the text report file, please set the "Show Parameter Settings in Synthesis Report" option in "Analysis and Synthesis Settings -> More Settings" to "Off".


+--------------------------------------------------------------------------------------------------------------------+
; Parameter Settings for User Entity Instance: lut_rom:rom_0_1_7                                                     ;
+----------------+----------------------------------------------------------------------------------+----------------+
; Parameter Name ; Value                                                                            ; Type           ;
+----------------+----------------------------------------------------------------------------------+----------------+
; DATA_WIDTH     ; 6                                                                                ; Signed Integer ;
; ADDR_WIDTH     ; 6                                                                                ; Signed Integer ;
; INIT           ; A(B"000010",B"000010",B"000010",B"000010",B"000010",B"000010",B"000010",B"000010 ; Array/Record   ;
; INIT           ; ",B"000010",B"000010",B"000011",B"000011",B"000011",B"000011",B"000011",B"000011 ;                ;
; INIT           ; ",B"000011",B"000011",B"000100",B"000100",B"000100",B"000100",B"000100",B"000100 ;                ;
; INIT           ; ",B"000100",B"000100",B"000101",B"000101",B"000101",B"000101",B"000101",B"000101 ;                ;
; INIT           ; ",B"000000",B"000000",B"000000",B"000000",B"000000",B"000000",B"000000",B"000000 ;                ;
; INIT           ; ",B"000000",B"000000",B"000000",B"000000",B"000000",B"000000",B"000000",B"000000 ;                ;
; INIT           ; ",B"000001",B"000001",B"000001",B"000001",B"000001",B"000001",B"000001",B"000001 ;                ;
; INIT           ; ",B"000001",B"000001",B"000001",B"000001",B"000001",B"000001",B"000001",B"000001 ;                ;
;                ; ")                                                                               ;                ;
+----------------+----------------------------------------------------------------------------------+----------------+
Note: In order to hide this table in the UI and the text report file, please set the "Show Parameter Settings in Synthesis Report" option in "Analysis and Synthesis Settings -> More Settings" to "Off".


+--------------------------------------------------------------------------------------------------------------------+
; Parameter Settings for User Entity Instance: lut_rom:rom_0_1_8                                                     ;
+----------------+----------------------------------------------------------------------------------+----------------+
; Parameter Name ; Value                                                                            ; Type           ;
+----------------+----------------------------------------------------------------------------------+----------------+
; DATA_WIDTH     ; 6                                                                                ; Signed Integer ;
; ADDR_WIDTH     ; 6                                                                                ; Signed Integer ;
; INIT           ; A(B"000010",B"000010",B"000010",B"000010",B"000010",B"000010",B"000010",B"000010 ; Array/Record   ;
; INIT           ; ",B"000010",B"000010",B"000010",B"000001",B"000001",B"000001",B"000001",B"000001 ;                ;
; INIT           ; ",B"000001",B"000001",B"000001",B"000001",B"000001",B"000001",B"000001",B"000001 ;                ;
; INIT           ; ",B"000001",B"000000",B"000000",B"000000",B"000000",B"000000",B"000000",B"000000 ;                ;
; INIT           ; ",B"000011",B"000011",B"000011",B"000011",B"000011",B"000011",B"000011",B"000011 ;                ;
; INIT           ; ",B"000011",B"000011",B"000011",B"000011",B"000011",B"000011",B"000011",B"000011 ;                ;
; INIT           ; ",B"000011",B"000011",B"000011",B"000010",B"000010",B"000010",B"000010",B"000010 ;                ;
; INIT           ; ",B"000010",B"000010",B"000010",B"000010",B"000010",B"000010",B"000010",B"000010 ;                ;
;                ; ")                                                                               ;                ;
+----------------+----------------------------------------------------------------------------------+----------------+
Note: In order to hide this table in the UI and the text report file, please set the "Show Parameter Settings in Synthesis Report" option in "Analysis and Synthesis Settings -> More Settings" to "Off".


+--------------------------------------------------------------------------------------------------------------------+
; Parameter Settings for User Entity Instance: lut_rom:rom_0_1_9                                                     ;
+----------------+----------------------------------------------------------------------------------+----------------+
; Parameter Name ; Value                                                                            ; Type           ;
+----------------+----------------------------------------------------------------------------------+----------------+
; DATA_WIDTH     ; 6                                                                                ; Signed Integer ;
; ADDR_WIDTH     ; 6                                                                                ; Signed Integer ;
; INIT           ; A(B"000001",B"000001",B"000001",B"000001",B"000001",B"000000",B"000000",B"000000 ; Array/Record   ;
; INIT           ; ",B"000000",B"000000",B"111111",B"111111",B"111111",B"111111",B"111111",B"111110 ;                ;
; INIT           ; ",B"111110",B"111110",B"111110",B"111101",B"111101",B"111101",B"111101",B"111100 ;                ;
; INIT           ; ",B"111100",B"111100",B"111100",B"111011",B"111011",B"111011",B"111011",B"111010 ;                ;
; INIT           ; ",B"000011",B"000011",B"000011",B"000011",B"000011",B"000011",B"000011",B"000011 ;                ;
; INIT           ; ",B"000011",B"000011",B"000011",B"000011",B"000011",B"000011",B"000011",B"000011 ;                ;
; INIT           ; ",B"000011",B"000011",B"000011",B"000011",B"000011",B"000010",B"000010",B"000010 ;                ;
; INIT           ; ",B"000010",B"000010",B"000010",B"000010",B"000010",B"000010",B"000001",B"000001 ;                ;
;                ; ")                                                                               ;                ;
+----------------+----------------------------------------------------------------------------------+----------------+
Note: In order to hide this table in the UI and the text report file, please set the "Show Parameter Settings in Synthesis Report" option in "Analysis and Synthesis Settings -> More Settings" to "Off".


+--------------------------------------------------------------------------------------------------------------------+
; Parameter Settings for User Entity Instance: lut_rom:rom_0_1_11                                                    ;
+----------------+----------------------------------------------------------------------------------+----------------+
; Parameter Name ; Value                                                                            ; Type           ;
+----------------+----------------------------------------------------------------------------------+----------------+
; DATA_WIDTH     ; 6                                                                                ; Signed Integer ;
; ADDR_WIDTH     ; 6                                                                                ; Signed Integer ;
; INIT           ; A(B"000010",B"000010",B"000010",B"000010",B"000010",B"000010",B"000010",B"000010 ; Array/Record   ;
; INIT           ; ",B"000010",B"000010",B"000010",B"000010",B"000010",B"000001",B"000001",B"000001 ;                ;
; INIT           ; ",B"000001",B"000001",B"000001",B"000001",B"000001",B"000001",B"000001",B"000001 ;                ;
; INIT           ; ",B"000001",B"000000",B"000000",B"000000",B"000000",B"000000",B"000000",B"000000 ;                ;
; INIT           ; ",B"000011",B"000011",B"000011",B"000011",B"000011",B"000011",B"000011",B"000011 ;                ;
; INIT           ; ",B"000011",B"000011",B"000011",B"000011",B"000011",B"000011",B"000011",B"000011 ;                ;
; INIT           ; ",B"000011",B"000011",B"000011",B"000011",B"000011",B"000011",B"000011",B"000011 ;                ;
; INIT           ; ",B"000011",B"000011",B"000010",B"000010",B"000010",B"000010",B"000010",B"000010 ;                ;
;                ; ")                                                                               ;                ;
+----------------+----------------------------------------------------------------------------------+----------------+
Note: In order to hide this table in the UI and the text report file, please set the "Show Parameter Settings in Synthesis Report" option in "Analysis and Synthesis Settings -> More Settings" to "Off".


+--------------------------------------------------------------------------------------------------------------------+
; Parameter Settings for User Entity Instance: lut_rom:rom_0_1_12                                                    ;
+----------------+----------------------------------------------------------------------------------+----------------+
; Parameter Name ; Value                                                                            ; Type           ;
+----------------+----------------------------------------------------------------------------------+----------------+
; DATA_WIDTH     ; 6                                                                                ; Signed Integer ;
; ADDR_WIDTH     ; 6                                                                                ; Signed Integer ;
; INIT           ; A(B"000010",B"000010",B"000001",B"000001",B"000001",B"000001",B"000001",B"000001 ; Array/Record   ;
; INIT           ; ",B"000000",B"000000",B"000000",B"000000",B"000000",B"111111",B"111111",B"111111 ;                ;
; INIT           ; ",B"111111",B"111110",B"111110",B"111110",B"111110",B"111110",B"111101",B"111101 ;                ;
; INIT           ; ",B"111101",B"111101",B"111100",B"111100",B"111100",B"111100",B"111011",B"111011 ;                ;
; INIT           ; ",B"000100",B"000100",B"000100",B"000100",B"000100",B"000100",B"000100",B"000100 ;                ;
; INIT           ; ",B"000100",B"000100",B"000100",B"000100",B"000100",B"000100",B"000011",B"000011 ;                ;
; INIT           ; ",B"000011",B"000011",B"000011",B"000011",B"000011",B"000011",B"000011",B"000011 ;                ;
; INIT           ; ",B"000011",B"000011",B"000010",B"000010",B"000010",B"000010",B"000010",B"000010 ;                ;
;                ; ")                                                                               ;                ;
+----------------+----------------------------------------------------------------------------------+----------------+
Note: In order to hide this table in the UI and the text report file, please set the "Show Parameter Settings in Synthesis Report" option in "Analysis and Synthesis Settings -> More Settings" to "Off".


+------------------------------------------------------------------+
; Parameter Settings for User Entity Instance: registers:r_0_1_1_0 ;
+----------------+-------+-----------------------------------------+
; Parameter Name ; Value ; Type                                    ;
+----------------+-------+-----------------------------------------+
; ARRAY_WIDTH    ; 8     ; Signed Integer                          ;
+----------------+-------+-----------------------------------------+
Note: In order to hide this table in the UI and the text report file, please set the "Show Parameter Settings in Synthesis Report" option in "Analysis and Synthesis Settings -> More Settings" to "Off".


+------------------------------------------------------------------+
; Parameter Settings for User Entity Instance: registers:r_0_1_1_1 ;
+----------------+-------+-----------------------------------------+
; Parameter Name ; Value ; Type                                    ;
+----------------+-------+-----------------------------------------+
; ARRAY_WIDTH    ; 8     ; Signed Integer                          ;
+----------------+-------+-----------------------------------------+
Note: In order to hide this table in the UI and the text report file, please set the "Show Parameter Settings in Synthesis Report" option in "Analysis and Synthesis Settings -> More Settings" to "Off".


+------------------------------------------------------------------+
; Parameter Settings for User Entity Instance: registers:r_0_1_1_2 ;
+----------------+-------+-----------------------------------------+
; Parameter Name ; Value ; Type                                    ;
+----------------+-------+-----------------------------------------+
; ARRAY_WIDTH    ; 8     ; Signed Integer                          ;
+----------------+-------+-----------------------------------------+
Note: In order to hide this table in the UI and the text report file, please set the "Show Parameter Settings in Synthesis Report" option in "Analysis and Synthesis Settings -> More Settings" to "Off".


+--------------------------------------------------------------+
; Parameter Settings for User Entity Instance: registers:r_0_1 ;
+----------------+-------+-------------------------------------+
; Parameter Name ; Value ; Type                                ;
+----------------+-------+-------------------------------------+
; ARRAY_WIDTH    ; 10    ; Signed Integer                      ;
+----------------+-------+-------------------------------------+
Note: In order to hide this table in the UI and the text report file, please set the "Show Parameter Settings in Synthesis Report" option in "Analysis and Synthesis Settings -> More Settings" to "Off".


+--------------------------------------------------------------------+
; Parameter Settings for User Entity Instance: saturate_clip:sat_0_1 ;
+----------------+-------+-------------------------------------------+
; Parameter Name ; Value ; Type                                      ;
+----------------+-------+-------------------------------------------+
; IN_WIDTH       ; 10    ; Signed Integer                            ;
; OUT_WIDTH      ; 6     ; Signed Integer                            ;
+----------------+-------+-------------------------------------------+
Note: In order to hide this table in the UI and the text report file, please set the "Show Parameter Settings in Synthesis Report" option in "Analysis and Synthesis Settings -> More Settings" to "Off".


+--------------------------------------------------------------------------------------------------------------------+
; Parameter Settings for User Entity Instance: lut_rom:rom_0_2_0                                                     ;
+----------------+----------------------------------------------------------------------------------+----------------+
; Parameter Name ; Value                                                                            ; Type           ;
+----------------+----------------------------------------------------------------------------------+----------------+
; DATA_WIDTH     ; 6                                                                                ; Signed Integer ;
; ADDR_WIDTH     ; 6                                                                                ; Signed Integer ;
; INIT           ; A(B"000000",B"000001",B"000001",B"000001",B"000001",B"000001",B"000001",B"000010 ; Array/Record   ;
; INIT           ; ",B"000010",B"000010",B"000010",B"000010",B"000011",B"000011",B"000011",B"000011 ;                ;
; INIT           ; ",B"000011",B"000100",B"000100",B"000100",B"000100",B"000101",B"000101",B"000101 ;                ;
; INIT           ; ",B"000101",B"000110",B"000110",B"000110",B"000110",B"000111",B"000111",B"000111 ;                ;
; INIT           ; ",B"111110",B"111110",B"111110",B"111110",B"111110",B"111110",B"111110",B"111110 ;                ;
; INIT           ; ",B"111110",B"111110",B"111110",B"111111",B"111111",B"111111",B"111111",B"111111 ;                ;
; INIT           ; ",B"111111",B"111111",B"111111",B"111111",B"111111",B"111111",B"111111",B"111111 ;                ;
; INIT           ; ",B"111111",B"000000",B"000000",B"000000",B"000000",B"000000",B"000000",B"000000 ;                ;
;                ; ")                                                                               ;                ;
+----------------+----------------------------------------------------------------------------------+----------------+
Note: In order to hide this table in the UI and the text report file, please set the "Show Parameter Settings in Synthesis Report" option in "Analysis and Synthesis Settings -> More Settings" to "Off".


+--------------------------------------------------------------------------------------------------------------------+
; Parameter Settings for User Entity Instance: lut_rom:rom_0_2_3                                                     ;
+----------------+----------------------------------------------------------------------------------+----------------+
; Parameter Name ; Value                                                                            ; Type           ;
+----------------+----------------------------------------------------------------------------------+----------------+
; DATA_WIDTH     ; 6                                                                                ; Signed Integer ;
; ADDR_WIDTH     ; 6                                                                                ; Signed Integer ;
; INIT           ; A(B"000001",B"000001",B"000000",B"000000",B"000000",B"000000",B"000000",B"000000 ; Array/Record   ;
; INIT           ; ",B"111111",B"111111",B"111111",B"111111",B"111111",B"111111",B"111110",B"111110 ;                ;
; INIT           ; ",B"111110",B"111110",B"111110",B"111101",B"111101",B"111101",B"111101",B"111100 ;                ;
; INIT           ; ",B"111100",B"111100",B"111100",B"111100",B"111011",B"111011",B"111011",B"111011 ;                ;
; INIT           ; ",B"000011",B"000011",B"000011",B"000011",B"000011",B"000011",B"000011",B"000011 ;                ;
; INIT           ; ",B"000011",B"000011",B"000011",B"000011",B"000010",B"000010",B"000010",B"000010 ;                ;
; INIT           ; ",B"000010",B"000010",B"000010",B"000010",B"000010",B"000010",B"000010",B"000010 ;                ;
; INIT           ; ",B"000010",B"000001",B"000001",B"000001",B"000001",B"000001",B"000001",B"000001 ;                ;
;                ; ")                                                                               ;                ;
+----------------+----------------------------------------------------------------------------------+----------------+
Note: In order to hide this table in the UI and the text report file, please set the "Show Parameter Settings in Synthesis Report" option in "Analysis and Synthesis Settings -> More Settings" to "Off".


+--------------------------------------------------------------------------------------------------------------------+
; Parameter Settings for User Entity Instance: lut_rom:rom_0_2_4                                                     ;
+----------------+----------------------------------------------------------------------------------+----------------+
; Parameter Name ; Value                                                                            ; Type           ;
+----------------+----------------------------------------------------------------------------------+----------------+
; DATA_WIDTH     ; 6                                                                                ; Signed Integer ;
; ADDR_WIDTH     ; 6                                                                                ; Signed Integer ;
; INIT           ; A(B"000000",B"000000",B"000001",B"000001",B"000001",B"000001",B"000001",B"000001 ; Array/Record   ;
; INIT           ; ",B"000001",B"000001",B"000001",B"000001",B"000001",B"000001",B"000001",B"000001 ;                ;
; INIT           ; ",B"000001",B"000001",B"000001",B"000001",B"000001",B"000010",B"000010",B"000010 ;                ;
; INIT           ; ",B"000010",B"000010",B"000010",B"000010",B"000010",B"000010",B"000010",B"000010 ;                ;
; INIT           ; ",B"000000",B"000000",B"000000",B"000000",B"000000",B"000000",B"000000",B"000000 ;                ;
; INIT           ; ",B"000000",B"000000",B"000000",B"000000",B"000000",B"000000",B"000000",B"000000 ;                ;
; INIT           ; ",B"000000",B"000000",B"000000",B"000000",B"000000",B"000000",B"000000",B"000000 ;                ;
; INIT           ; ",B"000000",B"000000",B"000000",B"000000",B"000000",B"000000",B"000000",B"000000 ;                ;
;                ; ")                                                                               ;                ;
+----------------+----------------------------------------------------------------------------------+----------------+
Note: In order to hide this table in the UI and the text report file, please set the "Show Parameter Settings in Synthesis Report" option in "Analysis and Synthesis Settings -> More Settings" to "Off".


+--------------------------------------------------------------------------------------------------------------------+
; Parameter Settings for User Entity Instance: lut_rom:rom_0_2_5                                                     ;
+----------------+----------------------------------------------------------------------------------+----------------+
; Parameter Name ; Value                                                                            ; Type           ;
+----------------+----------------------------------------------------------------------------------+----------------+
; DATA_WIDTH     ; 6                                                                                ; Signed Integer ;
; ADDR_WIDTH     ; 6                                                                                ; Signed Integer ;
; INIT           ; A(B"000001",B"000001",B"000001",B"000001",B"000001",B"000001",B"000010",B"000010 ; Array/Record   ;
; INIT           ; ",B"000010",B"000010",B"000010",B"000010",B"000011",B"000011",B"000011",B"000011 ;                ;
; INIT           ; ",B"000011",B"000100",B"000100",B"000100",B"000100",B"000101",B"000101",B"000101 ;                ;
; INIT           ; ",B"000101",B"000110",B"000110",B"000110",B"000110",B"000111",B"000111",B"000111 ;                ;
; INIT           ; ",B"111110",B"111110",B"111110",B"111110",B"111110",B"111110",B"111110",B"111110 ;                ;
; INIT           ; ",B"111110",B"111110",B"111110",B"111110",B"111111",B"111111",B"111111",B"111111 ;                ;
; INIT           ; ",B"111111",B"111111",B"111111",B"111111",B"111111",B"111111",B"111111",B"111111 ;                ;
; INIT           ; ",B"000000",B"000000",B"000000",B"000000",B"000000",B"000000",B"000000",B"000000 ;                ;
;                ; ")                                                                               ;                ;
+----------------+----------------------------------------------------------------------------------+----------------+
Note: In order to hide this table in the UI and the text report file, please set the "Show Parameter Settings in Synthesis Report" option in "Analysis and Synthesis Settings -> More Settings" to "Off".


+--------------------------------------------------------------------------------------------------------------------+
; Parameter Settings for User Entity Instance: lut_rom:rom_0_2_6                                                     ;
+----------------+----------------------------------------------------------------------------------+----------------+
; Parameter Name ; Value                                                                            ; Type           ;
+----------------+----------------------------------------------------------------------------------+----------------+
; DATA_WIDTH     ; 6                                                                                ; Signed Integer ;
; ADDR_WIDTH     ; 6                                                                                ; Signed Integer ;
; INIT           ; A(B"000000",B"000001",B"000001",B"000001",B"000001",B"000001",B"000001",B"000010 ; Array/Record   ;
; INIT           ; ",B"000010",B"000010",B"000010",B"000010",B"000011",B"000011",B"000011",B"000011 ;                ;
; INIT           ; ",B"000011",B"000100",B"000100",B"000100",B"000100",B"000101",B"000101",B"000101 ;                ;
; INIT           ; ",B"000101",B"000110",B"000110",B"000110",B"000110",B"000111",B"000111",B"000111 ;                ;
; INIT           ; ",B"111110",B"111110",B"111110",B"111110",B"111110",B"111110",B"111110",B"111110 ;                ;
; INIT           ; ",B"111110",B"111110",B"111110",B"111110",B"111110",B"111110",B"111110",B"111110 ;                ;
; INIT           ; ",B"111111",B"111111",B"111111",B"111111",B"111111",B"111111",B"111111",B"111111 ;                ;
; INIT           ; ",B"111111",B"111111",B"000000",B"000000",B"000000",B"000000",B"000000",B"000000 ;                ;
;                ; ")                                                                               ;                ;
+----------------+----------------------------------------------------------------------------------+----------------+
Note: In order to hide this table in the UI and the text report file, please set the "Show Parameter Settings in Synthesis Report" option in "Analysis and Synthesis Settings -> More Settings" to "Off".


+--------------------------------------------------------------------------------------------------------------------+
; Parameter Settings for User Entity Instance: lut_rom:rom_0_2_7                                                     ;
+----------------+----------------------------------------------------------------------------------+----------------+
; Parameter Name ; Value                                                                            ; Type           ;
+----------------+----------------------------------------------------------------------------------+----------------+
; DATA_WIDTH     ; 6                                                                                ; Signed Integer ;
; ADDR_WIDTH     ; 6                                                                                ; Signed Integer ;
; INIT           ; A(B"000000",B"000000",B"000000",B"000000",B"000000",B"000000",B"111111",B"111111 ; Array/Record   ;
; INIT           ; ",B"111111",B"111111",B"111111",B"111111",B"111110",B"111110",B"111110",B"111110 ;                ;
; INIT           ; ",B"111110",B"111110",B"111101",B"111101",B"111101",B"111101",B"111101",B"111100 ;                ;
; INIT           ; ",B"111100",B"111100",B"111100",B"111011",B"111011",B"111011",B"111011",B"111011 ;                ;
; INIT           ; ",B"000010",B"000010",B"000010",B"000010",B"000010",B"000010",B"000010",B"000010 ;                ;
; INIT           ; ",B"000010",B"000010",B"000010",B"000010",B"000010",B"000010",B"000010",B"000001 ;                ;
; INIT           ; ",B"000001",B"000001",B"000001",B"000001",B"000001",B"000001",B"000001",B"000001 ;                ;
; INIT           ; ",B"000001",B"000001",B"000001",B"000001",B"000001",B"000001",B"000000",B"000000 ;                ;
;                ; ")                                                                               ;                ;
+----------------+----------------------------------------------------------------------------------+----------------+
Note: In order to hide this table in the UI and the text report file, please set the "Show Parameter Settings in Synthesis Report" option in "Analysis and Synthesis Settings -> More Settings" to "Off".


+--------------------------------------------------------------------------------------------------------------------+
; Parameter Settings for User Entity Instance: lut_rom:rom_0_2_10                                                    ;
+----------------+----------------------------------------------------------------------------------+----------------+
; Parameter Name ; Value                                                                            ; Type           ;
+----------------+----------------------------------------------------------------------------------+----------------+
; DATA_WIDTH     ; 6                                                                                ; Signed Integer ;
; ADDR_WIDTH     ; 6                                                                                ; Signed Integer ;
; INIT           ; A(B"000000",B"000000",B"000001",B"000001",B"000001",B"000001",B"000001",B"000001 ; Array/Record   ;
; INIT           ; ",B"000010",B"000010",B"000010",B"000010",B"000010",B"000011",B"000011",B"000011 ;                ;
; INIT           ; ",B"000011",B"000100",B"000100",B"000100",B"000100",B"000101",B"000101",B"000101 ;                ;
; INIT           ; ",B"000101",B"000110",B"000110",B"000110",B"000110",B"000111",B"000111",B"000111 ;                ;
; INIT           ; ",B"111110",B"111110",B"111110",B"111110",B"111110",B"111110",B"111110",B"111110 ;                ;
; INIT           ; ",B"111110",B"111110",B"111110",B"111110",B"111110",B"111110",B"111110",B"111110 ;                ;
; INIT           ; ",B"111110",B"111111",B"111111",B"111111",B"111111",B"111111",B"111111",B"111111 ;                ;
; INIT           ; ",B"111111",B"111111",B"111111",B"000000",B"000000",B"000000",B"000000",B"000000 ;                ;
;                ; ")                                                                               ;                ;
+----------------+----------------------------------------------------------------------------------+----------------+
Note: In order to hide this table in the UI and the text report file, please set the "Show Parameter Settings in Synthesis Report" option in "Analysis and Synthesis Settings -> More Settings" to "Off".


+--------------------------------------------------------------------------------------------------------------------+
; Parameter Settings for User Entity Instance: lut_rom:rom_0_2_11                                                    ;
+----------------+----------------------------------------------------------------------------------+----------------+
; Parameter Name ; Value                                                                            ; Type           ;
+----------------+----------------------------------------------------------------------------------+----------------+
; DATA_WIDTH     ; 6                                                                                ; Signed Integer ;
; ADDR_WIDTH     ; 6                                                                                ; Signed Integer ;
; INIT           ; A(B"000000",B"000000",B"000000",B"000000",B"000001",B"000001",B"000001",B"000001 ; Array/Record   ;
; INIT           ; ",B"000001",B"000001",B"000001",B"000001",B"000010",B"000010",B"000010",B"000010 ;                ;
; INIT           ; ",B"000010",B"000010",B"000010",B"000011",B"000011",B"000011",B"000011",B"000011 ;                ;
; INIT           ; ",B"000011",B"000100",B"000100",B"000100",B"000100",B"000100",B"000100",B"000101 ;                ;
; INIT           ; ",B"111111",B"111111",B"111111",B"111111",B"111111",B"111111",B"111111",B"111111 ;                ;
; INIT           ; ",B"111111",B"111111",B"111111",B"111111",B"111111",B"111111",B"111111",B"111111 ;                ;
; INIT           ; ",B"111111",B"111111",B"111111",B"111111",B"111111",B"111111",B"111111",B"111111 ;                ;
; INIT           ; ",B"111111",B"000000",B"000000",B"000000",B"000000",B"000000",B"000000",B"000000 ;                ;
;                ; ")                                                                               ;                ;
+----------------+----------------------------------------------------------------------------------+----------------+
Note: In order to hide this table in the UI and the text report file, please set the "Show Parameter Settings in Synthesis Report" option in "Analysis and Synthesis Settings -> More Settings" to "Off".


+--------------------------------------------------------------------------------------------------------------------+
; Parameter Settings for User Entity Instance: lut_rom:rom_0_2_12                                                    ;
+----------------+----------------------------------------------------------------------------------+----------------+
; Parameter Name ; Value                                                                            ; Type           ;
+----------------+----------------------------------------------------------------------------------+----------------+
; DATA_WIDTH     ; 6                                                                                ; Signed Integer ;
; ADDR_WIDTH     ; 6                                                                                ; Signed Integer ;
; INIT           ; A(B"000001",B"000001",B"000001",B"000001",B"000001",B"000010",B"000010",B"000010 ; Array/Record   ;
; INIT           ; ",B"000010",B"000010",B"000011",B"000011",B"000011",B"000011",B"000011",B"000100 ;                ;
; INIT           ; ",B"000100",B"000100",B"000100",B"000101",B"000101",B"000101",B"000101",B"000110 ;                ;
; INIT           ; ",B"000110",B"000110",B"000110",B"000111",B"000111",B"000111",B"000111",B"001000 ;                ;
; INIT           ; ",B"111110",B"111110",B"111110",B"111110",B"111110",B"111110",B"111110",B"111110 ;                ;
; INIT           ; ",B"111110",B"111110",B"111110",B"111110",B"111110",B"111110",B"111110",B"111111 ;                ;
; INIT           ; ",B"111111",B"111111",B"111111",B"111111",B"111111",B"111111",B"111111",B"111111 ;                ;
; INIT           ; ",B"000000",B"000000",B"000000",B"000000",B"000000",B"000000",B"000000",B"000001 ;                ;
;                ; ")                                                                               ;                ;
+----------------+----------------------------------------------------------------------------------+----------------+
Note: In order to hide this table in the UI and the text report file, please set the "Show Parameter Settings in Synthesis Report" option in "Analysis and Synthesis Settings -> More Settings" to "Off".


+------------------------------------------------------------------+
; Parameter Settings for User Entity Instance: registers:r_0_2_1_0 ;
+----------------+-------+-----------------------------------------+
; Parameter Name ; Value ; Type                                    ;
+----------------+-------+-----------------------------------------+
; ARRAY_WIDTH    ; 8     ; Signed Integer                          ;
+----------------+-------+-----------------------------------------+
Note: In order to hide this table in the UI and the text report file, please set the "Show Parameter Settings in Synthesis Report" option in "Analysis and Synthesis Settings -> More Settings" to "Off".


+------------------------------------------------------------------+
; Parameter Settings for User Entity Instance: registers:r_0_2_1_1 ;
+----------------+-------+-----------------------------------------+
; Parameter Name ; Value ; Type                                    ;
+----------------+-------+-----------------------------------------+
; ARRAY_WIDTH    ; 8     ; Signed Integer                          ;
+----------------+-------+-----------------------------------------+
Note: In order to hide this table in the UI and the text report file, please set the "Show Parameter Settings in Synthesis Report" option in "Analysis and Synthesis Settings -> More Settings" to "Off".


+------------------------------------------------------------------+
; Parameter Settings for User Entity Instance: registers:r_0_2_1_2 ;
+----------------+-------+-----------------------------------------+
; Parameter Name ; Value ; Type                                    ;
+----------------+-------+-----------------------------------------+
; ARRAY_WIDTH    ; 8     ; Signed Integer                          ;
+----------------+-------+-----------------------------------------+
Note: In order to hide this table in the UI and the text report file, please set the "Show Parameter Settings in Synthesis Report" option in "Analysis and Synthesis Settings -> More Settings" to "Off".


+--------------------------------------------------------------+
; Parameter Settings for User Entity Instance: registers:r_0_2 ;
+----------------+-------+-------------------------------------+
; Parameter Name ; Value ; Type                                ;
+----------------+-------+-------------------------------------+
; ARRAY_WIDTH    ; 10    ; Signed Integer                      ;
+----------------+-------+-------------------------------------+
Note: In order to hide this table in the UI and the text report file, please set the "Show Parameter Settings in Synthesis Report" option in "Analysis and Synthesis Settings -> More Settings" to "Off".


+--------------------------------------------------------------------+
; Parameter Settings for User Entity Instance: saturate_clip:sat_0_2 ;
+----------------+-------+-------------------------------------------+
; Parameter Name ; Value ; Type                                      ;
+----------------+-------+-------------------------------------------+
; IN_WIDTH       ; 10    ; Signed Integer                            ;
; OUT_WIDTH      ; 6     ; Signed Integer                            ;
+----------------+-------+-------------------------------------------+
Note: In order to hide this table in the UI and the text report file, please set the "Show Parameter Settings in Synthesis Report" option in "Analysis and Synthesis Settings -> More Settings" to "Off".


+--------------------------------------------------------------------------------------------------------------------+
; Parameter Settings for User Entity Instance: lut_rom:rom_0_3_0                                                     ;
+----------------+----------------------------------------------------------------------------------+----------------+
; Parameter Name ; Value                                                                            ; Type           ;
+----------------+----------------------------------------------------------------------------------+----------------+
; DATA_WIDTH     ; 6                                                                                ; Signed Integer ;
; ADDR_WIDTH     ; 6                                                                                ; Signed Integer ;
; INIT           ; A(B"000010",B"000001",B"000001",B"000001",B"000001",B"000001",B"000000",B"000000 ; Array/Record   ;
; INIT           ; ",B"000000",B"000000",B"000000",B"111111",B"111111",B"111111",B"111111",B"111110 ;                ;
; INIT           ; ",B"111110",B"111110",B"111110",B"111101",B"111101",B"111101",B"111100",B"111100 ;                ;
; INIT           ; ",B"111100",B"111011",B"111011",B"111011",B"111011",B"111010",B"111010",B"111010 ;                ;
; INIT           ; ",B"000100",B"000100",B"000100",B"000100",B"000100",B"000100",B"000100",B"000100 ;                ;
; INIT           ; ",B"000100",B"000100",B"000100",B"000100",B"000100",B"000100",B"000100",B"000100 ;                ;
; INIT           ; ",B"000011",B"000011",B"000011",B"000011",B"000011",B"000011",B"000011",B"000011 ;                ;
; INIT           ; ",B"000011",B"000011",B"000010",B"000010",B"000010",B"000010",B"000010",B"000010 ;                ;
;                ; ")                                                                               ;                ;
+----------------+----------------------------------------------------------------------------------+----------------+
Note: In order to hide this table in the UI and the text report file, please set the "Show Parameter Settings in Synthesis Report" option in "Analysis and Synthesis Settings -> More Settings" to "Off".


+--------------------------------------------------------------------------------------------------------------------+
; Parameter Settings for User Entity Instance: lut_rom:rom_0_3_1                                                     ;
+----------------+----------------------------------------------------------------------------------+----------------+
; Parameter Name ; Value                                                                            ; Type           ;
+----------------+----------------------------------------------------------------------------------+----------------+
; DATA_WIDTH     ; 6                                                                                ; Signed Integer ;
; ADDR_WIDTH     ; 6                                                                                ; Signed Integer ;
; INIT           ; A(B"000010",B"000010",B"000010",B"000010",B"000010",B"000010",B"000010",B"000001 ; Array/Record   ;
; INIT           ; ",B"000001",B"000001",B"000001",B"000001",B"000001",B"000001",B"000001",B"000001 ;                ;
; INIT           ; ",B"000001",B"000001",B"000001",B"000001",B"000001",B"000001",B"000001",B"000001 ;                ;
; INIT           ; ",B"000001",B"000000",B"000000",B"000000",B"000000",B"000000",B"000000",B"000000 ;                ;
; INIT           ; ",B"000010",B"000010",B"000010",B"000010",B"000010",B"000010",B"000010",B"000010 ;                ;
; INIT           ; ",B"000010",B"000010",B"000010",B"000010",B"000010",B"000010",B"000010",B"000010 ;                ;
; INIT           ; ",B"000010",B"000010",B"000010",B"000010",B"000010",B"000010",B"000010",B"000010 ;                ;
; INIT           ; ",B"000010",B"000010",B"000010",B"000010",B"000010",B"000010",B"000010",B"000010 ;                ;
;                ; ")                                                                               ;                ;
+----------------+----------------------------------------------------------------------------------+----------------+
Note: In order to hide this table in the UI and the text report file, please set the "Show Parameter Settings in Synthesis Report" option in "Analysis and Synthesis Settings -> More Settings" to "Off".


+--------------------------------------------------------------------------------------------------------------------+
; Parameter Settings for User Entity Instance: lut_rom:rom_0_3_2                                                     ;
+----------------+----------------------------------------------------------------------------------+----------------+
; Parameter Name ; Value                                                                            ; Type           ;
+----------------+----------------------------------------------------------------------------------+----------------+
; DATA_WIDTH     ; 6                                                                                ; Signed Integer ;
; ADDR_WIDTH     ; 6                                                                                ; Signed Integer ;
; INIT           ; A(B"000010",B"000001",B"000001",B"000001",B"000001",B"000001",B"000001",B"000001 ; Array/Record   ;
; INIT           ; ",B"000000",B"000000",B"000000",B"000000",B"000000",B"000000",B"111111",B"111111 ;                ;
; INIT           ; ",B"111111",B"111111",B"111111",B"111110",B"111110",B"111110",B"111110",B"111110 ;                ;
; INIT           ; ",B"111101",B"111101",B"111101",B"111101",B"111101",B"111100",B"111100",B"111100 ;                ;
; INIT           ; ",B"000011",B"000011",B"000011",B"000011",B"000011",B"000011",B"000011",B"000011 ;                ;
; INIT           ; ",B"000011",B"000011",B"000011",B"000011",B"000011",B"000011",B"000011",B"000011 ;                ;
; INIT           ; ",B"000011",B"000011",B"000011",B"000011",B"000011",B"000011",B"000010",B"000010 ;                ;
; INIT           ; ",B"000010",B"000010",B"000010",B"000010",B"000010",B"000010",B"000010",B"000010 ;                ;
;                ; ")                                                                               ;                ;
+----------------+----------------------------------------------------------------------------------+----------------+
Note: In order to hide this table in the UI and the text report file, please set the "Show Parameter Settings in Synthesis Report" option in "Analysis and Synthesis Settings -> More Settings" to "Off".


+--------------------------------------------------------------------------------------------------------------------+
; Parameter Settings for User Entity Instance: lut_rom:rom_0_3_3                                                     ;
+----------------+----------------------------------------------------------------------------------+----------------+
; Parameter Name ; Value                                                                            ; Type           ;
+----------------+----------------------------------------------------------------------------------+----------------+
; DATA_WIDTH     ; 6                                                                                ; Signed Integer ;
; ADDR_WIDTH     ; 6                                                                                ; Signed Integer ;
; INIT           ; A(B"000001",B"000001",B"000001",B"000010",B"000010",B"000010",B"000010",B"000010 ; Array/Record   ;
; INIT           ; ",B"000011",B"000011",B"000011",B"000011",B"000100",B"000100",B"000100",B"000101 ;                ;
; INIT           ; ",B"000101",B"000101",B"000101",B"000110",B"000110",B"000110",B"000111",B"000111 ;                ;
; INIT           ; ",B"000111",B"001000",B"001000",B"001000",B"001001",B"001001",B"001001",B"001010 ;                ;
; INIT           ; ",B"111111",B"111111",B"111111",B"111111",B"111111",B"111111",B"111111",B"111111 ;                ;
; INIT           ; ",B"111111",B"111111",B"111111",B"111111",B"111111",B"111111",B"111111",B"111111 ;                ;
; INIT           ; ",B"111111",B"111111",B"111111",B"111111",B"111111",B"000000",B"000000",B"000000 ;                ;
; INIT           ; ",B"000000",B"000000",B"000000",B"000000",B"000000",B"000001",B"000001",B"000001 ;                ;
;                ; ")                                                                               ;                ;
+----------------+----------------------------------------------------------------------------------+----------------+
Note: In order to hide this table in the UI and the text report file, please set the "Show Parameter Settings in Synthesis Report" option in "Analysis and Synthesis Settings -> More Settings" to "Off".


+--------------------------------------------------------------------------------------------------------------------+
; Parameter Settings for User Entity Instance: lut_rom:rom_0_3_4                                                     ;
+----------------+----------------------------------------------------------------------------------+----------------+
; Parameter Name ; Value                                                                            ; Type           ;
+----------------+----------------------------------------------------------------------------------+----------------+
; DATA_WIDTH     ; 6                                                                                ; Signed Integer ;
; ADDR_WIDTH     ; 6                                                                                ; Signed Integer ;
; INIT           ; A(B"000001",B"000001",B"000001",B"000001",B"000001",B"000001",B"000001",B"000001 ; Array/Record   ;
; INIT           ; ",B"000001",B"000000",B"000000",B"000000",B"000000",B"000000",B"000000",B"000000 ;                ;
; INIT           ; ",B"000000",B"000000",B"000000",B"111111",B"111111",B"111111",B"111111",B"111111 ;                ;
; INIT           ; ",B"111111",B"111111",B"111111",B"111110",B"111110",B"111110",B"111110",B"111110 ;                ;
; INIT           ; ",B"000010",B"000010",B"000010",B"000010",B"000010",B"000010",B"000010",B"000010 ;                ;
; INIT           ; ",B"000010",B"000010",B"000010",B"000010",B"000010",B"000010",B"000010",B"000010 ;                ;
; INIT           ; ",B"000010",B"000010",B"000010",B"000010",B"000010",B"000010",B"000010",B"000010 ;                ;
; INIT           ; ",B"000010",B"000010",B"000010",B"000010",B"000001",B"000001",B"000001",B"000001 ;                ;
;                ; ")                                                                               ;                ;
+----------------+----------------------------------------------------------------------------------+----------------+
Note: In order to hide this table in the UI and the text report file, please set the "Show Parameter Settings in Synthesis Report" option in "Analysis and Synthesis Settings -> More Settings" to "Off".


+--------------------------------------------------------------------------------------------------------------------+
; Parameter Settings for User Entity Instance: lut_rom:rom_0_3_5                                                     ;
+----------------+----------------------------------------------------------------------------------+----------------+
; Parameter Name ; Value                                                                            ; Type           ;
+----------------+----------------------------------------------------------------------------------+----------------+
; DATA_WIDTH     ; 6                                                                                ; Signed Integer ;
; ADDR_WIDTH     ; 6                                                                                ; Signed Integer ;
; INIT           ; A(B"000010",B"000010",B"000010",B"000010",B"000010",B"000010",B"000010",B"000010 ; Array/Record   ;
; INIT           ; ",B"000010",B"000010",B"000010",B"000010",B"000010",B"000010",B"000010",B"000010 ;                ;
; INIT           ; ",B"000010",B"000010",B"000010",B"000010",B"000010",B"000010",B"000010",B"000010 ;                ;
; INIT           ; ",B"000010",B"000010",B"000010",B"000010",B"000010",B"000010",B"000010",B"000010 ;                ;
; INIT           ; ",B"000011",B"000011",B"000011",B"000011",B"000011",B"000011",B"000011",B"000011 ;                ;
; INIT           ; ",B"000011",B"000011",B"000011",B"000011",B"000011",B"000011",B"000011",B"000011 ;                ;
; INIT           ; ",B"000011",B"000011",B"000011",B"000011",B"000011",B"000011",B"000011",B"000011 ;                ;
; INIT           ; ",B"000011",B"000011",B"000011",B"000010",B"000010",B"000010",B"000010",B"000010 ;                ;
;                ; ")                                                                               ;                ;
+----------------+----------------------------------------------------------------------------------+----------------+
Note: In order to hide this table in the UI and the text report file, please set the "Show Parameter Settings in Synthesis Report" option in "Analysis and Synthesis Settings -> More Settings" to "Off".


+--------------------------------------------------------------------------------------------------------------------+
; Parameter Settings for User Entity Instance: lut_rom:rom_0_3_6                                                     ;
+----------------+----------------------------------------------------------------------------------+----------------+
; Parameter Name ; Value                                                                            ; Type           ;
+----------------+----------------------------------------------------------------------------------+----------------+
; DATA_WIDTH     ; 6                                                                                ; Signed Integer ;
; ADDR_WIDTH     ; 6                                                                                ; Signed Integer ;
; INIT           ; A(B"000010",B"000010",B"000010",B"000010",B"000010",B"000010",B"000010",B"000010 ; Array/Record   ;
; INIT           ; ",B"000010",B"000010",B"000010",B"000010",B"000010",B"000010",B"000010",B"000010 ;                ;
; INIT           ; ",B"000010",B"000010",B"000010",B"000010",B"000010",B"000011",B"000011",B"000011 ;                ;
; INIT           ; ",B"000011",B"000011",B"000011",B"000011",B"000011",B"000011",B"000011",B"000011 ;                ;
; INIT           ; ",B"000001",B"000001",B"000001",B"000001",B"000001",B"000001",B"000001",B"000001 ;                ;
; INIT           ; ",B"000001",B"000001",B"000001",B"000001",B"000001",B"000001",B"000001",B"000001 ;                ;
; INIT           ; ",B"000001",B"000001",B"000001",B"000001",B"000001",B"000001",B"000001",B"000001 ;                ;
; INIT           ; ",B"000001",B"000001",B"000001",B"000010",B"000010",B"000010",B"000010",B"000010 ;                ;
;                ; ")                                                                               ;                ;
+----------------+----------------------------------------------------------------------------------+----------------+
Note: In order to hide this table in the UI and the text report file, please set the "Show Parameter Settings in Synthesis Report" option in "Analysis and Synthesis Settings -> More Settings" to "Off".


+--------------------------------------------------------------------------------------------------------------------+
; Parameter Settings for User Entity Instance: lut_rom:rom_0_3_7                                                     ;
+----------------+----------------------------------------------------------------------------------+----------------+
; Parameter Name ; Value                                                                            ; Type           ;
+----------------+----------------------------------------------------------------------------------+----------------+
; DATA_WIDTH     ; 6                                                                                ; Signed Integer ;
; ADDR_WIDTH     ; 6                                                                                ; Signed Integer ;
; INIT           ; A(B"000010",B"000010",B"000010",B"000010",B"000010",B"000010",B"000010",B"000010 ; Array/Record   ;
; INIT           ; ",B"000010",B"000010",B"000010",B"000010",B"000010",B"000010",B"000010",B"000010 ;                ;
; INIT           ; ",B"000010",B"000010",B"000010",B"000010",B"000010",B"000011",B"000011",B"000011 ;                ;
; INIT           ; ",B"000011",B"000011",B"000011",B"000011",B"000011",B"000011",B"000011",B"000011 ;                ;
; INIT           ; ",B"000001",B"000001",B"000001",B"000001",B"000001",B"000001",B"000001",B"000001 ;                ;
; INIT           ; ",B"000001",B"000001",B"000001",B"000001",B"000001",B"000001",B"000001",B"000001 ;                ;
; INIT           ; ",B"000001",B"000001",B"000001",B"000001",B"000001",B"000001",B"000001",B"000001 ;                ;
; INIT           ; ",B"000001",B"000001",B"000001",B"000001",B"000010",B"000010",B"000010",B"000010 ;                ;
;                ; ")                                                                               ;                ;
+----------------+----------------------------------------------------------------------------------+----------------+
Note: In order to hide this table in the UI and the text report file, please set the "Show Parameter Settings in Synthesis Report" option in "Analysis and Synthesis Settings -> More Settings" to "Off".


+--------------------------------------------------------------------------------------------------------------------+
; Parameter Settings for User Entity Instance: lut_rom:rom_0_3_8                                                     ;
+----------------+----------------------------------------------------------------------------------+----------------+
; Parameter Name ; Value                                                                            ; Type           ;
+----------------+----------------------------------------------------------------------------------+----------------+
; DATA_WIDTH     ; 6                                                                                ; Signed Integer ;
; ADDR_WIDTH     ; 6                                                                                ; Signed Integer ;
; INIT           ; A(B"000001",B"000001",B"000001",B"000001",B"000001",B"000001",B"000001",B"000001 ; Array/Record   ;
; INIT           ; ",B"000001",B"000001",B"000010",B"000010",B"000010",B"000010",B"000010",B"000010 ;                ;
; INIT           ; ",B"000010",B"000010",B"000010",B"000011",B"000011",B"000011",B"000011",B"000011 ;                ;
; INIT           ; ",B"000011",B"000011",B"000011",B"000100",B"000100",B"000100",B"000100",B"000100 ;                ;
; INIT           ; ",B"000000",B"000000",B"000000",B"000000",B"000000",B"000000",B"000000",B"000000 ;                ;
; INIT           ; ",B"000000",B"000000",B"000000",B"000000",B"000000",B"000000",B"000000",B"000000 ;                ;
; INIT           ; ",B"000000",B"000000",B"000000",B"000000",B"000000",B"000000",B"000000",B"000000 ;                ;
; INIT           ; ",B"000000",B"000000",B"000000",B"000000",B"000000",B"000000",B"000001",B"000001 ;                ;
;                ; ")                                                                               ;                ;
+----------------+----------------------------------------------------------------------------------+----------------+
Note: In order to hide this table in the UI and the text report file, please set the "Show Parameter Settings in Synthesis Report" option in "Analysis and Synthesis Settings -> More Settings" to "Off".


+--------------------------------------------------------------------------------------------------------------------+
; Parameter Settings for User Entity Instance: lut_rom:rom_0_3_9                                                     ;
+----------------+----------------------------------------------------------------------------------+----------------+
; Parameter Name ; Value                                                                            ; Type           ;
+----------------+----------------------------------------------------------------------------------+----------------+
; DATA_WIDTH     ; 6                                                                                ; Signed Integer ;
; ADDR_WIDTH     ; 6                                                                                ; Signed Integer ;
; INIT           ; A(B"000001",B"000001",B"000001",B"000001",B"000001",B"000000",B"000000",B"000000 ; Array/Record   ;
; INIT           ; ",B"000000",B"000000",B"111111",B"111111",B"111111",B"111111",B"111110",B"111110 ;                ;
; INIT           ; ",B"111110",B"111101",B"111101",B"111101",B"111101",B"111100",B"111100",B"111100 ;                ;
; INIT           ; ",B"111011",B"111011",B"111011",B"111010",B"111010",B"111010",B"111001",B"111001 ;                ;
; INIT           ; ",B"000100",B"000100",B"000100",B"000100",B"000100",B"000100",B"000100",B"000100 ;                ;
; INIT           ; ",B"000100",B"000100",B"000100",B"000100",B"000100",B"000100",B"000100",B"000100 ;                ;
; INIT           ; ",B"000100",B"000100",B"000011",B"000011",B"000011",B"000011",B"000011",B"000011 ;                ;
; INIT           ; ",B"000011",B"000011",B"000010",B"000010",B"000010",B"000010",B"000010",B"000010 ;                ;
;                ; ")                                                                               ;                ;
+----------------+----------------------------------------------------------------------------------+----------------+
Note: In order to hide this table in the UI and the text report file, please set the "Show Parameter Settings in Synthesis Report" option in "Analysis and Synthesis Settings -> More Settings" to "Off".


+--------------------------------------------------------------------------------------------------------------------+
; Parameter Settings for User Entity Instance: lut_rom:rom_0_3_10                                                    ;
+----------------+----------------------------------------------------------------------------------+----------------+
; Parameter Name ; Value                                                                            ; Type           ;
+----------------+----------------------------------------------------------------------------------+----------------+
; DATA_WIDTH     ; 6                                                                                ; Signed Integer ;
; ADDR_WIDTH     ; 6                                                                                ; Signed Integer ;
; INIT           ; A(B"000010",B"000010",B"000010",B"000010",B"000010",B"000010",B"000010",B"000010 ; Array/Record   ;
; INIT           ; ",B"000011",B"000011",B"000011",B"000011",B"000011",B"000011",B"000011",B"000011 ;                ;
; INIT           ; ",B"000100",B"000100",B"000100",B"000100",B"000100",B"000100",B"000100",B"000101 ;                ;
; INIT           ; ",B"000101",B"000101",B"000101",B"000101",B"000101",B"000110",B"000110",B"000110 ;                ;
; INIT           ; ",B"000000",B"000000",B"000000",B"000000",B"000000",B"000000",B"000000",B"000000 ;                ;
; INIT           ; ",B"000000",B"000000",B"000000",B"000000",B"000000",B"000000",B"000000",B"000001 ;                ;
; INIT           ; ",B"000001",B"000001",B"000001",B"000001",B"000001",B"000001",B"000001",B"000001 ;                ;
; INIT           ; ",B"000001",B"000001",B"000001",B"000001",B"000001",B"000001",B"000001",B"000010 ;                ;
;                ; ")                                                                               ;                ;
+----------------+----------------------------------------------------------------------------------+----------------+
Note: In order to hide this table in the UI and the text report file, please set the "Show Parameter Settings in Synthesis Report" option in "Analysis and Synthesis Settings -> More Settings" to "Off".


+--------------------------------------------------------------------------------------------------------------------+
; Parameter Settings for User Entity Instance: lut_rom:rom_0_3_11                                                    ;
+----------------+----------------------------------------------------------------------------------+----------------+
; Parameter Name ; Value                                                                            ; Type           ;
+----------------+----------------------------------------------------------------------------------+----------------+
; DATA_WIDTH     ; 6                                                                                ; Signed Integer ;
; ADDR_WIDTH     ; 6                                                                                ; Signed Integer ;
; INIT           ; A(B"000010",B"000010",B"000010",B"000010",B"000010",B"000010",B"000010",B"000010 ; Array/Record   ;
; INIT           ; ",B"000010",B"000010",B"000010",B"000010",B"000010",B"000010",B"000010",B"000010 ;                ;
; INIT           ; ",B"000010",B"000010",B"000010",B"000010",B"000010",B"000010",B"000010",B"000010 ;                ;
; INIT           ; ",B"000010",B"000010",B"000010",B"000011",B"000011",B"000011",B"000011",B"000011 ;                ;
; INIT           ; ",B"000001",B"000001",B"000001",B"000001",B"000001",B"000001",B"000001",B"000001 ;                ;
; INIT           ; ",B"000001",B"000001",B"000001",B"000001",B"000001",B"000001",B"000001",B"000001 ;                ;
; INIT           ; ",B"000001",B"000001",B"000001",B"000001",B"000001",B"000001",B"000001",B"000001 ;                ;
; INIT           ; ",B"000001",B"000001",B"000001",B"000010",B"000010",B"000010",B"000010",B"000010 ;                ;
;                ; ")                                                                               ;                ;
+----------------+----------------------------------------------------------------------------------+----------------+
Note: In order to hide this table in the UI and the text report file, please set the "Show Parameter Settings in Synthesis Report" option in "Analysis and Synthesis Settings -> More Settings" to "Off".


+--------------------------------------------------------------------------------------------------------------------+
; Parameter Settings for User Entity Instance: lut_rom:rom_0_3_12                                                    ;
+----------------+----------------------------------------------------------------------------------+----------------+
; Parameter Name ; Value                                                                            ; Type           ;
+----------------+----------------------------------------------------------------------------------+----------------+
; DATA_WIDTH     ; 6                                                                                ; Signed Integer ;
; ADDR_WIDTH     ; 6                                                                                ; Signed Integer ;
; INIT           ; A(B"000001",B"000001",B"000001",B"000000",B"000000",B"000000",B"000000",B"000000 ; Array/Record   ;
; INIT           ; ",B"000000",B"111111",B"111111",B"111111",B"111111",B"111111",B"111110",B"111110 ;                ;
; INIT           ; ",B"111110",B"111110",B"111110",B"111101",B"111101",B"111101",B"111101",B"111100 ;                ;
; INIT           ; ",B"111100",B"111100",B"111100",B"111011",B"111011",B"111011",B"111011",B"111010 ;                ;
; INIT           ; ",B"000011",B"000011",B"000011",B"000011",B"000011",B"000011",B"000011",B"000011 ;                ;
; INIT           ; ",B"000011",B"000011",B"000011",B"000011",B"000011",B"000011",B"000010",B"000010 ;                ;
; INIT           ; ",B"000010",B"000010",B"000010",B"000010",B"000010",B"000010",B"000010",B"000010 ;                ;
; INIT           ; ",B"000010",B"000010",B"000010",B"000001",B"000001",B"000001",B"000001",B"000001 ;                ;
;                ; ")                                                                               ;                ;
+----------------+----------------------------------------------------------------------------------+----------------+
Note: In order to hide this table in the UI and the text report file, please set the "Show Parameter Settings in Synthesis Report" option in "Analysis and Synthesis Settings -> More Settings" to "Off".


+------------------------------------------------------------------+
; Parameter Settings for User Entity Instance: registers:r_0_3_1_0 ;
+----------------+-------+-----------------------------------------+
; Parameter Name ; Value ; Type                                    ;
+----------------+-------+-----------------------------------------+
; ARRAY_WIDTH    ; 8     ; Signed Integer                          ;
+----------------+-------+-----------------------------------------+
Note: In order to hide this table in the UI and the text report file, please set the "Show Parameter Settings in Synthesis Report" option in "Analysis and Synthesis Settings -> More Settings" to "Off".


+------------------------------------------------------------------+
; Parameter Settings for User Entity Instance: registers:r_0_3_1_1 ;
+----------------+-------+-----------------------------------------+
; Parameter Name ; Value ; Type                                    ;
+----------------+-------+-----------------------------------------+
; ARRAY_WIDTH    ; 8     ; Signed Integer                          ;
+----------------+-------+-----------------------------------------+
Note: In order to hide this table in the UI and the text report file, please set the "Show Parameter Settings in Synthesis Report" option in "Analysis and Synthesis Settings -> More Settings" to "Off".


+------------------------------------------------------------------+
; Parameter Settings for User Entity Instance: registers:r_0_3_1_2 ;
+----------------+-------+-----------------------------------------+
; Parameter Name ; Value ; Type                                    ;
+----------------+-------+-----------------------------------------+
; ARRAY_WIDTH    ; 8     ; Signed Integer                          ;
+----------------+-------+-----------------------------------------+
Note: In order to hide this table in the UI and the text report file, please set the "Show Parameter Settings in Synthesis Report" option in "Analysis and Synthesis Settings -> More Settings" to "Off".


+------------------------------------------------------------------+
; Parameter Settings for User Entity Instance: registers:r_0_3_1_3 ;
+----------------+-------+-----------------------------------------+
; Parameter Name ; Value ; Type                                    ;
+----------------+-------+-----------------------------------------+
; ARRAY_WIDTH    ; 8     ; Signed Integer                          ;
+----------------+-------+-----------------------------------------+
Note: In order to hide this table in the UI and the text report file, please set the "Show Parameter Settings in Synthesis Report" option in "Analysis and Synthesis Settings -> More Settings" to "Off".


+--------------------------------------------------------------+
; Parameter Settings for User Entity Instance: registers:r_0_3 ;
+----------------+-------+-------------------------------------+
; Parameter Name ; Value ; Type                                ;
+----------------+-------+-------------------------------------+
; ARRAY_WIDTH    ; 10    ; Signed Integer                      ;
+----------------+-------+-------------------------------------+
Note: In order to hide this table in the UI and the text report file, please set the "Show Parameter Settings in Synthesis Report" option in "Analysis and Synthesis Settings -> More Settings" to "Off".


+--------------------------------------------------------------------+
; Parameter Settings for User Entity Instance: saturate_clip:sat_0_3 ;
+----------------+-------+-------------------------------------------+
; Parameter Name ; Value ; Type                                      ;
+----------------+-------+-------------------------------------------+
; IN_WIDTH       ; 10    ; Signed Integer                            ;
; OUT_WIDTH      ; 6     ; Signed Integer                            ;
+----------------+-------+-------------------------------------------+
Note: In order to hide this table in the UI and the text report file, please set the "Show Parameter Settings in Synthesis Report" option in "Analysis and Synthesis Settings -> More Settings" to "Off".


+--------------------------------------------------------------------------------------------------------------------+
; Parameter Settings for User Entity Instance: lut_rom:rom_0_4_0                                                     ;
+----------------+----------------------------------------------------------------------------------+----------------+
; Parameter Name ; Value                                                                            ; Type           ;
+----------------+----------------------------------------------------------------------------------+----------------+
; DATA_WIDTH     ; 6                                                                                ; Signed Integer ;
; ADDR_WIDTH     ; 6                                                                                ; Signed Integer ;
; INIT           ; A(B"000001",B"000001",B"000001",B"000001",B"000001",B"000001",B"000001",B"000001 ; Array/Record   ;
; INIT           ; ",B"000001",B"000001",B"000001",B"000001",B"000000",B"000000",B"000000",B"000000 ;                ;
; INIT           ; ",B"000000",B"000000",B"000000",B"000000",B"000000",B"000000",B"111111",B"111111 ;                ;
; INIT           ; ",B"111111",B"111111",B"111111",B"111111",B"111111",B"111111",B"111111",B"111110 ;                ;
; INIT           ; ",B"000011",B"000011",B"000011",B"000011",B"000011",B"000011",B"000011",B"000010 ;                ;
; INIT           ; ",B"000010",B"000010",B"000010",B"000010",B"000010",B"000010",B"000010",B"000010 ;                ;
; INIT           ; ",B"000010",B"000010",B"000010",B"000010",B"000010",B"000010",B"000010",B"000010 ;                ;
; INIT           ; ",B"000010",B"000010",B"000010",B"000010",B"000010",B"000010",B"000010",B"000010 ;                ;
;                ; ")                                                                               ;                ;
+----------------+----------------------------------------------------------------------------------+----------------+
Note: In order to hide this table in the UI and the text report file, please set the "Show Parameter Settings in Synthesis Report" option in "Analysis and Synthesis Settings -> More Settings" to "Off".


+--------------------------------------------------------------------------------------------------------------------+
; Parameter Settings for User Entity Instance: lut_rom:rom_0_4_3                                                     ;
+----------------+----------------------------------------------------------------------------------+----------------+
; Parameter Name ; Value                                                                            ; Type           ;
+----------------+----------------------------------------------------------------------------------+----------------+
; DATA_WIDTH     ; 6                                                                                ; Signed Integer ;
; ADDR_WIDTH     ; 6                                                                                ; Signed Integer ;
; INIT           ; A(B"000001",B"000010",B"000010",B"000010",B"000010",B"000010",B"000010",B"000010 ; Array/Record   ;
; INIT           ; ",B"000011",B"000011",B"000011",B"000011",B"000011",B"000100",B"000100",B"000100 ;                ;
; INIT           ; ",B"000100",B"000101",B"000101",B"000101",B"000101",B"000101",B"000110",B"000110 ;                ;
; INIT           ; ",B"000110",B"000110",B"000111",B"000111",B"000111",B"000111",B"001000",B"001000 ;                ;
; INIT           ; ",B"111111",B"111111",B"111111",B"111111",B"111111",B"111111",B"111111",B"111111 ;                ;
; INIT           ; ",B"111111",B"111111",B"111111",B"111111",B"111111",B"111111",B"000000",B"000000 ;                ;
; INIT           ; ",B"000000",B"000000",B"000000",B"000000",B"000000",B"000000",B"000000",B"000000 ;                ;
; INIT           ; ",B"000000",B"000000",B"000001",B"000001",B"000001",B"000001",B"000001",B"000001 ;                ;
;                ; ")                                                                               ;                ;
+----------------+----------------------------------------------------------------------------------+----------------+
Note: In order to hide this table in the UI and the text report file, please set the "Show Parameter Settings in Synthesis Report" option in "Analysis and Synthesis Settings -> More Settings" to "Off".


+--------------------------------------------------------------------------------------------------------------------+
; Parameter Settings for User Entity Instance: lut_rom:rom_0_4_4                                                     ;
+----------------+----------------------------------------------------------------------------------+----------------+
; Parameter Name ; Value                                                                            ; Type           ;
+----------------+----------------------------------------------------------------------------------+----------------+
; DATA_WIDTH     ; 6                                                                                ; Signed Integer ;
; ADDR_WIDTH     ; 6                                                                                ; Signed Integer ;
; INIT           ; A(B"000001",B"000001",B"000001",B"000001",B"000001",B"000001",B"000001",B"000001 ; Array/Record   ;
; INIT           ; ",B"000001",B"000001",B"000001",B"000001",B"000001",B"000001",B"000001",B"000001 ;                ;
; INIT           ; ",B"000001",B"000001",B"000001",B"000001",B"000001",B"000001",B"000001",B"000001 ;                ;
; INIT           ; ",B"000001",B"000001",B"000001",B"000001",B"000001",B"000001",B"000001",B"000001 ;                ;
; INIT           ; ",B"000001",B"000001",B"000001",B"000001",B"000001",B"000001",B"000001",B"000001 ;                ;
; INIT           ; ",B"000001",B"000001",B"000001",B"000001",B"000001",B"000001",B"000001",B"000001 ;                ;
; INIT           ; ",B"000001",B"000001",B"000001",B"000001",B"000001",B"000001",B"000001",B"000001 ;                ;
; INIT           ; ",B"000001",B"000001",B"000001",B"000001",B"000001",B"000001",B"000001",B"000001 ;                ;
;                ; ")                                                                               ;                ;
+----------------+----------------------------------------------------------------------------------+----------------+
Note: In order to hide this table in the UI and the text report file, please set the "Show Parameter Settings in Synthesis Report" option in "Analysis and Synthesis Settings -> More Settings" to "Off".


+--------------------------------------------------------------------------------------------------------------------+
; Parameter Settings for User Entity Instance: lut_rom:rom_0_4_5                                                     ;
+----------------+----------------------------------------------------------------------------------+----------------+
; Parameter Name ; Value                                                                            ; Type           ;
+----------------+----------------------------------------------------------------------------------+----------------+
; DATA_WIDTH     ; 6                                                                                ; Signed Integer ;
; ADDR_WIDTH     ; 6                                                                                ; Signed Integer ;
; INIT           ; A(B"000001",B"000001",B"000001",B"000001",B"000001",B"000001",B"000000",B"000000 ; Array/Record   ;
; INIT           ; ",B"000000",B"000000",B"000000",B"000000",B"111111",B"111111",B"111111",B"111111 ;                ;
; INIT           ; ",B"111111",B"111110",B"111110",B"111110",B"111110",B"111101",B"111101",B"111101 ;                ;
; INIT           ; ",B"111101",B"111101",B"111100",B"111100",B"111100",B"111100",B"111011",B"111011 ;                ;
; INIT           ; ",B"000011",B"000011",B"000011",B"000011",B"000011",B"000011",B"000011",B"000011 ;                ;
; INIT           ; ",B"000011",B"000011",B"000011",B"000011",B"000011",B"000011",B"000011",B"000011 ;                ;
; INIT           ; ",B"000011",B"000011",B"000011",B"000011",B"000010",B"000010",B"000010",B"000010 ;                ;
; INIT           ; ",B"000010",B"000010",B"000010",B"000010",B"000010",B"000010",B"000001",B"000001 ;                ;
;                ; ")                                                                               ;                ;
+----------------+----------------------------------------------------------------------------------+----------------+
Note: In order to hide this table in the UI and the text report file, please set the "Show Parameter Settings in Synthesis Report" option in "Analysis and Synthesis Settings -> More Settings" to "Off".


+--------------------------------------------------------------------------------------------------------------------+
; Parameter Settings for User Entity Instance: lut_rom:rom_0_4_6                                                     ;
+----------------+----------------------------------------------------------------------------------+----------------+
; Parameter Name ; Value                                                                            ; Type           ;
+----------------+----------------------------------------------------------------------------------+----------------+
; DATA_WIDTH     ; 6                                                                                ; Signed Integer ;
; ADDR_WIDTH     ; 6                                                                                ; Signed Integer ;
; INIT           ; A(B"000001",B"000001",B"000001",B"000001",B"000000",B"000000",B"000000",B"000000 ; Array/Record   ;
; INIT           ; ",B"000000",B"000000",B"000000",B"000000",B"111111",B"111111",B"111111",B"111111 ;                ;
; INIT           ; ",B"111111",B"111111",B"111111",B"111110",B"111110",B"111110",B"111110",B"111110 ;                ;
; INIT           ; ",B"111110",B"111101",B"111101",B"111101",B"111101",B"111101",B"111101",B"111100 ;                ;
; INIT           ; ",B"000010",B"000010",B"000010",B"000010",B"000010",B"000010",B"000010",B"000010 ;                ;
; INIT           ; ",B"000010",B"000010",B"000010",B"000010",B"000010",B"000010",B"000010",B"000010 ;                ;
; INIT           ; ",B"000010",B"000010",B"000010",B"000010",B"000010",B"000010",B"000010",B"000010 ;                ;
; INIT           ; ",B"000010",B"000001",B"000001",B"000001",B"000001",B"000001",B"000001",B"000001 ;                ;
;                ; ")                                                                               ;                ;
+----------------+----------------------------------------------------------------------------------+----------------+
Note: In order to hide this table in the UI and the text report file, please set the "Show Parameter Settings in Synthesis Report" option in "Analysis and Synthesis Settings -> More Settings" to "Off".


+--------------------------------------------------------------------------------------------------------------------+
; Parameter Settings for User Entity Instance: lut_rom:rom_0_4_7                                                     ;
+----------------+----------------------------------------------------------------------------------+----------------+
; Parameter Name ; Value                                                                            ; Type           ;
+----------------+----------------------------------------------------------------------------------+----------------+
; DATA_WIDTH     ; 6                                                                                ; Signed Integer ;
; ADDR_WIDTH     ; 6                                                                                ; Signed Integer ;
; INIT           ; A(B"000001",B"000001",B"000001",B"000001",B"000001",B"000001",B"000001",B"000010 ; Array/Record   ;
; INIT           ; ",B"000010",B"000010",B"000010",B"000010",B"000010",B"000010",B"000010",B"000011 ;                ;
; INIT           ; ",B"000011",B"000011",B"000011",B"000011",B"000011",B"000100",B"000100",B"000100 ;                ;
; INIT           ; ",B"000100",B"000100",B"000100",B"000101",B"000101",B"000101",B"000101",B"000101 ;                ;
; INIT           ; ",B"000000",B"000000",B"000000",B"000000",B"000000",B"000000",B"000000",B"000000 ;                ;
; INIT           ; ",B"000000",B"000000",B"000000",B"000000",B"000000",B"000000",B"000000",B"000000 ;                ;
; INIT           ; ",B"000000",B"000000",B"000000",B"000000",B"000000",B"000000",B"000000",B"000000 ;                ;
; INIT           ; ",B"000000",B"000000",B"000000",B"000000",B"000000",B"000001",B"000001",B"000001 ;                ;
;                ; ")                                                                               ;                ;
+----------------+----------------------------------------------------------------------------------+----------------+
Note: In order to hide this table in the UI and the text report file, please set the "Show Parameter Settings in Synthesis Report" option in "Analysis and Synthesis Settings -> More Settings" to "Off".


+--------------------------------------------------------------------------------------------------------------------+
; Parameter Settings for User Entity Instance: lut_rom:rom_0_4_8                                                     ;
+----------------+----------------------------------------------------------------------------------+----------------+
; Parameter Name ; Value                                                                            ; Type           ;
+----------------+----------------------------------------------------------------------------------+----------------+
; DATA_WIDTH     ; 6                                                                                ; Signed Integer ;
; ADDR_WIDTH     ; 6                                                                                ; Signed Integer ;
; INIT           ; A(B"000001",B"000001",B"000001",B"000000",B"000000",B"000000",B"000000",B"000000 ; Array/Record   ;
; INIT           ; ",B"000000",B"000000",B"111111",B"111111",B"111111",B"111111",B"111111",B"111111 ;                ;
; INIT           ; ",B"111110",B"111110",B"111110",B"111110",B"111110",B"111101",B"111101",B"111101 ;                ;
; INIT           ; ",B"111101",B"111101",B"111100",B"111100",B"111100",B"111100",B"111100",B"111011 ;                ;
; INIT           ; ",B"000010",B"000010",B"000010",B"000010",B"000010",B"000010",B"000010",B"000010 ;                ;
; INIT           ; ",B"000010",B"000010",B"000010",B"000010",B"000010",B"000010",B"000010",B"000010 ;                ;
; INIT           ; ",B"000010",B"000010",B"000010",B"000010",B"000010",B"000010",B"000010",B"000010 ;                ;
; INIT           ; ",B"000010",B"000001",B"000001",B"000001",B"000001",B"000001",B"000001",B"000001 ;                ;
;                ; ")                                                                               ;                ;
+----------------+----------------------------------------------------------------------------------+----------------+
Note: In order to hide this table in the UI and the text report file, please set the "Show Parameter Settings in Synthesis Report" option in "Analysis and Synthesis Settings -> More Settings" to "Off".


+--------------------------------------------------------------------------------------------------------------------+
; Parameter Settings for User Entity Instance: lut_rom:rom_0_4_9                                                     ;
+----------------+----------------------------------------------------------------------------------+----------------+
; Parameter Name ; Value                                                                            ; Type           ;
+----------------+----------------------------------------------------------------------------------+----------------+
; DATA_WIDTH     ; 6                                                                                ; Signed Integer ;
; ADDR_WIDTH     ; 6                                                                                ; Signed Integer ;
; INIT           ; A(B"000001",B"000001",B"000001",B"000001",B"000001",B"000001",B"000001",B"000001 ; Array/Record   ;
; INIT           ; ",B"000001",B"000010",B"000010",B"000010",B"000010",B"000010",B"000010",B"000011 ;                ;
; INIT           ; ",B"000011",B"000011",B"000011",B"000011",B"000011",B"000100",B"000100",B"000100 ;                ;
; INIT           ; ",B"000100",B"000100",B"000100",B"000101",B"000101",B"000101",B"000101",B"000101 ;                ;
; INIT           ; ",B"111111",B"111111",B"111111",B"111111",B"111111",B"111111",B"111111",B"111111 ;                ;
; INIT           ; ",B"111111",B"111111",B"111111",B"111111",B"111111",B"111111",B"111111",B"111111 ;                ;
; INIT           ; ",B"000000",B"000000",B"000000",B"000000",B"000000",B"000000",B"000000",B"000000 ;                ;
; INIT           ; ",B"000000",B"000000",B"000000",B"000000",B"000000",B"000000",B"000000",B"000000 ;                ;
;                ; ")                                                                               ;                ;
+----------------+----------------------------------------------------------------------------------+----------------+
Note: In order to hide this table in the UI and the text report file, please set the "Show Parameter Settings in Synthesis Report" option in "Analysis and Synthesis Settings -> More Settings" to "Off".


+--------------------------------------------------------------------------------------------------------------------+
; Parameter Settings for User Entity Instance: lut_rom:rom_0_4_10                                                    ;
+----------------+----------------------------------------------------------------------------------+----------------+
; Parameter Name ; Value                                                                            ; Type           ;
+----------------+----------------------------------------------------------------------------------+----------------+
; DATA_WIDTH     ; 6                                                                                ; Signed Integer ;
; ADDR_WIDTH     ; 6                                                                                ; Signed Integer ;
; INIT           ; A(B"000001",B"000001",B"000001",B"000001",B"000000",B"000000",B"000000",B"000000 ; Array/Record   ;
; INIT           ; ",B"000000",B"000000",B"000000",B"000000",B"000000",B"000000",B"000000",B"000000 ;                ;
; INIT           ; ",B"000000",B"000000",B"111111",B"111111",B"111111",B"111111",B"111111",B"111111 ;                ;
; INIT           ; ",B"111111",B"111111",B"111111",B"111111",B"111111",B"111110",B"111110",B"111110 ;                ;
; INIT           ; ",B"000010",B"000010",B"000010",B"000010",B"000010",B"000010",B"000010",B"000010 ;                ;
; INIT           ; ",B"000010",B"000001",B"000001",B"000001",B"000001",B"000001",B"000001",B"000001 ;                ;
; INIT           ; ",B"000001",B"000001",B"000001",B"000001",B"000001",B"000001",B"000001",B"000001 ;                ;
; INIT           ; ",B"000001",B"000001",B"000001",B"000001",B"000001",B"000001",B"000001",B"000001 ;                ;
;                ; ")                                                                               ;                ;
+----------------+----------------------------------------------------------------------------------+----------------+
Note: In order to hide this table in the UI and the text report file, please set the "Show Parameter Settings in Synthesis Report" option in "Analysis and Synthesis Settings -> More Settings" to "Off".


+--------------------------------------------------------------------------------------------------------------------+
; Parameter Settings for User Entity Instance: lut_rom:rom_0_4_11                                                    ;
+----------------+----------------------------------------------------------------------------------+----------------+
; Parameter Name ; Value                                                                            ; Type           ;
+----------------+----------------------------------------------------------------------------------+----------------+
; DATA_WIDTH     ; 6                                                                                ; Signed Integer ;
; ADDR_WIDTH     ; 6                                                                                ; Signed Integer ;
; INIT           ; A(B"000000",B"000000",B"000000",B"000000",B"000000",B"000000",B"111111",B"111111 ; Array/Record   ;
; INIT           ; ",B"111111",B"111111",B"111111",B"111111",B"111111",B"111111",B"111111",B"111111 ;                ;
; INIT           ; ",B"111111",B"111110",B"111110",B"111110",B"111110",B"111110",B"111110",B"111110 ;                ;
; INIT           ; ",B"111110",B"111110",B"111101",B"111101",B"111101",B"111101",B"111101",B"111101 ;                ;
; INIT           ; ",B"000001",B"000001",B"000001",B"000001",B"000001",B"000001",B"000001",B"000001 ;                ;
; INIT           ; ",B"000001",B"000001",B"000001",B"000001",B"000001",B"000001",B"000001",B"000001 ;                ;
; INIT           ; ",B"000001",B"000001",B"000001",B"000000",B"000000",B"000000",B"000000",B"000000 ;                ;
; INIT           ; ",B"000000",B"000000",B"000000",B"000000",B"000000",B"000000",B"000000",B"000000 ;                ;
;                ; ")                                                                               ;                ;
+----------------+----------------------------------------------------------------------------------+----------------+
Note: In order to hide this table in the UI and the text report file, please set the "Show Parameter Settings in Synthesis Report" option in "Analysis and Synthesis Settings -> More Settings" to "Off".


+--------------------------------------------------------------------------------------------------------------------+
; Parameter Settings for User Entity Instance: lut_rom:rom_0_4_12                                                    ;
+----------------+----------------------------------------------------------------------------------+----------------+
; Parameter Name ; Value                                                                            ; Type           ;
+----------------+----------------------------------------------------------------------------------+----------------+
; DATA_WIDTH     ; 6                                                                                ; Signed Integer ;
; ADDR_WIDTH     ; 6                                                                                ; Signed Integer ;
; INIT           ; A(B"000001",B"000001",B"000001",B"000001",B"000001",B"000000",B"000000",B"000000 ; Array/Record   ;
; INIT           ; ",B"000000",B"000000",B"111111",B"111111",B"111111",B"111111",B"111110",B"111110 ;                ;
; INIT           ; ",B"111110",B"111110",B"111101",B"111101",B"111101",B"111101",B"111100",B"111100 ;                ;
; INIT           ; ",B"111100",B"111100",B"111011",B"111011",B"111011",B"111010",B"111010",B"111010 ;                ;
; INIT           ; ",B"000011",B"000011",B"000011",B"000011",B"000011",B"000011",B"000011",B"000011 ;                ;
; INIT           ; ",B"000011",B"000011",B"000011",B"000011",B"000011",B"000011",B"000011",B"000011 ;                ;
; INIT           ; ",B"000011",B"000011",B"000011",B"000011",B"000011",B"000011",B"000010",B"000010 ;                ;
; INIT           ; ",B"000010",B"000010",B"000010",B"000010",B"000010",B"000010",B"000010",B"000001 ;                ;
;                ; ")                                                                               ;                ;
+----------------+----------------------------------------------------------------------------------+----------------+
Note: In order to hide this table in the UI and the text report file, please set the "Show Parameter Settings in Synthesis Report" option in "Analysis and Synthesis Settings -> More Settings" to "Off".


+------------------------------------------------------------------+
; Parameter Settings for User Entity Instance: registers:r_0_4_1_0 ;
+----------------+-------+-----------------------------------------+
; Parameter Name ; Value ; Type                                    ;
+----------------+-------+-----------------------------------------+
; ARRAY_WIDTH    ; 8     ; Signed Integer                          ;
+----------------+-------+-----------------------------------------+
Note: In order to hide this table in the UI and the text report file, please set the "Show Parameter Settings in Synthesis Report" option in "Analysis and Synthesis Settings -> More Settings" to "Off".


+------------------------------------------------------------------+
; Parameter Settings for User Entity Instance: registers:r_0_4_1_1 ;
+----------------+-------+-----------------------------------------+
; Parameter Name ; Value ; Type                                    ;
+----------------+-------+-----------------------------------------+
; ARRAY_WIDTH    ; 8     ; Signed Integer                          ;
+----------------+-------+-----------------------------------------+
Note: In order to hide this table in the UI and the text report file, please set the "Show Parameter Settings in Synthesis Report" option in "Analysis and Synthesis Settings -> More Settings" to "Off".


+------------------------------------------------------------------+
; Parameter Settings for User Entity Instance: registers:r_0_4_1_2 ;
+----------------+-------+-----------------------------------------+
; Parameter Name ; Value ; Type                                    ;
+----------------+-------+-----------------------------------------+
; ARRAY_WIDTH    ; 8     ; Signed Integer                          ;
+----------------+-------+-----------------------------------------+
Note: In order to hide this table in the UI and the text report file, please set the "Show Parameter Settings in Synthesis Report" option in "Analysis and Synthesis Settings -> More Settings" to "Off".


+--------------------------------------------------------------+
; Parameter Settings for User Entity Instance: registers:r_0_4 ;
+----------------+-------+-------------------------------------+
; Parameter Name ; Value ; Type                                ;
+----------------+-------+-------------------------------------+
; ARRAY_WIDTH    ; 10    ; Signed Integer                      ;
+----------------+-------+-------------------------------------+
Note: In order to hide this table in the UI and the text report file, please set the "Show Parameter Settings in Synthesis Report" option in "Analysis and Synthesis Settings -> More Settings" to "Off".


+--------------------------------------------------------------------+
; Parameter Settings for User Entity Instance: saturate_clip:sat_0_4 ;
+----------------+-------+-------------------------------------------+
; Parameter Name ; Value ; Type                                      ;
+----------------+-------+-------------------------------------------+
; IN_WIDTH       ; 10    ; Signed Integer                            ;
; OUT_WIDTH      ; 6     ; Signed Integer                            ;
+----------------+-------+-------------------------------------------+
Note: In order to hide this table in the UI and the text report file, please set the "Show Parameter Settings in Synthesis Report" option in "Analysis and Synthesis Settings -> More Settings" to "Off".


+--------------------------------------------------------------------------------------------------------------------+
; Parameter Settings for User Entity Instance: lut_rom:rom_0_5_0                                                     ;
+----------------+----------------------------------------------------------------------------------+----------------+
; Parameter Name ; Value                                                                            ; Type           ;
+----------------+----------------------------------------------------------------------------------+----------------+
; DATA_WIDTH     ; 6                                                                                ; Signed Integer ;
; ADDR_WIDTH     ; 6                                                                                ; Signed Integer ;
; INIT           ; A(B"000000",B"000000",B"000000",B"000000",B"000000",B"000000",B"000000",B"000000 ; Array/Record   ;
; INIT           ; ",B"000000",B"000000",B"000000",B"000000",B"000000",B"000000",B"000000",B"111111 ;                ;
; INIT           ; ",B"111111",B"111111",B"111111",B"111111",B"111111",B"111111",B"111111",B"111111 ;                ;
; INIT           ; ",B"111111",B"111111",B"111111",B"111110",B"111110",B"111110",B"111110",B"111110 ;                ;
; INIT           ; ",B"000001",B"000001",B"000001",B"000001",B"000001",B"000001",B"000001",B"000001 ;                ;
; INIT           ; ",B"000001",B"000001",B"000001",B"000001",B"000001",B"000001",B"000001",B"000001 ;                ;
; INIT           ; ",B"000001",B"000001",B"000001",B"000001",B"000001",B"000001",B"000001",B"000001 ;                ;
; INIT           ; ",B"000001",B"000001",B"000001",B"000001",B"000001",B"000001",B"000001",B"000000 ;                ;
;                ; ")                                                                               ;                ;
+----------------+----------------------------------------------------------------------------------+----------------+
Note: In order to hide this table in the UI and the text report file, please set the "Show Parameter Settings in Synthesis Report" option in "Analysis and Synthesis Settings -> More Settings" to "Off".


+--------------------------------------------------------------------------------------------------------------------+
; Parameter Settings for User Entity Instance: lut_rom:rom_0_5_1                                                     ;
+----------------+----------------------------------------------------------------------------------+----------------+
; Parameter Name ; Value                                                                            ; Type           ;
+----------------+----------------------------------------------------------------------------------+----------------+
; DATA_WIDTH     ; 6                                                                                ; Signed Integer ;
; ADDR_WIDTH     ; 6                                                                                ; Signed Integer ;
; INIT           ; A(B"000001",B"000001",B"000001",B"000001",B"000001",B"000001",B"000001",B"000001 ; Array/Record   ;
; INIT           ; ",B"000001",B"000001",B"000001",B"000010",B"000010",B"000010",B"000010",B"000010 ;                ;
; INIT           ; ",B"000010",B"000010",B"000010",B"000010",B"000011",B"000011",B"000011",B"000011 ;                ;
; INIT           ; ",B"000011",B"000011",B"000011",B"000100",B"000100",B"000100",B"000100",B"000100 ;                ;
; INIT           ; ",B"000000",B"000000",B"000000",B"000000",B"000000",B"000000",B"000000",B"000000 ;                ;
; INIT           ; ",B"000000",B"000000",B"000000",B"000000",B"000000",B"000000",B"000000",B"000000 ;                ;
; INIT           ; ",B"000000",B"000000",B"000000",B"000000",B"000000",B"000000",B"000000",B"000000 ;                ;
; INIT           ; ",B"000000",B"000000",B"000000",B"000000",B"000000",B"000000",B"000000",B"000000 ;                ;
;                ; ")                                                                               ;                ;
+----------------+----------------------------------------------------------------------------------+----------------+
Note: In order to hide this table in the UI and the text report file, please set the "Show Parameter Settings in Synthesis Report" option in "Analysis and Synthesis Settings -> More Settings" to "Off".


+--------------------------------------------------------------------------------------------------------------------+
; Parameter Settings for User Entity Instance: lut_rom:rom_0_5_2                                                     ;
+----------------+----------------------------------------------------------------------------------+----------------+
; Parameter Name ; Value                                                                            ; Type           ;
+----------------+----------------------------------------------------------------------------------+----------------+
; DATA_WIDTH     ; 6                                                                                ; Signed Integer ;
; ADDR_WIDTH     ; 6                                                                                ; Signed Integer ;
; INIT           ; A(B"000000",B"000000",B"000000",B"000000",B"000000",B"000000",B"000000",B"000000 ; Array/Record   ;
; INIT           ; ",B"000000",B"000000",B"000000",B"000000",B"000000",B"000000",B"000001",B"000001 ;                ;
; INIT           ; ",B"000001",B"000001",B"000001",B"000001",B"000001",B"000001",B"000001",B"000001 ;                ;
; INIT           ; ",B"000001",B"000001",B"000001",B"000001",B"000010",B"000010",B"000010",B"000010 ;                ;
; INIT           ; ",B"111111",B"111111",B"111111",B"111111",B"111111",B"111111",B"111111",B"111111 ;                ;
; INIT           ; ",B"111111",B"111111",B"111111",B"111111",B"111111",B"111111",B"111111",B"111111 ;                ;
; INIT           ; ",B"111111",B"111111",B"111111",B"111111",B"111111",B"000000",B"000000",B"000000 ;                ;
; INIT           ; ",B"000000",B"000000",B"000000",B"000000",B"000000",B"000000",B"000000",B"000000 ;                ;
;                ; ")                                                                               ;                ;
+----------------+----------------------------------------------------------------------------------+----------------+
Note: In order to hide this table in the UI and the text report file, please set the "Show Parameter Settings in Synthesis Report" option in "Analysis and Synthesis Settings -> More Settings" to "Off".


+--------------------------------------------------------------------------------------------------------------------+
; Parameter Settings for User Entity Instance: lut_rom:rom_0_5_3                                                     ;
+----------------+----------------------------------------------------------------------------------+----------------+
; Parameter Name ; Value                                                                            ; Type           ;
+----------------+----------------------------------------------------------------------------------+----------------+
; DATA_WIDTH     ; 6                                                                                ; Signed Integer ;
; ADDR_WIDTH     ; 6                                                                                ; Signed Integer ;
; INIT           ; A(B"000001",B"000010",B"000010",B"000010",B"000010",B"000010",B"000010",B"000010 ; Array/Record   ;
; INIT           ; ",B"000010",B"000010",B"000010",B"000010",B"000010",B"000011",B"000011",B"000011 ;                ;
; INIT           ; ",B"000011",B"000011",B"000011",B"000011",B"000011",B"000011",B"000011",B"000011 ;                ;
; INIT           ; ",B"000100",B"000100",B"000100",B"000100",B"000100",B"000100",B"000100",B"000100 ;                ;
; INIT           ; ",B"000000",B"000000",B"000000",B"000000",B"000000",B"000000",B"000000",B"000000 ;                ;
; INIT           ; ",B"000000",B"000000",B"000000",B"000000",B"000000",B"000000",B"000000",B"000000 ;                ;
; INIT           ; ",B"000000",B"000000",B"000001",B"000001",B"000001",B"000001",B"000001",B"000001 ;                ;
; INIT           ; ",B"000001",B"000001",B"000001",B"000001",B"000001",B"000001",B"000001",B"000001 ;                ;
;                ; ")                                                                               ;                ;
+----------------+----------------------------------------------------------------------------------+----------------+
Note: In order to hide this table in the UI and the text report file, please set the "Show Parameter Settings in Synthesis Report" option in "Analysis and Synthesis Settings -> More Settings" to "Off".


+--------------------------------------------------------------------------------------------------------------------+
; Parameter Settings for User Entity Instance: lut_rom:rom_0_5_5                                                     ;
+----------------+----------------------------------------------------------------------------------+----------------+
; Parameter Name ; Value                                                                            ; Type           ;
+----------------+----------------------------------------------------------------------------------+----------------+
; DATA_WIDTH     ; 6                                                                                ; Signed Integer ;
; ADDR_WIDTH     ; 6                                                                                ; Signed Integer ;
; INIT           ; A(B"000001",B"000000",B"000000",B"000000",B"000000",B"000000",B"000000",B"000000 ; Array/Record   ;
; INIT           ; ",B"000000",B"000000",B"000000",B"000000",B"000000",B"000000",B"000000",B"111111 ;                ;
; INIT           ; ",B"111111",B"111111",B"111111",B"111111",B"111111",B"111111",B"111111",B"111111 ;                ;
; INIT           ; ",B"111111",B"111110",B"111110",B"111110",B"111110",B"111110",B"111110",B"111110 ;                ;
; INIT           ; ",B"000001",B"000001",B"000001",B"000001",B"000001",B"000001",B"000001",B"000001 ;                ;
; INIT           ; ",B"000001",B"000001",B"000001",B"000001",B"000001",B"000001",B"000001",B"000001 ;                ;
; INIT           ; ",B"000001",B"000001",B"000001",B"000001",B"000001",B"000001",B"000001",B"000001 ;                ;
; INIT           ; ",B"000001",B"000001",B"000001",B"000001",B"000001",B"000001",B"000001",B"000001 ;                ;
;                ; ")                                                                               ;                ;
+----------------+----------------------------------------------------------------------------------+----------------+
Note: In order to hide this table in the UI and the text report file, please set the "Show Parameter Settings in Synthesis Report" option in "Analysis and Synthesis Settings -> More Settings" to "Off".


+--------------------------------------------------------------------------------------------------------------------+
; Parameter Settings for User Entity Instance: lut_rom:rom_0_5_6                                                     ;
+----------------+----------------------------------------------------------------------------------+----------------+
; Parameter Name ; Value                                                                            ; Type           ;
+----------------+----------------------------------------------------------------------------------+----------------+
; DATA_WIDTH     ; 6                                                                                ; Signed Integer ;
; ADDR_WIDTH     ; 6                                                                                ; Signed Integer ;
; INIT           ; A(B"000001",B"000000",B"000000",B"000000",B"000000",B"000000",B"000000",B"111111 ; Array/Record   ;
; INIT           ; ",B"111111",B"111111",B"111111",B"111111",B"111110",B"111110",B"111110",B"111110 ;                ;
; INIT           ; ",B"111101",B"111101",B"111101",B"111101",B"111100",B"111100",B"111100",B"111100 ;                ;
; INIT           ; ",B"111011",B"111011",B"111011",B"111011",B"111010",B"111010",B"111010",B"111010 ;                ;
; INIT           ; ",B"000100",B"000100",B"000100",B"000100",B"000011",B"000011",B"000011",B"000011 ;                ;
; INIT           ; ",B"000011",B"000011",B"000011",B"000011",B"000011",B"000011",B"000011",B"000011 ;                ;
; INIT           ; ",B"000011",B"000011",B"000010",B"000010",B"000010",B"000010",B"000010",B"000010 ;                ;
; INIT           ; ",B"000010",B"000010",B"000010",B"000001",B"000001",B"000001",B"000001",B"000001 ;                ;
;                ; ")                                                                               ;                ;
+----------------+----------------------------------------------------------------------------------+----------------+
Note: In order to hide this table in the UI and the text report file, please set the "Show Parameter Settings in Synthesis Report" option in "Analysis and Synthesis Settings -> More Settings" to "Off".


+--------------------------------------------------------------------------------------------------------------------+
; Parameter Settings for User Entity Instance: lut_rom:rom_0_5_7                                                     ;
+----------------+----------------------------------------------------------------------------------+----------------+
; Parameter Name ; Value                                                                            ; Type           ;
+----------------+----------------------------------------------------------------------------------+----------------+
; DATA_WIDTH     ; 6                                                                                ; Signed Integer ;
; ADDR_WIDTH     ; 6                                                                                ; Signed Integer ;
; INIT           ; A(B"000001",B"000001",B"000001",B"000001",B"000001",B"000001",B"000010",B"000010 ; Array/Record   ;
; INIT           ; ",B"000010",B"000010",B"000010",B"000010",B"000010",B"000011",B"000011",B"000011 ;                ;
; INIT           ; ",B"000011",B"000011",B"000011",B"000100",B"000100",B"000100",B"000100",B"000100 ;                ;
; INIT           ; ",B"000100",B"000101",B"000101",B"000101",B"000101",B"000101",B"000110",B"000110 ;                ;
; INIT           ; ",B"111111",B"111111",B"111111",B"111111",B"111111",B"111111",B"111111",B"000000 ;                ;
; INIT           ; ",B"000000",B"000000",B"000000",B"000000",B"000000",B"000000",B"000000",B"000000 ;                ;
; INIT           ; ",B"000000",B"000000",B"000000",B"000000",B"000000",B"000000",B"000000",B"000000 ;                ;
; INIT           ; ",B"000000",B"000000",B"000000",B"000000",B"000001",B"000001",B"000001",B"000001 ;                ;
;                ; ")                                                                               ;                ;
+----------------+----------------------------------------------------------------------------------+----------------+
Note: In order to hide this table in the UI and the text report file, please set the "Show Parameter Settings in Synthesis Report" option in "Analysis and Synthesis Settings -> More Settings" to "Off".


+--------------------------------------------------------------------------------------------------------------------+
; Parameter Settings for User Entity Instance: lut_rom:rom_0_5_8                                                     ;
+----------------+----------------------------------------------------------------------------------+----------------+
; Parameter Name ; Value                                                                            ; Type           ;
+----------------+----------------------------------------------------------------------------------+----------------+
; DATA_WIDTH     ; 6                                                                                ; Signed Integer ;
; ADDR_WIDTH     ; 6                                                                                ; Signed Integer ;
; INIT           ; A(B"000001",B"000000",B"000000",B"000000",B"000000",B"000000",B"000000",B"000000 ; Array/Record   ;
; INIT           ; ",B"000000",B"111111",B"111111",B"111111",B"111111",B"111111",B"111111",B"111111 ;                ;
; INIT           ; ",B"111110",B"111110",B"111110",B"111110",B"111110",B"111110",B"111101",B"111101 ;                ;
; INIT           ; ",B"111101",B"111101",B"111101",B"111100",B"111100",B"111100",B"111100",B"111100 ;                ;
; INIT           ; ",B"000010",B"000010",B"000010",B"000010",B"000010",B"000010",B"000010",B"000010 ;                ;
; INIT           ; ",B"000010",B"000010",B"000010",B"000010",B"000010",B"000010",B"000010",B"000010 ;                ;
; INIT           ; ",B"000010",B"000010",B"000010",B"000010",B"000010",B"000010",B"000001",B"000001 ;                ;
; INIT           ; ",B"000001",B"000001",B"000001",B"000001",B"000001",B"000001",B"000001",B"000001 ;                ;
;                ; ")                                                                               ;                ;
+----------------+----------------------------------------------------------------------------------+----------------+
Note: In order to hide this table in the UI and the text report file, please set the "Show Parameter Settings in Synthesis Report" option in "Analysis and Synthesis Settings -> More Settings" to "Off".


+--------------------------------------------------------------------------------------------------------------------+
; Parameter Settings for User Entity Instance: lut_rom:rom_0_5_9                                                     ;
+----------------+----------------------------------------------------------------------------------+----------------+
; Parameter Name ; Value                                                                            ; Type           ;
+----------------+----------------------------------------------------------------------------------+----------------+
; DATA_WIDTH     ; 6                                                                                ; Signed Integer ;
; ADDR_WIDTH     ; 6                                                                                ; Signed Integer ;
; INIT           ; A(B"000000",B"000000",B"000001",B"000001",B"000001",B"000001",B"000001",B"000001 ; Array/Record   ;
; INIT           ; ",B"000001",B"000010",B"000010",B"000010",B"000010",B"000010",B"000011",B"000011 ;                ;
; INIT           ; ",B"000011",B"000011",B"000011",B"000100",B"000100",B"000100",B"000100",B"000100 ;                ;
; INIT           ; ",B"000101",B"000101",B"000101",B"000101",B"000110",B"000110",B"000110",B"000110 ;                ;
; INIT           ; ",B"111111",B"111111",B"111111",B"111111",B"111111",B"111111",B"111111",B"111111 ;                ;
; INIT           ; ",B"111111",B"111111",B"111111",B"111111",B"111111",B"111111",B"111111",B"111111 ;                ;
; INIT           ; ",B"111111",B"111111",B"111111",B"111111",B"111111",B"111111",B"111111",B"111111 ;                ;
; INIT           ; ",B"111111",B"000000",B"000000",B"000000",B"000000",B"000000",B"000000",B"000000 ;                ;
;                ; ")                                                                               ;                ;
+----------------+----------------------------------------------------------------------------------+----------------+
Note: In order to hide this table in the UI and the text report file, please set the "Show Parameter Settings in Synthesis Report" option in "Analysis and Synthesis Settings -> More Settings" to "Off".


+--------------------------------------------------------------------------------------------------------------------+
; Parameter Settings for User Entity Instance: lut_rom:rom_0_5_10                                                    ;
+----------------+----------------------------------------------------------------------------------+----------------+
; Parameter Name ; Value                                                                            ; Type           ;
+----------------+----------------------------------------------------------------------------------+----------------+
; DATA_WIDTH     ; 6                                                                                ; Signed Integer ;
; ADDR_WIDTH     ; 6                                                                                ; Signed Integer ;
; INIT           ; A(B"000001",B"000000",B"000000",B"000000",B"000000",B"000000",B"000000",B"000000 ; Array/Record   ;
; INIT           ; ",B"111111",B"111111",B"111111",B"111111",B"111111",B"111110",B"111110",B"111110 ;                ;
; INIT           ; ",B"111110",B"111110",B"111101",B"111101",B"111101",B"111101",B"111101",B"111100 ;                ;
; INIT           ; ",B"111100",B"111100",B"111100",B"111011",B"111011",B"111011",B"111011",B"111010 ;                ;
; INIT           ; ",B"000011",B"000011",B"000011",B"000011",B"000011",B"000011",B"000011",B"000011 ;                ;
; INIT           ; ",B"000011",B"000011",B"000011",B"000010",B"000010",B"000010",B"000010",B"000010 ;                ;
; INIT           ; ",B"000010",B"000010",B"000010",B"000010",B"000010",B"000010",B"000010",B"000010 ;                ;
; INIT           ; ",B"000010",B"000001",B"000001",B"000001",B"000001",B"000001",B"000001",B"000001 ;                ;
;                ; ")                                                                               ;                ;
+----------------+----------------------------------------------------------------------------------+----------------+
Note: In order to hide this table in the UI and the text report file, please set the "Show Parameter Settings in Synthesis Report" option in "Analysis and Synthesis Settings -> More Settings" to "Off".


+--------------------------------------------------------------------------------------------------------------------+
; Parameter Settings for User Entity Instance: lut_rom:rom_0_5_11                                                    ;
+----------------+----------------------------------------------------------------------------------+----------------+
; Parameter Name ; Value                                                                            ; Type           ;
+----------------+----------------------------------------------------------------------------------+----------------+
; DATA_WIDTH     ; 6                                                                                ; Signed Integer ;
; ADDR_WIDTH     ; 6                                                                                ; Signed Integer ;
; INIT           ; A(B"000000",B"000000",B"000000",B"000000",B"000000",B"000000",B"000000",B"000000 ; Array/Record   ;
; INIT           ; ",B"000000",B"111111",B"111111",B"111111",B"111111",B"111111",B"111111",B"111111 ;                ;
; INIT           ; ",B"111111",B"111110",B"111110",B"111110",B"111110",B"111110",B"111110",B"111101 ;                ;
; INIT           ; ",B"111101",B"111101",B"111101",B"111101",B"111101",B"111100",B"111100",B"111100 ;                ;
; INIT           ; ",B"000010",B"000010",B"000010",B"000010",B"000010",B"000010",B"000010",B"000010 ;                ;
; INIT           ; ",B"000010",B"000010",B"000010",B"000010",B"000010",B"000010",B"000010",B"000001 ;                ;
; INIT           ; ",B"000001",B"000001",B"000001",B"000001",B"000001",B"000001",B"000001",B"000001 ;                ;
; INIT           ; ",B"000001",B"000001",B"000001",B"000001",B"000001",B"000001",B"000001",B"000001 ;                ;
;                ; ")                                                                               ;                ;
+----------------+----------------------------------------------------------------------------------+----------------+
Note: In order to hide this table in the UI and the text report file, please set the "Show Parameter Settings in Synthesis Report" option in "Analysis and Synthesis Settings -> More Settings" to "Off".


+--------------------------------------------------------------------------------------------------------------------+
; Parameter Settings for User Entity Instance: lut_rom:rom_0_5_12                                                    ;
+----------------+----------------------------------------------------------------------------------+----------------+
; Parameter Name ; Value                                                                            ; Type           ;
+----------------+----------------------------------------------------------------------------------+----------------+
; DATA_WIDTH     ; 6                                                                                ; Signed Integer ;
; ADDR_WIDTH     ; 6                                                                                ; Signed Integer ;
; INIT           ; A(B"000000",B"000000",B"000000",B"000000",B"000000",B"000000",B"000000",B"000000 ; Array/Record   ;
; INIT           ; ",B"000000",B"000000",B"000000",B"000000",B"000000",B"111111",B"111111",B"111111 ;                ;
; INIT           ; ",B"111111",B"111111",B"111111",B"111111",B"111111",B"111111",B"111111",B"111111 ;                ;
; INIT           ; ",B"111111",B"111111",B"111110",B"111110",B"111110",B"111110",B"111110",B"111110 ;                ;
; INIT           ; ",B"000001",B"000001",B"000001",B"000001",B"000001",B"000001",B"000001",B"000001 ;                ;
; INIT           ; ",B"000001",B"000001",B"000001",B"000001",B"000001",B"000001",B"000001",B"000001 ;                ;
; INIT           ; ",B"000001",B"000001",B"000001",B"000001",B"000001",B"000001",B"000001",B"000001 ;                ;
; INIT           ; ",B"000001",B"000000",B"000000",B"000000",B"000000",B"000000",B"000000",B"000000 ;                ;
;                ; ")                                                                               ;                ;
+----------------+----------------------------------------------------------------------------------+----------------+
Note: In order to hide this table in the UI and the text report file, please set the "Show Parameter Settings in Synthesis Report" option in "Analysis and Synthesis Settings -> More Settings" to "Off".


+------------------------------------------------------------------+
; Parameter Settings for User Entity Instance: registers:r_0_5_1_0 ;
+----------------+-------+-----------------------------------------+
; Parameter Name ; Value ; Type                                    ;
+----------------+-------+-----------------------------------------+
; ARRAY_WIDTH    ; 8     ; Signed Integer                          ;
+----------------+-------+-----------------------------------------+
Note: In order to hide this table in the UI and the text report file, please set the "Show Parameter Settings in Synthesis Report" option in "Analysis and Synthesis Settings -> More Settings" to "Off".


+------------------------------------------------------------------+
; Parameter Settings for User Entity Instance: registers:r_0_5_1_1 ;
+----------------+-------+-----------------------------------------+
; Parameter Name ; Value ; Type                                    ;
+----------------+-------+-----------------------------------------+
; ARRAY_WIDTH    ; 8     ; Signed Integer                          ;
+----------------+-------+-----------------------------------------+
Note: In order to hide this table in the UI and the text report file, please set the "Show Parameter Settings in Synthesis Report" option in "Analysis and Synthesis Settings -> More Settings" to "Off".


+------------------------------------------------------------------+
; Parameter Settings for User Entity Instance: registers:r_0_5_1_2 ;
+----------------+-------+-----------------------------------------+
; Parameter Name ; Value ; Type                                    ;
+----------------+-------+-----------------------------------------+
; ARRAY_WIDTH    ; 8     ; Signed Integer                          ;
+----------------+-------+-----------------------------------------+
Note: In order to hide this table in the UI and the text report file, please set the "Show Parameter Settings in Synthesis Report" option in "Analysis and Synthesis Settings -> More Settings" to "Off".


+--------------------------------------------------------------+
; Parameter Settings for User Entity Instance: registers:r_0_5 ;
+----------------+-------+-------------------------------------+
; Parameter Name ; Value ; Type                                ;
+----------------+-------+-------------------------------------+
; ARRAY_WIDTH    ; 10    ; Signed Integer                      ;
+----------------+-------+-------------------------------------+
Note: In order to hide this table in the UI and the text report file, please set the "Show Parameter Settings in Synthesis Report" option in "Analysis and Synthesis Settings -> More Settings" to "Off".


+--------------------------------------------------------------------+
; Parameter Settings for User Entity Instance: saturate_clip:sat_0_5 ;
+----------------+-------+-------------------------------------------+
; Parameter Name ; Value ; Type                                      ;
+----------------+-------+-------------------------------------------+
; IN_WIDTH       ; 10    ; Signed Integer                            ;
; OUT_WIDTH      ; 6     ; Signed Integer                            ;
+----------------+-------+-------------------------------------------+
Note: In order to hide this table in the UI and the text report file, please set the "Show Parameter Settings in Synthesis Report" option in "Analysis and Synthesis Settings -> More Settings" to "Off".


+--------------------------------------------------------------------------------------------------------------------+
; Parameter Settings for User Entity Instance: lut_rom:rom_0_6_0                                                     ;
+----------------+----------------------------------------------------------------------------------+----------------+
; Parameter Name ; Value                                                                            ; Type           ;
+----------------+----------------------------------------------------------------------------------+----------------+
; DATA_WIDTH     ; 6                                                                                ; Signed Integer ;
; ADDR_WIDTH     ; 6                                                                                ; Signed Integer ;
; INIT           ; A(B"000000",B"000001",B"000001",B"000001",B"000001",B"000001",B"000001",B"000001 ; Array/Record   ;
; INIT           ; ",B"000001",B"000001",B"000001",B"000001",B"000001",B"000010",B"000010",B"000010 ;                ;
; INIT           ; ",B"000010",B"000010",B"000010",B"000010",B"000010",B"000010",B"000010",B"000011 ;                ;
; INIT           ; ",B"000011",B"000011",B"000011",B"000011",B"000011",B"000011",B"000011",B"000100 ;                ;
; INIT           ; ",B"111111",B"111111",B"111111",B"111111",B"111111",B"111111",B"111111",B"111111 ;                ;
; INIT           ; ",B"111111",B"111111",B"111111",B"111111",B"111111",B"000000",B"000000",B"000000 ;                ;
; INIT           ; ",B"000000",B"000000",B"000000",B"000000",B"000000",B"000000",B"000000",B"000000 ;                ;
; INIT           ; ",B"000000",B"000000",B"000000",B"000000",B"000000",B"000000",B"000000",B"000000 ;                ;
;                ; ")                                                                               ;                ;
+----------------+----------------------------------------------------------------------------------+----------------+
Note: In order to hide this table in the UI and the text report file, please set the "Show Parameter Settings in Synthesis Report" option in "Analysis and Synthesis Settings -> More Settings" to "Off".


+--------------------------------------------------------------------------------------------------------------------+
; Parameter Settings for User Entity Instance: lut_rom:rom_0_6_1                                                     ;
+----------------+----------------------------------------------------------------------------------+----------------+
; Parameter Name ; Value                                                                            ; Type           ;
+----------------+----------------------------------------------------------------------------------+----------------+
; DATA_WIDTH     ; 6                                                                                ; Signed Integer ;
; ADDR_WIDTH     ; 6                                                                                ; Signed Integer ;
; INIT           ; A(B"000000",B"000000",B"000001",B"000001",B"000001",B"000001",B"000001",B"000001 ; Array/Record   ;
; INIT           ; ",B"000001",B"000001",B"000001",B"000010",B"000010",B"000010",B"000010",B"000010 ;                ;
; INIT           ; ",B"000010",B"000010",B"000011",B"000011",B"000011",B"000011",B"000011",B"000011 ;                ;
; INIT           ; ",B"000100",B"000100",B"000100",B"000100",B"000100",B"000100",B"000101",B"000101 ;                ;
; INIT           ; ",B"111111",B"111111",B"111111",B"111111",B"111111",B"111111",B"111111",B"111111 ;                ;
; INIT           ; ",B"111111",B"111111",B"111111",B"111111",B"111111",B"111111",B"111111",B"111111 ;                ;
; INIT           ; ",B"111111",B"111111",B"111111",B"000000",B"000000",B"000000",B"000000",B"000000 ;                ;
; INIT           ; ",B"000000",B"000000",B"000000",B"000000",B"000000",B"000000",B"000000",B"000000 ;                ;
;                ; ")                                                                               ;                ;
+----------------+----------------------------------------------------------------------------------+----------------+
Note: In order to hide this table in the UI and the text report file, please set the "Show Parameter Settings in Synthesis Report" option in "Analysis and Synthesis Settings -> More Settings" to "Off".


+--------------------------------------------------------------------------------------------------------------------+
; Parameter Settings for User Entity Instance: lut_rom:rom_0_6_2                                                     ;
+----------------+----------------------------------------------------------------------------------+----------------+
; Parameter Name ; Value                                                                            ; Type           ;
+----------------+----------------------------------------------------------------------------------+----------------+
; DATA_WIDTH     ; 6                                                                                ; Signed Integer ;
; ADDR_WIDTH     ; 6                                                                                ; Signed Integer ;
; INIT           ; A(B"000000",B"000001",B"000001",B"000001",B"000001",B"000001",B"000001",B"000001 ; Array/Record   ;
; INIT           ; ",B"000001",B"000010",B"000010",B"000010",B"000010",B"000010",B"000010",B"000011 ;                ;
; INIT           ; ",B"000011",B"000011",B"000011",B"000011",B"000011",B"000100",B"000100",B"000100 ;                ;
; INIT           ; ",B"000100",B"000100",B"000101",B"000101",B"000101",B"000101",B"000101",B"000110 ;                ;
; INIT           ; ",B"111111",B"111111",B"111111",B"111111",B"111111",B"111111",B"111111",B"111111 ;                ;
; INIT           ; ",B"111111",B"111111",B"111111",B"111111",B"111111",B"111111",B"111111",B"111111 ;                ;
; INIT           ; ",B"111111",B"111111",B"111111",B"111111",B"111111",B"111111",B"000000",B"000000 ;                ;
; INIT           ; ",B"000000",B"000000",B"000000",B"000000",B"000000",B"000000",B"000000",B"000000 ;                ;
;                ; ")                                                                               ;                ;
+----------------+----------------------------------------------------------------------------------+----------------+
Note: In order to hide this table in the UI and the text report file, please set the "Show Parameter Settings in Synthesis Report" option in "Analysis and Synthesis Settings -> More Settings" to "Off".


+--------------------------------------------------------------------------------------------------------------------+
; Parameter Settings for User Entity Instance: lut_rom:rom_0_6_3                                                     ;
+----------------+----------------------------------------------------------------------------------+----------------+
; Parameter Name ; Value                                                                            ; Type           ;
+----------------+----------------------------------------------------------------------------------+----------------+
; DATA_WIDTH     ; 6                                                                                ; Signed Integer ;
; ADDR_WIDTH     ; 6                                                                                ; Signed Integer ;
; INIT           ; A(B"000001",B"000001",B"000001",B"000001",B"000001",B"000001",B"000001",B"000001 ; Array/Record   ;
; INIT           ; ",B"000001",B"000001",B"000001",B"000001",B"000001",B"000001",B"000001",B"000001 ;                ;
; INIT           ; ",B"000001",B"000000",B"000000",B"000000",B"000000",B"000000",B"000000",B"000000 ;                ;
; INIT           ; ",B"000000",B"000000",B"000000",B"000000",B"000000",B"000000",B"000000",B"000000 ;                ;
; INIT           ; ",B"000001",B"000001",B"000001",B"000001",B"000001",B"000001",B"000001",B"000001 ;                ;
; INIT           ; ",B"000001",B"000001",B"000001",B"000001",B"000001",B"000001",B"000001",B"000001 ;                ;
; INIT           ; ",B"000001",B"000001",B"000001",B"000001",B"000001",B"000001",B"000001",B"000001 ;                ;
; INIT           ; ",B"000001",B"000001",B"000001",B"000001",B"000001",B"000001",B"000001",B"000001 ;                ;
;                ; ")                                                                               ;                ;
+----------------+----------------------------------------------------------------------------------+----------------+
Note: In order to hide this table in the UI and the text report file, please set the "Show Parameter Settings in Synthesis Report" option in "Analysis and Synthesis Settings -> More Settings" to "Off".


+--------------------------------------------------------------------------------------------------------------------+
; Parameter Settings for User Entity Instance: lut_rom:rom_0_6_4                                                     ;
+----------------+----------------------------------------------------------------------------------+----------------+
; Parameter Name ; Value                                                                            ; Type           ;
+----------------+----------------------------------------------------------------------------------+----------------+
; DATA_WIDTH     ; 6                                                                                ; Signed Integer ;
; ADDR_WIDTH     ; 6                                                                                ; Signed Integer ;
; INIT           ; A(B"000001",B"000001",B"000001",B"000001",B"000001",B"000010",B"000010",B"000010 ; Array/Record   ;
; INIT           ; ",B"000010",B"000010",B"000010",B"000011",B"000011",B"000011",B"000011",B"000011 ;                ;
; INIT           ; ",B"000100",B"000100",B"000100",B"000100",B"000100",B"000101",B"000101",B"000101 ;                ;
; INIT           ; ",B"000101",B"000110",B"000110",B"000110",B"000110",B"000110",B"000111",B"000111 ;                ;
; INIT           ; ",B"111111",B"111111",B"111111",B"111111",B"111111",B"111111",B"111111",B"111111 ;                ;
; INIT           ; ",B"111111",B"111111",B"111111",B"111111",B"111111",B"111111",B"111111",B"111111 ;                ;
; INIT           ; ",B"111111",B"111111",B"000000",B"000000",B"000000",B"000000",B"000000",B"000000 ;                ;
; INIT           ; ",B"000000",B"000000",B"000000",B"000000",B"000000",B"000001",B"000001",B"000001 ;                ;
;                ; ")                                                                               ;                ;
+----------------+----------------------------------------------------------------------------------+----------------+
Note: In order to hide this table in the UI and the text report file, please set the "Show Parameter Settings in Synthesis Report" option in "Analysis and Synthesis Settings -> More Settings" to "Off".


+--------------------------------------------------------------------------------------------------------------------+
; Parameter Settings for User Entity Instance: lut_rom:rom_0_6_5                                                     ;
+----------------+----------------------------------------------------------------------------------+----------------+
; Parameter Name ; Value                                                                            ; Type           ;
+----------------+----------------------------------------------------------------------------------+----------------+
; DATA_WIDTH     ; 6                                                                                ; Signed Integer ;
; ADDR_WIDTH     ; 6                                                                                ; Signed Integer ;
; INIT           ; A(B"000000",B"000000",B"000000",B"000000",B"000000",B"000000",B"000000",B"000000 ; Array/Record   ;
; INIT           ; ",B"000000",B"000000",B"000000",B"000000",B"000000",B"000000",B"000000",B"000000 ;                ;
; INIT           ; ",B"000000",B"111111",B"111111",B"111111",B"111111",B"111111",B"111111",B"111111 ;                ;
; INIT           ; ",B"111111",B"111111",B"111111",B"111111",B"111111",B"111111",B"111111",B"111110 ;                ;
; INIT           ; ",B"000001",B"000001",B"000001",B"000001",B"000001",B"000001",B"000001",B"000001 ;                ;
; INIT           ; ",B"000001",B"000001",B"000001",B"000001",B"000001",B"000001",B"000001",B"000001 ;                ;
; INIT           ; ",B"000001",B"000001",B"000001",B"000001",B"000001",B"000001",B"000001",B"000001 ;                ;
; INIT           ; ",B"000001",B"000001",B"000001",B"000000",B"000000",B"000000",B"000000",B"000000 ;                ;
;                ; ")                                                                               ;                ;
+----------------+----------------------------------------------------------------------------------+----------------+
Note: In order to hide this table in the UI and the text report file, please set the "Show Parameter Settings in Synthesis Report" option in "Analysis and Synthesis Settings -> More Settings" to "Off".


+--------------------------------------------------------------------------------------------------------------------+
; Parameter Settings for User Entity Instance: lut_rom:rom_0_6_6                                                     ;
+----------------+----------------------------------------------------------------------------------+----------------+
; Parameter Name ; Value                                                                            ; Type           ;
+----------------+----------------------------------------------------------------------------------+----------------+
; DATA_WIDTH     ; 6                                                                                ; Signed Integer ;
; ADDR_WIDTH     ; 6                                                                                ; Signed Integer ;
; INIT           ; A(B"000001",B"000001",B"000000",B"000000",B"000000",B"000000",B"000000",B"000000 ; Array/Record   ;
; INIT           ; ",B"000000",B"000000",B"000000",B"000000",B"000000",B"000000",B"000000",B"000000 ;                ;
; INIT           ; ",B"000000",B"000000",B"000000",B"111111",B"111111",B"111111",B"111111",B"111111 ;                ;
; INIT           ; ",B"111111",B"111111",B"111111",B"111111",B"111111",B"111111",B"111111",B"111111 ;                ;
; INIT           ; ",B"000010",B"000010",B"000010",B"000010",B"000010",B"000010",B"000010",B"000010 ;                ;
; INIT           ; ",B"000001",B"000001",B"000001",B"000001",B"000001",B"000001",B"000001",B"000001 ;                ;
; INIT           ; ",B"000001",B"000001",B"000001",B"000001",B"000001",B"000001",B"000001",B"000001 ;                ;
; INIT           ; ",B"000001",B"000001",B"000001",B"000001",B"000001",B"000001",B"000001",B"000001 ;                ;
;                ; ")                                                                               ;                ;
+----------------+----------------------------------------------------------------------------------+----------------+
Note: In order to hide this table in the UI and the text report file, please set the "Show Parameter Settings in Synthesis Report" option in "Analysis and Synthesis Settings -> More Settings" to "Off".


+--------------------------------------------------------------------------------------------------------------------+
; Parameter Settings for User Entity Instance: lut_rom:rom_0_6_8                                                     ;
+----------------+----------------------------------------------------------------------------------+----------------+
; Parameter Name ; Value                                                                            ; Type           ;
+----------------+----------------------------------------------------------------------------------+----------------+
; DATA_WIDTH     ; 6                                                                                ; Signed Integer ;
; ADDR_WIDTH     ; 6                                                                                ; Signed Integer ;
; INIT           ; A(B"000001",B"000001",B"000000",B"000000",B"000000",B"000000",B"000000",B"000000 ; Array/Record   ;
; INIT           ; ",B"111111",B"111111",B"111111",B"111111",B"111111",B"111110",B"111110",B"111110 ;                ;
; INIT           ; ",B"111110",B"111110",B"111101",B"111101",B"111101",B"111101",B"111101",B"111100 ;                ;
; INIT           ; ",B"111100",B"111100",B"111100",B"111011",B"111011",B"111011",B"111011",B"111010 ;                ;
; INIT           ; ",B"000010",B"000010",B"000010",B"000010",B"000010",B"000010",B"000010",B"000010 ;                ;
; INIT           ; ",B"000010",B"000010",B"000010",B"000010",B"000010",B"000010",B"000010",B"000010 ;                ;
; INIT           ; ",B"000010",B"000010",B"000010",B"000010",B"000010",B"000010",B"000010",B"000010 ;                ;
; INIT           ; ",B"000010",B"000001",B"000001",B"000001",B"000001",B"000001",B"000001",B"000001 ;                ;
;                ; ")                                                                               ;                ;
+----------------+----------------------------------------------------------------------------------+----------------+
Note: In order to hide this table in the UI and the text report file, please set the "Show Parameter Settings in Synthesis Report" option in "Analysis and Synthesis Settings -> More Settings" to "Off".


+--------------------------------------------------------------------------------------------------------------------+
; Parameter Settings for User Entity Instance: lut_rom:rom_0_6_9                                                     ;
+----------------+----------------------------------------------------------------------------------+----------------+
; Parameter Name ; Value                                                                            ; Type           ;
+----------------+----------------------------------------------------------------------------------+----------------+
; DATA_WIDTH     ; 6                                                                                ; Signed Integer ;
; ADDR_WIDTH     ; 6                                                                                ; Signed Integer ;
; INIT           ; A(B"000001",B"000001",B"000010",B"000010",B"000010",B"000010",B"000010",B"000011 ; Array/Record   ;
; INIT           ; ",B"000011",B"000011",B"000011",B"000100",B"000100",B"000100",B"000101",B"000101 ;                ;
; INIT           ; ",B"000101",B"000101",B"000110",B"000110",B"000110",B"000111",B"000111",B"000111 ;                ;
; INIT           ; ",B"001000",B"001000",B"001000",B"001001",B"001001",B"001001",B"001010",B"001010 ;                ;
; INIT           ; ",B"111101",B"111101",B"111101",B"111101",B"111101",B"111101",B"111101",B"111110 ;                ;
; INIT           ; ",B"111110",B"111110",B"111110",B"111110",B"111110",B"111110",B"111110",B"111110 ;                ;
; INIT           ; ",B"111110",B"111111",B"111111",B"111111",B"111111",B"111111",B"111111",B"111111 ;                ;
; INIT           ; ",B"000000",B"000000",B"000000",B"000000",B"000000",B"000000",B"000001",B"000001 ;                ;
;                ; ")                                                                               ;                ;
+----------------+----------------------------------------------------------------------------------+----------------+
Note: In order to hide this table in the UI and the text report file, please set the "Show Parameter Settings in Synthesis Report" option in "Analysis and Synthesis Settings -> More Settings" to "Off".


+--------------------------------------------------------------------------------------------------------------------+
; Parameter Settings for User Entity Instance: lut_rom:rom_0_6_10                                                    ;
+----------------+----------------------------------------------------------------------------------+----------------+
; Parameter Name ; Value                                                                            ; Type           ;
+----------------+----------------------------------------------------------------------------------+----------------+
; DATA_WIDTH     ; 6                                                                                ; Signed Integer ;
; ADDR_WIDTH     ; 6                                                                                ; Signed Integer ;
; INIT           ; A(B"000001",B"000001",B"000000",B"000000",B"000000",B"000000",B"000000",B"000000 ; Array/Record   ;
; INIT           ; ",B"111111",B"111111",B"111111",B"111111",B"111111",B"111110",B"111110",B"111110 ;                ;
; INIT           ; ",B"111110",B"111110",B"111101",B"111101",B"111101",B"111101",B"111101",B"111100 ;                ;
; INIT           ; ",B"111100",B"111100",B"111100",B"111011",B"111011",B"111011",B"111011",B"111010 ;                ;
; INIT           ; ",B"000011",B"000011",B"000011",B"000011",B"000011",B"000011",B"000011",B"000011 ;                ;
; INIT           ; ",B"000011",B"000011",B"000010",B"000010",B"000010",B"000010",B"000010",B"000010 ;                ;
; INIT           ; ",B"000010",B"000010",B"000010",B"000010",B"000010",B"000010",B"000010",B"000010 ;                ;
; INIT           ; ",B"000010",B"000001",B"000001",B"000001",B"000001",B"000001",B"000001",B"000001 ;                ;
;                ; ")                                                                               ;                ;
+----------------+----------------------------------------------------------------------------------+----------------+
Note: In order to hide this table in the UI and the text report file, please set the "Show Parameter Settings in Synthesis Report" option in "Analysis and Synthesis Settings -> More Settings" to "Off".


+--------------------------------------------------------------------------------------------------------------------+
; Parameter Settings for User Entity Instance: lut_rom:rom_0_6_11                                                    ;
+----------------+----------------------------------------------------------------------------------+----------------+
; Parameter Name ; Value                                                                            ; Type           ;
+----------------+----------------------------------------------------------------------------------+----------------+
; DATA_WIDTH     ; 6                                                                                ; Signed Integer ;
; ADDR_WIDTH     ; 6                                                                                ; Signed Integer ;
; INIT           ; A(B"000001",B"000001",B"000001",B"000000",B"000000",B"000000",B"000000",B"000000 ; Array/Record   ;
; INIT           ; ",B"000000",B"000000",B"000000",B"000000",B"000000",B"111111",B"111111",B"111111 ;                ;
; INIT           ; ",B"111111",B"111111",B"111111",B"111111",B"111111",B"111111",B"111110",B"111110 ;                ;
; INIT           ; ",B"111110",B"111110",B"111110",B"111110",B"111110",B"111110",B"111101",B"111101 ;                ;
; INIT           ; ",B"000010",B"000010",B"000010",B"000010",B"000010",B"000010",B"000010",B"000010 ;                ;
; INIT           ; ",B"000010",B"000010",B"000010",B"000010",B"000010",B"000010",B"000010",B"000010 ;                ;
; INIT           ; ",B"000010",B"000010",B"000010",B"000010",B"000010",B"000010",B"000001",B"000001 ;                ;
; INIT           ; ",B"000001",B"000001",B"000001",B"000001",B"000001",B"000001",B"000001",B"000001 ;                ;
;                ; ")                                                                               ;                ;
+----------------+----------------------------------------------------------------------------------+----------------+
Note: In order to hide this table in the UI and the text report file, please set the "Show Parameter Settings in Synthesis Report" option in "Analysis and Synthesis Settings -> More Settings" to "Off".


+--------------------------------------------------------------------------------------------------------------------+
; Parameter Settings for User Entity Instance: lut_rom:rom_0_6_12                                                    ;
+----------------+----------------------------------------------------------------------------------+----------------+
; Parameter Name ; Value                                                                            ; Type           ;
+----------------+----------------------------------------------------------------------------------+----------------+
; DATA_WIDTH     ; 6                                                                                ; Signed Integer ;
; ADDR_WIDTH     ; 6                                                                                ; Signed Integer ;
; INIT           ; A(B"000001",B"000001",B"000001",B"000001",B"000001",B"000001",B"000001",B"000001 ; Array/Record   ;
; INIT           ; ",B"000010",B"000010",B"000010",B"000010",B"000010",B"000010",B"000011",B"000011 ;                ;
; INIT           ; ",B"000011",B"000011",B"000011",B"000100",B"000100",B"000100",B"000100",B"000100 ;                ;
; INIT           ; ",B"000101",B"000101",B"000101",B"000101",B"000101",B"000110",B"000110",B"000110 ;                ;
; INIT           ; ",B"111111",B"111111",B"111111",B"111111",B"111111",B"111111",B"111111",B"111111 ;                ;
; INIT           ; ",B"111111",B"111111",B"111111",B"111111",B"111111",B"111111",B"111111",B"111111 ;                ;
; INIT           ; ",B"111111",B"111111",B"111111",B"111111",B"111111",B"111111",B"000000",B"000000 ;                ;
; INIT           ; ",B"000000",B"000000",B"000000",B"000000",B"000000",B"000000",B"000000",B"000000 ;                ;
;                ; ")                                                                               ;                ;
+----------------+----------------------------------------------------------------------------------+----------------+
Note: In order to hide this table in the UI and the text report file, please set the "Show Parameter Settings in Synthesis Report" option in "Analysis and Synthesis Settings -> More Settings" to "Off".


+------------------------------------------------------------------+
; Parameter Settings for User Entity Instance: registers:r_0_6_1_0 ;
+----------------+-------+-----------------------------------------+
; Parameter Name ; Value ; Type                                    ;
+----------------+-------+-----------------------------------------+
; ARRAY_WIDTH    ; 8     ; Signed Integer                          ;
+----------------+-------+-----------------------------------------+
Note: In order to hide this table in the UI and the text report file, please set the "Show Parameter Settings in Synthesis Report" option in "Analysis and Synthesis Settings -> More Settings" to "Off".


+------------------------------------------------------------------+
; Parameter Settings for User Entity Instance: registers:r_0_6_1_1 ;
+----------------+-------+-----------------------------------------+
; Parameter Name ; Value ; Type                                    ;
+----------------+-------+-----------------------------------------+
; ARRAY_WIDTH    ; 8     ; Signed Integer                          ;
+----------------+-------+-----------------------------------------+
Note: In order to hide this table in the UI and the text report file, please set the "Show Parameter Settings in Synthesis Report" option in "Analysis and Synthesis Settings -> More Settings" to "Off".


+------------------------------------------------------------------+
; Parameter Settings for User Entity Instance: registers:r_0_6_1_2 ;
+----------------+-------+-----------------------------------------+
; Parameter Name ; Value ; Type                                    ;
+----------------+-------+-----------------------------------------+
; ARRAY_WIDTH    ; 8     ; Signed Integer                          ;
+----------------+-------+-----------------------------------------+
Note: In order to hide this table in the UI and the text report file, please set the "Show Parameter Settings in Synthesis Report" option in "Analysis and Synthesis Settings -> More Settings" to "Off".


+--------------------------------------------------------------+
; Parameter Settings for User Entity Instance: registers:r_0_6 ;
+----------------+-------+-------------------------------------+
; Parameter Name ; Value ; Type                                ;
+----------------+-------+-------------------------------------+
; ARRAY_WIDTH    ; 10    ; Signed Integer                      ;
+----------------+-------+-------------------------------------+
Note: In order to hide this table in the UI and the text report file, please set the "Show Parameter Settings in Synthesis Report" option in "Analysis and Synthesis Settings -> More Settings" to "Off".


+--------------------------------------------------------------------+
; Parameter Settings for User Entity Instance: saturate_clip:sat_0_6 ;
+----------------+-------+-------------------------------------------+
; Parameter Name ; Value ; Type                                      ;
+----------------+-------+-------------------------------------------+
; IN_WIDTH       ; 10    ; Signed Integer                            ;
; OUT_WIDTH      ; 6     ; Signed Integer                            ;
+----------------+-------+-------------------------------------------+
Note: In order to hide this table in the UI and the text report file, please set the "Show Parameter Settings in Synthesis Report" option in "Analysis and Synthesis Settings -> More Settings" to "Off".


+--------------------------------------------------------------------------------------------------------------------+
; Parameter Settings for User Entity Instance: lut_rom:rom_0_7_0                                                     ;
+----------------+----------------------------------------------------------------------------------+----------------+
; Parameter Name ; Value                                                                            ; Type           ;
+----------------+----------------------------------------------------------------------------------+----------------+
; DATA_WIDTH     ; 6                                                                                ; Signed Integer ;
; ADDR_WIDTH     ; 6                                                                                ; Signed Integer ;
; INIT           ; A(B"000001",B"000001",B"000001",B"000001",B"000001",B"000001",B"000001",B"000001 ; Array/Record   ;
; INIT           ; ",B"000001",B"000010",B"000010",B"000010",B"000010",B"000010",B"000010",B"000010 ;                ;
; INIT           ; ",B"000010",B"000011",B"000011",B"000011",B"000011",B"000011",B"000011",B"000011 ;                ;
; INIT           ; ",B"000100",B"000100",B"000100",B"000100",B"000100",B"000100",B"000100",B"000101 ;                ;
; INIT           ; ",B"111111",B"111111",B"111111",B"111111",B"111111",B"111111",B"111111",B"111111 ;                ;
; INIT           ; ",B"111111",B"111111",B"111111",B"111111",B"111111",B"111111",B"111111",B"111111 ;                ;
; INIT           ; ",B"000000",B"000000",B"000000",B"000000",B"000000",B"000000",B"000000",B"000000 ;                ;
; INIT           ; ",B"000000",B"000000",B"000000",B"000000",B"000000",B"000000",B"000000",B"000001 ;                ;
;                ; ")                                                                               ;                ;
+----------------+----------------------------------------------------------------------------------+----------------+
Note: In order to hide this table in the UI and the text report file, please set the "Show Parameter Settings in Synthesis Report" option in "Analysis and Synthesis Settings -> More Settings" to "Off".


+--------------------------------------------------------------------------------------------------------------------+
; Parameter Settings for User Entity Instance: lut_rom:rom_0_7_1                                                     ;
+----------------+----------------------------------------------------------------------------------+----------------+
; Parameter Name ; Value                                                                            ; Type           ;
+----------------+----------------------------------------------------------------------------------+----------------+
; DATA_WIDTH     ; 6                                                                                ; Signed Integer ;
; ADDR_WIDTH     ; 6                                                                                ; Signed Integer ;
; INIT           ; A(B"000000",B"000000",B"000000",B"000000",B"000000",B"000000",B"000000",B"000000 ; Array/Record   ;
; INIT           ; ",B"000000",B"000000",B"000000",B"000000",B"111111",B"111111",B"111111",B"111111 ;                ;
; INIT           ; ",B"111111",B"111111",B"111111",B"111111",B"111111",B"111111",B"111111",B"111111 ;                ;
; INIT           ; ",B"111110",B"111110",B"111110",B"111110",B"111110",B"111110",B"111110",B"111110 ;                ;
; INIT           ; ",B"000001",B"000001",B"000001",B"000001",B"000001",B"000001",B"000001",B"000001 ;                ;
; INIT           ; ",B"000001",B"000001",B"000001",B"000001",B"000001",B"000001",B"000001",B"000001 ;                ;
; INIT           ; ",B"000001",B"000001",B"000001",B"000001",B"000001",B"000001",B"000001",B"000001 ;                ;
; INIT           ; ",B"000000",B"000000",B"000000",B"000000",B"000000",B"000000",B"000000",B"000000 ;                ;
;                ; ")                                                                               ;                ;
+----------------+----------------------------------------------------------------------------------+----------------+
Note: In order to hide this table in the UI and the text report file, please set the "Show Parameter Settings in Synthesis Report" option in "Analysis and Synthesis Settings -> More Settings" to "Off".


+--------------------------------------------------------------------------------------------------------------------+
; Parameter Settings for User Entity Instance: lut_rom:rom_0_7_2                                                     ;
+----------------+----------------------------------------------------------------------------------+----------------+
; Parameter Name ; Value                                                                            ; Type           ;
+----------------+----------------------------------------------------------------------------------+----------------+
; DATA_WIDTH     ; 6                                                                                ; Signed Integer ;
; ADDR_WIDTH     ; 6                                                                                ; Signed Integer ;
; INIT           ; A(B"000000",B"000000",B"000001",B"000001",B"000001",B"000001",B"000001",B"000001 ; Array/Record   ;
; INIT           ; ",B"000001",B"000001",B"000001",B"000001",B"000001",B"000001",B"000001",B"000001 ;                ;
; INIT           ; ",B"000010",B"000010",B"000010",B"000010",B"000010",B"000010",B"000010",B"000010 ;                ;
; INIT           ; ",B"000010",B"000010",B"000010",B"000011",B"000011",B"000011",B"000011",B"000011 ;                ;
; INIT           ; ",B"000000",B"000000",B"000000",B"000000",B"000000",B"000000",B"000000",B"000000 ;                ;
; INIT           ; ",B"000000",B"000000",B"000000",B"000000",B"000000",B"000000",B"000000",B"000000 ;                ;
; INIT           ; ",B"000000",B"000000",B"000000",B"000000",B"000000",B"000000",B"000000",B"000000 ;                ;
; INIT           ; ",B"000000",B"000000",B"000000",B"000000",B"000000",B"000000",B"000000",B"000000 ;                ;
;                ; ")                                                                               ;                ;
+----------------+----------------------------------------------------------------------------------+----------------+
Note: In order to hide this table in the UI and the text report file, please set the "Show Parameter Settings in Synthesis Report" option in "Analysis and Synthesis Settings -> More Settings" to "Off".


+--------------------------------------------------------------------------------------------------------------------+
; Parameter Settings for User Entity Instance: lut_rom:rom_0_7_3                                                     ;
+----------------+----------------------------------------------------------------------------------+----------------+
; Parameter Name ; Value                                                                            ; Type           ;
+----------------+----------------------------------------------------------------------------------+----------------+
; DATA_WIDTH     ; 6                                                                                ; Signed Integer ;
; ADDR_WIDTH     ; 6                                                                                ; Signed Integer ;
; INIT           ; A(B"000001",B"000001",B"000000",B"000000",B"000000",B"000000",B"111111",B"111111 ; Array/Record   ;
; INIT           ; ",B"111111",B"111111",B"111110",B"111110",B"111110",B"111101",B"111101",B"111101 ;                ;
; INIT           ; ",B"111100",B"111100",B"111100",B"111011",B"111011",B"111011",B"111010",B"111010 ;                ;
; INIT           ; ",B"111010",B"111001",B"111001",B"111001",B"111000",B"111000",B"111000",B"110111 ;                ;
; INIT           ; ",B"000100",B"000100",B"000100",B"000100",B"000100",B"000100",B"000100",B"000100 ;                ;
; INIT           ; ",B"000100",B"000100",B"000100",B"000100",B"000100",B"000011",B"000011",B"000011 ;                ;
; INIT           ; ",B"000011",B"000011",B"000011",B"000011",B"000011",B"000011",B"000010",B"000010 ;                ;
; INIT           ; ",B"000010",B"000010",B"000010",B"000010",B"000010",B"000001",B"000001",B"000001 ;                ;
;                ; ")                                                                               ;                ;
+----------------+----------------------------------------------------------------------------------+----------------+
Note: In order to hide this table in the UI and the text report file, please set the "Show Parameter Settings in Synthesis Report" option in "Analysis and Synthesis Settings -> More Settings" to "Off".


+--------------------------------------------------------------------------------------------------------------------+
; Parameter Settings for User Entity Instance: lut_rom:rom_0_7_5                                                     ;
+----------------+----------------------------------------------------------------------------------+----------------+
; Parameter Name ; Value                                                                            ; Type           ;
+----------------+----------------------------------------------------------------------------------+----------------+
; DATA_WIDTH     ; 6                                                                                ; Signed Integer ;
; ADDR_WIDTH     ; 6                                                                                ; Signed Integer ;
; INIT           ; A(B"000000",B"000000",B"000000",B"000001",B"000001",B"000001",B"000001",B"000001 ; Array/Record   ;
; INIT           ; ",B"000001",B"000001",B"000001",B"000010",B"000010",B"000010",B"000010",B"000010 ;                ;
; INIT           ; ",B"000010",B"000010",B"000011",B"000011",B"000011",B"000011",B"000011",B"000011 ;                ;
; INIT           ; ",B"000100",B"000100",B"000100",B"000100",B"000100",B"000100",B"000101",B"000101 ;                ;
; INIT           ; ",B"111111",B"111111",B"111111",B"111111",B"111111",B"111111",B"111111",B"111111 ;                ;
; INIT           ; ",B"111111",B"111111",B"111111",B"111111",B"111111",B"111111",B"111111",B"111111 ;                ;
; INIT           ; ",B"111111",B"111111",B"111111",B"111111",B"111111",B"111111",B"111111",B"111111 ;                ;
; INIT           ; ",B"000000",B"000000",B"000000",B"000000",B"000000",B"000000",B"000000",B"000000 ;                ;
;                ; ")                                                                               ;                ;
+----------------+----------------------------------------------------------------------------------+----------------+
Note: In order to hide this table in the UI and the text report file, please set the "Show Parameter Settings in Synthesis Report" option in "Analysis and Synthesis Settings -> More Settings" to "Off".


+--------------------------------------------------------------------------------------------------------------------+
; Parameter Settings for User Entity Instance: lut_rom:rom_0_7_6                                                     ;
+----------------+----------------------------------------------------------------------------------+----------------+
; Parameter Name ; Value                                                                            ; Type           ;
+----------------+----------------------------------------------------------------------------------+----------------+
; DATA_WIDTH     ; 6                                                                                ; Signed Integer ;
; ADDR_WIDTH     ; 6                                                                                ; Signed Integer ;
; INIT           ; A(B"000000",B"000001",B"000001",B"000001",B"000001",B"000001",B"000001",B"000001 ; Array/Record   ;
; INIT           ; ",B"000010",B"000010",B"000010",B"000010",B"000010",B"000011",B"000011",B"000011 ;                ;
; INIT           ; ",B"000011",B"000011",B"000011",B"000100",B"000100",B"000100",B"000100",B"000100 ;                ;
; INIT           ; ",B"000101",B"000101",B"000101",B"000101",B"000101",B"000110",B"000110",B"000110 ;                ;
; INIT           ; ",B"111110",B"111110",B"111110",B"111110",B"111110",B"111110",B"111110",B"111110 ;                ;
; INIT           ; ",B"111110",B"111110",B"111110",B"111111",B"111111",B"111111",B"111111",B"111111 ;                ;
; INIT           ; ",B"111111",B"111111",B"111111",B"111111",B"111111",B"111111",B"111111",B"111111 ;                ;
; INIT           ; ",B"000000",B"000000",B"000000",B"000000",B"000000",B"000000",B"000000",B"000000 ;                ;
;                ; ")                                                                               ;                ;
+----------------+----------------------------------------------------------------------------------+----------------+
Note: In order to hide this table in the UI and the text report file, please set the "Show Parameter Settings in Synthesis Report" option in "Analysis and Synthesis Settings -> More Settings" to "Off".


+--------------------------------------------------------------------------------------------------------------------+
; Parameter Settings for User Entity Instance: lut_rom:rom_0_7_7                                                     ;
+----------------+----------------------------------------------------------------------------------+----------------+
; Parameter Name ; Value                                                                            ; Type           ;
+----------------+----------------------------------------------------------------------------------+----------------+
; DATA_WIDTH     ; 6                                                                                ; Signed Integer ;
; ADDR_WIDTH     ; 6                                                                                ; Signed Integer ;
; INIT           ; A(B"000000",B"000000",B"000000",B"000000",B"000000",B"000000",B"000000",B"000000 ; Array/Record   ;
; INIT           ; ",B"111111",B"111111",B"111111",B"111111",B"111111",B"111111",B"111111",B"111110 ;                ;
; INIT           ; ",B"111110",B"111110",B"111110",B"111110",B"111101",B"111101",B"111101",B"111101 ;                ;
; INIT           ; ",B"111101",B"111101",B"111100",B"111100",B"111100",B"111100",B"111100",B"111011 ;                ;
; INIT           ; ",B"000010",B"000010",B"000010",B"000010",B"000010",B"000010",B"000010",B"000010 ;                ;
; INIT           ; ",B"000010",B"000010",B"000010",B"000010",B"000010",B"000010",B"000001",B"000001 ;                ;
; INIT           ; ",B"000001",B"000001",B"000001",B"000001",B"000001",B"000001",B"000001",B"000001 ;                ;
; INIT           ; ",B"000001",B"000001",B"000001",B"000001",B"000001",B"000001",B"000001",B"000000 ;                ;
;                ; ")                                                                               ;                ;
+----------------+----------------------------------------------------------------------------------+----------------+
Note: In order to hide this table in the UI and the text report file, please set the "Show Parameter Settings in Synthesis Report" option in "Analysis and Synthesis Settings -> More Settings" to "Off".


+--------------------------------------------------------------------------------------------------------------------+
; Parameter Settings for User Entity Instance: lut_rom:rom_0_7_8                                                     ;
+----------------+----------------------------------------------------------------------------------+----------------+
; Parameter Name ; Value                                                                            ; Type           ;
+----------------+----------------------------------------------------------------------------------+----------------+
; DATA_WIDTH     ; 6                                                                                ; Signed Integer ;
; ADDR_WIDTH     ; 6                                                                                ; Signed Integer ;
; INIT           ; A(B"000000",B"000000",B"000000",B"000001",B"000001",B"000001",B"000001",B"000001 ; Array/Record   ;
; INIT           ; ",B"000001",B"000001",B"000001",B"000001",B"000001",B"000001",B"000001",B"000001 ;                ;
; INIT           ; ",B"000001",B"000001",B"000010",B"000010",B"000010",B"000010",B"000010",B"000010 ;                ;
; INIT           ; ",B"000010",B"000010",B"000010",B"000010",B"000010",B"000010",B"000011",B"000011 ;                ;
; INIT           ; ",B"111111",B"111111",B"111111",B"111111",B"111111",B"111111",B"111111",B"111111 ;                ;
; INIT           ; ",B"111111",B"111111",B"111111",B"111111",B"111111",B"000000",B"000000",B"000000 ;                ;
; INIT           ; ",B"000000",B"000000",B"000000",B"000000",B"000000",B"000000",B"000000",B"000000 ;                ;
; INIT           ; ",B"000000",B"000000",B"000000",B"000000",B"000000",B"000000",B"000000",B"000000 ;                ;
;                ; ")                                                                               ;                ;
+----------------+----------------------------------------------------------------------------------+----------------+
Note: In order to hide this table in the UI and the text report file, please set the "Show Parameter Settings in Synthesis Report" option in "Analysis and Synthesis Settings -> More Settings" to "Off".


+--------------------------------------------------------------------------------------------------------------------+
; Parameter Settings for User Entity Instance: lut_rom:rom_0_7_10                                                    ;
+----------------+----------------------------------------------------------------------------------+----------------+
; Parameter Name ; Value                                                                            ; Type           ;
+----------------+----------------------------------------------------------------------------------+----------------+
; DATA_WIDTH     ; 6                                                                                ; Signed Integer ;
; ADDR_WIDTH     ; 6                                                                                ; Signed Integer ;
; INIT           ; A(B"000001",B"000001",B"000001",B"000001",B"000001",B"000001",B"000001",B"000001 ; Array/Record   ;
; INIT           ; ",B"000010",B"000010",B"000010",B"000010",B"000010",B"000010",B"000010",B"000011 ;                ;
; INIT           ; ",B"000011",B"000011",B"000011",B"000011",B"000011",B"000100",B"000100",B"000100 ;                ;
; INIT           ; ",B"000100",B"000100",B"000100",B"000101",B"000101",B"000101",B"000101",B"000101 ;                ;
; INIT           ; ",B"111110",B"111110",B"111110",B"111110",B"111110",B"111110",B"111110",B"111111 ;                ;
; INIT           ; ",B"111111",B"111111",B"111111",B"111111",B"111111",B"111111",B"111111",B"111111 ;                ;
; INIT           ; ",B"111111",B"111111",B"111111",B"111111",B"111111",B"111111",B"000000",B"000000 ;                ;
; INIT           ; ",B"000000",B"000000",B"000000",B"000000",B"000000",B"000000",B"000000",B"000000 ;                ;
;                ; ")                                                                               ;                ;
+----------------+----------------------------------------------------------------------------------+----------------+
Note: In order to hide this table in the UI and the text report file, please set the "Show Parameter Settings in Synthesis Report" option in "Analysis and Synthesis Settings -> More Settings" to "Off".


+--------------------------------------------------------------------------------------------------------------------+
; Parameter Settings for User Entity Instance: lut_rom:rom_0_7_11                                                    ;
+----------------+----------------------------------------------------------------------------------+----------------+
; Parameter Name ; Value                                                                            ; Type           ;
+----------------+----------------------------------------------------------------------------------+----------------+
; DATA_WIDTH     ; 6                                                                                ; Signed Integer ;
; ADDR_WIDTH     ; 6                                                                                ; Signed Integer ;
; INIT           ; A(B"000001",B"000001",B"000001",B"000001",B"000001",B"000010",B"000010",B"000010 ; Array/Record   ;
; INIT           ; ",B"000010",B"000010",B"000011",B"000011",B"000011",B"000011",B"000011",B"000100 ;                ;
; INIT           ; ",B"000100",B"000100",B"000100",B"000100",B"000101",B"000101",B"000101",B"000101 ;                ;
; INIT           ; ",B"000110",B"000110",B"000110",B"000110",B"000111",B"000111",B"000111",B"000111 ;                ;
; INIT           ; ",B"111110",B"111110",B"111110",B"111110",B"111110",B"111110",B"111110",B"111110 ;                ;
; INIT           ; ",B"111110",B"111110",B"111110",B"111110",B"111110",B"111110",B"111111",B"111111 ;                ;
; INIT           ; ",B"111111",B"111111",B"111111",B"111111",B"111111",B"111111",B"111111",B"111111 ;                ;
; INIT           ; ",B"000000",B"000000",B"000000",B"000000",B"000000",B"000000",B"000000",B"000001 ;                ;
;                ; ")                                                                               ;                ;
+----------------+----------------------------------------------------------------------------------+----------------+
Note: In order to hide this table in the UI and the text report file, please set the "Show Parameter Settings in Synthesis Report" option in "Analysis and Synthesis Settings -> More Settings" to "Off".


+--------------------------------------------------------------------------------------------------------------------+
; Parameter Settings for User Entity Instance: lut_rom:rom_0_7_12                                                    ;
+----------------+----------------------------------------------------------------------------------+----------------+
; Parameter Name ; Value                                                                            ; Type           ;
+----------------+----------------------------------------------------------------------------------+----------------+
; DATA_WIDTH     ; 6                                                                                ; Signed Integer ;
; ADDR_WIDTH     ; 6                                                                                ; Signed Integer ;
; INIT           ; A(B"000000",B"000001",B"000001",B"000001",B"000001",B"000001",B"000001",B"000010 ; Array/Record   ;
; INIT           ; ",B"000010",B"000010",B"000010",B"000010",B"000011",B"000011",B"000011",B"000011 ;                ;
; INIT           ; ",B"000011",B"000100",B"000100",B"000100",B"000100",B"000101",B"000101",B"000101 ;                ;
; INIT           ; ",B"000101",B"000110",B"000110",B"000110",B"000110",B"000111",B"000111",B"000111 ;                ;
; INIT           ; ",B"111110",B"111110",B"111110",B"111110",B"111110",B"111110",B"111110",B"111110 ;                ;
; INIT           ; ",B"111110",B"111110",B"111110",B"111110",B"111110",B"111110",B"111110",B"111111 ;                ;
; INIT           ; ",B"111111",B"111111",B"111111",B"111111",B"111111",B"111111",B"111111",B"111111 ;                ;
; INIT           ; ",B"111111",B"000000",B"000000",B"000000",B"000000",B"000000",B"000000",B"000000 ;                ;
;                ; ")                                                                               ;                ;
+----------------+----------------------------------------------------------------------------------+----------------+
Note: In order to hide this table in the UI and the text report file, please set the "Show Parameter Settings in Synthesis Report" option in "Analysis and Synthesis Settings -> More Settings" to "Off".


+------------------------------------------------------------------+
; Parameter Settings for User Entity Instance: registers:r_0_7_1_0 ;
+----------------+-------+-----------------------------------------+
; Parameter Name ; Value ; Type                                    ;
+----------------+-------+-----------------------------------------+
; ARRAY_WIDTH    ; 8     ; Signed Integer                          ;
+----------------+-------+-----------------------------------------+
Note: In order to hide this table in the UI and the text report file, please set the "Show Parameter Settings in Synthesis Report" option in "Analysis and Synthesis Settings -> More Settings" to "Off".


+------------------------------------------------------------------+
; Parameter Settings for User Entity Instance: registers:r_0_7_1_1 ;
+----------------+-------+-----------------------------------------+
; Parameter Name ; Value ; Type                                    ;
+----------------+-------+-----------------------------------------+
; ARRAY_WIDTH    ; 8     ; Signed Integer                          ;
+----------------+-------+-----------------------------------------+
Note: In order to hide this table in the UI and the text report file, please set the "Show Parameter Settings in Synthesis Report" option in "Analysis and Synthesis Settings -> More Settings" to "Off".


+------------------------------------------------------------------+
; Parameter Settings for User Entity Instance: registers:r_0_7_1_2 ;
+----------------+-------+-----------------------------------------+
; Parameter Name ; Value ; Type                                    ;
+----------------+-------+-----------------------------------------+
; ARRAY_WIDTH    ; 8     ; Signed Integer                          ;
+----------------+-------+-----------------------------------------+
Note: In order to hide this table in the UI and the text report file, please set the "Show Parameter Settings in Synthesis Report" option in "Analysis and Synthesis Settings -> More Settings" to "Off".


+--------------------------------------------------------------+
; Parameter Settings for User Entity Instance: registers:r_0_7 ;
+----------------+-------+-------------------------------------+
; Parameter Name ; Value ; Type                                ;
+----------------+-------+-------------------------------------+
; ARRAY_WIDTH    ; 10    ; Signed Integer                      ;
+----------------+-------+-------------------------------------+
Note: In order to hide this table in the UI and the text report file, please set the "Show Parameter Settings in Synthesis Report" option in "Analysis and Synthesis Settings -> More Settings" to "Off".


+--------------------------------------------------------------------+
; Parameter Settings for User Entity Instance: saturate_clip:sat_0_7 ;
+----------------+-------+-------------------------------------------+
; Parameter Name ; Value ; Type                                      ;
+----------------+-------+-------------------------------------------+
; IN_WIDTH       ; 10    ; Signed Integer                            ;
; OUT_WIDTH      ; 6     ; Signed Integer                            ;
+----------------+-------+-------------------------------------------+
Note: In order to hide this table in the UI and the text report file, please set the "Show Parameter Settings in Synthesis Report" option in "Analysis and Synthesis Settings -> More Settings" to "Off".


+--------------------------------------------------------------------------------------------------------------------+
; Parameter Settings for User Entity Instance: lut_rom:rom_0_8_0                                                     ;
+----------------+----------------------------------------------------------------------------------+----------------+
; Parameter Name ; Value                                                                            ; Type           ;
+----------------+----------------------------------------------------------------------------------+----------------+
; DATA_WIDTH     ; 6                                                                                ; Signed Integer ;
; ADDR_WIDTH     ; 6                                                                                ; Signed Integer ;
; INIT           ; A(B"000010",B"000001",B"000001",B"000001",B"000001",B"000001",B"000000",B"000000 ; Array/Record   ;
; INIT           ; ",B"000000",B"000000",B"111111",B"111111",B"111111",B"111111",B"111110",B"111110 ;                ;
; INIT           ; ",B"111110",B"111110",B"111101",B"111101",B"111101",B"111100",B"111100",B"111100 ;                ;
; INIT           ; ",B"111011",B"111011",B"111011",B"111011",B"111010",B"111010",B"111010",B"111001 ;                ;
; INIT           ; ",B"000100",B"000100",B"000100",B"000100",B"000100",B"000100",B"000100",B"000100 ;                ;
; INIT           ; ",B"000100",B"000100",B"000100",B"000100",B"000100",B"000100",B"000100",B"000100 ;                ;
; INIT           ; ",B"000100",B"000011",B"000011",B"000011",B"000011",B"000011",B"000011",B"000011 ;                ;
; INIT           ; ",B"000011",B"000011",B"000010",B"000010",B"000010",B"000010",B"000010",B"000010 ;                ;
;                ; ")                                                                               ;                ;
+----------------+----------------------------------------------------------------------------------+----------------+
Note: In order to hide this table in the UI and the text report file, please set the "Show Parameter Settings in Synthesis Report" option in "Analysis and Synthesis Settings -> More Settings" to "Off".


+--------------------------------------------------------------------------------------------------------------------+
; Parameter Settings for User Entity Instance: lut_rom:rom_0_8_1                                                     ;
+----------------+----------------------------------------------------------------------------------+----------------+
; Parameter Name ; Value                                                                            ; Type           ;
+----------------+----------------------------------------------------------------------------------+----------------+
; DATA_WIDTH     ; 6                                                                                ; Signed Integer ;
; ADDR_WIDTH     ; 6                                                                                ; Signed Integer ;
; INIT           ; A(B"000001",B"000001",B"000001",B"000001",B"000001",B"000001",B"000000",B"000000 ; Array/Record   ;
; INIT           ; ",B"000000",B"000000",B"000000",B"000000",B"000000",B"111111",B"111111",B"111111 ;                ;
; INIT           ; ",B"111111",B"111111",B"111111",B"111110",B"111110",B"111110",B"111110",B"111110 ;                ;
; INIT           ; ",B"111101",B"111101",B"111101",B"111101",B"111101",B"111100",B"111100",B"111100 ;                ;
; INIT           ; ",B"000011",B"000011",B"000011",B"000011",B"000011",B"000011",B"000011",B"000011 ;                ;
; INIT           ; ",B"000010",B"000010",B"000010",B"000010",B"000010",B"000010",B"000010",B"000010 ;                ;
; INIT           ; ",B"000010",B"000010",B"000010",B"000010",B"000010",B"000010",B"000010",B"000010 ;                ;
; INIT           ; ",B"000010",B"000010",B"000010",B"000010",B"000010",B"000001",B"000001",B"000001 ;                ;
;                ; ")                                                                               ;                ;
+----------------+----------------------------------------------------------------------------------+----------------+
Note: In order to hide this table in the UI and the text report file, please set the "Show Parameter Settings in Synthesis Report" option in "Analysis and Synthesis Settings -> More Settings" to "Off".


+--------------------------------------------------------------------------------------------------------------------+
; Parameter Settings for User Entity Instance: lut_rom:rom_0_8_2                                                     ;
+----------------+----------------------------------------------------------------------------------+----------------+
; Parameter Name ; Value                                                                            ; Type           ;
+----------------+----------------------------------------------------------------------------------+----------------+
; DATA_WIDTH     ; 6                                                                                ; Signed Integer ;
; ADDR_WIDTH     ; 6                                                                                ; Signed Integer ;
; INIT           ; A(B"000010",B"000010",B"000010",B"000010",B"000010",B"000001",B"000001",B"000001 ; Array/Record   ;
; INIT           ; ",B"000001",B"000001",B"000001",B"000001",B"000001",B"000001",B"000001",B"000000 ;                ;
; INIT           ; ",B"000000",B"000000",B"000000",B"000000",B"000000",B"000000",B"000000",B"111111 ;                ;
; INIT           ; ",B"111111",B"111111",B"111111",B"111111",B"111111",B"111111",B"111111",B"111110 ;                ;
; INIT           ; ",B"000011",B"000011",B"000011",B"000011",B"000011",B"000011",B"000011",B"000011 ;                ;
; INIT           ; ",B"000011",B"000011",B"000011",B"000011",B"000011",B"000011",B"000011",B"000011 ;                ;
; INIT           ; ",B"000011",B"000011",B"000011",B"000011",B"000011",B"000011",B"000010",B"000010 ;                ;
; INIT           ; ",B"000010",B"000010",B"000010",B"000010",B"000010",B"000010",B"000010",B"000010 ;                ;
;                ; ")                                                                               ;                ;
+----------------+----------------------------------------------------------------------------------+----------------+
Note: In order to hide this table in the UI and the text report file, please set the "Show Parameter Settings in Synthesis Report" option in "Analysis and Synthesis Settings -> More Settings" to "Off".


+--------------------------------------------------------------------------------------------------------------------+
; Parameter Settings for User Entity Instance: lut_rom:rom_0_8_3                                                     ;
+----------------+----------------------------------------------------------------------------------+----------------+
; Parameter Name ; Value                                                                            ; Type           ;
+----------------+----------------------------------------------------------------------------------+----------------+
; DATA_WIDTH     ; 6                                                                                ; Signed Integer ;
; ADDR_WIDTH     ; 6                                                                                ; Signed Integer ;
; INIT           ; A(B"000010",B"000010",B"000010",B"000010",B"000010",B"000010",B"000011",B"000011 ; Array/Record   ;
; INIT           ; ",B"000011",B"000011",B"000011",B"000011",B"000100",B"000100",B"000100",B"000100 ;                ;
; INIT           ; ",B"000100",B"000100",B"000101",B"000101",B"000101",B"000101",B"000101",B"000110 ;                ;
; INIT           ; ",B"000110",B"000110",B"000110",B"000111",B"000111",B"000111",B"000111",B"001000 ;                ;
; INIT           ; ",B"000000",B"000000",B"000000",B"000000",B"000000",B"000000",B"000000",B"000000 ;                ;
; INIT           ; ",B"000000",B"000000",B"000000",B"000000",B"000000",B"000000",B"000000",B"000000 ;                ;
; INIT           ; ",B"000000",B"000001",B"000001",B"000001",B"000001",B"000001",B"000001",B"000001 ;                ;
; INIT           ; ",B"000001",B"000001",B"000001",B"000001",B"000001",B"000001",B"000010",B"000010 ;                ;
;                ; ")                                                                               ;                ;
+----------------+----------------------------------------------------------------------------------+----------------+
Note: In order to hide this table in the UI and the text report file, please set the "Show Parameter Settings in Synthesis Report" option in "Analysis and Synthesis Settings -> More Settings" to "Off".


+--------------------------------------------------------------------------------------------------------------------+
; Parameter Settings for User Entity Instance: lut_rom:rom_0_8_4                                                     ;
+----------------+----------------------------------------------------------------------------------+----------------+
; Parameter Name ; Value                                                                            ; Type           ;
+----------------+----------------------------------------------------------------------------------+----------------+
; DATA_WIDTH     ; 6                                                                                ; Signed Integer ;
; ADDR_WIDTH     ; 6                                                                                ; Signed Integer ;
; INIT           ; A(B"000010",B"000010",B"000010",B"000010",B"000010",B"000010",B"000010",B"000001 ; Array/Record   ;
; INIT           ; ",B"000001",B"000001",B"000001",B"000001",B"000001",B"000001",B"000001",B"000001 ;                ;
; INIT           ; ",B"000000",B"000000",B"000000",B"000000",B"000000",B"000000",B"000000",B"000000 ;                ;
; INIT           ; ",B"111111",B"111111",B"111111",B"111111",B"111111",B"111111",B"111111",B"111110 ;                ;
; INIT           ; ",B"000100",B"000100",B"000100",B"000011",B"000011",B"000011",B"000011",B"000011 ;                ;
; INIT           ; ",B"000011",B"000011",B"000011",B"000011",B"000011",B"000011",B"000011",B"000011 ;                ;
; INIT           ; ",B"000011",B"000011",B"000011",B"000011",B"000011",B"000011",B"000011",B"000011 ;                ;
; INIT           ; ",B"000011",B"000011",B"000011",B"000010",B"000010",B"000010",B"000010",B"000010 ;                ;
;                ; ")                                                                               ;                ;
+----------------+----------------------------------------------------------------------------------+----------------+
Note: In order to hide this table in the UI and the text report file, please set the "Show Parameter Settings in Synthesis Report" option in "Analysis and Synthesis Settings -> More Settings" to "Off".


+--------------------------------------------------------------------------------------------------------------------+
; Parameter Settings for User Entity Instance: lut_rom:rom_0_8_5                                                     ;
+----------------+----------------------------------------------------------------------------------+----------------+
; Parameter Name ; Value                                                                            ; Type           ;
+----------------+----------------------------------------------------------------------------------+----------------+
; DATA_WIDTH     ; 6                                                                                ; Signed Integer ;
; ADDR_WIDTH     ; 6                                                                                ; Signed Integer ;
; INIT           ; A(B"000010",B"000010",B"000010",B"000010",B"000010",B"000010",B"000010",B"000010 ; Array/Record   ;
; INIT           ; ",B"000010",B"000010",B"000010",B"000010",B"000010",B"000010",B"000010",B"000010 ;                ;
; INIT           ; ",B"000010",B"000011",B"000011",B"000011",B"000011",B"000011",B"000011",B"000011 ;                ;
; INIT           ; ",B"000011",B"000011",B"000011",B"000011",B"000011",B"000011",B"000011",B"000011 ;                ;
; INIT           ; ",B"000001",B"000001",B"000001",B"000001",B"000001",B"000001",B"000001",B"000001 ;                ;
; INIT           ; ",B"000001",B"000001",B"000010",B"000010",B"000010",B"000010",B"000010",B"000010 ;                ;
; INIT           ; ",B"000010",B"000010",B"000010",B"000010",B"000010",B"000010",B"000010",B"000010 ;                ;
; INIT           ; ",B"000010",B"000010",B"000010",B"000010",B"000010",B"000010",B"000010",B"000010 ;                ;
;                ; ")                                                                               ;                ;
+----------------+----------------------------------------------------------------------------------+----------------+
Note: In order to hide this table in the UI and the text report file, please set the "Show Parameter Settings in Synthesis Report" option in "Analysis and Synthesis Settings -> More Settings" to "Off".


+--------------------------------------------------------------------------------------------------------------------+
; Parameter Settings for User Entity Instance: lut_rom:rom_0_8_6                                                     ;
+----------------+----------------------------------------------------------------------------------+----------------+
; Parameter Name ; Value                                                                            ; Type           ;
+----------------+----------------------------------------------------------------------------------+----------------+
; DATA_WIDTH     ; 6                                                                                ; Signed Integer ;
; ADDR_WIDTH     ; 6                                                                                ; Signed Integer ;
; INIT           ; A(B"000010",B"000010",B"000010",B"000011",B"000011",B"000011",B"000011",B"000011 ; Array/Record   ;
; INIT           ; ",B"000011",B"000011",B"000011",B"000011",B"000011",B"000100",B"000100",B"000100 ;                ;
; INIT           ; ",B"000100",B"000100",B"000100",B"000100",B"000100",B"000100",B"000100",B"000101 ;                ;
; INIT           ; ",B"000101",B"000101",B"000101",B"000101",B"000101",B"000101",B"000101",B"000101 ;                ;
; INIT           ; ",B"000000",B"000000",B"000000",B"000000",B"000001",B"000001",B"000001",B"000001 ;                ;
; INIT           ; ",B"000001",B"000001",B"000001",B"000001",B"000001",B"000001",B"000001",B"000001 ;                ;
; INIT           ; ",B"000001",B"000001",B"000001",B"000001",B"000001",B"000001",B"000010",B"000010 ;                ;
; INIT           ; ",B"000010",B"000010",B"000010",B"000010",B"000010",B"000010",B"000010",B"000010 ;                ;
;                ; ")                                                                               ;                ;
+----------------+----------------------------------------------------------------------------------+----------------+
Note: In order to hide this table in the UI and the text report file, please set the "Show Parameter Settings in Synthesis Report" option in "Analysis and Synthesis Settings -> More Settings" to "Off".


+--------------------------------------------------------------------------------------------------------------------+
; Parameter Settings for User Entity Instance: lut_rom:rom_0_8_7                                                     ;
+----------------+----------------------------------------------------------------------------------+----------------+
; Parameter Name ; Value                                                                            ; Type           ;
+----------------+----------------------------------------------------------------------------------+----------------+
; DATA_WIDTH     ; 6                                                                                ; Signed Integer ;
; ADDR_WIDTH     ; 6                                                                                ; Signed Integer ;
; INIT           ; A(B"000001",B"000001",B"000001",B"000001",B"000001",B"000001",B"000001",B"000001 ; Array/Record   ;
; INIT           ; ",B"000010",B"000010",B"000010",B"000010",B"000010",B"000010",B"000010",B"000010 ;                ;
; INIT           ; ",B"000010",B"000011",B"000011",B"000011",B"000011",B"000011",B"000011",B"000011 ;                ;
; INIT           ; ",B"000011",B"000100",B"000100",B"000100",B"000100",B"000100",B"000100",B"000100 ;                ;
; INIT           ; ",B"000000",B"000000",B"000000",B"000000",B"000000",B"000000",B"000000",B"000000 ;                ;
; INIT           ; ",B"000000",B"000000",B"000000",B"000000",B"000000",B"000000",B"000000",B"000000 ;                ;
; INIT           ; ",B"000000",B"000000",B"000000",B"000000",B"000000",B"000000",B"000000",B"000000 ;                ;
; INIT           ; ",B"000000",B"000000",B"000001",B"000001",B"000001",B"000001",B"000001",B"000001 ;                ;
;                ; ")                                                                               ;                ;
+----------------+----------------------------------------------------------------------------------+----------------+
Note: In order to hide this table in the UI and the text report file, please set the "Show Parameter Settings in Synthesis Report" option in "Analysis and Synthesis Settings -> More Settings" to "Off".


+--------------------------------------------------------------------------------------------------------------------+
; Parameter Settings for User Entity Instance: lut_rom:rom_0_8_8                                                     ;
+----------------+----------------------------------------------------------------------------------+----------------+
; Parameter Name ; Value                                                                            ; Type           ;
+----------------+----------------------------------------------------------------------------------+----------------+
; DATA_WIDTH     ; 6                                                                                ; Signed Integer ;
; ADDR_WIDTH     ; 6                                                                                ; Signed Integer ;
; INIT           ; A(B"000010",B"000010",B"000010",B"000010",B"000010",B"000011",B"000011",B"000011 ; Array/Record   ;
; INIT           ; ",B"000011",B"000011",B"000011",B"000011",B"000100",B"000100",B"000100",B"000100 ;                ;
; INIT           ; ",B"000100",B"000101",B"000101",B"000101",B"000101",B"000101",B"000110",B"000110 ;                ;
; INIT           ; ",B"000110",B"000110",B"000110",B"000111",B"000111",B"000111",B"000111",B"000111 ;                ;
; INIT           ; ",B"000000",B"000000",B"000000",B"000000",B"000000",B"000000",B"000000",B"000000 ;                ;
; INIT           ; ",B"000000",B"000000",B"000000",B"000000",B"000000",B"000000",B"000000",B"000001 ;                ;
; INIT           ; ",B"000001",B"000001",B"000001",B"000001",B"000001",B"000001",B"000001",B"000001 ;                ;
; INIT           ; ",B"000001",B"000001",B"000001",B"000001",B"000001",B"000010",B"000010",B"000010 ;                ;
;                ; ")                                                                               ;                ;
+----------------+----------------------------------------------------------------------------------+----------------+
Note: In order to hide this table in the UI and the text report file, please set the "Show Parameter Settings in Synthesis Report" option in "Analysis and Synthesis Settings -> More Settings" to "Off".


+--------------------------------------------------------------------------------------------------------------------+
; Parameter Settings for User Entity Instance: lut_rom:rom_0_8_9                                                     ;
+----------------+----------------------------------------------------------------------------------+----------------+
; Parameter Name ; Value                                                                            ; Type           ;
+----------------+----------------------------------------------------------------------------------+----------------+
; DATA_WIDTH     ; 6                                                                                ; Signed Integer ;
; ADDR_WIDTH     ; 6                                                                                ; Signed Integer ;
; INIT           ; A(B"000000",B"000000",B"000000",B"000000",B"111111",B"111111",B"111111",B"111111 ; Array/Record   ;
; INIT           ; ",B"111111",B"111111",B"111110",B"111110",B"111110",B"111110",B"111101",B"111101 ;                ;
; INIT           ; ",B"111101",B"111101",B"111100",B"111100",B"111100",B"111100",B"111011",B"111011 ;                ;
; INIT           ; ",B"111011",B"111011",B"111010",B"111010",B"111010",B"111010",B"111001",B"111001 ;                ;
; INIT           ; ",B"000010",B"000010",B"000010",B"000010",B"000010",B"000010",B"000010",B"000010 ;                ;
; INIT           ; ",B"000010",B"000010",B"000010",B"000010",B"000010",B"000010",B"000010",B"000010 ;                ;
; INIT           ; ",B"000010",B"000010",B"000001",B"000001",B"000001",B"000001",B"000001",B"000001 ;                ;
; INIT           ; ",B"000001",B"000001",B"000001",B"000001",B"000001",B"000000",B"000000",B"000000 ;                ;
;                ; ")                                                                               ;                ;
+----------------+----------------------------------------------------------------------------------+----------------+
Note: In order to hide this table in the UI and the text report file, please set the "Show Parameter Settings in Synthesis Report" option in "Analysis and Synthesis Settings -> More Settings" to "Off".


+--------------------------------------------------------------------------------------------------------------------+
; Parameter Settings for User Entity Instance: lut_rom:rom_0_8_10                                                    ;
+----------------+----------------------------------------------------------------------------------+----------------+
; Parameter Name ; Value                                                                            ; Type           ;
+----------------+----------------------------------------------------------------------------------+----------------+
; DATA_WIDTH     ; 6                                                                                ; Signed Integer ;
; ADDR_WIDTH     ; 6                                                                                ; Signed Integer ;
; INIT           ; A(B"000010",B"000010",B"000010",B"000010",B"000011",B"000011",B"000011",B"000011 ; Array/Record   ;
; INIT           ; ",B"000011",B"000100",B"000100",B"000100",B"000100",B"000100",B"000101",B"000101 ;                ;
; INIT           ; ",B"000101",B"000101",B"000101",B"000110",B"000110",B"000110",B"000110",B"000110 ;                ;
; INIT           ; ",B"000111",B"000111",B"000111",B"000111",B"001000",B"001000",B"001000",B"001000 ;                ;
; INIT           ; ",B"111111",B"111111",B"111111",B"111111",B"111111",B"111111",B"111111",B"111111 ;                ;
; INIT           ; ",B"111111",B"111111",B"000000",B"000000",B"000000",B"000000",B"000000",B"000000 ;                ;
; INIT           ; ",B"000000",B"000000",B"000000",B"000000",B"000000",B"000001",B"000001",B"000001 ;                ;
; INIT           ; ",B"000001",B"000001",B"000001",B"000001",B"000001",B"000010",B"000010",B"000010 ;                ;
;                ; ")                                                                               ;                ;
+----------------+----------------------------------------------------------------------------------+----------------+
Note: In order to hide this table in the UI and the text report file, please set the "Show Parameter Settings in Synthesis Report" option in "Analysis and Synthesis Settings -> More Settings" to "Off".


+--------------------------------------------------------------------------------------------------------------------+
; Parameter Settings for User Entity Instance: lut_rom:rom_0_8_11                                                    ;
+----------------+----------------------------------------------------------------------------------+----------------+
; Parameter Name ; Value                                                                            ; Type           ;
+----------------+----------------------------------------------------------------------------------+----------------+
; DATA_WIDTH     ; 6                                                                                ; Signed Integer ;
; ADDR_WIDTH     ; 6                                                                                ; Signed Integer ;
; INIT           ; A(B"000001",B"000001",B"000001",B"000001",B"000001",B"000001",B"000001",B"000010 ; Array/Record   ;
; INIT           ; ",B"000010",B"000010",B"000010",B"000010",B"000010",B"000011",B"000011",B"000011 ;                ;
; INIT           ; ",B"000011",B"000011",B"000100",B"000100",B"000100",B"000100",B"000101",B"000101 ;                ;
; INIT           ; ",B"000101",B"000101",B"000110",B"000110",B"000110",B"000110",B"000111",B"000111 ;                ;
; INIT           ; ",B"111111",B"111111",B"111111",B"111111",B"111111",B"111111",B"111111",B"111111 ;                ;
; INIT           ; ",B"111111",B"111111",B"111111",B"111111",B"111111",B"111111",B"111111",B"111111 ;                ;
; INIT           ; ",B"111111",B"111111",B"111111",B"111111",B"111111",B"111111",B"000000",B"000000 ;                ;
; INIT           ; ",B"000000",B"000000",B"000000",B"000000",B"000000",B"000000",B"000000",B"000000 ;                ;
;                ; ")                                                                               ;                ;
+----------------+----------------------------------------------------------------------------------+----------------+
Note: In order to hide this table in the UI and the text report file, please set the "Show Parameter Settings in Synthesis Report" option in "Analysis and Synthesis Settings -> More Settings" to "Off".


+--------------------------------------------------------------------------------------------------------------------+
; Parameter Settings for User Entity Instance: lut_rom:rom_0_8_12                                                    ;
+----------------+----------------------------------------------------------------------------------+----------------+
; Parameter Name ; Value                                                                            ; Type           ;
+----------------+----------------------------------------------------------------------------------+----------------+
; DATA_WIDTH     ; 6                                                                                ; Signed Integer ;
; ADDR_WIDTH     ; 6                                                                                ; Signed Integer ;
; INIT           ; A(B"000010",B"000010",B"000010",B"000010",B"000001",B"000001",B"000001",B"000001 ; Array/Record   ;
; INIT           ; ",B"000001",B"000001",B"000000",B"000000",B"000000",B"000000",B"000000",B"111111 ;                ;
; INIT           ; ",B"111111",B"111111",B"111111",B"111111",B"111110",B"111110",B"111110",B"111110 ;                ;
; INIT           ; ",B"111110",B"111101",B"111101",B"111101",B"111101",B"111100",B"111100",B"111100 ;                ;
; INIT           ; ",B"000100",B"000100",B"000100",B"000100",B"000100",B"000100",B"000100",B"000100 ;                ;
; INIT           ; ",B"000100",B"000100",B"000100",B"000100",B"000100",B"000100",B"000100",B"000100 ;                ;
; INIT           ; ",B"000100",B"000100",B"000100",B"000011",B"000011",B"000011",B"000011",B"000011 ;                ;
; INIT           ; ",B"000011",B"000011",B"000011",B"000011",B"000010",B"000010",B"000010",B"000010 ;                ;
;                ; ")                                                                               ;                ;
+----------------+----------------------------------------------------------------------------------+----------------+
Note: In order to hide this table in the UI and the text report file, please set the "Show Parameter Settings in Synthesis Report" option in "Analysis and Synthesis Settings -> More Settings" to "Off".


+------------------------------------------------------------------+
; Parameter Settings for User Entity Instance: registers:r_0_8_1_0 ;
+----------------+-------+-----------------------------------------+
; Parameter Name ; Value ; Type                                    ;
+----------------+-------+-----------------------------------------+
; ARRAY_WIDTH    ; 8     ; Signed Integer                          ;
+----------------+-------+-----------------------------------------+
Note: In order to hide this table in the UI and the text report file, please set the "Show Parameter Settings in Synthesis Report" option in "Analysis and Synthesis Settings -> More Settings" to "Off".


+------------------------------------------------------------------+
; Parameter Settings for User Entity Instance: registers:r_0_8_1_1 ;
+----------------+-------+-----------------------------------------+
; Parameter Name ; Value ; Type                                    ;
+----------------+-------+-----------------------------------------+
; ARRAY_WIDTH    ; 8     ; Signed Integer                          ;
+----------------+-------+-----------------------------------------+
Note: In order to hide this table in the UI and the text report file, please set the "Show Parameter Settings in Synthesis Report" option in "Analysis and Synthesis Settings -> More Settings" to "Off".


+------------------------------------------------------------------+
; Parameter Settings for User Entity Instance: registers:r_0_8_1_2 ;
+----------------+-------+-----------------------------------------+
; Parameter Name ; Value ; Type                                    ;
+----------------+-------+-----------------------------------------+
; ARRAY_WIDTH    ; 8     ; Signed Integer                          ;
+----------------+-------+-----------------------------------------+
Note: In order to hide this table in the UI and the text report file, please set the "Show Parameter Settings in Synthesis Report" option in "Analysis and Synthesis Settings -> More Settings" to "Off".


+------------------------------------------------------------------+
; Parameter Settings for User Entity Instance: registers:r_0_8_1_3 ;
+----------------+-------+-----------------------------------------+
; Parameter Name ; Value ; Type                                    ;
+----------------+-------+-----------------------------------------+
; ARRAY_WIDTH    ; 8     ; Signed Integer                          ;
+----------------+-------+-----------------------------------------+
Note: In order to hide this table in the UI and the text report file, please set the "Show Parameter Settings in Synthesis Report" option in "Analysis and Synthesis Settings -> More Settings" to "Off".


+--------------------------------------------------------------+
; Parameter Settings for User Entity Instance: registers:r_0_8 ;
+----------------+-------+-------------------------------------+
; Parameter Name ; Value ; Type                                ;
+----------------+-------+-------------------------------------+
; ARRAY_WIDTH    ; 10    ; Signed Integer                      ;
+----------------+-------+-------------------------------------+
Note: In order to hide this table in the UI and the text report file, please set the "Show Parameter Settings in Synthesis Report" option in "Analysis and Synthesis Settings -> More Settings" to "Off".


+--------------------------------------------------------------------+
; Parameter Settings for User Entity Instance: saturate_clip:sat_0_8 ;
+----------------+-------+-------------------------------------------+
; Parameter Name ; Value ; Type                                      ;
+----------------+-------+-------------------------------------------+
; IN_WIDTH       ; 10    ; Signed Integer                            ;
; OUT_WIDTH      ; 6     ; Signed Integer                            ;
+----------------+-------+-------------------------------------------+
Note: In order to hide this table in the UI and the text report file, please set the "Show Parameter Settings in Synthesis Report" option in "Analysis and Synthesis Settings -> More Settings" to "Off".


+--------------------------------------------------------------------------------------------------------------------+
; Parameter Settings for User Entity Instance: lut_rom:rom_0_9_0                                                     ;
+----------------+----------------------------------------------------------------------------------+----------------+
; Parameter Name ; Value                                                                            ; Type           ;
+----------------+----------------------------------------------------------------------------------+----------------+
; DATA_WIDTH     ; 6                                                                                ; Signed Integer ;
; ADDR_WIDTH     ; 6                                                                                ; Signed Integer ;
; INIT           ; A(B"000000",B"000000",B"000000",B"000000",B"000000",B"000000",B"000000",B"000000 ; Array/Record   ;
; INIT           ; ",B"000000",B"111111",B"111111",B"111111",B"111111",B"111111",B"111111",B"111111 ;                ;
; INIT           ; ",B"111111",B"111111",B"111111",B"111110",B"111110",B"111110",B"111110",B"111110 ;                ;
; INIT           ; ",B"111110",B"111110",B"111110",B"111110",B"111101",B"111101",B"111101",B"111101 ;                ;
; INIT           ; ",B"000010",B"000010",B"000010",B"000010",B"000010",B"000010",B"000010",B"000010 ;                ;
; INIT           ; ",B"000010",B"000010",B"000010",B"000010",B"000001",B"000001",B"000001",B"000001 ;                ;
; INIT           ; ",B"000001",B"000001",B"000001",B"000001",B"000001",B"000001",B"000001",B"000001 ;                ;
; INIT           ; ",B"000001",B"000001",B"000001",B"000001",B"000001",B"000000",B"000000",B"000000 ;                ;
;                ; ")                                                                               ;                ;
+----------------+----------------------------------------------------------------------------------+----------------+
Note: In order to hide this table in the UI and the text report file, please set the "Show Parameter Settings in Synthesis Report" option in "Analysis and Synthesis Settings -> More Settings" to "Off".


+--------------------------------------------------------------------------------------------------------------------+
; Parameter Settings for User Entity Instance: lut_rom:rom_0_9_2                                                     ;
+----------------+----------------------------------------------------------------------------------+----------------+
; Parameter Name ; Value                                                                            ; Type           ;
+----------------+----------------------------------------------------------------------------------+----------------+
; DATA_WIDTH     ; 6                                                                                ; Signed Integer ;
; ADDR_WIDTH     ; 6                                                                                ; Signed Integer ;
; INIT           ; A(B"000000",B"000000",B"000000",B"000000",B"000000",B"111111",B"111111",B"111111 ; Array/Record   ;
; INIT           ; ",B"111111",B"111111",B"111111",B"111111",B"111110",B"111110",B"111110",B"111110 ;                ;
; INIT           ; ",B"111110",B"111110",B"111101",B"111101",B"111101",B"111101",B"111101",B"111100 ;                ;
; INIT           ; ",B"111100",B"111100",B"111100",B"111100",B"111011",B"111011",B"111011",B"111011 ;                ;
; INIT           ; ",B"000001",B"000001",B"000001",B"000001",B"000001",B"000001",B"000001",B"000001 ;                ;
; INIT           ; ",B"000001",B"000001",B"000001",B"000001",B"000001",B"000001",B"000001",B"000001 ;                ;
; INIT           ; ",B"000001",B"000001",B"000001",B"000001",B"000001",B"000001",B"000001",B"000001 ;                ;
; INIT           ; ",B"000001",B"000001",B"000001",B"000000",B"000000",B"000000",B"000000",B"000000 ;                ;
;                ; ")                                                                               ;                ;
+----------------+----------------------------------------------------------------------------------+----------------+
Note: In order to hide this table in the UI and the text report file, please set the "Show Parameter Settings in Synthesis Report" option in "Analysis and Synthesis Settings -> More Settings" to "Off".


+--------------------------------------------------------------------------------------------------------------------+
; Parameter Settings for User Entity Instance: lut_rom:rom_0_9_3                                                     ;
+----------------+----------------------------------------------------------------------------------+----------------+
; Parameter Name ; Value                                                                            ; Type           ;
+----------------+----------------------------------------------------------------------------------+----------------+
; DATA_WIDTH     ; 6                                                                                ; Signed Integer ;
; ADDR_WIDTH     ; 6                                                                                ; Signed Integer ;
; INIT           ; A(B"000000",B"000000",B"000000",B"000000",B"000000",B"000000",B"000000",B"000000 ; Array/Record   ;
; INIT           ; ",B"000000",B"000001",B"000001",B"000001",B"000001",B"000001",B"000001",B"000001 ;                ;
; INIT           ; ",B"000001",B"000001",B"000001",B"000001",B"000001",B"000001",B"000001",B"000001 ;                ;
; INIT           ; ",B"000001",B"000010",B"000010",B"000010",B"000010",B"000010",B"000010",B"000010 ;                ;
; INIT           ; ",B"111111",B"000000",B"000000",B"000000",B"000000",B"000000",B"000000",B"000000 ;                ;
; INIT           ; ",B"000000",B"000000",B"000000",B"000000",B"000000",B"000000",B"000000",B"000000 ;                ;
; INIT           ; ",B"000000",B"000000",B"000000",B"000000",B"000000",B"000000",B"000000",B"000000 ;                ;
; INIT           ; ",B"000000",B"000000",B"000000",B"000000",B"000000",B"000000",B"000000",B"000000 ;                ;
;                ; ")                                                                               ;                ;
+----------------+----------------------------------------------------------------------------------+----------------+
Note: In order to hide this table in the UI and the text report file, please set the "Show Parameter Settings in Synthesis Report" option in "Analysis and Synthesis Settings -> More Settings" to "Off".


+--------------------------------------------------------------------------------------------------------------------+
; Parameter Settings for User Entity Instance: lut_rom:rom_0_9_4                                                     ;
+----------------+----------------------------------------------------------------------------------+----------------+
; Parameter Name ; Value                                                                            ; Type           ;
+----------------+----------------------------------------------------------------------------------+----------------+
; DATA_WIDTH     ; 6                                                                                ; Signed Integer ;
; ADDR_WIDTH     ; 6                                                                                ; Signed Integer ;
; INIT           ; A(B"000000",B"000000",B"000000",B"000000",B"000000",B"000000",B"000000",B"000000 ; Array/Record   ;
; INIT           ; ",B"000000",B"111111",B"111111",B"111111",B"111111",B"111111",B"111111",B"111111 ;                ;
; INIT           ; ",B"111111",B"111111",B"111111",B"111111",B"111111",B"111111",B"111110",B"111110 ;                ;
; INIT           ; ",B"111110",B"111110",B"111110",B"111110",B"111110",B"111110",B"111110",B"111110 ;                ;
; INIT           ; ",B"000001",B"000001",B"000001",B"000001",B"000001",B"000001",B"000001",B"000001 ;                ;
; INIT           ; ",B"000001",B"000001",B"000001",B"000001",B"000001",B"000001",B"000001",B"000001 ;                ;
; INIT           ; ",B"000001",B"000001",B"000000",B"000000",B"000000",B"000000",B"000000",B"000000 ;                ;
; INIT           ; ",B"000000",B"000000",B"000000",B"000000",B"000000",B"000000",B"000000",B"000000 ;                ;
;                ; ")                                                                               ;                ;
+----------------+----------------------------------------------------------------------------------+----------------+
Note: In order to hide this table in the UI and the text report file, please set the "Show Parameter Settings in Synthesis Report" option in "Analysis and Synthesis Settings -> More Settings" to "Off".


+--------------------------------------------------------------------------------------------------------------------+
; Parameter Settings for User Entity Instance: lut_rom:rom_0_9_6                                                     ;
+----------------+----------------------------------------------------------------------------------+----------------+
; Parameter Name ; Value                                                                            ; Type           ;
+----------------+----------------------------------------------------------------------------------+----------------+
; DATA_WIDTH     ; 6                                                                                ; Signed Integer ;
; ADDR_WIDTH     ; 6                                                                                ; Signed Integer ;
; INIT           ; A(B"000000",B"000000",B"000000",B"000000",B"000000",B"000000",B"111111",B"111111 ; Array/Record   ;
; INIT           ; ",B"111111",B"111111",B"111111",B"111111",B"111111",B"111111",B"111110",B"111110 ;                ;
; INIT           ; ",B"111110",B"111110",B"111110",B"111110",B"111110",B"111101",B"111101",B"111101 ;                ;
; INIT           ; ",B"111101",B"111101",B"111101",B"111100",B"111100",B"111100",B"111100",B"111100 ;                ;
; INIT           ; ",B"000001",B"000001",B"000001",B"000001",B"000001",B"000001",B"000001",B"000001 ;                ;
; INIT           ; ",B"000001",B"000001",B"000001",B"000001",B"000001",B"000001",B"000001",B"000001 ;                ;
; INIT           ; ",B"000001",B"000001",B"000001",B"000001",B"000001",B"000001",B"000001",B"000001 ;                ;
; INIT           ; ",B"000001",B"000001",B"000001",B"000000",B"000000",B"000000",B"000000",B"000000 ;                ;
;                ; ")                                                                               ;                ;
+----------------+----------------------------------------------------------------------------------+----------------+
Note: In order to hide this table in the UI and the text report file, please set the "Show Parameter Settings in Synthesis Report" option in "Analysis and Synthesis Settings -> More Settings" to "Off".


+--------------------------------------------------------------------------------------------------------------------+
; Parameter Settings for User Entity Instance: lut_rom:rom_0_9_7                                                     ;
+----------------+----------------------------------------------------------------------------------+----------------+
; Parameter Name ; Value                                                                            ; Type           ;
+----------------+----------------------------------------------------------------------------------+----------------+
; DATA_WIDTH     ; 6                                                                                ; Signed Integer ;
; ADDR_WIDTH     ; 6                                                                                ; Signed Integer ;
; INIT           ; A(B"000000",B"000000",B"000000",B"000000",B"000000",B"000000",B"000000",B"000001 ; Array/Record   ;
; INIT           ; ",B"000001",B"000001",B"000001",B"000001",B"000001",B"000001",B"000001",B"000010 ;                ;
; INIT           ; ",B"000010",B"000010",B"000010",B"000010",B"000010",B"000010",B"000011",B"000011 ;                ;
; INIT           ; ",B"000011",B"000011",B"000011",B"000011",B"000011",B"000100",B"000100",B"000100 ;                ;
; INIT           ; ",B"111111",B"111111",B"111111",B"111111",B"111111",B"111111",B"111111",B"111111 ;                ;
; INIT           ; ",B"111111",B"111111",B"111111",B"111111",B"111111",B"111111",B"111111",B"111111 ;                ;
; INIT           ; ",B"111111",B"111111",B"111111",B"111111",B"111111",B"111111",B"111111",B"111111 ;                ;
; INIT           ; ",B"111111",B"111111",B"111111",B"000000",B"000000",B"000000",B"000000",B"000000 ;                ;
;                ; ")                                                                               ;                ;
+----------------+----------------------------------------------------------------------------------+----------------+
Note: In order to hide this table in the UI and the text report file, please set the "Show Parameter Settings in Synthesis Report" option in "Analysis and Synthesis Settings -> More Settings" to "Off".


+--------------------------------------------------------------------------------------------------------------------+
; Parameter Settings for User Entity Instance: lut_rom:rom_0_9_8                                                     ;
+----------------+----------------------------------------------------------------------------------+----------------+
; Parameter Name ; Value                                                                            ; Type           ;
+----------------+----------------------------------------------------------------------------------+----------------+
; DATA_WIDTH     ; 6                                                                                ; Signed Integer ;
; ADDR_WIDTH     ; 6                                                                                ; Signed Integer ;
; INIT           ; A(B"000000",B"000000",B"000000",B"000000",B"000000",B"000000",B"111111",B"111111 ; Array/Record   ;
; INIT           ; ",B"111111",B"111111",B"111111",B"111111",B"111111",B"111111",B"111111",B"111110 ;                ;
; INIT           ; ",B"111110",B"111110",B"111110",B"111110",B"111110",B"111110",B"111110",B"111101 ;                ;
; INIT           ; ",B"111101",B"111101",B"111101",B"111101",B"111101",B"111101",B"111100",B"111100 ;                ;
; INIT           ; ",B"000001",B"000001",B"000001",B"000001",B"000001",B"000001",B"000001",B"000001 ;                ;
; INIT           ; ",B"000001",B"000001",B"000001",B"000001",B"000001",B"000001",B"000001",B"000001 ;                ;
; INIT           ; ",B"000001",B"000001",B"000001",B"000001",B"000001",B"000001",B"000001",B"000000 ;                ;
; INIT           ; ",B"000000",B"000000",B"000000",B"000000",B"000000",B"000000",B"000000",B"000000 ;                ;
;                ; ")                                                                               ;                ;
+----------------+----------------------------------------------------------------------------------+----------------+
Note: In order to hide this table in the UI and the text report file, please set the "Show Parameter Settings in Synthesis Report" option in "Analysis and Synthesis Settings -> More Settings" to "Off".


+--------------------------------------------------------------------------------------------------------------------+
; Parameter Settings for User Entity Instance: lut_rom:rom_0_9_9                                                     ;
+----------------+----------------------------------------------------------------------------------+----------------+
; Parameter Name ; Value                                                                            ; Type           ;
+----------------+----------------------------------------------------------------------------------+----------------+
; DATA_WIDTH     ; 6                                                                                ; Signed Integer ;
; ADDR_WIDTH     ; 6                                                                                ; Signed Integer ;
; INIT           ; A(B"000000",B"000000",B"000000",B"000000",B"000000",B"000000",B"000000",B"000000 ; Array/Record   ;
; INIT           ; ",B"111111",B"111111",B"111111",B"111111",B"111111",B"111111",B"111111",B"111111 ;                ;
; INIT           ; ",B"111111",B"111111",B"111111",B"111110",B"111110",B"111110",B"111110",B"111110 ;                ;
; INIT           ; ",B"111110",B"111110",B"111110",B"111110",B"111101",B"111101",B"111101",B"111101 ;                ;
; INIT           ; ",B"000001",B"000001",B"000001",B"000001",B"000001",B"000001",B"000001",B"000001 ;                ;
; INIT           ; ",B"000001",B"000001",B"000001",B"000001",B"000001",B"000001",B"000001",B"000001 ;                ;
; INIT           ; ",B"000001",B"000001",B"000001",B"000001",B"000001",B"000000",B"000000",B"000000 ;                ;
; INIT           ; ",B"000000",B"000000",B"000000",B"000000",B"000000",B"000000",B"000000",B"000000 ;                ;
;                ; ")                                                                               ;                ;
+----------------+----------------------------------------------------------------------------------+----------------+
Note: In order to hide this table in the UI and the text report file, please set the "Show Parameter Settings in Synthesis Report" option in "Analysis and Synthesis Settings -> More Settings" to "Off".


+--------------------------------------------------------------------------------------------------------------------+
; Parameter Settings for User Entity Instance: lut_rom:rom_0_9_10                                                    ;
+----------------+----------------------------------------------------------------------------------+----------------+
; Parameter Name ; Value                                                                            ; Type           ;
+----------------+----------------------------------------------------------------------------------+----------------+
; DATA_WIDTH     ; 6                                                                                ; Signed Integer ;
; ADDR_WIDTH     ; 6                                                                                ; Signed Integer ;
; INIT           ; A(B"000000",B"000000",B"000000",B"000000",B"000000",B"000000",B"000000",B"000000 ; Array/Record   ;
; INIT           ; ",B"000000",B"111111",B"111111",B"111111",B"111111",B"111111",B"111111",B"111111 ;                ;
; INIT           ; ",B"111111",B"111111",B"111111",B"111111",B"111111",B"111111",B"111110",B"111110 ;                ;
; INIT           ; ",B"111110",B"111110",B"111110",B"111110",B"111110",B"111110",B"111110",B"111110 ;                ;
; INIT           ; ",B"000001",B"000001",B"000001",B"000001",B"000001",B"000001",B"000001",B"000001 ;                ;
; INIT           ; ",B"000001",B"000001",B"000001",B"000001",B"000001",B"000001",B"000001",B"000001 ;                ;
; INIT           ; ",B"000001",B"000001",B"000001",B"000001",B"000001",B"000001",B"000000",B"000000 ;                ;
; INIT           ; ",B"000000",B"000000",B"000000",B"000000",B"000000",B"000000",B"000000",B"000000 ;                ;
;                ; ")                                                                               ;                ;
+----------------+----------------------------------------------------------------------------------+----------------+
Note: In order to hide this table in the UI and the text report file, please set the "Show Parameter Settings in Synthesis Report" option in "Analysis and Synthesis Settings -> More Settings" to "Off".


+--------------------------------------------------------------------------------------------------------------------+
; Parameter Settings for User Entity Instance: lut_rom:rom_0_9_12                                                    ;
+----------------+----------------------------------------------------------------------------------+----------------+
; Parameter Name ; Value                                                                            ; Type           ;
+----------------+----------------------------------------------------------------------------------+----------------+
; DATA_WIDTH     ; 6                                                                                ; Signed Integer ;
; ADDR_WIDTH     ; 6                                                                                ; Signed Integer ;
; INIT           ; A(B"000000",B"000000",B"000000",B"000000",B"000000",B"000000",B"000000",B"000000 ; Array/Record   ;
; INIT           ; ",B"000000",B"000000",B"000000",B"000000",B"000000",B"000000",B"111111",B"111111 ;                ;
; INIT           ; ",B"111111",B"111111",B"111111",B"111111",B"111111",B"111111",B"111111",B"111111 ;                ;
; INIT           ; ",B"111111",B"111111",B"111111",B"111110",B"111110",B"111110",B"111110",B"111110 ;                ;
; INIT           ; ",B"000010",B"000010",B"000010",B"000010",B"000010",B"000010",B"000010",B"000010 ;                ;
; INIT           ; ",B"000001",B"000001",B"000001",B"000001",B"000001",B"000001",B"000001",B"000001 ;                ;
; INIT           ; ",B"000001",B"000001",B"000001",B"000001",B"000001",B"000001",B"000001",B"000001 ;                ;
; INIT           ; ",B"000001",B"000001",B"000001",B"000001",B"000001",B"000001",B"000001",B"000000 ;                ;
;                ; ")                                                                               ;                ;
+----------------+----------------------------------------------------------------------------------+----------------+
Note: In order to hide this table in the UI and the text report file, please set the "Show Parameter Settings in Synthesis Report" option in "Analysis and Synthesis Settings -> More Settings" to "Off".


+------------------------------------------------------------------+
; Parameter Settings for User Entity Instance: registers:r_0_9_1_0 ;
+----------------+-------+-----------------------------------------+
; Parameter Name ; Value ; Type                                    ;
+----------------+-------+-----------------------------------------+
; ARRAY_WIDTH    ; 8     ; Signed Integer                          ;
+----------------+-------+-----------------------------------------+
Note: In order to hide this table in the UI and the text report file, please set the "Show Parameter Settings in Synthesis Report" option in "Analysis and Synthesis Settings -> More Settings" to "Off".


+------------------------------------------------------------------+
; Parameter Settings for User Entity Instance: registers:r_0_9_1_1 ;
+----------------+-------+-----------------------------------------+
; Parameter Name ; Value ; Type                                    ;
+----------------+-------+-----------------------------------------+
; ARRAY_WIDTH    ; 8     ; Signed Integer                          ;
+----------------+-------+-----------------------------------------+
Note: In order to hide this table in the UI and the text report file, please set the "Show Parameter Settings in Synthesis Report" option in "Analysis and Synthesis Settings -> More Settings" to "Off".


+------------------------------------------------------------------+
; Parameter Settings for User Entity Instance: registers:r_0_9_1_2 ;
+----------------+-------+-----------------------------------------+
; Parameter Name ; Value ; Type                                    ;
+----------------+-------+-----------------------------------------+
; ARRAY_WIDTH    ; 8     ; Signed Integer                          ;
+----------------+-------+-----------------------------------------+
Note: In order to hide this table in the UI and the text report file, please set the "Show Parameter Settings in Synthesis Report" option in "Analysis and Synthesis Settings -> More Settings" to "Off".


+--------------------------------------------------------------+
; Parameter Settings for User Entity Instance: registers:r_0_9 ;
+----------------+-------+-------------------------------------+
; Parameter Name ; Value ; Type                                ;
+----------------+-------+-------------------------------------+
; ARRAY_WIDTH    ; 10    ; Signed Integer                      ;
+----------------+-------+-------------------------------------+
Note: In order to hide this table in the UI and the text report file, please set the "Show Parameter Settings in Synthesis Report" option in "Analysis and Synthesis Settings -> More Settings" to "Off".


+--------------------------------------------------------------------+
; Parameter Settings for User Entity Instance: saturate_clip:sat_0_9 ;
+----------------+-------+-------------------------------------------+
; Parameter Name ; Value ; Type                                      ;
+----------------+-------+-------------------------------------------+
; IN_WIDTH       ; 10    ; Signed Integer                            ;
; OUT_WIDTH      ; 6     ; Signed Integer                            ;
+----------------+-------+-------------------------------------------+
Note: In order to hide this table in the UI and the text report file, please set the "Show Parameter Settings in Synthesis Report" option in "Analysis and Synthesis Settings -> More Settings" to "Off".


+-----------------------------------------------------------------+
; Parameter Settings for User Entity Instance: registers:node_0_0 ;
+----------------+-------+----------------------------------------+
; Parameter Name ; Value ; Type                                   ;
+----------------+-------+----------------------------------------+
; ARRAY_WIDTH    ; 6     ; Signed Integer                         ;
+----------------+-------+----------------------------------------+
Note: In order to hide this table in the UI and the text report file, please set the "Show Parameter Settings in Synthesis Report" option in "Analysis and Synthesis Settings -> More Settings" to "Off".


+-----------------------------------------------------------------+
; Parameter Settings for User Entity Instance: registers:node_0_1 ;
+----------------+-------+----------------------------------------+
; Parameter Name ; Value ; Type                                   ;
+----------------+-------+----------------------------------------+
; ARRAY_WIDTH    ; 6     ; Signed Integer                         ;
+----------------+-------+----------------------------------------+
Note: In order to hide this table in the UI and the text report file, please set the "Show Parameter Settings in Synthesis Report" option in "Analysis and Synthesis Settings -> More Settings" to "Off".


+-----------------------------------------------------------------+
; Parameter Settings for User Entity Instance: registers:node_0_2 ;
+----------------+-------+----------------------------------------+
; Parameter Name ; Value ; Type                                   ;
+----------------+-------+----------------------------------------+
; ARRAY_WIDTH    ; 6     ; Signed Integer                         ;
+----------------+-------+----------------------------------------+
Note: In order to hide this table in the UI and the text report file, please set the "Show Parameter Settings in Synthesis Report" option in "Analysis and Synthesis Settings -> More Settings" to "Off".


+-----------------------------------------------------------------+
; Parameter Settings for User Entity Instance: registers:node_0_3 ;
+----------------+-------+----------------------------------------+
; Parameter Name ; Value ; Type                                   ;
+----------------+-------+----------------------------------------+
; ARRAY_WIDTH    ; 6     ; Signed Integer                         ;
+----------------+-------+----------------------------------------+
Note: In order to hide this table in the UI and the text report file, please set the "Show Parameter Settings in Synthesis Report" option in "Analysis and Synthesis Settings -> More Settings" to "Off".


+-----------------------------------------------------------------+
; Parameter Settings for User Entity Instance: registers:node_0_4 ;
+----------------+-------+----------------------------------------+
; Parameter Name ; Value ; Type                                   ;
+----------------+-------+----------------------------------------+
; ARRAY_WIDTH    ; 6     ; Signed Integer                         ;
+----------------+-------+----------------------------------------+
Note: In order to hide this table in the UI and the text report file, please set the "Show Parameter Settings in Synthesis Report" option in "Analysis and Synthesis Settings -> More Settings" to "Off".


+-----------------------------------------------------------------+
; Parameter Settings for User Entity Instance: registers:node_0_5 ;
+----------------+-------+----------------------------------------+
; Parameter Name ; Value ; Type                                   ;
+----------------+-------+----------------------------------------+
; ARRAY_WIDTH    ; 6     ; Signed Integer                         ;
+----------------+-------+----------------------------------------+
Note: In order to hide this table in the UI and the text report file, please set the "Show Parameter Settings in Synthesis Report" option in "Analysis and Synthesis Settings -> More Settings" to "Off".


+-----------------------------------------------------------------+
; Parameter Settings for User Entity Instance: registers:node_0_6 ;
+----------------+-------+----------------------------------------+
; Parameter Name ; Value ; Type                                   ;
+----------------+-------+----------------------------------------+
; ARRAY_WIDTH    ; 6     ; Signed Integer                         ;
+----------------+-------+----------------------------------------+
Note: In order to hide this table in the UI and the text report file, please set the "Show Parameter Settings in Synthesis Report" option in "Analysis and Synthesis Settings -> More Settings" to "Off".


+-----------------------------------------------------------------+
; Parameter Settings for User Entity Instance: registers:node_0_7 ;
+----------------+-------+----------------------------------------+
; Parameter Name ; Value ; Type                                   ;
+----------------+-------+----------------------------------------+
; ARRAY_WIDTH    ; 6     ; Signed Integer                         ;
+----------------+-------+----------------------------------------+
Note: In order to hide this table in the UI and the text report file, please set the "Show Parameter Settings in Synthesis Report" option in "Analysis and Synthesis Settings -> More Settings" to "Off".


+-----------------------------------------------------------------+
; Parameter Settings for User Entity Instance: registers:node_0_8 ;
+----------------+-------+----------------------------------------+
; Parameter Name ; Value ; Type                                   ;
+----------------+-------+----------------------------------------+
; ARRAY_WIDTH    ; 6     ; Signed Integer                         ;
+----------------+-------+----------------------------------------+
Note: In order to hide this table in the UI and the text report file, please set the "Show Parameter Settings in Synthesis Report" option in "Analysis and Synthesis Settings -> More Settings" to "Off".


+-----------------------------------------------------------------+
; Parameter Settings for User Entity Instance: registers:node_0_9 ;
+----------------+-------+----------------------------------------+
; Parameter Name ; Value ; Type                                   ;
+----------------+-------+----------------------------------------+
; ARRAY_WIDTH    ; 6     ; Signed Integer                         ;
+----------------+-------+----------------------------------------+
Note: In order to hide this table in the UI and the text report file, please set the "Show Parameter Settings in Synthesis Report" option in "Analysis and Synthesis Settings -> More Settings" to "Off".


+--------------------------------------------------------------------------------------------------------------------+
; Parameter Settings for User Entity Instance: lut_rom:rom_1_0_0                                                     ;
+----------------+----------------------------------------------------------------------------------+----------------+
; Parameter Name ; Value                                                                            ; Type           ;
+----------------+----------------------------------------------------------------------------------+----------------+
; DATA_WIDTH     ; 6                                                                                ; Signed Integer ;
; ADDR_WIDTH     ; 6                                                                                ; Signed Integer ;
; INIT           ; A(B"000000",B"000000",B"000000",B"000000",B"000000",B"000000",B"000001",B"000001 ; Array/Record   ;
; INIT           ; ",B"000001",B"000001",B"000001",B"000001",B"000010",B"000010",B"000010",B"000010 ;                ;
; INIT           ; ",B"000010",B"000011",B"000011",B"000011",B"000011",B"000011",B"000100",B"000100 ;                ;
; INIT           ; ",B"000100",B"000100",B"000100",B"000100",B"000101",B"000101",B"000101",B"000101 ;                ;
; INIT           ; ",B"000000",B"000000",B"000000",B"000000",B"000000",B"000000",B"000000",B"000000 ;                ;
; INIT           ; ",B"000000",B"000000",B"000000",B"000000",B"000000",B"000000",B"000000",B"000000 ;                ;
; INIT           ; ",B"111111",B"111111",B"111111",B"111111",B"111111",B"111111",B"111111",B"111111 ;                ;
; INIT           ; ",B"111111",B"000000",B"000000",B"000000",B"000000",B"000000",B"000000",B"000000 ;                ;
;                ; ")                                                                               ;                ;
+----------------+----------------------------------------------------------------------------------+----------------+
Note: In order to hide this table in the UI and the text report file, please set the "Show Parameter Settings in Synthesis Report" option in "Analysis and Synthesis Settings -> More Settings" to "Off".


+--------------------------------------------------------------------------------------------------------------------+
; Parameter Settings for User Entity Instance: lut_rom:rom_1_0_1                                                     ;
+----------------+----------------------------------------------------------------------------------+----------------+
; Parameter Name ; Value                                                                            ; Type           ;
+----------------+----------------------------------------------------------------------------------+----------------+
; DATA_WIDTH     ; 6                                                                                ; Signed Integer ;
; ADDR_WIDTH     ; 6                                                                                ; Signed Integer ;
; INIT           ; A(B"000000",B"000000",B"111111",B"111111",B"111111",B"111111",B"111111",B"111110 ; Array/Record   ;
; INIT           ; ",B"111110",B"111110",B"111110",B"111101",B"111101",B"111101",B"111100",B"111100 ;                ;
; INIT           ; ",B"111100",B"111100",B"111011",B"111011",B"111011",B"111010",B"111010",B"111010 ;                ;
; INIT           ; ",B"111010",B"111001",B"111001",B"111001",B"111001",B"111000",B"111000",B"111000 ;                ;
; INIT           ; ",B"000001",B"000001",B"000001",B"000001",B"000001",B"000001",B"000001",B"000001 ;                ;
; INIT           ; ",B"000001",B"000001",B"000001",B"000001",B"000001",B"000001",B"000001",B"000001 ;                ;
; INIT           ; ",B"000001",B"000001",B"000001",B"000001",B"000001",B"000001",B"000001",B"000001 ;                ;
; INIT           ; ",B"000000",B"000000",B"000000",B"000000",B"000000",B"000000",B"000000",B"000000 ;                ;
;                ; ")                                                                               ;                ;
+----------------+----------------------------------------------------------------------------------+----------------+
Note: In order to hide this table in the UI and the text report file, please set the "Show Parameter Settings in Synthesis Report" option in "Analysis and Synthesis Settings -> More Settings" to "Off".


+--------------------------------------------------------------------------------------------------------------------+
; Parameter Settings for User Entity Instance: lut_rom:rom_1_0_2                                                     ;
+----------------+----------------------------------------------------------------------------------+----------------+
; Parameter Name ; Value                                                                            ; Type           ;
+----------------+----------------------------------------------------------------------------------+----------------+
; DATA_WIDTH     ; 6                                                                                ; Signed Integer ;
; ADDR_WIDTH     ; 6                                                                                ; Signed Integer ;
; INIT           ; A(B"111111",B"000000",B"000000",B"000000",B"000000",B"000001",B"000001",B"000001 ; Array/Record   ;
; INIT           ; ",B"000001",B"000010",B"000010",B"000010",B"000011",B"000011",B"000011",B"000100 ;                ;
; INIT           ; ",B"000100",B"000100",B"000101",B"000101",B"000101",B"000110",B"000110",B"000110 ;                ;
; INIT           ; ",B"000111",B"000111",B"000111",B"001000",B"001000",B"001000",B"001001",B"001001 ;                ;
; INIT           ; ",B"111111",B"111111",B"111111",B"111111",B"111111",B"111111",B"111111",B"111111 ;                ;
; INIT           ; ",B"111111",B"111110",B"111110",B"111110",B"111110",B"111110",B"111110",B"111110 ;                ;
; INIT           ; ",B"111110",B"111110",B"111110",B"111110",B"111110",B"111110",B"111110",B"111110 ;                ;
; INIT           ; ",B"111111",B"111111",B"111111",B"111111",B"111111",B"111111",B"111111",B"111111 ;                ;
;                ; ")                                                                               ;                ;
+----------------+----------------------------------------------------------------------------------+----------------+
Note: In order to hide this table in the UI and the text report file, please set the "Show Parameter Settings in Synthesis Report" option in "Analysis and Synthesis Settings -> More Settings" to "Off".


+--------------------------------------------------------------------------------------------------------------------+
; Parameter Settings for User Entity Instance: lut_rom:rom_1_0_3                                                     ;
+----------------+----------------------------------------------------------------------------------+----------------+
; Parameter Name ; Value                                                                            ; Type           ;
+----------------+----------------------------------------------------------------------------------+----------------+
; DATA_WIDTH     ; 6                                                                                ; Signed Integer ;
; ADDR_WIDTH     ; 6                                                                                ; Signed Integer ;
; INIT           ; A(B"000000",B"000000",B"111111",B"111111",B"111111",B"111111",B"111110",B"111110 ; Array/Record   ;
; INIT           ; ",B"111110",B"111110",B"111101",B"111101",B"111101",B"111100",B"111100",B"111100 ;                ;
; INIT           ; ",B"111011",B"111011",B"111011",B"111010",B"111010",B"111010",B"111001",B"111001 ;                ;
; INIT           ; ",B"111001",B"111000",B"111000",B"111000",B"110111",B"110111",B"110111",B"110110 ;                ;
; INIT           ; ",B"000001",B"000001",B"000001",B"000001",B"000001",B"000001",B"000001",B"000001 ;                ;
; INIT           ; ",B"000001",B"000001",B"000001",B"000001",B"000001",B"000001",B"000001",B"000001 ;                ;
; INIT           ; ",B"000001",B"000001",B"000001",B"000001",B"000001",B"000001",B"000001",B"000001 ;                ;
; INIT           ; ",B"000001",B"000001",B"000001",B"000000",B"000000",B"000000",B"000000",B"000000 ;                ;
;                ; ")                                                                               ;                ;
+----------------+----------------------------------------------------------------------------------+----------------+
Note: In order to hide this table in the UI and the text report file, please set the "Show Parameter Settings in Synthesis Report" option in "Analysis and Synthesis Settings -> More Settings" to "Off".


+--------------------------------------------------------------------------------------------------------------------+
; Parameter Settings for User Entity Instance: lut_rom:rom_1_0_4                                                     ;
+----------------+----------------------------------------------------------------------------------+----------------+
; Parameter Name ; Value                                                                            ; Type           ;
+----------------+----------------------------------------------------------------------------------+----------------+
; DATA_WIDTH     ; 6                                                                                ; Signed Integer ;
; ADDR_WIDTH     ; 6                                                                                ; Signed Integer ;
; INIT           ; A(B"000000",B"000000",B"000000",B"111111",B"111111",B"111111",B"111111",B"111111 ; Array/Record   ;
; INIT           ; ",B"111110",B"111110",B"111110",B"111110",B"111110",B"111101",B"111101",B"111101 ;                ;
; INIT           ; ",B"111100",B"111100",B"111100",B"111100",B"111011",B"111011",B"111011",B"111011 ;                ;
; INIT           ; ",B"111010",B"111010",B"111010",B"111010",B"111001",B"111001",B"111001",B"111001 ;                ;
; INIT           ; ",B"000000",B"000000",B"000000",B"000000",B"000000",B"000000",B"000000",B"000000 ;                ;
; INIT           ; ",B"000000",B"000000",B"000000",B"000000",B"000000",B"000000",B"000000",B"000000 ;                ;
; INIT           ; ",B"000000",B"000001",B"000001",B"000001",B"000001",B"000001",B"000001",B"000000 ;                ;
; INIT           ; ",B"000000",B"000000",B"000000",B"000000",B"000000",B"000000",B"000000",B"000000 ;                ;
;                ; ")                                                                               ;                ;
+----------------+----------------------------------------------------------------------------------+----------------+
Note: In order to hide this table in the UI and the text report file, please set the "Show Parameter Settings in Synthesis Report" option in "Analysis and Synthesis Settings -> More Settings" to "Off".


+--------------------------------------------------------------------------------------------------------------------+
; Parameter Settings for User Entity Instance: lut_rom:rom_1_0_5                                                     ;
+----------------+----------------------------------------------------------------------------------+----------------+
; Parameter Name ; Value                                                                            ; Type           ;
+----------------+----------------------------------------------------------------------------------+----------------+
; DATA_WIDTH     ; 6                                                                                ; Signed Integer ;
; ADDR_WIDTH     ; 6                                                                                ; Signed Integer ;
; INIT           ; A(B"000000",B"000000",B"111111",B"111111",B"111111",B"111111",B"111111",B"111111 ; Array/Record   ;
; INIT           ; ",B"111110",B"111110",B"111110",B"111110",B"111110",B"111101",B"111101",B"111101 ;                ;
; INIT           ; ",B"111101",B"111100",B"111100",B"111100",B"111100",B"111011",B"111011",B"111011 ;                ;
; INIT           ; ",B"111011",B"111010",B"111010",B"111010",B"111010",B"111001",B"111001",B"111001 ;                ;
; INIT           ; ",B"000000",B"000000",B"000000",B"000000",B"000000",B"000000",B"000000",B"000000 ;                ;
; INIT           ; ",B"000000",B"000000",B"000000",B"000000",B"000000",B"000000",B"000000",B"000000 ;                ;
; INIT           ; ",B"000000",B"000000",B"000000",B"000000",B"000000",B"000000",B"000000",B"000000 ;                ;
; INIT           ; ",B"000000",B"000000",B"000000",B"000000",B"000000",B"000000",B"000000",B"000000 ;                ;
;                ; ")                                                                               ;                ;
+----------------+----------------------------------------------------------------------------------+----------------+
Note: In order to hide this table in the UI and the text report file, please set the "Show Parameter Settings in Synthesis Report" option in "Analysis and Synthesis Settings -> More Settings" to "Off".


+--------------------------------------------------------------------------------------------------------------------+
; Parameter Settings for User Entity Instance: lut_rom:rom_1_0_6                                                     ;
+----------------+----------------------------------------------------------------------------------+----------------+
; Parameter Name ; Value                                                                            ; Type           ;
+----------------+----------------------------------------------------------------------------------+----------------+
; DATA_WIDTH     ; 6                                                                                ; Signed Integer ;
; ADDR_WIDTH     ; 6                                                                                ; Signed Integer ;
; INIT           ; A(B"000000",B"000000",B"000000",B"000000",B"000000",B"000000",B"000000",B"000000 ; Array/Record   ;
; INIT           ; ",B"000000",B"000000",B"000000",B"000001",B"000001",B"000001",B"000001",B"000001 ;                ;
; INIT           ; ",B"000001",B"000001",B"000001",B"000001",B"000001",B"000001",B"000001",B"000001 ;                ;
; INIT           ; ",B"000001",B"000010",B"000010",B"000010",B"000010",B"000010",B"000010",B"000010 ;                ;
; INIT           ; ",B"000000",B"000000",B"000000",B"000000",B"000000",B"000000",B"000000",B"000000 ;                ;
; INIT           ; ",B"000000",B"000000",B"000000",B"000000",B"000000",B"000000",B"000000",B"000000 ;                ;
; INIT           ; ",B"000000",B"000000",B"000000",B"000000",B"000000",B"000000",B"000000",B"000000 ;                ;
; INIT           ; ",B"000000",B"000000",B"000000",B"000000",B"000000",B"000000",B"000000",B"000000 ;                ;
;                ; ")                                                                               ;                ;
+----------------+----------------------------------------------------------------------------------+----------------+
Note: In order to hide this table in the UI and the text report file, please set the "Show Parameter Settings in Synthesis Report" option in "Analysis and Synthesis Settings -> More Settings" to "Off".


+--------------------------------------------------------------------------------------------------------------------+
; Parameter Settings for User Entity Instance: lut_rom:rom_1_0_7                                                     ;
+----------------+----------------------------------------------------------------------------------+----------------+
; Parameter Name ; Value                                                                            ; Type           ;
+----------------+----------------------------------------------------------------------------------+----------------+
; DATA_WIDTH     ; 6                                                                                ; Signed Integer ;
; ADDR_WIDTH     ; 6                                                                                ; Signed Integer ;
; INIT           ; A(B"000000",B"000000",B"000000",B"000000",B"000000",B"000001",B"000001",B"000001 ; Array/Record   ;
; INIT           ; ",B"000010",B"000010",B"000010",B"000011",B"000011",B"000011",B"000100",B"000100 ;                ;
; INIT           ; ",B"000100",B"000101",B"000101",B"000110",B"000110",B"000110",B"000111",B"000111 ;                ;
; INIT           ; ",B"000111",B"001000",B"001000",B"001001",B"001001",B"001001",B"001010",B"001010 ;                ;
; INIT           ; ",B"111111",B"111111",B"111111",B"111111",B"111111",B"111111",B"111111",B"111111 ;                ;
; INIT           ; ",B"111111",B"111111",B"111111",B"111111",B"111111",B"111111",B"111111",B"111111 ;                ;
; INIT           ; ",B"111111",B"111111",B"111111",B"111111",B"111111",B"111111",B"111111",B"111111 ;                ;
; INIT           ; ",B"111111",B"111111",B"111111",B"111111",B"111111",B"111111",B"111111",B"111111 ;                ;
;                ; ")                                                                               ;                ;
+----------------+----------------------------------------------------------------------------------+----------------+
Note: In order to hide this table in the UI and the text report file, please set the "Show Parameter Settings in Synthesis Report" option in "Analysis and Synthesis Settings -> More Settings" to "Off".


+--------------------------------------------------------------------------------------------------------------------+
; Parameter Settings for User Entity Instance: lut_rom:rom_1_0_8                                                     ;
+----------------+----------------------------------------------------------------------------------+----------------+
; Parameter Name ; Value                                                                            ; Type           ;
+----------------+----------------------------------------------------------------------------------+----------------+
; DATA_WIDTH     ; 6                                                                                ; Signed Integer ;
; ADDR_WIDTH     ; 6                                                                                ; Signed Integer ;
; INIT           ; A(B"000000",B"000000",B"000000",B"000000",B"000000",B"000000",B"000000",B"000000 ; Array/Record   ;
; INIT           ; ",B"000000",B"000000",B"000000",B"000000",B"111111",B"111111",B"111111",B"111111 ;                ;
; INIT           ; ",B"111111",B"111111",B"111111",B"111111",B"111111",B"111111",B"111111",B"111111 ;                ;
; INIT           ; ",B"111111",B"111111",B"111111",B"111111",B"111110",B"111110",B"111110",B"111110 ;                ;
; INIT           ; ",B"000000",B"000000",B"000000",B"000000",B"000000",B"000000",B"000000",B"000000 ;                ;
; INIT           ; ",B"000000",B"000000",B"000000",B"000000",B"000000",B"000000",B"000000",B"000000 ;                ;
; INIT           ; ",B"000000",B"000000",B"000000",B"000000",B"000000",B"000000",B"000000",B"000000 ;                ;
; INIT           ; ",B"000000",B"000000",B"000000",B"000000",B"000000",B"000000",B"000000",B"000000 ;                ;
;                ; ")                                                                               ;                ;
+----------------+----------------------------------------------------------------------------------+----------------+
Note: In order to hide this table in the UI and the text report file, please set the "Show Parameter Settings in Synthesis Report" option in "Analysis and Synthesis Settings -> More Settings" to "Off".


+--------------------------------------------------------------------------------------------------------------------+
; Parameter Settings for User Entity Instance: lut_rom:rom_1_0_9                                                     ;
+----------------+----------------------------------------------------------------------------------+----------------+
; Parameter Name ; Value                                                                            ; Type           ;
+----------------+----------------------------------------------------------------------------------+----------------+
; DATA_WIDTH     ; 6                                                                                ; Signed Integer ;
; ADDR_WIDTH     ; 6                                                                                ; Signed Integer ;
; INIT           ; A(B"000000",B"000000",B"000000",B"000000",B"000000",B"000000",B"000000",B"000000 ; Array/Record   ;
; INIT           ; ",B"111111",B"111111",B"111111",B"111111",B"111111",B"111111",B"111111",B"111111 ;                ;
; INIT           ; ",B"111111",B"111111",B"111111",B"111111",B"111110",B"111110",B"111110",B"111110 ;                ;
; INIT           ; ",B"111110",B"111110",B"111110",B"111110",B"111110",B"111110",B"111110",B"111110 ;                ;
; INIT           ; ",B"000000",B"000000",B"000000",B"000000",B"000000",B"000000",B"000000",B"000000 ;                ;
; INIT           ; ",B"000000",B"000000",B"000000",B"000000",B"000000",B"000000",B"000000",B"000000 ;                ;
; INIT           ; ",B"000000",B"000000",B"000000",B"000000",B"000000",B"000000",B"000000",B"000000 ;                ;
; INIT           ; ",B"000000",B"000000",B"000000",B"000000",B"000000",B"000000",B"000000",B"000000 ;                ;
;                ; ")                                                                               ;                ;
+----------------+----------------------------------------------------------------------------------+----------------+
Note: In order to hide this table in the UI and the text report file, please set the "Show Parameter Settings in Synthesis Report" option in "Analysis and Synthesis Settings -> More Settings" to "Off".


+------------------------------------------------------------------+
; Parameter Settings for User Entity Instance: registers:r_1_0_1_0 ;
+----------------+-------+-----------------------------------------+
; Parameter Name ; Value ; Type                                    ;
+----------------+-------+-----------------------------------------+
; ARRAY_WIDTH    ; 8     ; Signed Integer                          ;
+----------------+-------+-----------------------------------------+
Note: In order to hide this table in the UI and the text report file, please set the "Show Parameter Settings in Synthesis Report" option in "Analysis and Synthesis Settings -> More Settings" to "Off".


+------------------------------------------------------------------+
; Parameter Settings for User Entity Instance: registers:r_1_0_1_1 ;
+----------------+-------+-----------------------------------------+
; Parameter Name ; Value ; Type                                    ;
+----------------+-------+-----------------------------------------+
; ARRAY_WIDTH    ; 8     ; Signed Integer                          ;
+----------------+-------+-----------------------------------------+
Note: In order to hide this table in the UI and the text report file, please set the "Show Parameter Settings in Synthesis Report" option in "Analysis and Synthesis Settings -> More Settings" to "Off".


+------------------------------------------------------------------+
; Parameter Settings for User Entity Instance: registers:r_1_0_1_2 ;
+----------------+-------+-----------------------------------------+
; Parameter Name ; Value ; Type                                    ;
+----------------+-------+-----------------------------------------+
; ARRAY_WIDTH    ; 8     ; Signed Integer                          ;
+----------------+-------+-----------------------------------------+
Note: In order to hide this table in the UI and the text report file, please set the "Show Parameter Settings in Synthesis Report" option in "Analysis and Synthesis Settings -> More Settings" to "Off".


+--------------------------------------------------------------+
; Parameter Settings for User Entity Instance: registers:r_1_0 ;
+----------------+-------+-------------------------------------+
; Parameter Name ; Value ; Type                                ;
+----------------+-------+-------------------------------------+
; ARRAY_WIDTH    ; 10    ; Signed Integer                      ;
+----------------+-------+-------------------------------------+
Note: In order to hide this table in the UI and the text report file, please set the "Show Parameter Settings in Synthesis Report" option in "Analysis and Synthesis Settings -> More Settings" to "Off".


+--------------------------------------------------------------------+
; Parameter Settings for User Entity Instance: saturate_clip:sat_1_0 ;
+----------------+-------+-------------------------------------------+
; Parameter Name ; Value ; Type                                      ;
+----------------+-------+-------------------------------------------+
; IN_WIDTH       ; 10    ; Signed Integer                            ;
; OUT_WIDTH      ; 6     ; Signed Integer                            ;
+----------------+-------+-------------------------------------------+
Note: In order to hide this table in the UI and the text report file, please set the "Show Parameter Settings in Synthesis Report" option in "Analysis and Synthesis Settings -> More Settings" to "Off".


+--------------------------------------------------------------------------------------------------------------------+
; Parameter Settings for User Entity Instance: lut_rom:rom_1_1_0                                                     ;
+----------------+----------------------------------------------------------------------------------+----------------+
; Parameter Name ; Value                                                                            ; Type           ;
+----------------+----------------------------------------------------------------------------------+----------------+
; DATA_WIDTH     ; 6                                                                                ; Signed Integer ;
; ADDR_WIDTH     ; 6                                                                                ; Signed Integer ;
; INIT           ; A(B"000000",B"000000",B"000000",B"000000",B"111111",B"111111",B"111111",B"111111 ; Array/Record   ;
; INIT           ; ",B"111110",B"111110",B"111110",B"111101",B"111101",B"111101",B"111100",B"111100 ;                ;
; INIT           ; ",B"111100",B"111011",B"111011",B"111011",B"111010",B"111010",B"111010",B"111001 ;                ;
; INIT           ; ",B"111001",B"111001",B"111000",B"111000",B"111000",B"110111",B"110111",B"110111 ;                ;
; INIT           ; ",B"000001",B"000001",B"000001",B"000001",B"000001",B"000001",B"000001",B"000001 ;                ;
; INIT           ; ",B"000001",B"000001",B"000001",B"000001",B"000001",B"000001",B"000001",B"000001 ;                ;
; INIT           ; ",B"000001",B"000001",B"000001",B"000001",B"000001",B"000001",B"000001",B"000001 ;                ;
; INIT           ; ",B"000001",B"000001",B"000001",B"000001",B"000001",B"000001",B"000000",B"000000 ;                ;
;                ; ")                                                                               ;                ;
+----------------+----------------------------------------------------------------------------------+----------------+
Note: In order to hide this table in the UI and the text report file, please set the "Show Parameter Settings in Synthesis Report" option in "Analysis and Synthesis Settings -> More Settings" to "Off".


+--------------------------------------------------------------------------------------------------------------------+
; Parameter Settings for User Entity Instance: lut_rom:rom_1_1_1                                                     ;
+----------------+----------------------------------------------------------------------------------+----------------+
; Parameter Name ; Value                                                                            ; Type           ;
+----------------+----------------------------------------------------------------------------------+----------------+
; DATA_WIDTH     ; 6                                                                                ; Signed Integer ;
; ADDR_WIDTH     ; 6                                                                                ; Signed Integer ;
; INIT           ; A(B"000000",B"000000",B"000000",B"000001",B"000001",B"000001",B"000010",B"000010 ; Array/Record   ;
; INIT           ; ",B"000010",B"000010",B"000011",B"000011",B"000100",B"000100",B"000100",B"000101 ;                ;
; INIT           ; ",B"000101",B"000101",B"000110",B"000110",B"000111",B"000111",B"000111",B"001000 ;                ;
; INIT           ; ",B"001000",B"001001",B"001001",B"001001",B"001010",B"001010",B"001010",B"001011 ;                ;
; INIT           ; ",B"000000",B"000000",B"000000",B"000000",B"000000",B"000000",B"000000",B"000000 ;                ;
; INIT           ; ",B"000000",B"000000",B"111111",B"111111",B"111111",B"111111",B"111111",B"111111 ;                ;
; INIT           ; ",B"111111",B"111111",B"111111",B"111111",B"111111",B"111111",B"111111",B"111111 ;                ;
; INIT           ; ",B"111111",B"111111",B"111111",B"111111",B"000000",B"000000",B"000000",B"000000 ;                ;
;                ; ")                                                                               ;                ;
+----------------+----------------------------------------------------------------------------------+----------------+
Note: In order to hide this table in the UI and the text report file, please set the "Show Parameter Settings in Synthesis Report" option in "Analysis and Synthesis Settings -> More Settings" to "Off".


+--------------------------------------------------------------------------------------------------------------------+
; Parameter Settings for User Entity Instance: lut_rom:rom_1_1_2                                                     ;
+----------------+----------------------------------------------------------------------------------+----------------+
; Parameter Name ; Value                                                                            ; Type           ;
+----------------+----------------------------------------------------------------------------------+----------------+
; DATA_WIDTH     ; 6                                                                                ; Signed Integer ;
; ADDR_WIDTH     ; 6                                                                                ; Signed Integer ;
; INIT           ; A(B"000000",B"000000",B"000000",B"000000",B"000000",B"000000",B"000000",B"000000 ; Array/Record   ;
; INIT           ; ",B"000000",B"000000",B"000000",B"000000",B"000000",B"000000",B"000000",B"000000 ;                ;
; INIT           ; ",B"000000",B"111111",B"111111",B"111111",B"111111",B"111111",B"111111",B"111111 ;                ;
; INIT           ; ",B"111111",B"111111",B"111111",B"111111",B"111111",B"111111",B"111111",B"111111 ;                ;
; INIT           ; ",B"000000",B"000000",B"000000",B"000000",B"000000",B"000000",B"000000",B"000000 ;                ;
; INIT           ; ",B"000000",B"000000",B"000000",B"000000",B"000000",B"000000",B"000000",B"000000 ;                ;
; INIT           ; ",B"000000",B"000000",B"000000",B"000000",B"000000",B"000000",B"000000",B"000000 ;                ;
; INIT           ; ",B"000000",B"000000",B"000000",B"000000",B"000000",B"000000",B"000000",B"000000 ;                ;
;                ; ")                                                                               ;                ;
+----------------+----------------------------------------------------------------------------------+----------------+
Note: In order to hide this table in the UI and the text report file, please set the "Show Parameter Settings in Synthesis Report" option in "Analysis and Synthesis Settings -> More Settings" to "Off".


+--------------------------------------------------------------------------------------------------------------------+
; Parameter Settings for User Entity Instance: lut_rom:rom_1_1_3                                                     ;
+----------------+----------------------------------------------------------------------------------+----------------+
; Parameter Name ; Value                                                                            ; Type           ;
+----------------+----------------------------------------------------------------------------------+----------------+
; DATA_WIDTH     ; 6                                                                                ; Signed Integer ;
; ADDR_WIDTH     ; 6                                                                                ; Signed Integer ;
; INIT           ; A(B"000000",B"000000",B"000000",B"000000",B"000001",B"000001",B"000001",B"000010 ; Array/Record   ;
; INIT           ; ",B"000010",B"000010",B"000011",B"000011",B"000011",B"000100",B"000100",B"000101 ;                ;
; INIT           ; ",B"000101",B"000101",B"000110",B"000110",B"000111",B"000111",B"000111",B"001000 ;                ;
; INIT           ; ",B"001000",B"001000",B"001001",B"001001",B"001010",B"001010",B"001010",B"001011 ;                ;
; INIT           ; ",B"111111",B"111111",B"111111",B"111111",B"111111",B"111111",B"111111",B"111111 ;                ;
; INIT           ; ",B"111111",B"111111",B"111111",B"111111",B"111111",B"111111",B"111111",B"111111 ;                ;
; INIT           ; ",B"111111",B"111111",B"111111",B"111111",B"111111",B"111111",B"111111",B"111111 ;                ;
; INIT           ; ",B"111111",B"111111",B"111111",B"111111",B"111111",B"111111",B"111111",B"000000 ;                ;
;                ; ")                                                                               ;                ;
+----------------+----------------------------------------------------------------------------------+----------------+
Note: In order to hide this table in the UI and the text report file, please set the "Show Parameter Settings in Synthesis Report" option in "Analysis and Synthesis Settings -> More Settings" to "Off".


+--------------------------------------------------------------------------------------------------------------------+
; Parameter Settings for User Entity Instance: lut_rom:rom_1_1_4                                                     ;
+----------------+----------------------------------------------------------------------------------+----------------+
; Parameter Name ; Value                                                                            ; Type           ;
+----------------+----------------------------------------------------------------------------------+----------------+
; DATA_WIDTH     ; 6                                                                                ; Signed Integer ;
; ADDR_WIDTH     ; 6                                                                                ; Signed Integer ;
; INIT           ; A(B"000000",B"000000",B"000000",B"000000",B"000000",B"000000",B"000001",B"000001 ; Array/Record   ;
; INIT           ; ",B"000001",B"000001",B"000001",B"000001",B"000001",B"000001",B"000001",B"000001 ;                ;
; INIT           ; ",B"000001",B"000010",B"000010",B"000010",B"000010",B"000010",B"000010",B"000010 ;                ;
; INIT           ; ",B"000010",B"000010",B"000011",B"000011",B"000011",B"000011",B"000011",B"000011 ;                ;
; INIT           ; ",B"000000",B"000000",B"000000",B"000000",B"000000",B"000000",B"000000",B"000000 ;                ;
; INIT           ; ",B"000000",B"000000",B"000000",B"000000",B"000000",B"000000",B"000000",B"000000 ;                ;
; INIT           ; ",B"000000",B"000000",B"000000",B"000000",B"000000",B"000000",B"000000",B"000000 ;                ;
; INIT           ; ",B"000000",B"000000",B"000000",B"000000",B"000000",B"000000",B"000000",B"000000 ;                ;
;                ; ")                                                                               ;                ;
+----------------+----------------------------------------------------------------------------------+----------------+
Note: In order to hide this table in the UI and the text report file, please set the "Show Parameter Settings in Synthesis Report" option in "Analysis and Synthesis Settings -> More Settings" to "Off".


+--------------------------------------------------------------------------------------------------------------------+
; Parameter Settings for User Entity Instance: lut_rom:rom_1_1_5                                                     ;
+----------------+----------------------------------------------------------------------------------+----------------+
; Parameter Name ; Value                                                                            ; Type           ;
+----------------+----------------------------------------------------------------------------------+----------------+
; DATA_WIDTH     ; 6                                                                                ; Signed Integer ;
; ADDR_WIDTH     ; 6                                                                                ; Signed Integer ;
; INIT           ; A(B"000000",B"000000",B"000000",B"000000",B"000000",B"000000",B"000000",B"000000 ; Array/Record   ;
; INIT           ; ",B"000000",B"000000",B"000000",B"000000",B"000000",B"000000",B"000000",B"000000 ;                ;
; INIT           ; ",B"000000",B"000000",B"000000",B"000000",B"000000",B"111111",B"111111",B"111111 ;                ;
; INIT           ; ",B"111111",B"111111",B"111111",B"111111",B"111111",B"111111",B"111111",B"111111 ;                ;
; INIT           ; ",B"000000",B"000000",B"000000",B"000000",B"000000",B"000000",B"000000",B"000000 ;                ;
; INIT           ; ",B"000000",B"000000",B"000000",B"000000",B"000000",B"000000",B"000000",B"000000 ;                ;
; INIT           ; ",B"000000",B"000000",B"000000",B"000000",B"000000",B"000000",B"000000",B"000000 ;                ;
; INIT           ; ",B"000000",B"000000",B"000000",B"000000",B"000000",B"000000",B"000000",B"000000 ;                ;
;                ; ")                                                                               ;                ;
+----------------+----------------------------------------------------------------------------------+----------------+
Note: In order to hide this table in the UI and the text report file, please set the "Show Parameter Settings in Synthesis Report" option in "Analysis and Synthesis Settings -> More Settings" to "Off".


+--------------------------------------------------------------------------------------------------------------------+
; Parameter Settings for User Entity Instance: lut_rom:rom_1_1_6                                                     ;
+----------------+----------------------------------------------------------------------------------+----------------+
; Parameter Name ; Value                                                                            ; Type           ;
+----------------+----------------------------------------------------------------------------------+----------------+
; DATA_WIDTH     ; 6                                                                                ; Signed Integer ;
; ADDR_WIDTH     ; 6                                                                                ; Signed Integer ;
; INIT           ; A(B"000000",B"000000",B"000000",B"000000",B"000000",B"111111",B"111111",B"111111 ; Array/Record   ;
; INIT           ; ",B"111111",B"111111",B"111110",B"111110",B"111110",B"111110",B"111101",B"111101 ;                ;
; INIT           ; ",B"111101",B"111101",B"111100",B"111100",B"111100",B"111011",B"111011",B"111011 ;                ;
; INIT           ; ",B"111011",B"111010",B"111010",B"111010",B"111010",B"111001",B"111001",B"111001 ;                ;
; INIT           ; ",B"000001",B"000001",B"000001",B"000001",B"000001",B"000001",B"000001",B"000001 ;                ;
; INIT           ; ",B"000001",B"000001",B"000001",B"000001",B"000001",B"000001",B"000001",B"000001 ;                ;
; INIT           ; ",B"000001",B"000001",B"000001",B"000001",B"000001",B"000001",B"000001",B"000001 ;                ;
; INIT           ; ",B"000001",B"000001",B"000001",B"000001",B"000001",B"000001",B"000001",B"000000 ;                ;
;                ; ")                                                                               ;                ;
+----------------+----------------------------------------------------------------------------------+----------------+
Note: In order to hide this table in the UI and the text report file, please set the "Show Parameter Settings in Synthesis Report" option in "Analysis and Synthesis Settings -> More Settings" to "Off".


+--------------------------------------------------------------------------------------------------------------------+
; Parameter Settings for User Entity Instance: lut_rom:rom_1_1_7                                                     ;
+----------------+----------------------------------------------------------------------------------+----------------+
; Parameter Name ; Value                                                                            ; Type           ;
+----------------+----------------------------------------------------------------------------------+----------------+
; DATA_WIDTH     ; 6                                                                                ; Signed Integer ;
; ADDR_WIDTH     ; 6                                                                                ; Signed Integer ;
; INIT           ; A(B"000000",B"000000",B"000000",B"000000",B"000000",B"000000",B"000000",B"000000 ; Array/Record   ;
; INIT           ; ",B"000000",B"000000",B"000000",B"000000",B"000000",B"000000",B"000000",B"111111 ;                ;
; INIT           ; ",B"111111",B"111111",B"111111",B"111111",B"111111",B"111111",B"111111",B"111111 ;                ;
; INIT           ; ",B"111111",B"111111",B"111111",B"111111",B"111111",B"111111",B"111111",B"111111 ;                ;
; INIT           ; ",B"000000",B"000000",B"000000",B"000000",B"000000",B"000000",B"000000",B"000000 ;                ;
; INIT           ; ",B"000000",B"000000",B"000000",B"000000",B"000000",B"000000",B"000000",B"000000 ;                ;
; INIT           ; ",B"000000",B"000000",B"000000",B"000000",B"000000",B"000000",B"000000",B"000000 ;                ;
; INIT           ; ",B"000000",B"000000",B"000000",B"000000",B"000000",B"000000",B"000000",B"000000 ;                ;
;                ; ")                                                                               ;                ;
+----------------+----------------------------------------------------------------------------------+----------------+
Note: In order to hide this table in the UI and the text report file, please set the "Show Parameter Settings in Synthesis Report" option in "Analysis and Synthesis Settings -> More Settings" to "Off".


+--------------------------------------------------------------------------------------------------------------------+
; Parameter Settings for User Entity Instance: lut_rom:rom_1_1_8                                                     ;
+----------------+----------------------------------------------------------------------------------+----------------+
; Parameter Name ; Value                                                                            ; Type           ;
+----------------+----------------------------------------------------------------------------------+----------------+
; DATA_WIDTH     ; 6                                                                                ; Signed Integer ;
; ADDR_WIDTH     ; 6                                                                                ; Signed Integer ;
; INIT           ; A(B"000000",B"000000",B"000000",B"000001",B"000001",B"000001",B"000010",B"000010 ; Array/Record   ;
; INIT           ; ",B"000010",B"000011",B"000011",B"000011",B"000100",B"000100",B"000100",B"000101 ;                ;
; INIT           ; ",B"000101",B"000110",B"000110",B"000110",B"000111",B"000111",B"000111",B"001000 ;                ;
; INIT           ; ",B"001000",B"001001",B"001001",B"001001",B"001010",B"001010",B"001010",B"001011 ;                ;
; INIT           ; ",B"111111",B"111111",B"111111",B"111111",B"111111",B"111111",B"111111",B"111111 ;                ;
; INIT           ; ",B"111111",B"111111",B"111111",B"111111",B"111111",B"111111",B"111111",B"111111 ;                ;
; INIT           ; ",B"111111",B"111111",B"111111",B"111111",B"111111",B"111111",B"111111",B"111111 ;                ;
; INIT           ; ",B"111111",B"111111",B"111111",B"111111",B"111111",B"000000",B"000000",B"000000 ;                ;
;                ; ")                                                                               ;                ;
+----------------+----------------------------------------------------------------------------------+----------------+
Note: In order to hide this table in the UI and the text report file, please set the "Show Parameter Settings in Synthesis Report" option in "Analysis and Synthesis Settings -> More Settings" to "Off".


+--------------------------------------------------------------------------------------------------------------------+
; Parameter Settings for User Entity Instance: lut_rom:rom_1_1_9                                                     ;
+----------------+----------------------------------------------------------------------------------+----------------+
; Parameter Name ; Value                                                                            ; Type           ;
+----------------+----------------------------------------------------------------------------------+----------------+
; DATA_WIDTH     ; 6                                                                                ; Signed Integer ;
; ADDR_WIDTH     ; 6                                                                                ; Signed Integer ;
; INIT           ; A(B"000000",B"000000",B"000000",B"000000",B"000000",B"000000",B"000000",B"000000 ; Array/Record   ;
; INIT           ; ",B"000000",B"000000",B"000001",B"000001",B"000001",B"000001",B"000001",B"000001 ;                ;
; INIT           ; ",B"000001",B"000001",B"000001",B"000001",B"000001",B"000001",B"000001",B"000001 ;                ;
; INIT           ; ",B"000001",B"000001",B"000001",B"000001",B"000001",B"000001",B"000010",B"000010 ;                ;
; INIT           ; ",B"000000",B"000000",B"000000",B"000000",B"000000",B"000000",B"000000",B"000000 ;                ;
; INIT           ; ",B"000000",B"000000",B"000000",B"000000",B"000000",B"000000",B"000000",B"000000 ;                ;
; INIT           ; ",B"000000",B"000000",B"000000",B"000000",B"000000",B"000000",B"000000",B"000000 ;                ;
; INIT           ; ",B"000000",B"000000",B"000000",B"000000",B"000000",B"000000",B"000000",B"000000 ;                ;
;                ; ")                                                                               ;                ;
+----------------+----------------------------------------------------------------------------------+----------------+
Note: In order to hide this table in the UI and the text report file, please set the "Show Parameter Settings in Synthesis Report" option in "Analysis and Synthesis Settings -> More Settings" to "Off".


+------------------------------------------------------------------+
; Parameter Settings for User Entity Instance: registers:r_1_1_1_0 ;
+----------------+-------+-----------------------------------------+
; Parameter Name ; Value ; Type                                    ;
+----------------+-------+-----------------------------------------+
; ARRAY_WIDTH    ; 8     ; Signed Integer                          ;
+----------------+-------+-----------------------------------------+
Note: In order to hide this table in the UI and the text report file, please set the "Show Parameter Settings in Synthesis Report" option in "Analysis and Synthesis Settings -> More Settings" to "Off".


+------------------------------------------------------------------+
; Parameter Settings for User Entity Instance: registers:r_1_1_1_1 ;
+----------------+-------+-----------------------------------------+
; Parameter Name ; Value ; Type                                    ;
+----------------+-------+-----------------------------------------+
; ARRAY_WIDTH    ; 8     ; Signed Integer                          ;
+----------------+-------+-----------------------------------------+
Note: In order to hide this table in the UI and the text report file, please set the "Show Parameter Settings in Synthesis Report" option in "Analysis and Synthesis Settings -> More Settings" to "Off".


+------------------------------------------------------------------+
; Parameter Settings for User Entity Instance: registers:r_1_1_1_2 ;
+----------------+-------+-----------------------------------------+
; Parameter Name ; Value ; Type                                    ;
+----------------+-------+-----------------------------------------+
; ARRAY_WIDTH    ; 8     ; Signed Integer                          ;
+----------------+-------+-----------------------------------------+
Note: In order to hide this table in the UI and the text report file, please set the "Show Parameter Settings in Synthesis Report" option in "Analysis and Synthesis Settings -> More Settings" to "Off".


+--------------------------------------------------------------+
; Parameter Settings for User Entity Instance: registers:r_1_1 ;
+----------------+-------+-------------------------------------+
; Parameter Name ; Value ; Type                                ;
+----------------+-------+-------------------------------------+
; ARRAY_WIDTH    ; 10    ; Signed Integer                      ;
+----------------+-------+-------------------------------------+
Note: In order to hide this table in the UI and the text report file, please set the "Show Parameter Settings in Synthesis Report" option in "Analysis and Synthesis Settings -> More Settings" to "Off".


+--------------------------------------------------------------------+
; Parameter Settings for User Entity Instance: saturate_clip:sat_1_1 ;
+----------------+-------+-------------------------------------------+
; Parameter Name ; Value ; Type                                      ;
+----------------+-------+-------------------------------------------+
; IN_WIDTH       ; 10    ; Signed Integer                            ;
; OUT_WIDTH      ; 6     ; Signed Integer                            ;
+----------------+-------+-------------------------------------------+
Note: In order to hide this table in the UI and the text report file, please set the "Show Parameter Settings in Synthesis Report" option in "Analysis and Synthesis Settings -> More Settings" to "Off".


+--------------------------------------------------------------------------------------------------------------------+
; Parameter Settings for User Entity Instance: lut_rom:rom_1_2_0                                                     ;
+----------------+----------------------------------------------------------------------------------+----------------+
; Parameter Name ; Value                                                                            ; Type           ;
+----------------+----------------------------------------------------------------------------------+----------------+
; DATA_WIDTH     ; 6                                                                                ; Signed Integer ;
; ADDR_WIDTH     ; 6                                                                                ; Signed Integer ;
; INIT           ; A(B"000000",B"000000",B"000000",B"000000",B"000001",B"000001",B"000001",B"000001 ; Array/Record   ;
; INIT           ; ",B"000001",B"000010",B"000010",B"000010",B"000010",B"000011",B"000011",B"000011 ;                ;
; INIT           ; ",B"000011",B"000100",B"000100",B"000100",B"000101",B"000101",B"000101",B"000101 ;                ;
; INIT           ; ",B"000110",B"000110",B"000110",B"000110",B"000111",B"000111",B"000111",B"001000 ;                ;
; INIT           ; ",B"000000",B"000000",B"000000",B"000000",B"000000",B"000000",B"000000",B"000000 ;                ;
; INIT           ; ",B"000000",B"000000",B"000000",B"000000",B"000000",B"000000",B"000000",B"000000 ;                ;
; INIT           ; ",B"000000",B"000000",B"111111",B"111111",B"111111",B"111111",B"111111",B"111111 ;                ;
; INIT           ; ",B"111111",B"111111",B"000000",B"000000",B"000000",B"000000",B"000000",B"000000 ;                ;
;                ; ")                                                                               ;                ;
+----------------+----------------------------------------------------------------------------------+----------------+
Note: In order to hide this table in the UI and the text report file, please set the "Show Parameter Settings in Synthesis Report" option in "Analysis and Synthesis Settings -> More Settings" to "Off".


+--------------------------------------------------------------------------------------------------------------------+
; Parameter Settings for User Entity Instance: lut_rom:rom_1_2_1                                                     ;
+----------------+----------------------------------------------------------------------------------+----------------+
; Parameter Name ; Value                                                                            ; Type           ;
+----------------+----------------------------------------------------------------------------------+----------------+
; DATA_WIDTH     ; 6                                                                                ; Signed Integer ;
; ADDR_WIDTH     ; 6                                                                                ; Signed Integer ;
; INIT           ; A(B"000000",B"000000",B"000000",B"000000",B"000000",B"000000",B"000001",B"000001 ; Array/Record   ;
; INIT           ; ",B"000001",B"000001",B"000001",B"000001",B"000001",B"000010",B"000010",B"000010 ;                ;
; INIT           ; ",B"000010",B"000010",B"000010",B"000011",B"000011",B"000011",B"000011",B"000011 ;                ;
; INIT           ; ",B"000011",B"000011",B"000100",B"000100",B"000100",B"000100",B"000100",B"000100 ;                ;
; INIT           ; ",B"000000",B"000000",B"000000",B"000000",B"000000",B"000000",B"000000",B"000000 ;                ;
; INIT           ; ",B"000000",B"000000",B"000000",B"000000",B"000000",B"000000",B"000000",B"000000 ;                ;
; INIT           ; ",B"000000",B"000000",B"000000",B"000000",B"000000",B"000000",B"000000",B"000000 ;                ;
; INIT           ; ",B"000000",B"000000",B"000000",B"000000",B"000000",B"000000",B"000000",B"000000 ;                ;
;                ; ")                                                                               ;                ;
+----------------+----------------------------------------------------------------------------------+----------------+
Note: In order to hide this table in the UI and the text report file, please set the "Show Parameter Settings in Synthesis Report" option in "Analysis and Synthesis Settings -> More Settings" to "Off".


+--------------------------------------------------------------------------------------------------------------------+
; Parameter Settings for User Entity Instance: lut_rom:rom_1_2_2                                                     ;
+----------------+----------------------------------------------------------------------------------+----------------+
; Parameter Name ; Value                                                                            ; Type           ;
+----------------+----------------------------------------------------------------------------------+----------------+
; DATA_WIDTH     ; 6                                                                                ; Signed Integer ;
; ADDR_WIDTH     ; 6                                                                                ; Signed Integer ;
; INIT           ; A(B"000000",B"000000",B"000000",B"000000",B"111111",B"111111",B"111111",B"111111 ; Array/Record   ;
; INIT           ; ",B"111111",B"111110",B"111110",B"111110",B"111110",B"111101",B"111101",B"111101 ;                ;
; INIT           ; ",B"111101",B"111100",B"111100",B"111100",B"111100",B"111011",B"111011",B"111011 ;                ;
; INIT           ; ",B"111010",B"111010",B"111010",B"111010",B"111001",B"111001",B"111001",B"111001 ;                ;
; INIT           ; ",B"000000",B"000000",B"000000",B"000000",B"000000",B"000000",B"000000",B"000000 ;                ;
; INIT           ; ",B"000000",B"000001",B"000001",B"000001",B"000001",B"000001",B"000001",B"000001 ;                ;
; INIT           ; ",B"000001",B"000001",B"000001",B"000001",B"000001",B"000001",B"000001",B"000001 ;                ;
; INIT           ; ",B"000001",B"000001",B"000001",B"000001",B"000000",B"000000",B"000000",B"000000 ;                ;
;                ; ")                                                                               ;                ;
+----------------+----------------------------------------------------------------------------------+----------------+
Note: In order to hide this table in the UI and the text report file, please set the "Show Parameter Settings in Synthesis Report" option in "Analysis and Synthesis Settings -> More Settings" to "Off".


+--------------------------------------------------------------------------------------------------------------------+
; Parameter Settings for User Entity Instance: lut_rom:rom_1_2_3                                                     ;
+----------------+----------------------------------------------------------------------------------+----------------+
; Parameter Name ; Value                                                                            ; Type           ;
+----------------+----------------------------------------------------------------------------------+----------------+
; DATA_WIDTH     ; 6                                                                                ; Signed Integer ;
; ADDR_WIDTH     ; 6                                                                                ; Signed Integer ;
; INIT           ; A(B"000000",B"000000",B"000000",B"000000",B"000000",B"000000",B"111111",B"111111 ; Array/Record   ;
; INIT           ; ",B"111111",B"111111",B"111111",B"111111",B"111111",B"111110",B"111110",B"111110 ;                ;
; INIT           ; ",B"111110",B"111110",B"111110",B"111101",B"111101",B"111101",B"111101",B"111101 ;                ;
; INIT           ; ",B"111101",B"111101",B"111100",B"111100",B"111100",B"111100",B"111100",B"111100 ;                ;
; INIT           ; ",B"000000",B"000000",B"000000",B"000000",B"000000",B"000000",B"000000",B"000000 ;                ;
; INIT           ; ",B"000000",B"000000",B"000000",B"000000",B"000000",B"000000",B"000000",B"000000 ;                ;
; INIT           ; ",B"000000",B"000000",B"000000",B"000000",B"000000",B"000000",B"000000",B"000000 ;                ;
; INIT           ; ",B"000000",B"000000",B"000000",B"000000",B"000000",B"000000",B"000000",B"000000 ;                ;
;                ; ")                                                                               ;                ;
+----------------+----------------------------------------------------------------------------------+----------------+
Note: In order to hide this table in the UI and the text report file, please set the "Show Parameter Settings in Synthesis Report" option in "Analysis and Synthesis Settings -> More Settings" to "Off".


+--------------------------------------------------------------------------------------------------------------------+
; Parameter Settings for User Entity Instance: lut_rom:rom_1_2_4                                                     ;
+----------------+----------------------------------------------------------------------------------+----------------+
; Parameter Name ; Value                                                                            ; Type           ;
+----------------+----------------------------------------------------------------------------------+----------------+
; DATA_WIDTH     ; 6                                                                                ; Signed Integer ;
; ADDR_WIDTH     ; 6                                                                                ; Signed Integer ;
; INIT           ; A(B"000000",B"000000",B"000000",B"000000",B"000000",B"000001",B"000001",B"000001 ; Array/Record   ;
; INIT           ; ",B"000001",B"000001",B"000001",B"000001",B"000010",B"000010",B"000010",B"000010 ;                ;
; INIT           ; ",B"000010",B"000010",B"000011",B"000011",B"000011",B"000011",B"000011",B"000011 ;                ;
; INIT           ; ",B"000100",B"000100",B"000100",B"000100",B"000100",B"000100",B"000101",B"000101 ;                ;
; INIT           ; ",B"000000",B"000000",B"000000",B"000000",B"000000",B"000000",B"000000",B"000000 ;                ;
; INIT           ; ",B"000000",B"000000",B"000000",B"000000",B"000000",B"000000",B"000000",B"000000 ;                ;
; INIT           ; ",B"000000",B"000000",B"000000",B"000000",B"000000",B"000000",B"000000",B"000000 ;                ;
; INIT           ; ",B"000000",B"000000",B"000000",B"000000",B"000000",B"000000",B"000000",B"000000 ;                ;
;                ; ")                                                                               ;                ;
+----------------+----------------------------------------------------------------------------------+----------------+
Note: In order to hide this table in the UI and the text report file, please set the "Show Parameter Settings in Synthesis Report" option in "Analysis and Synthesis Settings -> More Settings" to "Off".


+--------------------------------------------------------------------------------------------------------------------+
; Parameter Settings for User Entity Instance: lut_rom:rom_1_2_5                                                     ;
+----------------+----------------------------------------------------------------------------------+----------------+
; Parameter Name ; Value                                                                            ; Type           ;
+----------------+----------------------------------------------------------------------------------+----------------+
; DATA_WIDTH     ; 6                                                                                ; Signed Integer ;
; ADDR_WIDTH     ; 6                                                                                ; Signed Integer ;
; INIT           ; A(B"000000",B"000000",B"000000",B"000000",B"000001",B"000001",B"000001",B"000001 ; Array/Record   ;
; INIT           ; ",B"000001",B"000001",B"000010",B"000010",B"000010",B"000010",B"000011",B"000011 ;                ;
; INIT           ; ",B"000011",B"000011",B"000100",B"000100",B"000100",B"000100",B"000101",B"000101 ;                ;
; INIT           ; ",B"000101",B"000101",B"000110",B"000110",B"000110",B"000110",B"000110",B"000111 ;                ;
; INIT           ; ",B"000000",B"000000",B"000000",B"000000",B"000000",B"000000",B"000000",B"000000 ;                ;
; INIT           ; ",B"000000",B"000000",B"000000",B"000000",B"000000",B"000000",B"000000",B"000000 ;                ;
; INIT           ; ",B"000000",B"000000",B"000000",B"000000",B"000000",B"000000",B"000000",B"000000 ;                ;
; INIT           ; ",B"000000",B"000000",B"000000",B"000000",B"000000",B"000000",B"000000",B"000000 ;                ;
;                ; ")                                                                               ;                ;
+----------------+----------------------------------------------------------------------------------+----------------+
Note: In order to hide this table in the UI and the text report file, please set the "Show Parameter Settings in Synthesis Report" option in "Analysis and Synthesis Settings -> More Settings" to "Off".


+--------------------------------------------------------------------------------------------------------------------+
; Parameter Settings for User Entity Instance: lut_rom:rom_1_2_6                                                     ;
+----------------+----------------------------------------------------------------------------------+----------------+
; Parameter Name ; Value                                                                            ; Type           ;
+----------------+----------------------------------------------------------------------------------+----------------+
; DATA_WIDTH     ; 6                                                                                ; Signed Integer ;
; ADDR_WIDTH     ; 6                                                                                ; Signed Integer ;
; INIT           ; A(B"000000",B"000000",B"000000",B"000000",B"000001",B"000001",B"000001",B"000001 ; Array/Record   ;
; INIT           ; ",B"000010",B"000010",B"000010",B"000010",B"000011",B"000011",B"000011",B"000100 ;                ;
; INIT           ; ",B"000100",B"000100",B"000100",B"000101",B"000101",B"000101",B"000110",B"000110 ;                ;
; INIT           ; ",B"000110",B"000111",B"000111",B"000111",B"000111",B"001000",B"001000",B"001000 ;                ;
; INIT           ; ",B"000000",B"000000",B"000000",B"000000",B"000000",B"000000",B"000000",B"000000 ;                ;
; INIT           ; ",B"000000",B"000000",B"000000",B"000000",B"000000",B"000000",B"000000",B"000000 ;                ;
; INIT           ; ",B"000000",B"111111",B"111111",B"111111",B"111111",B"111111",B"111111",B"111111 ;                ;
; INIT           ; ",B"111111",B"111111",B"111111",B"000000",B"000000",B"000000",B"000000",B"000000 ;                ;
;                ; ")                                                                               ;                ;
+----------------+----------------------------------------------------------------------------------+----------------+
Note: In order to hide this table in the UI and the text report file, please set the "Show Parameter Settings in Synthesis Report" option in "Analysis and Synthesis Settings -> More Settings" to "Off".


+--------------------------------------------------------------------------------------------------------------------+
; Parameter Settings for User Entity Instance: lut_rom:rom_1_2_7                                                     ;
+----------------+----------------------------------------------------------------------------------+----------------+
; Parameter Name ; Value                                                                            ; Type           ;
+----------------+----------------------------------------------------------------------------------+----------------+
; DATA_WIDTH     ; 6                                                                                ; Signed Integer ;
; ADDR_WIDTH     ; 6                                                                                ; Signed Integer ;
; INIT           ; A(B"000000",B"000000",B"000000",B"000000",B"111111",B"111111",B"111111",B"111111 ; Array/Record   ;
; INIT           ; ",B"111110",B"111110",B"111110",B"111110",B"111101",B"111101",B"111101",B"111100 ;                ;
; INIT           ; ",B"111100",B"111100",B"111100",B"111011",B"111011",B"111011",B"111010",B"111010 ;                ;
; INIT           ; ",B"111010",B"111010",B"111001",B"111001",B"111001",B"111000",B"111000",B"111000 ;                ;
; INIT           ; ",B"000000",B"000000",B"000000",B"000000",B"000000",B"000000",B"000000",B"000000 ;                ;
; INIT           ; ",B"000000",B"000000",B"000000",B"000000",B"000000",B"000000",B"000000",B"000000 ;                ;
; INIT           ; ",B"000000",B"000000",B"000001",B"000001",B"000001",B"000001",B"000001",B"000001 ;                ;
; INIT           ; ",B"000001",B"000001",B"000000",B"000000",B"000000",B"000000",B"000000",B"000000 ;                ;
;                ; ")                                                                               ;                ;
+----------------+----------------------------------------------------------------------------------+----------------+
Note: In order to hide this table in the UI and the text report file, please set the "Show Parameter Settings in Synthesis Report" option in "Analysis and Synthesis Settings -> More Settings" to "Off".


+--------------------------------------------------------------------------------------------------------------------+
; Parameter Settings for User Entity Instance: lut_rom:rom_1_2_8                                                     ;
+----------------+----------------------------------------------------------------------------------+----------------+
; Parameter Name ; Value                                                                            ; Type           ;
+----------------+----------------------------------------------------------------------------------+----------------+
; DATA_WIDTH     ; 6                                                                                ; Signed Integer ;
; ADDR_WIDTH     ; 6                                                                                ; Signed Integer ;
; INIT           ; A(B"000000",B"000000",B"000000",B"111111",B"111111",B"111111",B"111111",B"111110 ; Array/Record   ;
; INIT           ; ",B"111110",B"111110",B"111101",B"111101",B"111101",B"111100",B"111100",B"111011 ;                ;
; INIT           ; ",B"111011",B"111011",B"111010",B"111010",B"111010",B"111001",B"111001",B"111000 ;                ;
; INIT           ; ",B"111000",B"111000",B"110111",B"110111",B"110111",B"110110",B"110110",B"110110 ;                ;
; INIT           ; ",B"000001",B"000001",B"000001",B"000001",B"000001",B"000001",B"000001",B"000001 ;                ;
; INIT           ; ",B"000001",B"000001",B"000001",B"000001",B"000001",B"000001",B"000001",B"000001 ;                ;
; INIT           ; ",B"000001",B"000001",B"000001",B"000001",B"000001",B"000001",B"000001",B"000001 ;                ;
; INIT           ; ",B"000001",B"000001",B"000001",B"000001",B"000001",B"000001",B"000001",B"000000 ;                ;
;                ; ")                                                                               ;                ;
+----------------+----------------------------------------------------------------------------------+----------------+
Note: In order to hide this table in the UI and the text report file, please set the "Show Parameter Settings in Synthesis Report" option in "Analysis and Synthesis Settings -> More Settings" to "Off".


+------------------------------------------------------------------+
; Parameter Settings for User Entity Instance: registers:r_1_2_1_0 ;
+----------------+-------+-----------------------------------------+
; Parameter Name ; Value ; Type                                    ;
+----------------+-------+-----------------------------------------+
; ARRAY_WIDTH    ; 8     ; Signed Integer                          ;
+----------------+-------+-----------------------------------------+
Note: In order to hide this table in the UI and the text report file, please set the "Show Parameter Settings in Synthesis Report" option in "Analysis and Synthesis Settings -> More Settings" to "Off".


+------------------------------------------------------------------+
; Parameter Settings for User Entity Instance: registers:r_1_2_1_1 ;
+----------------+-------+-----------------------------------------+
; Parameter Name ; Value ; Type                                    ;
+----------------+-------+-----------------------------------------+
; ARRAY_WIDTH    ; 8     ; Signed Integer                          ;
+----------------+-------+-----------------------------------------+
Note: In order to hide this table in the UI and the text report file, please set the "Show Parameter Settings in Synthesis Report" option in "Analysis and Synthesis Settings -> More Settings" to "Off".


+------------------------------------------------------------------+
; Parameter Settings for User Entity Instance: registers:r_1_2_1_2 ;
+----------------+-------+-----------------------------------------+
; Parameter Name ; Value ; Type                                    ;
+----------------+-------+-----------------------------------------+
; ARRAY_WIDTH    ; 8     ; Signed Integer                          ;
+----------------+-------+-----------------------------------------+
Note: In order to hide this table in the UI and the text report file, please set the "Show Parameter Settings in Synthesis Report" option in "Analysis and Synthesis Settings -> More Settings" to "Off".


+--------------------------------------------------------------+
; Parameter Settings for User Entity Instance: registers:r_1_2 ;
+----------------+-------+-------------------------------------+
; Parameter Name ; Value ; Type                                ;
+----------------+-------+-------------------------------------+
; ARRAY_WIDTH    ; 10    ; Signed Integer                      ;
+----------------+-------+-------------------------------------+
Note: In order to hide this table in the UI and the text report file, please set the "Show Parameter Settings in Synthesis Report" option in "Analysis and Synthesis Settings -> More Settings" to "Off".


+--------------------------------------------------------------------+
; Parameter Settings for User Entity Instance: saturate_clip:sat_1_2 ;
+----------------+-------+-------------------------------------------+
; Parameter Name ; Value ; Type                                      ;
+----------------+-------+-------------------------------------------+
; IN_WIDTH       ; 10    ; Signed Integer                            ;
; OUT_WIDTH      ; 6     ; Signed Integer                            ;
+----------------+-------+-------------------------------------------+
Note: In order to hide this table in the UI and the text report file, please set the "Show Parameter Settings in Synthesis Report" option in "Analysis and Synthesis Settings -> More Settings" to "Off".


+-----------------------------------------------------+
; Post-Synthesis Netlist Statistics for Top Partition ;
+-----------------------+-----------------------------+
; Type                  ; Count                       ;
+-----------------------+-----------------------------+
; arriav_ff             ; 907                         ;
;     ENA CLR           ; 803                         ;
;     ENA CLR SCLR      ; 104                         ;
; arriav_lcell_comb     ; 1112                        ;
;     arith             ; 92                          ;
;         1 data inputs ; 4                           ;
;         2 data inputs ; 70                          ;
;         3 data inputs ; 5                           ;
;         4 data inputs ; 11                          ;
;         5 data inputs ; 2                           ;
;     normal            ; 709                         ;
;         1 data inputs ; 3                           ;
;         2 data inputs ; 54                          ;
;         3 data inputs ; 45                          ;
;         4 data inputs ; 166                         ;
;         5 data inputs ; 101                         ;
;         6 data inputs ; 340                         ;
;     shared            ; 311                         ;
;         1 data inputs ; 4                           ;
;         2 data inputs ; 13                          ;
;         3 data inputs ; 264                         ;
;         4 data inputs ; 30                          ;
; boundary_port         ; 99                          ;
;                       ;                             ;
; Max LUT depth         ; 2.90                        ;
; Average LUT depth     ; 1.78                        ;
+-----------------------+-----------------------------+


+-------------------------------+
; Elapsed Time Per Partition    ;
+----------------+--------------+
; Partition Name ; Elapsed Time ;
+----------------+--------------+
; Top            ; 00:00:01     ;
+----------------+--------------+


+-------------------------------+
; Analysis & Synthesis Messages ;
+-------------------------------+
Info: *******************************************************************
Info: Running Quartus Prime Analysis & Synthesis
    Info: Version 24.1std.0 Build 1077 03/04/2025 SC Lite Edition
    Info: Processing started: Sat Jul 18 15:40:30 2026
Info: Command: quartus_map --read_settings_files=on --write_settings_files=off kan_core -c kan_core
Warning (18236): Number of processors has not been specified which may cause overloading on shared machines.  Set the global assignment NUM_PARALLEL_PROCESSORS in your QSF to an appropriate value for best performance.
Info (20030): Parallel compilation is enabled and will use 12 of the 12 processors detected
Info (12021): Found 1 design units, including 1 entities, in source file /virtual_machine/mount/kanele-main/me/wine/models/202607041449591/firmware/src/single_port_ram.sv
    Info (12023): Found entity 1: single_port_ram File: E:/virtual_machine/Mount/KANELE-main/me/Wine/models/202607041449591/firmware/src/single_port_ram.sv Line: 1
Info (12021): Found 1 design units, including 1 entities, in source file /virtual_machine/mount/kanele-main/me/wine/models/202607041449591/firmware/src/saturate_clip.sv
    Info (12023): Found entity 1: saturate_clip File: E:/virtual_machine/Mount/KANELE-main/me/Wine/models/202607041449591/firmware/src/saturate_clip.sv Line: 1
Info (12021): Found 1 design units, including 1 entities, in source file /virtual_machine/mount/kanele-main/me/wine/models/202607041449591/firmware/src/registers.sv
    Info (12023): Found entity 1: registers File: E:/virtual_machine/Mount/KANELE-main/me/Wine/models/202607041449591/firmware/src/registers.sv Line: 1
Info (12021): Found 1 design units, including 1 entities, in source file /virtual_machine/mount/kanele-main/me/wine/models/202607041449591/firmware/src/lut_rom.sv
    Info (12023): Found entity 1: lut_rom File: E:/virtual_machine/Mount/KANELE-main/me/Wine/models/202607041449591/firmware/src/lut_rom.sv Line: 1
Info (12021): Found 1 design units, including 0 entities, in source file /virtual_machine/mount/kanele-main/me/wine/models/202607041449591/firmware/src/layer_1_lut_pkg.sv
    Info (12022): Found design unit 1: layer_1_lut_pkg (SystemVerilog) File: E:/virtual_machine/Mount/KANELE-main/me/Wine/models/202607041449591/firmware/src/layer_1_lut_pkg.sv Line: 6
Info (12021): Found 1 design units, including 0 entities, in source file /virtual_machine/mount/kanele-main/me/wine/models/202607041449591/firmware/src/layer_0_lut_pkg.sv
    Info (12022): Found design unit 1: layer_0_lut_pkg (SystemVerilog) File: E:/virtual_machine/Mount/KANELE-main/me/Wine/models/202607041449591/firmware/src/layer_0_lut_pkg.sv Line: 6
Info (12021): Found 1 design units, including 1 entities, in source file /virtual_machine/mount/kanele-main/me/wine/models/202607041449591/firmware/src/kan_top.sv
    Info (12023): Found entity 1: kan_top File: E:/virtual_machine/Mount/KANELE-main/me/Wine/models/202607041449591/firmware/src/kan_top.sv Line: 1
Info (12021): Found 1 design units, including 1 entities, in source file /virtual_machine/mount/kanele-main/me/wine/models/202607041449591/firmware/src/kan_core.sv
    Info (12023): Found entity 1: kan_core File: E:/virtual_machine/Mount/KANELE-main/me/Wine/models/202607041449591/firmware/src/kan_core.sv Line: 4
Info (12127): Elaborating entity "kan_core" for the top level hierarchy
Info (12128): Elaborating entity "lut_rom" for hierarchy "lut_rom:rom_0_0_0" File: E:/virtual_machine/Mount/KANELE-main/me/Wine/models/202607041449591/firmware/src/kan_core.sv Line: 41
Info (12128): Elaborating entity "lut_rom" for hierarchy "lut_rom:rom_0_0_1" File: E:/virtual_machine/Mount/KANELE-main/me/Wine/models/202607041449591/firmware/src/kan_core.sv Line: 44
Info (12128): Elaborating entity "lut_rom" for hierarchy "lut_rom:rom_0_0_2" File: E:/virtual_machine/Mount/KANELE-main/me/Wine/models/202607041449591/firmware/src/kan_core.sv Line: 47
Info (12128): Elaborating entity "lut_rom" for hierarchy "lut_rom:rom_0_0_4" File: E:/virtual_machine/Mount/KANELE-main/me/Wine/models/202607041449591/firmware/src/kan_core.sv Line: 50
Info (12128): Elaborating entity "lut_rom" for hierarchy "lut_rom:rom_0_0_6" File: E:/virtual_machine/Mount/KANELE-main/me/Wine/models/202607041449591/firmware/src/kan_core.sv Line: 53
Info (12128): Elaborating entity "lut_rom" for hierarchy "lut_rom:rom_0_0_7" File: E:/virtual_machine/Mount/KANELE-main/me/Wine/models/202607041449591/firmware/src/kan_core.sv Line: 56
Info (12128): Elaborating entity "lut_rom" for hierarchy "lut_rom:rom_0_0_8" File: E:/virtual_machine/Mount/KANELE-main/me/Wine/models/202607041449591/firmware/src/kan_core.sv Line: 59
Info (12128): Elaborating entity "lut_rom" for hierarchy "lut_rom:rom_0_0_9" File: E:/virtual_machine/Mount/KANELE-main/me/Wine/models/202607041449591/firmware/src/kan_core.sv Line: 62
Info (12128): Elaborating entity "lut_rom" for hierarchy "lut_rom:rom_0_0_10" File: E:/virtual_machine/Mount/KANELE-main/me/Wine/models/202607041449591/firmware/src/kan_core.sv Line: 65
Info (12128): Elaborating entity "lut_rom" for hierarchy "lut_rom:rom_0_0_11" File: E:/virtual_machine/Mount/KANELE-main/me/Wine/models/202607041449591/firmware/src/kan_core.sv Line: 68
Info (12128): Elaborating entity "lut_rom" for hierarchy "lut_rom:rom_0_0_12" File: E:/virtual_machine/Mount/KANELE-main/me/Wine/models/202607041449591/firmware/src/kan_core.sv Line: 71
Info (12128): Elaborating entity "registers" for hierarchy "registers:r_0_0_1_0" File: E:/virtual_machine/Mount/KANELE-main/me/Wine/models/202607041449591/firmware/src/kan_core.sv Line: 75
Info (12128): Elaborating entity "registers" for hierarchy "registers:r_0_0" File: E:/virtual_machine/Mount/KANELE-main/me/Wine/models/202607041449591/firmware/src/kan_core.sv Line: 85
Info (12128): Elaborating entity "saturate_clip" for hierarchy "saturate_clip:sat_0_0" File: E:/virtual_machine/Mount/KANELE-main/me/Wine/models/202607041449591/firmware/src/kan_core.sv Line: 87
Info (12128): Elaborating entity "lut_rom" for hierarchy "lut_rom:rom_0_1_0" File: E:/virtual_machine/Mount/KANELE-main/me/Wine/models/202607041449591/firmware/src/kan_core.sv Line: 97
Info (12128): Elaborating entity "lut_rom" for hierarchy "lut_rom:rom_0_1_1" File: E:/virtual_machine/Mount/KANELE-main/me/Wine/models/202607041449591/firmware/src/kan_core.sv Line: 100
Info (12128): Elaborating entity "lut_rom" for hierarchy "lut_rom:rom_0_1_2" File: E:/virtual_machine/Mount/KANELE-main/me/Wine/models/202607041449591/firmware/src/kan_core.sv Line: 103
Info (12128): Elaborating entity "lut_rom" for hierarchy "lut_rom:rom_0_1_3" File: E:/virtual_machine/Mount/KANELE-main/me/Wine/models/202607041449591/firmware/src/kan_core.sv Line: 106
Info (12128): Elaborating entity "lut_rom" for hierarchy "lut_rom:rom_0_1_4" File: E:/virtual_machine/Mount/KANELE-main/me/Wine/models/202607041449591/firmware/src/kan_core.sv Line: 109
Info (12128): Elaborating entity "lut_rom" for hierarchy "lut_rom:rom_0_1_5" File: E:/virtual_machine/Mount/KANELE-main/me/Wine/models/202607041449591/firmware/src/kan_core.sv Line: 112
Info (12128): Elaborating entity "lut_rom" for hierarchy "lut_rom:rom_0_1_6" File: E:/virtual_machine/Mount/KANELE-main/me/Wine/models/202607041449591/firmware/src/kan_core.sv Line: 115
Info (12128): Elaborating entity "lut_rom" for hierarchy "lut_rom:rom_0_1_7" File: E:/virtual_machine/Mount/KANELE-main/me/Wine/models/202607041449591/firmware/src/kan_core.sv Line: 118
Info (12128): Elaborating entity "lut_rom" for hierarchy "lut_rom:rom_0_1_8" File: E:/virtual_machine/Mount/KANELE-main/me/Wine/models/202607041449591/firmware/src/kan_core.sv Line: 121
Info (12128): Elaborating entity "lut_rom" for hierarchy "lut_rom:rom_0_1_9" File: E:/virtual_machine/Mount/KANELE-main/me/Wine/models/202607041449591/firmware/src/kan_core.sv Line: 124
Info (12128): Elaborating entity "lut_rom" for hierarchy "lut_rom:rom_0_1_11" File: E:/virtual_machine/Mount/KANELE-main/me/Wine/models/202607041449591/firmware/src/kan_core.sv Line: 127
Info (12128): Elaborating entity "lut_rom" for hierarchy "lut_rom:rom_0_1_12" File: E:/virtual_machine/Mount/KANELE-main/me/Wine/models/202607041449591/firmware/src/kan_core.sv Line: 130
Info (12128): Elaborating entity "lut_rom" for hierarchy "lut_rom:rom_0_2_0" File: E:/virtual_machine/Mount/KANELE-main/me/Wine/models/202607041449591/firmware/src/kan_core.sv Line: 156
Info (12128): Elaborating entity "lut_rom" for hierarchy "lut_rom:rom_0_2_3" File: E:/virtual_machine/Mount/KANELE-main/me/Wine/models/202607041449591/firmware/src/kan_core.sv Line: 159
Info (12128): Elaborating entity "lut_rom" for hierarchy "lut_rom:rom_0_2_4" File: E:/virtual_machine/Mount/KANELE-main/me/Wine/models/202607041449591/firmware/src/kan_core.sv Line: 162
Info (12128): Elaborating entity "lut_rom" for hierarchy "lut_rom:rom_0_2_5" File: E:/virtual_machine/Mount/KANELE-main/me/Wine/models/202607041449591/firmware/src/kan_core.sv Line: 165
Info (12128): Elaborating entity "lut_rom" for hierarchy "lut_rom:rom_0_2_6" File: E:/virtual_machine/Mount/KANELE-main/me/Wine/models/202607041449591/firmware/src/kan_core.sv Line: 168
Info (12128): Elaborating entity "lut_rom" for hierarchy "lut_rom:rom_0_2_7" File: E:/virtual_machine/Mount/KANELE-main/me/Wine/models/202607041449591/firmware/src/kan_core.sv Line: 171
Info (12128): Elaborating entity "lut_rom" for hierarchy "lut_rom:rom_0_2_10" File: E:/virtual_machine/Mount/KANELE-main/me/Wine/models/202607041449591/firmware/src/kan_core.sv Line: 174
Info (12128): Elaborating entity "lut_rom" for hierarchy "lut_rom:rom_0_2_11" File: E:/virtual_machine/Mount/KANELE-main/me/Wine/models/202607041449591/firmware/src/kan_core.sv Line: 177
Info (12128): Elaborating entity "lut_rom" for hierarchy "lut_rom:rom_0_2_12" File: E:/virtual_machine/Mount/KANELE-main/me/Wine/models/202607041449591/firmware/src/kan_core.sv Line: 180
Info (12128): Elaborating entity "lut_rom" for hierarchy "lut_rom:rom_0_3_0" File: E:/virtual_machine/Mount/KANELE-main/me/Wine/models/202607041449591/firmware/src/kan_core.sv Line: 206
Info (12128): Elaborating entity "lut_rom" for hierarchy "lut_rom:rom_0_3_1" File: E:/virtual_machine/Mount/KANELE-main/me/Wine/models/202607041449591/firmware/src/kan_core.sv Line: 209
Info (12128): Elaborating entity "lut_rom" for hierarchy "lut_rom:rom_0_3_2" File: E:/virtual_machine/Mount/KANELE-main/me/Wine/models/202607041449591/firmware/src/kan_core.sv Line: 212
Info (12128): Elaborating entity "lut_rom" for hierarchy "lut_rom:rom_0_3_3" File: E:/virtual_machine/Mount/KANELE-main/me/Wine/models/202607041449591/firmware/src/kan_core.sv Line: 215
Info (12128): Elaborating entity "lut_rom" for hierarchy "lut_rom:rom_0_3_4" File: E:/virtual_machine/Mount/KANELE-main/me/Wine/models/202607041449591/firmware/src/kan_core.sv Line: 218
Info (12128): Elaborating entity "lut_rom" for hierarchy "lut_rom:rom_0_3_5" File: E:/virtual_machine/Mount/KANELE-main/me/Wine/models/202607041449591/firmware/src/kan_core.sv Line: 221
Info (12128): Elaborating entity "lut_rom" for hierarchy "lut_rom:rom_0_3_6" File: E:/virtual_machine/Mount/KANELE-main/me/Wine/models/202607041449591/firmware/src/kan_core.sv Line: 224
Info (12128): Elaborating entity "lut_rom" for hierarchy "lut_rom:rom_0_3_7" File: E:/virtual_machine/Mount/KANELE-main/me/Wine/models/202607041449591/firmware/src/kan_core.sv Line: 227
Info (12128): Elaborating entity "lut_rom" for hierarchy "lut_rom:rom_0_3_8" File: E:/virtual_machine/Mount/KANELE-main/me/Wine/models/202607041449591/firmware/src/kan_core.sv Line: 230
Info (12128): Elaborating entity "lut_rom" for hierarchy "lut_rom:rom_0_3_9" File: E:/virtual_machine/Mount/KANELE-main/me/Wine/models/202607041449591/firmware/src/kan_core.sv Line: 233
Info (12128): Elaborating entity "lut_rom" for hierarchy "lut_rom:rom_0_3_10" File: E:/virtual_machine/Mount/KANELE-main/me/Wine/models/202607041449591/firmware/src/kan_core.sv Line: 236
Info (12128): Elaborating entity "lut_rom" for hierarchy "lut_rom:rom_0_3_11" File: E:/virtual_machine/Mount/KANELE-main/me/Wine/models/202607041449591/firmware/src/kan_core.sv Line: 239
Info (12128): Elaborating entity "lut_rom" for hierarchy "lut_rom:rom_0_3_12" File: E:/virtual_machine/Mount/KANELE-main/me/Wine/models/202607041449591/firmware/src/kan_core.sv Line: 242
Info (12128): Elaborating entity "lut_rom" for hierarchy "lut_rom:rom_0_4_0" File: E:/virtual_machine/Mount/KANELE-main/me/Wine/models/202607041449591/firmware/src/kan_core.sv Line: 271
Info (12128): Elaborating entity "lut_rom" for hierarchy "lut_rom:rom_0_4_3" File: E:/virtual_machine/Mount/KANELE-main/me/Wine/models/202607041449591/firmware/src/kan_core.sv Line: 274
Info (12128): Elaborating entity "lut_rom" for hierarchy "lut_rom:rom_0_4_4" File: E:/virtual_machine/Mount/KANELE-main/me/Wine/models/202607041449591/firmware/src/kan_core.sv Line: 277
Info (12128): Elaborating entity "lut_rom" for hierarchy "lut_rom:rom_0_4_5" File: E:/virtual_machine/Mount/KANELE-main/me/Wine/models/202607041449591/firmware/src/kan_core.sv Line: 280
Info (12128): Elaborating entity "lut_rom" for hierarchy "lut_rom:rom_0_4_6" File: E:/virtual_machine/Mount/KANELE-main/me/Wine/models/202607041449591/firmware/src/kan_core.sv Line: 283
Info (12128): Elaborating entity "lut_rom" for hierarchy "lut_rom:rom_0_4_7" File: E:/virtual_machine/Mount/KANELE-main/me/Wine/models/202607041449591/firmware/src/kan_core.sv Line: 286
Info (12128): Elaborating entity "lut_rom" for hierarchy "lut_rom:rom_0_4_8" File: E:/virtual_machine/Mount/KANELE-main/me/Wine/models/202607041449591/firmware/src/kan_core.sv Line: 289
Info (12128): Elaborating entity "lut_rom" for hierarchy "lut_rom:rom_0_4_9" File: E:/virtual_machine/Mount/KANELE-main/me/Wine/models/202607041449591/firmware/src/kan_core.sv Line: 292
Info (12128): Elaborating entity "lut_rom" for hierarchy "lut_rom:rom_0_4_10" File: E:/virtual_machine/Mount/KANELE-main/me/Wine/models/202607041449591/firmware/src/kan_core.sv Line: 295
Info (12128): Elaborating entity "lut_rom" for hierarchy "lut_rom:rom_0_4_11" File: E:/virtual_machine/Mount/KANELE-main/me/Wine/models/202607041449591/firmware/src/kan_core.sv Line: 298
Info (12128): Elaborating entity "lut_rom" for hierarchy "lut_rom:rom_0_4_12" File: E:/virtual_machine/Mount/KANELE-main/me/Wine/models/202607041449591/firmware/src/kan_core.sv Line: 301
Info (12128): Elaborating entity "lut_rom" for hierarchy "lut_rom:rom_0_5_0" File: E:/virtual_machine/Mount/KANELE-main/me/Wine/models/202607041449591/firmware/src/kan_core.sv Line: 327
Info (12128): Elaborating entity "lut_rom" for hierarchy "lut_rom:rom_0_5_1" File: E:/virtual_machine/Mount/KANELE-main/me/Wine/models/202607041449591/firmware/src/kan_core.sv Line: 330
Info (12128): Elaborating entity "lut_rom" for hierarchy "lut_rom:rom_0_5_2" File: E:/virtual_machine/Mount/KANELE-main/me/Wine/models/202607041449591/firmware/src/kan_core.sv Line: 333
Info (12128): Elaborating entity "lut_rom" for hierarchy "lut_rom:rom_0_5_3" File: E:/virtual_machine/Mount/KANELE-main/me/Wine/models/202607041449591/firmware/src/kan_core.sv Line: 336
Info (12128): Elaborating entity "lut_rom" for hierarchy "lut_rom:rom_0_5_5" File: E:/virtual_machine/Mount/KANELE-main/me/Wine/models/202607041449591/firmware/src/kan_core.sv Line: 339
Info (12128): Elaborating entity "lut_rom" for hierarchy "lut_rom:rom_0_5_6" File: E:/virtual_machine/Mount/KANELE-main/me/Wine/models/202607041449591/firmware/src/kan_core.sv Line: 342
Info (12128): Elaborating entity "lut_rom" for hierarchy "lut_rom:rom_0_5_7" File: E:/virtual_machine/Mount/KANELE-main/me/Wine/models/202607041449591/firmware/src/kan_core.sv Line: 345
Info (12128): Elaborating entity "lut_rom" for hierarchy "lut_rom:rom_0_5_8" File: E:/virtual_machine/Mount/KANELE-main/me/Wine/models/202607041449591/firmware/src/kan_core.sv Line: 348
Info (12128): Elaborating entity "lut_rom" for hierarchy "lut_rom:rom_0_5_9" File: E:/virtual_machine/Mount/KANELE-main/me/Wine/models/202607041449591/firmware/src/kan_core.sv Line: 351
Info (12128): Elaborating entity "lut_rom" for hierarchy "lut_rom:rom_0_5_10" File: E:/virtual_machine/Mount/KANELE-main/me/Wine/models/202607041449591/firmware/src/kan_core.sv Line: 354
Info (12128): Elaborating entity "lut_rom" for hierarchy "lut_rom:rom_0_5_11" File: E:/virtual_machine/Mount/KANELE-main/me/Wine/models/202607041449591/firmware/src/kan_core.sv Line: 357
Info (12128): Elaborating entity "lut_rom" for hierarchy "lut_rom:rom_0_5_12" File: E:/virtual_machine/Mount/KANELE-main/me/Wine/models/202607041449591/firmware/src/kan_core.sv Line: 360
Info (12128): Elaborating entity "lut_rom" for hierarchy "lut_rom:rom_0_6_0" File: E:/virtual_machine/Mount/KANELE-main/me/Wine/models/202607041449591/firmware/src/kan_core.sv Line: 386
Info (12128): Elaborating entity "lut_rom" for hierarchy "lut_rom:rom_0_6_1" File: E:/virtual_machine/Mount/KANELE-main/me/Wine/models/202607041449591/firmware/src/kan_core.sv Line: 389
Info (12128): Elaborating entity "lut_rom" for hierarchy "lut_rom:rom_0_6_2" File: E:/virtual_machine/Mount/KANELE-main/me/Wine/models/202607041449591/firmware/src/kan_core.sv Line: 392
Info (12128): Elaborating entity "lut_rom" for hierarchy "lut_rom:rom_0_6_3" File: E:/virtual_machine/Mount/KANELE-main/me/Wine/models/202607041449591/firmware/src/kan_core.sv Line: 395
Info (12128): Elaborating entity "lut_rom" for hierarchy "lut_rom:rom_0_6_4" File: E:/virtual_machine/Mount/KANELE-main/me/Wine/models/202607041449591/firmware/src/kan_core.sv Line: 398
Info (12128): Elaborating entity "lut_rom" for hierarchy "lut_rom:rom_0_6_5" File: E:/virtual_machine/Mount/KANELE-main/me/Wine/models/202607041449591/firmware/src/kan_core.sv Line: 401
Info (12128): Elaborating entity "lut_rom" for hierarchy "lut_rom:rom_0_6_6" File: E:/virtual_machine/Mount/KANELE-main/me/Wine/models/202607041449591/firmware/src/kan_core.sv Line: 404
Info (12128): Elaborating entity "lut_rom" for hierarchy "lut_rom:rom_0_6_8" File: E:/virtual_machine/Mount/KANELE-main/me/Wine/models/202607041449591/firmware/src/kan_core.sv Line: 407
Info (12128): Elaborating entity "lut_rom" for hierarchy "lut_rom:rom_0_6_9" File: E:/virtual_machine/Mount/KANELE-main/me/Wine/models/202607041449591/firmware/src/kan_core.sv Line: 410
Info (12128): Elaborating entity "lut_rom" for hierarchy "lut_rom:rom_0_6_10" File: E:/virtual_machine/Mount/KANELE-main/me/Wine/models/202607041449591/firmware/src/kan_core.sv Line: 413
Info (12128): Elaborating entity "lut_rom" for hierarchy "lut_rom:rom_0_6_11" File: E:/virtual_machine/Mount/KANELE-main/me/Wine/models/202607041449591/firmware/src/kan_core.sv Line: 416
Info (12128): Elaborating entity "lut_rom" for hierarchy "lut_rom:rom_0_6_12" File: E:/virtual_machine/Mount/KANELE-main/me/Wine/models/202607041449591/firmware/src/kan_core.sv Line: 419
Info (12128): Elaborating entity "lut_rom" for hierarchy "lut_rom:rom_0_7_0" File: E:/virtual_machine/Mount/KANELE-main/me/Wine/models/202607041449591/firmware/src/kan_core.sv Line: 445
Info (12128): Elaborating entity "lut_rom" for hierarchy "lut_rom:rom_0_7_1" File: E:/virtual_machine/Mount/KANELE-main/me/Wine/models/202607041449591/firmware/src/kan_core.sv Line: 448
Info (12128): Elaborating entity "lut_rom" for hierarchy "lut_rom:rom_0_7_2" File: E:/virtual_machine/Mount/KANELE-main/me/Wine/models/202607041449591/firmware/src/kan_core.sv Line: 451
Info (12128): Elaborating entity "lut_rom" for hierarchy "lut_rom:rom_0_7_3" File: E:/virtual_machine/Mount/KANELE-main/me/Wine/models/202607041449591/firmware/src/kan_core.sv Line: 454
Info (12128): Elaborating entity "lut_rom" for hierarchy "lut_rom:rom_0_7_5" File: E:/virtual_machine/Mount/KANELE-main/me/Wine/models/202607041449591/firmware/src/kan_core.sv Line: 457
Info (12128): Elaborating entity "lut_rom" for hierarchy "lut_rom:rom_0_7_6" File: E:/virtual_machine/Mount/KANELE-main/me/Wine/models/202607041449591/firmware/src/kan_core.sv Line: 460
Info (12128): Elaborating entity "lut_rom" for hierarchy "lut_rom:rom_0_7_7" File: E:/virtual_machine/Mount/KANELE-main/me/Wine/models/202607041449591/firmware/src/kan_core.sv Line: 463
Info (12128): Elaborating entity "lut_rom" for hierarchy "lut_rom:rom_0_7_8" File: E:/virtual_machine/Mount/KANELE-main/me/Wine/models/202607041449591/firmware/src/kan_core.sv Line: 466
Info (12128): Elaborating entity "lut_rom" for hierarchy "lut_rom:rom_0_7_10" File: E:/virtual_machine/Mount/KANELE-main/me/Wine/models/202607041449591/firmware/src/kan_core.sv Line: 469
Info (12128): Elaborating entity "lut_rom" for hierarchy "lut_rom:rom_0_7_11" File: E:/virtual_machine/Mount/KANELE-main/me/Wine/models/202607041449591/firmware/src/kan_core.sv Line: 472
Info (12128): Elaborating entity "lut_rom" for hierarchy "lut_rom:rom_0_7_12" File: E:/virtual_machine/Mount/KANELE-main/me/Wine/models/202607041449591/firmware/src/kan_core.sv Line: 475
Info (12128): Elaborating entity "lut_rom" for hierarchy "lut_rom:rom_0_8_0" File: E:/virtual_machine/Mount/KANELE-main/me/Wine/models/202607041449591/firmware/src/kan_core.sv Line: 501
Info (12128): Elaborating entity "lut_rom" for hierarchy "lut_rom:rom_0_8_1" File: E:/virtual_machine/Mount/KANELE-main/me/Wine/models/202607041449591/firmware/src/kan_core.sv Line: 504
Info (12128): Elaborating entity "lut_rom" for hierarchy "lut_rom:rom_0_8_2" File: E:/virtual_machine/Mount/KANELE-main/me/Wine/models/202607041449591/firmware/src/kan_core.sv Line: 507
Info (12128): Elaborating entity "lut_rom" for hierarchy "lut_rom:rom_0_8_3" File: E:/virtual_machine/Mount/KANELE-main/me/Wine/models/202607041449591/firmware/src/kan_core.sv Line: 510
Info (12128): Elaborating entity "lut_rom" for hierarchy "lut_rom:rom_0_8_4" File: E:/virtual_machine/Mount/KANELE-main/me/Wine/models/202607041449591/firmware/src/kan_core.sv Line: 513
Info (12128): Elaborating entity "lut_rom" for hierarchy "lut_rom:rom_0_8_5" File: E:/virtual_machine/Mount/KANELE-main/me/Wine/models/202607041449591/firmware/src/kan_core.sv Line: 516
Info (12128): Elaborating entity "lut_rom" for hierarchy "lut_rom:rom_0_8_6" File: E:/virtual_machine/Mount/KANELE-main/me/Wine/models/202607041449591/firmware/src/kan_core.sv Line: 519
Info (12128): Elaborating entity "lut_rom" for hierarchy "lut_rom:rom_0_8_7" File: E:/virtual_machine/Mount/KANELE-main/me/Wine/models/202607041449591/firmware/src/kan_core.sv Line: 522
Info (12128): Elaborating entity "lut_rom" for hierarchy "lut_rom:rom_0_8_8" File: E:/virtual_machine/Mount/KANELE-main/me/Wine/models/202607041449591/firmware/src/kan_core.sv Line: 525
Info (12128): Elaborating entity "lut_rom" for hierarchy "lut_rom:rom_0_8_9" File: E:/virtual_machine/Mount/KANELE-main/me/Wine/models/202607041449591/firmware/src/kan_core.sv Line: 528
Info (12128): Elaborating entity "lut_rom" for hierarchy "lut_rom:rom_0_8_10" File: E:/virtual_machine/Mount/KANELE-main/me/Wine/models/202607041449591/firmware/src/kan_core.sv Line: 531
Info (12128): Elaborating entity "lut_rom" for hierarchy "lut_rom:rom_0_8_11" File: E:/virtual_machine/Mount/KANELE-main/me/Wine/models/202607041449591/firmware/src/kan_core.sv Line: 534
Info (12128): Elaborating entity "lut_rom" for hierarchy "lut_rom:rom_0_8_12" File: E:/virtual_machine/Mount/KANELE-main/me/Wine/models/202607041449591/firmware/src/kan_core.sv Line: 537
Info (12128): Elaborating entity "lut_rom" for hierarchy "lut_rom:rom_0_9_0" File: E:/virtual_machine/Mount/KANELE-main/me/Wine/models/202607041449591/firmware/src/kan_core.sv Line: 566
Info (12128): Elaborating entity "lut_rom" for hierarchy "lut_rom:rom_0_9_2" File: E:/virtual_machine/Mount/KANELE-main/me/Wine/models/202607041449591/firmware/src/kan_core.sv Line: 569
Info (12128): Elaborating entity "lut_rom" for hierarchy "lut_rom:rom_0_9_3" File: E:/virtual_machine/Mount/KANELE-main/me/Wine/models/202607041449591/firmware/src/kan_core.sv Line: 572
Info (12128): Elaborating entity "lut_rom" for hierarchy "lut_rom:rom_0_9_4" File: E:/virtual_machine/Mount/KANELE-main/me/Wine/models/202607041449591/firmware/src/kan_core.sv Line: 575
Info (12128): Elaborating entity "lut_rom" for hierarchy "lut_rom:rom_0_9_6" File: E:/virtual_machine/Mount/KANELE-main/me/Wine/models/202607041449591/firmware/src/kan_core.sv Line: 578
Info (12128): Elaborating entity "lut_rom" for hierarchy "lut_rom:rom_0_9_7" File: E:/virtual_machine/Mount/KANELE-main/me/Wine/models/202607041449591/firmware/src/kan_core.sv Line: 581
Info (12128): Elaborating entity "lut_rom" for hierarchy "lut_rom:rom_0_9_8" File: E:/virtual_machine/Mount/KANELE-main/me/Wine/models/202607041449591/firmware/src/kan_core.sv Line: 584
Info (12128): Elaborating entity "lut_rom" for hierarchy "lut_rom:rom_0_9_9" File: E:/virtual_machine/Mount/KANELE-main/me/Wine/models/202607041449591/firmware/src/kan_core.sv Line: 587
Info (12128): Elaborating entity "lut_rom" for hierarchy "lut_rom:rom_0_9_10" File: E:/virtual_machine/Mount/KANELE-main/me/Wine/models/202607041449591/firmware/src/kan_core.sv Line: 590
Info (12128): Elaborating entity "lut_rom" for hierarchy "lut_rom:rom_0_9_12" File: E:/virtual_machine/Mount/KANELE-main/me/Wine/models/202607041449591/firmware/src/kan_core.sv Line: 593
Info (12128): Elaborating entity "registers" for hierarchy "registers:node_0_0" File: E:/virtual_machine/Mount/KANELE-main/me/Wine/models/202607041449591/firmware/src/kan_core.sv Line: 612
Info (12128): Elaborating entity "lut_rom" for hierarchy "lut_rom:rom_1_0_0" File: E:/virtual_machine/Mount/KANELE-main/me/Wine/models/202607041449591/firmware/src/kan_core.sv Line: 640
Info (12128): Elaborating entity "lut_rom" for hierarchy "lut_rom:rom_1_0_1" File: E:/virtual_machine/Mount/KANELE-main/me/Wine/models/202607041449591/firmware/src/kan_core.sv Line: 643
Info (12128): Elaborating entity "lut_rom" for hierarchy "lut_rom:rom_1_0_2" File: E:/virtual_machine/Mount/KANELE-main/me/Wine/models/202607041449591/firmware/src/kan_core.sv Line: 646
Info (12128): Elaborating entity "lut_rom" for hierarchy "lut_rom:rom_1_0_3" File: E:/virtual_machine/Mount/KANELE-main/me/Wine/models/202607041449591/firmware/src/kan_core.sv Line: 649
Info (12128): Elaborating entity "lut_rom" for hierarchy "lut_rom:rom_1_0_4" File: E:/virtual_machine/Mount/KANELE-main/me/Wine/models/202607041449591/firmware/src/kan_core.sv Line: 652
Info (12128): Elaborating entity "lut_rom" for hierarchy "lut_rom:rom_1_0_5" File: E:/virtual_machine/Mount/KANELE-main/me/Wine/models/202607041449591/firmware/src/kan_core.sv Line: 655
Info (12128): Elaborating entity "lut_rom" for hierarchy "lut_rom:rom_1_0_6" File: E:/virtual_machine/Mount/KANELE-main/me/Wine/models/202607041449591/firmware/src/kan_core.sv Line: 658
Info (12128): Elaborating entity "lut_rom" for hierarchy "lut_rom:rom_1_0_7" File: E:/virtual_machine/Mount/KANELE-main/me/Wine/models/202607041449591/firmware/src/kan_core.sv Line: 661
Info (12128): Elaborating entity "lut_rom" for hierarchy "lut_rom:rom_1_0_8" File: E:/virtual_machine/Mount/KANELE-main/me/Wine/models/202607041449591/firmware/src/kan_core.sv Line: 664
Info (12128): Elaborating entity "lut_rom" for hierarchy "lut_rom:rom_1_0_9" File: E:/virtual_machine/Mount/KANELE-main/me/Wine/models/202607041449591/firmware/src/kan_core.sv Line: 667
Info (12128): Elaborating entity "lut_rom" for hierarchy "lut_rom:rom_1_1_0" File: E:/virtual_machine/Mount/KANELE-main/me/Wine/models/202607041449591/firmware/src/kan_core.sv Line: 693
Info (12128): Elaborating entity "lut_rom" for hierarchy "lut_rom:rom_1_1_1" File: E:/virtual_machine/Mount/KANELE-main/me/Wine/models/202607041449591/firmware/src/kan_core.sv Line: 696
Info (12128): Elaborating entity "lut_rom" for hierarchy "lut_rom:rom_1_1_2" File: E:/virtual_machine/Mount/KANELE-main/me/Wine/models/202607041449591/firmware/src/kan_core.sv Line: 699
Info (12128): Elaborating entity "lut_rom" for hierarchy "lut_rom:rom_1_1_3" File: E:/virtual_machine/Mount/KANELE-main/me/Wine/models/202607041449591/firmware/src/kan_core.sv Line: 702
Info (12128): Elaborating entity "lut_rom" for hierarchy "lut_rom:rom_1_1_4" File: E:/virtual_machine/Mount/KANELE-main/me/Wine/models/202607041449591/firmware/src/kan_core.sv Line: 705
Info (12128): Elaborating entity "lut_rom" for hierarchy "lut_rom:rom_1_1_5" File: E:/virtual_machine/Mount/KANELE-main/me/Wine/models/202607041449591/firmware/src/kan_core.sv Line: 708
Info (12128): Elaborating entity "lut_rom" for hierarchy "lut_rom:rom_1_1_6" File: E:/virtual_machine/Mount/KANELE-main/me/Wine/models/202607041449591/firmware/src/kan_core.sv Line: 711
Info (12128): Elaborating entity "lut_rom" for hierarchy "lut_rom:rom_1_1_7" File: E:/virtual_machine/Mount/KANELE-main/me/Wine/models/202607041449591/firmware/src/kan_core.sv Line: 714
Info (12128): Elaborating entity "lut_rom" for hierarchy "lut_rom:rom_1_1_8" File: E:/virtual_machine/Mount/KANELE-main/me/Wine/models/202607041449591/firmware/src/kan_core.sv Line: 717
Info (12128): Elaborating entity "lut_rom" for hierarchy "lut_rom:rom_1_1_9" File: E:/virtual_machine/Mount/KANELE-main/me/Wine/models/202607041449591/firmware/src/kan_core.sv Line: 720
Info (12128): Elaborating entity "lut_rom" for hierarchy "lut_rom:rom_1_2_0" File: E:/virtual_machine/Mount/KANELE-main/me/Wine/models/202607041449591/firmware/src/kan_core.sv Line: 746
Info (12128): Elaborating entity "lut_rom" for hierarchy "lut_rom:rom_1_2_1" File: E:/virtual_machine/Mount/KANELE-main/me/Wine/models/202607041449591/firmware/src/kan_core.sv Line: 749
Info (12128): Elaborating entity "lut_rom" for hierarchy "lut_rom:rom_1_2_2" File: E:/virtual_machine/Mount/KANELE-main/me/Wine/models/202607041449591/firmware/src/kan_core.sv Line: 752
Info (12128): Elaborating entity "lut_rom" for hierarchy "lut_rom:rom_1_2_3" File: E:/virtual_machine/Mount/KANELE-main/me/Wine/models/202607041449591/firmware/src/kan_core.sv Line: 755
Info (12128): Elaborating entity "lut_rom" for hierarchy "lut_rom:rom_1_2_4" File: E:/virtual_machine/Mount/KANELE-main/me/Wine/models/202607041449591/firmware/src/kan_core.sv Line: 758
Info (12128): Elaborating entity "lut_rom" for hierarchy "lut_rom:rom_1_2_5" File: E:/virtual_machine/Mount/KANELE-main/me/Wine/models/202607041449591/firmware/src/kan_core.sv Line: 761
Info (12128): Elaborating entity "lut_rom" for hierarchy "lut_rom:rom_1_2_6" File: E:/virtual_machine/Mount/KANELE-main/me/Wine/models/202607041449591/firmware/src/kan_core.sv Line: 764
Info (12128): Elaborating entity "lut_rom" for hierarchy "lut_rom:rom_1_2_7" File: E:/virtual_machine/Mount/KANELE-main/me/Wine/models/202607041449591/firmware/src/kan_core.sv Line: 767
Info (12128): Elaborating entity "lut_rom" for hierarchy "lut_rom:rom_1_2_8" File: E:/virtual_machine/Mount/KANELE-main/me/Wine/models/202607041449591/firmware/src/kan_core.sv Line: 770
Info (286030): Timing-Driven Synthesis is running
Info (17049): 2 registers lost all their fanouts during netlist optimizations.
Info (16010): Generating hard_block partition "hard_block:auto_generated_inst"
    Info (16011): Adding 0 node(s), including 0 DDIO, 0 PLL, 0 transceiver and 0 LCELL
Info (21057): Implemented 1245 device resources after synthesis - the final resource count might be different
    Info (21058): Implemented 81 input pins
    Info (21059): Implemented 18 output pins
    Info (21061): Implemented 1146 logic cells
Info: Quartus Prime Analysis & Synthesis was successful. 0 errors, 1 warning
    Info: Peak virtual memory: 4957 megabytes
    Info: Processing ended: Sat Jul 18 15:40:43 2026
    Info: Elapsed time: 00:00:13
    Info: Total CPU time (on all processors): 00:00:18


